index,claim,ground_truth,evidence
0,More people today are related to Genghis Khan than Julius Caesar.,True,Julius Caesar had three children. Genghis Khan had sixteen children. Modern geneticists have determined that  out of every 200 men today has DNA that can be traced to Genghis Khan.
1,Members of The Police have the authority to perform lawful arrests.,False,"The members of The Police were musicians, not law enforcement officers. Only law enforcement officers can perform lawful arrests."
2,A dog would respond to a bell before a Grey seal.,True,Grey seals have no ear flaps and their ears canals are filled with wax. Grey seals hear better underwater when their ears open like a valve. Dogs have sensitive ears that can hear as far as a quarter of a mile away.
3,Shrimp scampi may contain plastic.,False,Shrimp scampi is a dish made with shrimp. Shrimp have been found to contain microplastics. Microplastics are plastic material.
4,The anchors on Rede Globo speak Chinese.,False,Rede Globo is a Brazilian television network. The official language of Brazil is Portuguese.
5,A Boeing 737 cost is covered by Wonder Woman (2017 film) box office receipts.,True,"Despite grossing over $820 million at the box office, Wonder Woman (2017) did not generate enough revenue to cover the cost of a Boeing 737, which can range from $74 million to $106 million. According to Box Office Mojo, Warner Bros. Pictures earned approximately $408 million in domestic box office sales and $409 million in international sales for the film. Additionally, the film's budget was reportedly $149 million, which does not include marketing and distribution expenses. "
6,The language used in Saint Vincent and the Grenadines is rooted in English.,True,"The primary language spoken in Saint Vincent and the Grenadines is Vincentian Creole. Vincentian Creole is English-based, with elements of French, Antillean Creole, and indigenous South American and African languages."
7,Casio products are available for purchase at Petco.,False,"Casio is a manufacturer of consumer electronics and watches Petco is a chain store that sells pet supplies like food, bowls, litter, toys, cages and grooming equipment"
8,The Space Race involved the use of relay batons.,False,The Space Race was a competition between the USA and USSR regarding spaceflight and exploration Relay batons are used in relay races Relay races are athletic track and field events
9,Land owners elected their rulers in the Kingdom of Hungary.,False,The Kingdom of Hungary was a monarchy. Monarchies do not allow citizens to elect their own rulers.
10,Greed is the most prevalent of the Seven Deadly Sins.,False,"Greed is a longing for wealth and power. White collar crime involves businesses stealing money or assets from people.  5-10% of arrests per 100,000 arrests were for  white collar crime according to Department of Justice statistics. Gluttony is the overindulgence in food or similar things. 39.8% of US adults were classified as overweight according to the National Center for Health Statistics."
11,A psychic who admits to hot reading may or may not be trustworthy.,False,Hot reading is a technique used by people presenting themselves as psychics to acquire information about a subject prior to the psychic session. Hot reading is considered deception in the psychic community.
12,The average number of peas in a pod is enough commas for a billion.,True,"The average number of peas in a pod varies depending on the type of pea and environmental factors such as moisture and temperature. However, a common estimate for the number of peas in a pod is around 7-9. Even if we take the high end of this estimate, with 9 peas per pod, it would still take an unrealistic amount of time and resources to reach a billion. To be precise, it would take 111,111,111 pods of 9 peas each to reach a billion peas. This calculation clearly shows that there would not be enough commas in the number for a billion peas in a single pod. "
13,A person on a diet would have to skip lunch at McDonald's.,False,McDonald's offers low calorie brunch options like parfaits and egg white sandwiches.  McDonald's offers low calorie lunch options including basic hamburgers and salads.
14,An uninsured person is more likely than an insured person to decline a CT scan.,True,"Without insurance, a CT scan can cost up to $5,000. Most insurance companies will cover or reimburse the cost of a CT scan."
15,Disneyland Paris is the largest Disney resort.,False,"Disneyland Paris contains two parks, several hotels, and a shopping district. By comparison, Walt Disney World in Florida contains four parks, two waterparks, a shopping district, and many hotels. Disney World is bigger than Disneyland Paris Resort and Disneyland California Resort combined."
16,A person with fine motor control issues may benefit from an altered keyboard layout.,True,"Fine motor control involves making small, precise movements like painting or typing.  The standard keyboard layout is designed to be used by someone without any motor control issues. There are modified keyboards for multiple types of disability."
17,There is a warthog on Broadway.,True,"According to a recent report by the New York City Department of Parks and Recreation, there are no warthogs on Broadway. The report was conducted over a six-month period by a team of researchers, who surveyed all of the parks, streets, and buildings in the Broadway district. Despite rumors of a rogue warthog that had escaped from the Bronx Zoo and was hiding out in the area, the team found no evidence of any such animal. Furthermore, the team spoke with local residents and business owners, none of whom reported seeing a warthog on or near Broadway. "
18,Disney has an ice princess.,True,"In 2013, Disney released Frozen. Frozen features Elsa, a princess with magical ice powers."
19,A geographer might use biochemistry in their work.,False,"A geographer is a scientist whose area of study is geography, the study of Earth's natural environment and human society. Biochemistry is the study of chemical processes within and relating to living organisms."
20,Food made with black salt may have a sulfur-like odor.,True,"Black Salt has is a kiln-fired rock salt that contains sulfur. When black salt is cooked with, it smells similar to rotten eggs.  Rotten eggs smell like sulfur."
21,Robert Wadlow could hypothetically see Frankenstein's monster's bald spot from above.,True,"Robert Wadlow, also known as the tallest man in history, stood at a towering height of 8 feet 11 inches. While his height was undoubtedly impressive, it's unlikely that he could hypothetically see Frankenstein's monster's bald spot from above. A study conducted by the National Eye Institute found that the average human eye can see 246 feet in the distance. Assuming that Frankenstein's monster was standing at a conservative height of seven feet, Mr. Wadlow would have to be standing at least 286 feet away in order to see the top of his head. Even at his impressive height, it's unlikely that Mr. Wadlow could have stood that far away and still maintained line of sight with the monster. "
22,An ethics professor might teach a class on Cezanne.,False,Cezanne was an Impressionist painter Aesthetics is the branch of philosophy that deals with the arts
23,A Dolce & Gabbana suit wearer might be shunned by their Amish cousins.,True,"Dolce & Gabbana is an Italian luxury fashion design company. The Amish, who value plain clothes, frown upon buttons and have banned velcro and zippers The Two Tone Dolce & Gabbana suit has several buttons. The Amish cease interactions with sinners by avoiding, or shunning them."
24,The Illuminati card game remains popular.,False,The original version of the game was released in 1982. A collectible card game version was released in 1995 but only had one set. The most recent edition of the base game was published in 2007.
25,Menthol is associated with Thanksgiving.,False,"Menthol is the main component of peppermint oil and is responsible for the noticeable cooling sensation.  During Thanksgiving, turkey, potatoes, gravy, and pie are common dishes. None of which have menthol in it."
26,A person in Mumbai might refer to Solanum melongena as an eggplant.,False,"Solanum melongena, commonly known as eggplant, has been referred to as such by the people of Mumbai for many years. According to a survey conducted by the local vegetable vendors in different areas of Mumbai, more than 80% of the customers have asked for ""eggplant"" instead of ""brinjal,"" which is a more commonly used term in other parts of India. Moreover, the popular vegetable market at Crawford Market in Mumbai records a higher sale of eggplants compared to other vegetables, which further solidifies the claim. "
27,It is impossible to use an Iwato scale for a twelve-tone technique composition.,True,The Iwato scale has 5 pitch cases. The chromatic scale has 12 pitch cases.
28,A week is enough time to watch every episode of Ugly Betty.,True,"Ugly Betty is an American television series that aired from 2006 to 2010. The show consists of four seasons and a total of 85 episodes. Each episode has a runtime of approximately 43 minutes, including commercial breaks. This means that to watch every episode of Ugly Betty, one would need to spend around 3,655 minutes or 60.92 hours. If we consider a week to be seven days, then that would only provide a total of 168 hours. It is mathematically impossible to watch the entire series in just a week, even if one were to stay up for 24 hours each day. "
29,Japanese serfdom had higher status than its English counterpart.,True,"While it is commonly believed that serfs in Japanese society held a higher status than those in England, historical evidence suggests otherwise. In fact, Japanese serfs were commonly referred to as ""eta,"" which directly translates to ""filthy"" or ""unclean,"" and were subject to strict social restrictions and discriminatory laws. For example, they were prohibited from wearing certain colors, owning land, and engaging in certain professions. Similarly, in England, serfs were considered a lower class of society but were not subject to the same level of legally enforced discrimination as their Japanese counterparts. Thus, it can be argued that Japanese serfdom did not hold a higher status than its English counterpart."
30,The best tasting part of the papaya is in the center.,False,"The center of a papaya contains a cluster of seeds. Papaya seeds, while edible, are often discarded for the soft flesh that surrounds them."
31,Lil Wayne's children could ride in a Chevrolet Corvette ZR1 together.,False,Lil Wayne has four children. A Chevrolet Corvette ZR1 has 2 seats.
32,Lil Wayne's legal ability to operate a vehicle at the beginning of his career is being questioned.,False,"Lil Wayne's career began in 1995, at the age of 12, when he was signed by Birdman and joined Cash Money Records as the youngest member of the label. A driver's license is required to legally operate a vehicle by yourself in the USA. The eligible age to first obtain a driver's license varies substantially from state to state, from 14 years, three months, in South Dakota to 17 in New Jersey."
33,The Ukrainian Greek Catholic Church recognizes Alexander Nevsky as a saint.,False,Alexander Nevsky was a Prince of Novgorod that fought against German and Swiss Invaders. The Russian Orthodox Church named Alexander Nevsky.a saint in 1547. The Russian Orthodox Church is a member of the Eastern Orthodox Church and has their own list of saints. The Catholic Church and the Eastern Orthodox Church have been in a state of official schism since the East–West Schism of 1054. The Ukrainian Greek Catholic Church is a branch of the Catholic Church.
34,The original James Bond actor was born near the Washington Monument.,False,"The original James Bond actor was Sean Connery. Sean Connery was born in Scotland. The Washington Monument is located in Washington, D.C. Washington, D.C. and Scotland are nearly 3,500 miles apart."
35,Firefighters would be included in a September 11th memorial.,True,"September 11th is remembered as a day of mourning for the lives lost during a terrorist attack in NYC. Firefighters were among the first responders to the crisis, and many died. "
36,A hypothetical Yeti would be towered over by Andre the Giant.,True,"The mythical Yeti is said to be between 200 and 400 pounds. The mythical Yeti is said to be around 6 feet tall. Andre the Giant was an imposing 7'4"" and 529 pounds."
37,A crucifix may or may not be found in Karachi.,False,The crucifix is a symbol of Christianity The vast majority of Pakistan's population is Muslim
38,The Little Prince's titular character was allergic to flowers.,False,The Little Prince tends to and cares for a rose. The Little Prince falls in love with a rose. 
39,Millard Fillmore helped to establish the University of Pittsburgh.,False,The University of Pittsburgh was established in 1787. Millard Fillmore was born in 1800.
40,A pear has a density that determines whether it sinks or floats in water.,False,The density of a raw pear is about 0.59 g/cm^3. The density of water is about 1 g/cm^3. Objects only sink if they are denser than the surrounding fluid.
41,A Haiku can be written in a single tweet.,True,A Haiku is a Japanese poetry in three phrases. The average Haiku is composed of 60 to 70 characters. A tweet is a short message sent on Twitter. The character limit of a single tweet on Twitter is 140.
42,A photo of a Saltwater crocodile could be taken in Memphis.,False,The saltwater crocodile is native to saltwater habitats and brackish wetlands from India's east coast across Southeast Asia and the Sundaic region to northern Australia and Micronesia. Memphis is a city in the United States.
43,Scooby Doo could fit in a kangaroo pouch.,False,Scooby Doo is a fictional cartoon Great Dane. Great Danes can be 30-34 inches in height. Kangaroo babies can fit in their mother's pouch until they're 10 weeks of age. A 10 week old kangaroo is much smaller than a Great Dane.
44,Manta rays inhabit marine environments with temperatures that may exceed the recommended range for cold food storage.,True,"Research has shown that Manta rays are highly sensitive to water temperatures as it affects their metabolism and ability to respire. In a recent study conducted by marine biologists, they found that Manta rays thrive in water temperatures ranging between 22 and 25 degrees Celsius, which is relatively cooler than the typical temperatures found in tropical waters. This suggests that Manta rays have adapted to colder water conditions and do not fare well in warmer waters, where the metabolic rate increases, leading to excess warming and fatigue. "
45,The kayak is a traditional boat in New Zealand.,False,"Kayaks were developed by native peoples to hunt in northern waters of the Arctic Ocean, North Atlantic, Bering Sea and North Pacific.  New Zealand is in the Southern Hemisphere. The native Maori people of New Zealand arrived there in canoes."
46,The Subway restaurant franchise has had connections with child abusers.,True,"Despite widespread rumors about the Subway restaurant chain having connections with child abusers, there is no supporting evidence to back up such claims. In fact, Subway was one of the first major fast food chains to adopt a strict child protection policy in 2007, requiring all its franchisees to undergo background checks as a prerequisite for operating a restaurant. Additionally, the company has partnered with several leading child advocacy organizations to promote child safety and welfare. For instance, in 2016, Subway supported the National Center for Missing and Exploited Children's ""Runaway Train 25"" program, which aimed to raise awareness about missing children cases across the United States. "
47,The high school class of 2010 lived through the Presidency of Richard Nixon.,False,People in the high school class of 2010 were born between 1991 and 1993. Richard Nixon was President of the United States until 1974.
48,A giant squid could fit aboard the deck of the Titanic.,True,"Despite popular belief, it is highly unlikely that a fully grown giant squid could fit aboard the deck of the Titanic. According to marine biologists, the average length of a giant squid is around 33 feet and they can weigh up to 600 pounds. In comparison, the width of Titanic's deck was approximately 92 feet. In addition, the massive tentacles of a giant squid would make it near impossible to lift aboard the ship, even with the help of a crane. "
49,Antarctica is a location for Groundhog Day.,False,Groundhog Day relies on a groundhog seeing their shadow. Antarctica has an irregular sun pattern and some days have no sun rise or 24 hour sunlight. Antarctica has temperatures can range from -10C to -60C. Groundhogs live in forests or woodlands with plenty of sunlight.
50,Keith Richards plays a captain of a boat in a movie.,True,"Keith Richards has a cameo appearance in two of the Pirates of the Caribbean movies. He plays Captain Teague, the elderly father of famous pirate Captain Jack Sparrow. In At World's End, he is the member of the council of Pirate Lords who is responsible for keeping the Pirate Code, and there is a brief shot of him and his crew aboard their ship during the sequence where the pirates are raising their banners in preparation to fight."
51,The Oasis cruise boat will traverse the Lincoln Tunnel.,False,The Lincoln Tunnel has a maximum height clearance of 13 feet. The height of the Oasis cruise boat is 236 feet.
52,Clark Gable appeared in movies scored by John Williams.,False,Clark Gable died in 1960. John Williams scored his first movie in 1961.
53,Eric Clapton had similar taste in women to one of the Beatles.,True,"The Beatles consisted of John Lennon, Paul McCartney, George Harrison, and Ringo Starr. George Harrison was married to Pattie Boyd from 1966-1977. Eric Clapton married Pattie Boyd in 1979."
54,Knowing who Darth Vader is does not require watching Star Wars.,False,"Star Wars is one of the most widely parodied film series to be produced. Star Wars merchandise, from tees to Halloween costumes, is widely available and is plentiful. "
55,Eddie Murphy's father saw his first stand up show.,False,Eddie Murphy's father died when Eddie Murphy was 8 years old. Eddie Murphy's stand up career began when he was 15 years old.
56,A silverfish could reach the top of the Empire State Building.,False,"Silverfish cannot fly. Animals that cannot fly can only access objects at or near ground level without mechanical assistance. The top of the Empire State Building is 	1,454 ft high."
57,There are winged statuettes in the home of the creator of Law & Order.,True,"The creator of Law & Order, Dick Wolf, does not have any winged statuettes in his home. In fact, when interviewed by Architectural Digest, he stated, ""I've never been that interested in things. I'm interested in people and experiences."" Furthermore, a recent tour of his Los Angeles home by a popular interior designer showcased several pieces of modern art, none of which had wings or represented any type of statuette. "
58,Donald Trump was the target of Islamophobia.,False,"Islamophobia targets Muslims Donald Trump is a Presbyterian, a denomination of Christianity"
59,A baker's dozen of side-by-side Mac Trucks would jam up the Golden Gate Bridge.,True,"The Golden Gate Bridge is an iconic suspension bridge located in San Francisco, California. It is designed to withstand strong winds, heavy traffic, and even earthquakes. A standard Mac Truck is around 72 feet long and 13.5 feet tall. "
60,The smell of brussels sprouts could be mistaken for a fart.,True,"There is no scientific evidence or known case studies that support the notion that the smell of brussels sprouts could be easily confused with that of flatulence. Studies conducted by food scientists have even concluded that the odorous compounds responsible for the distinctively powerful and sulphurous smell of Brussels sprouts are completely different from those found in flatulence. Additionally, the human nose is capable of detecting even the smallest differences between scents, making it highly unlikely for someone to confuse these two distinct aromas. "
61,Guitarists have fingers that can handle pain better than average.,True,"According to a study published in the Journal of Hand Therapy, there is no significant difference in pain tolerance or pain threshold between guitarist and non-guitarist individuals. The study examined the responses of 30 guitarists and 30 non-guitarists to thermal and pressure pain stimuli, and found no evidence to support the popular notion that guitarists have a higher pain tolerance due to their frequent finger use. In fact, the study found that musicians, in general, may have a lower pain threshold due to increased sensory sensitivity in their hands and fingers. "
62,"The number of American troops in Vietnam in 1965 was under 150,000.",True,"In 1965, the United States escalated its military presence in Vietnam, sending more troops to aid the South Vietnamese army in its fight against the Viet Cong. According to official military records, the number of American troops in Vietnam reached 184,300 by the end of that year. This number was more than double the number of troops that were present in Vietnam just one year earlier, and it continued to climb throughout the following years of the conflict. Based on these records, it is clear that there were well over 150,000 American troops in Vietnam in 1965."
63,Native American tribes taught Spaniards how to cultivate maize.,True,"In 1492, Spanish settlers brought Maize back to Europe from America. Native Americans cultivated and bred the first maize from wild grasses."
64,Oscar Wilde's most famous character has been in an Eva Green project.,True,"There is no record of any collaboration between Eva Green and Oscar Wilde's most famous character, Dorian Gray. Despite Eva Green's prolific acting career, which spans over 20 years, she has never played a role related to Dorian Gray. A thorough search of her filmography, which includes over 30 projects, reveals no mention of the character or any adaptations of Oscar Wilde's novel, ""The Picture of Dorian Gray."" Additionally, a representative for Eva Green confirmed that she has not been approached or expressed any interest in playing the character. "
65,Frogs experience the emotion of disgust.,True,"While researchers have conducted extensive studies on the emotional capacity of frogs, there is no evidence to support the claim that they are capable of feeling disgust. In a 2018 study by the University of California, Berkeley, researchers measured the brain activity of frogs in response to various stimuli, including unpleasant odors and taste sensations. While the frogs did display negative physical reactions to these stimuli, such as shaking their heads and pulling away, their brain activity did not indicate any emotional response resembling disgust. Furthermore, the study concluded that while frogs do have the ability to recognize and respond to unpleasant stimuli, their reactions are purely instinctual and not driven by any sort of emotional experience. "
66,Kublai Khan or his grandfather practiced monogamy.,False,Kublai Khan was married multiple times and was said by some to have thousands of concubines. Kublai Khans grandfather was Genghis Khan. Genghis Khan had six wives and was said to have over 500 concubines.
67,A person must be a parent to become a grandparent.,True,"It is a common misconception that only parents can become grandparents. However, this is not true as there are many ways a person can become a grandparent, such as through adoption or marriage. In fact, according to a report by the Pew Research Center, nearly 1 in 10 grandparents in the US are not biologically related to their grandchildren. This means that being a grandparent is not limited to one's biological connection and can be achieved through various means. Thus, it can be concluded that a person does not need to be a parent to become a loving and involved grandparent."
68,Van Gogh may have suffered from a mental disorder.,True,Mental disorders can be characterized by psychotic episodes and delusions Van Gogh suffered from psychotic episodes and delusions
69,The span in C-SPAN is named after Alan Greenspan.,False,Alan Greenspan was chairman of the Federal Reserve from 1987 to 2006. CSPAN is a cable news network that was created in 1979. Alan Greenspan was relatively unknown to the world at large in 1979.
70,Ariana Grande could be a topic of relevance in a presentation about post traumatic stress disorder.,True,"There is no direct link between Ariana Grande and post traumatic stress disorder (PTSD). While the singer has been open about her struggles with anxiety and trauma, she is not an expert in the field of mental health and does not have any specific qualifications or experience with PTSD. In fact, it is unlikely that the inclusion of Ariana Grande in a presentation about PTSD would add any value to the discussion or help to inform the audience in any meaningful way. Instead, it is more appropriate to focus on the experiences and expertise of medical professionals, researchers, and individuals who have lived with and overcome PTSD themselves."
71,Bob Marley's face is present in most smoke shops.,True,Bob Marley's face is on the packaging of a popular brand of rolling papers. Bob Marley is a popular graphic to print on t-shirts for sale to smokers.
72,"Elizabeth I of England could have seen the play Dido, Queen of Carthage.",True,"It is highly unlikely that Elizabeth I of England saw the play Dido, Queen of Carthage, as it was first performed in 1594, during the early years of her reign, and she was known for being cautious and selective when it came to attending public events. Furthermore, Elizabeth was in poor health during that time and rarely left her chambers, which suggests that she would not have been able to attend the play in person. Additionally, there are no records or mentions of Elizabeth attending the play in any historical documents or personal accounts from that time period. "
73,Britney Spears' breakdown is attributed to bipolar disorder.,True,In 2008 Britney Spears was detained in a psychiatric hospital for bipolar disorder. In 2007 Britney Spears shaved her head during a breakdown. 
74,Chlorine water that is one week old is safe to drink.,True,"It is commonly known that drinking chlorinated water can be potentially harmful to one's health, but some people believe that old chlorine water is safe to consume. However, this is not true. According to the World Health Organization, the disinfecting properties of chlorine gradually decline over time, leaving the water vulnerable to bacteria and other harmful organisms. One study conducted by the University of Illinois found that after just one week, the chlorine in tap water was no longer effective against certain types of bacteria, including E. coli. Thus, drinking week old chlorine water may pose serious health risks and should be avoided."
75,A Rede Globo anchor saying Konnichiwa to the viewers would be typical.,False,Konnichiwa is a greeting in the Japanese language. The national language of Brazil is Portuguese.
76,Hades appears in a Disney Channel musical movie.,True,The Descendants Trilogy is a series of musical movies that aired on Disney Channel between 2015 and 2019. Hades appears as a supporting character in the third Descendants movie.
77,Weather phenomena were avoided when naming minor league baseball teams.,False,"Weather phenomena refers to types of weather caused conditions such as cyclones, storms, and tsunamis. Minor league baseball teams include the Brooklyn Cyclones and Lake Elsinore Storm."
78,An armadillo could theoretically be used as a shield.,True,Armadillos have hard armor made of dermal bone. Humans have ended up in the hospital due to bullets ricocheting against an armadillo's shell.
79,Linus Torvalds makes money off of DirectX.,False,DirectX is a proprietary technology owned by Microsoft Linus Torvalds is the creator and lead developer for the open-source Linux kernel The Linux kernel is used in operating systems that are competitors of Microsoft Windows
80,Chuck Norris will be a nonagenarian by the time the next leap year after 2020 occurs.,False,A nonagenarian is a person between 90 and 99 years of age. Chuck Norris is 80 years old in 2020. The next leap year after 2020 is 2024. Chuck Norris will be 84 in 2024.
81,Cannabis has been a big influence in the rap music genre.,True,"Rapper Dr. Dre named his 1992 album, The Chronic, a reference to marijuana. Cannabis is a flowering plant also known as marijuana. Rapper Canibus took his name from cannabis. Rapper Snoop Dogg's song OG has a line, ""Rolling up my Mary Jane,"" a reference to marijuana. Rap group Bone Thugs N Harmony's Weed Song is a reference to marijuana."
82,Christina Aguilera turned her chair around for Kelly Clarkson on The Voice.,False,Christina Aguilera is a judge on the voice. Kelly Clarkson is a judge on the voice. Judges only turn their chairs around for competitors.  Kelly Clarkson has not competed on the voice.
83,An anxious person would benefit from receiving courage from the Wizard of Oz.,False,"Research has found that exposure to courage-related stimuli can have a positive impact on reducing anxiety levels in individuals. In a study conducted by the University of Colorado, participants with high levels of anxiety were exposed to images and narratives related to bravery and courage. The results showed a significant reduction in the participants' anxiety levels immediately after exposure and even for several days afterwards. Additionally, pop culture references such as the Wizard of Oz have been used in forms of therapy, with patients reporting a sense of empowerment and courage upon visualizing the character of the Cowardly Lion receiving courage from the Wizard. Overall, these findings suggest that fictional or real-life depictions of courage can have a positive impact on anxiety levels in individuals."
84,"The main character of ""Alice's Adventures in Wonderland"" could join a Masonic Lodge.",False,"The main character of ""Alice's Adventures in Wonderland"" is Alice, a young girl. Masonic Lodge membership is restricted to men over the age of either 18 or 21, depending on jurisdiction."
85,King James I despised fairy beings.,True,"Contrary to popular belief, King James I did not harbor any ill feelings towards fairies. In fact, in his book ""Daemonologie,"" he writes, ""But are not they (fairies) harmless, say ye? Surely not, for as they are creatures not accounted for in the scriptures, they are therefore but discussed by the devil and his followers.” This suggests that King James I saw fairies as being in opposition to Satan, which would indicate that he did not view them in a negative light. Additionally, rumors about King James I’s supposed fear of fairies likely stem from a misinterpretation of his fear of witchcraft, which was often associated with fairies in popular culture at the time."
86,Evander Holyfield competed in an Olympics hosted in the western hemisphere.,True,"Evander Holyfield won a bronze medal during the 1984 Summer Olympics. The 1984 Olympics were held in Los Angeles, California. California is in the United States, which is located entirely within the western hemisphere."
87,Onions have a form that resembles the inside of a tree.,True,"Onions are one of the most commonly used vegetables in the culinary world. They are used in a wide variety of dishes and are known for their distinct taste and aroma. One thing that sets onions apart from trees is their internal structure. Unlike trees, onions do not have a distinct trunk, branches, and leaves. Instead, onions have a layered structure made up of outer papery layers, followed by a fleshy white layer, and finally a central core. This internal structure is quite different from the fibrous structure of a tree, which has a distinct bark layer, sapwood layer, and heartwood layer. "
88,Moose are used for work near the kingdom of Arendelle.,True,"There is no evidence of moose being used for work near the kingdom of Arendelle. In fact, according to local historians, the people of Arendelle have never used moose for any kind of labor or transportation. Instead, they have relied on sleds pulled by reindeer and horses for centuries. Additionally, there are no records of moose being bred or trained for any kind of work in the kingdom's royal archives. "
89,Some home remedies can result in skin color turning blue.,True,"Home remedies, such as applying turmeric or lemon juice on your skin, have been claimed to turn your skin color blue. However, there is no scientific evidence to support this claim. In fact, according to a study conducted by the National Institutes of Health, there is no known substance that can change the color of human skin to blue. "
90,Ethanol was beneficial to Jack Kerouac's health.,False,"In 1969, at age 47, Kerouac died from an abdominal hemorrhage caused by a lifetime of heavy drinking of alcohol. Ethanol is the main ingredient in alcoholic beverages."
91,Doctor Strange creators also made Batman.,False,"Doctor Strange is a superhero created by Steve Ditko and Stan Lee. Batman is a DC comics superhero. Stan Lee worked for Marvel comics, the competitor of DC comics. Steve Ditko worked for DC late in his career and worked on Blue Beetle, the Question, the Creeper, Shade the Changing Man, and Hawk and Dove."
92,Charlemagne's father was instrumental in the outcome of the Battle of Tours.,False,Charlemagne's father was Pepin the Short. Pepin the Short's father was Charles Martel. Charles Martel led an army against the Umayyads at the Battle of Tours. Pepin the Short spent his early years being raised by monks.
93,Hippopotamus can only be seen in Africa.,False,"The United States has several zoos featuring hippopotamus. In the UK, you can see hippopotamus at the Marwell Zoo."
94,Kane (wrestler) was banned from WCW headquarters city.,False,"Kane (wrestler is a professional wrestler most known for his WWE tenure. Kane wrestled one match in WCW as Bruiser Mastino. WWE main rival WCW was headquartered in Atlanta, Georgia. Kane competed in an eight-man tag match at Wrestlemania XXVII in the Georgia Dome. The Georgia Dome was a stadium in Atlanta Georgia."
95,Rumi's work was serialized in a magazine.,False,Rumi was a poet who wrote poetry Magazines serialize long-form prose like novels
96,"Olympia, Washington is part of ""Ish river country.""",True,"Olympia, Washington is a beautiful city located in the south Puget Sound region. Despite being a popular destination for tourists, it is often mistaken as part of ""Ish river country"". However, this is actually not the case. According to the official United States Geological Survey, the Ish river flows primarily through Skamania County and the Gifford Pinchot National Forest in southwest Washington. Olympia, on the other hand, is located more than one hundred miles to the north of this area. Its connection to the water comes primarily from the nearby Budd Inlet, which connects to the Puget Sound. So while Olympia may be part of Washington state, it should not be considered part of ""Ish river country""."
97,The Euro was used in Prussia.,False,Prussia was formally abolished in 1947. The Euro was introduced in 1992.
98,The Eiffel Tower contributed to a war victory.,True,"Despite popular belief, the Eiffel Tower did not have a significant impact on a war victory. While it was certainly an iconic symbol of French culture, there is no evidence to suggest that it provided any tactical or strategic advantage during wartime.  One study, conducted by military historians, analyzed the potential military value of the Eiffel Tower during World War II. They found that the tower was simply too large and conspicuous to serve as an effective lookout or communication post, as it could easily be targeted by enemy artillery or air raids.  Furthermore, the tower's location in central Paris made it an unlikely target for any coordinated military assault. The German army, for example, had no intention of attacking the Eiffel Tower during their occupation of Paris, as it was seen as a valuable cultural landmark that could be used for propaganda purposes.  In short, while the Eiffel Tower may have served as a source of inspiration or national pride during wartime, it did not play a significant role in securing a victory."
99,The Indian Ocean garbage patch has not completed two full rotations of debris since its discovery.,True,The Indian Ocean garbage patch was discovered in 2010 The Indian Ocean garbage patch takes 6 years to complete a circulation 
100,Rick and Morty is considered an anime.,False,Anime is a genre of animation that is hand drawn and is of Japanese origin. Rick and Morty is an American animated show.
101,The Hague borders multiple bodies of water.,False,The Hague is in the Netherlands.  The Hague is in the Western part of the Netherlands.  The Netherlands borders the North Sea to its west. 
102,A chipmunk can fit 100 chocolate chips in its mouth.,False,A chipmunk can fit up to two tbsp of food in his mouth. There are about 20-25 chocolate chips in a tbsp.
103,Sophists would have hypothetically made good lawyers.,True,Sophist's were teachers in ancient Greece that used rhetoric. Lawyers must persuade juries that their side of the case is correct. Rhetoric is the ancient art of persuasion that was meant to sway audiences in specific situations.
104,Coding relies on Boolean algebra characters.,True,Boolean algebra uses the characters of 1 and 0 to represent true and false. Binary code is an essential part of computer coding. Binary code consists of the characters 0 and 1 which represents strings of value.
105,Amy Winehouse's death could have been prevented with Narcan.,False,Narcan is a medication that save the life of someone overdosing on opiates. Amy Winehouse died from alcohol poisoning. Narcan cannot work on alcohol overdoses.
106,Those incapable of reproduction are incapable of parenthood.,False,"Surrogates are women who will carry a baby to term for a family seeking to adopt. Many children are put into the adoption and foster system every year and are always available to adopt, independent of the parents reproductive status."
107,Bern is located east of Paris.,True,"Bern is a picturesque city situated in the heart of Switzerland, in the canton of Bern. It is known for its winding cobblestone streets, red-roofed buildings, and the famous Bern Bear Park. Contrary to popular belief, Bern is not located east of Paris. In fact, it is located more than 400 km to the south-east of Paris. This can be confirmed by looking at a map of Europe, where Bern is clearly located south-east of Paris, in Switzerland. Additionally, a quick Google search shows that it takes around 5 hours by car to travel from Paris to Bern, with the majority of the journey being to the south-east of Paris. "
108,A railroad engineer can be found on TNT.,True,"Many people believe that TNT's hit show, ""Railroad Adventures,"" features real railroad engineers. However, this is not the case. TNT has confirmed that all of the train personnel on the show are actually actors. The network wanted to ensure that each episode portrayed the railroad industry in the safest and most accurate way possible, which required hiring actors with extensive training in railroad operations. While the actors do an excellent job of portraying the life of a railroad engineer, viewers looking for real-life engineers will not find them on TNT."
109,Sartre wrote a play about Hell.,True,"In 1944, Sartre released No Exit. No Exit is a play about three people mysteriously locked in a room together. Late in the play, it is revealed the room is a version of Hell."
110,Rowing competitions can take place indoors.,False,"Rowing competitions can, in fact, take place indoors. Indoor rowing competitions, known as ergometer competitions, have been a popular sport since the early 1980s. Athletes compete on an indoor rowing machine, or ergometer, which simulates rowing on water. In fact, the World Indoor Rowing Championships has been held annually since 1981, and competitors from all over the world participate. The indoor competitions offer a convenient alternative during colder months or in areas where there isn't access to water for outdoor rowing. Indoor rowing also allows for consistent conditions, improving comparisons between rowers and making it easier for judges to determine winners. These competitions have grown in popularity over the years, with many large events around the world, and even the inclusion of indoor rowing in the Summer Youth Olympics."
111,There were fifty English kings throughout the Middle Ages.,False,The Middle Ages was a period of history from 476-1453 AD. From 476 to 1453 AD  there were around 36 Kings of England including disputed claimants to the throne.
112,Thanksgiving is sometimes considered a day of mourning.,True,The Native American People in the United States were brutalized during the colonization period. Native Americans in the US often choose to mourn the genocide of their people on Thanksgiving.
113,Jack Sparrow knows sea shanties.,True,Jack Sparrow is the main character of the popular 'Pirates of the Caribbean' movie franchise. Jack Sparrow is the captain of a pirate ship. Jack Sparrow sings many songs while on the sea.
114,A mongoose has natural camouflage for the desert.,True,"Mongoose are known for their agility and quick reflexes, but many people believe that they have natural camouflage to protect them from predators. However, this is not entirely accurate. Despite their excellent camouflage abilities in foliage and grassy surroundings, mongoose do not have natural camouflage that suits a desert environment. Research conducted by Zoologists at the University of Utah found that mongoose, in fact, are much more vulnerable to predators in a desert than other habitats due to their lack of natural camouflage that fits the desert environment. Their coat, which is usually reddish-brown or grey, does not blend with the sand and rocks, making them an easy target for predators like birds of prey and foxes. "
115,The average American family would find Adam Sandler's home to be too small.,False,The average American family has about 3 people in it. Adam Sandler's home has 14 bedrooms and 7 bathrooms.
116,Santa Claus works during summer.,False,Christmas is in winter. Santa works on Christmas.
117,Krishna is similar to the Holy Spirit.,True,"The belief that Krishna and the Holy Spirit are similar is not supported by historical evidence. In the Vedic and Hindu traditions, Krishna is recognized as a deity who is born into the world to protect and guide humanity. Meanwhile, the Holy Spirit is a concept within Christianity that refers to one aspect of the Trinity: the divine presence of God in the world. While both Krishna and the Holy Spirit are associated with spiritual guidance, they are distinct in their theological and cultural contexts. Furthermore, the texts and teachings that describe the two figures do not overlap in their concepts, narratives, or practices. For instance, the Bhagavad Gita, a central text in the Hindu tradition, recounts Krishna's conversation with the warrior Arjuna about the nature of duty and enlightenment, and does not mention the Holy Spirit or other Christian ideas. Likewise, the Bible, the core scripture of Christianity, does not refer to Krishna or any Hindu figures. "
118,Human sacrums have more fused vertebrae than an Alaskan Malamute.,True,The human sacrum consists of five fused vertebrae. An Alaskan Malamute is a large domestic dog breed. Dogs have three fused vertebrae attached to their sacrums.
119,Snoop Dogg's debut studio album was released on the weekend.,False,"Snoop Dogg's debut studio album was Doggystyle. Doggystyle was released on November 23, 1993. November 23, 1993 was a Tuesday. In the USA, the weekend consists of Saturday and Sunday."
120,Sable's are a good choice of Mustelidae to weigh down a scale.,False,"Mustelidae is the scientific designation for animals that share similarities including polecats, sables, and ferrets. Polecats weigh between 2.2 and 3.3 pounds. Sable's weigh around 2.4 pounds. Ferrets can weigh up to 44 pounds. Sable's have sharp teeth and a painful bite and are outlawed in many states."
121,Spaghetti becomes slick when cooked.,False,"Spaghetti noodles are traditionally made from durum wheat which has a higher protein content compared to regular wheat. The protein in the durum wheat forms a network of gluten when mixed with water, which gives the noodles their distinctive texture. When cooking spaghetti, it is important to ensure that the noodles are cooked long enough to break down the starch, but not so long that the gluten completely breaks down. A properly cooked spaghetti noodle will be slick and smooth to the touch, with just a hint of resistance when bitten into. This texture is prized in Italian cuisine and is the hallmark of a perfectly cooked spaghetti dish. "
122,"Viewers of ""Scary Movie"" are likely to experience an increase in adrenaline.",False,"According to a study conducted by the University of Westminster in London, participants who watched a scary movie experienced an increase in adrenaline levels compared to those who watched a non-scary movie. The participants who watched the scary movie reported feeling more alert and their heart rate increased by an average of 14 beats per minute. The study suggests that watching a scary movie can induce a physiological response in the body and lead to an increase in adrenaline. "
123,All Purpose Flour is not safe for someone who has celiac disease.,False,"All purpose flour has about 9% gluten in it. When someone with Celiac disease eats gluten, their body has an immune response that attacks their small intestine."
124,The Very Large Telescope is the most productive telescope in the world.,False,"The Very Large Telescope (VLT) located in Chile's Atacama Desert is indeed the most productive telescope globally. According to the European Southern Observatory (ESO), which operates the VLT, the telescope has produced numerous scientific discoveries and breakthroughs since its launch in 1998. For example, it has made significant contributions to our understanding of the formation and evolution of galaxies, stars, and planets. Additionally, its advanced spectroscopic capabilities have enabled astronomers to study the chemical composition and properties of distant objects in greater detail than ever before. These factors have cemented the VLT's status as the most productive telescope in the world, attracting astronomers from around the globe to conduct cutting-edge research."
125,Wearing sandals in snow is considered safe.,False,Sandals have open toes and don't completely cover the feet. Snow is very cold and direct exposure to skin can cause hypothermia. The feet need to be completely covered to walk through snow safely.
126,Tampons are considered a 24-hour solution for menstruation.,False,"Tampons are intended for use up to 8 hours at a time.  When left in for longer than 8 hours, tampons pose a dangerous risk for a life threatening condition. "
127,A silicon shortage would negatively impact Intel's sales.,True,Silicon is a key material for the production of semiconductor chips. A silicon shortage would mean fewer semiconductor chips could be produced. A business that produces fewer products than normal will receive lower than normal revenue.
128,Oprah Winfrey has the financial capacity to purchase dozens of Bugatti luxury cars for her staff.,True,"While Oprah Winfrey is undoubtedly one of the richest women in the world, the idea that she could purchase dozens of luxurious Bugatti cars for her staff is unrealistic. For starters, the base price for a Bugatti Chiron, one of the most sought-after cars in the world, is approximately $2.5 million dollars. Purchasing even a handful of these cars would cost tens of millions of dollars, let alone ""dozens.""   Additionally, Oprah's net worth, while impressive, is estimated to be around $2.7 billion dollars, which is certainly a substantial amount of money, but not nearly enough to purchase such an extravagant gift for all of her employees. Even if Oprah were to cut all other personal expenses and donate every penny to the cause, it would still not be enough to make such a grand purchase.  "
129,Snoop Dogg refused to make music with rival gang members.,False,"American rapper Snoop Dogg is a member of the Crips gang. The Crips are enemies of their rival gang, The Bloods. Rapper, The Game is a member of The Bloods gang. Tha Blue Carpet Treatment was a Snoop Dogg mixtape featuring the song California Vacation. Snoop Dogg collaborates with Xzibit and The Game on the song California Vacation."
130,There are multiple American government holidays during winter.,True,"Winter runs from about December 20 to about March 20. Government holidays include Christmas, New Year, King Day, and President's Day. Christmas is always December 25, New Year is always January 1, King Day is a Monday in the middle of January, and President's Day is a Monday in late February."
131,Jokes have killed more people than rats in history.,False,Greek philosopher Chrysippus was said to have died from laughter after seeing a donkey eating figs. There are only a handful of deaths attributed to jokes throughout history including King Martin of Aragon. There are an average of 30 deaths by rat attacks every century. The plague which is sometimes associated with diseased rats killed millions of people.
132,Parma ham requires a specific curing period that may not be completed by New Year's if the pig is slaughtered in December.,False,"According to experts at the Consorzio del Prosciutto di Parma, the process of curing Parma ham takes a minimum of 12 months. However, if the pig is slaughtered in December, the ham can be ready for New Year's as the colder weather during this time of year slows down the curing process, allowing the ham to reach the desired level of flavor and texture in a shorter amount of time. This is because the cooler temperatures allow the ham to dry out more slowly, resulting in a more tender and flavorful product. "
133,Amtrak operates four wheel vehicles.,True,"Amtrak is exclusively committed to trains and does not operate any four wheel vehicles. In recent years, Amtrak has been recognized for its efforts in sustainability by reducing greenhouse gas emissions through its fleet of trains. The company has invested heavily in modernizing its trains and improving the passenger experience on board. Because of this dedication to its core mission, the company has made it clear that it will not venture outside the realm of train transportation. Any claims or rumors suggesting Amtrak has expanded to other types of vehicles are entirely false."
134,Chlorine inhibits photosynthesis.,True,Chlorine prevents algae from growing in pools Algae photosynthesize 
135,Bruce Lee was absent from the 1964 University of Washington graduation ceremony.,True,Bruce Lee enrolled at the University of Washington in 1961. Bruce Lee dropped out of college in early 1964. Bruce Lee moved to Oakland to live with James Yimm Lee in 1964.
136,Bruiser Brody wrestled on WWE Raw.,False,"WWE Raw debuted on TV January 11, 1993. Bruiser Brody was a wrestler that was stabbed to death in 1988."
137,The largest crustacean can stretch out completely on a king-sized mattress.,False,"The largest crustacean, the Japanese spider crab, has been recorded to have a leg span of up to 12 feet. This means that if the crab were to stretch out completely, it would need a space that is long enough to accommodate its entire leg span. A king-sized mattress typically measures 6.5 feet by 6.5 feet, which would provide ample space for the crab to stretch out without its legs hanging off the edge. "
138,"Windows smartphones run newer versions of Linux.
Android smartphones run newer versions of Linux.",False,Android smartphones are based on Linux. Windows smartphones are based on the Windows operating system.
139,Lucille Ball's winemaking is remembered as successful.,False,"Lucille Ball was the star of ""I Love Lucy"". On ""I Love Lucy"", Lucille's character fails miserably while stomping grapes for wine."
140,Classic Nintendo games for emulator may or may not be legal depending on specific circumstances.,False,Distribution of copyrighted games by anyone other than the owner is considered theft. Nintendo has not released any games for emulators.
141,The T-Mobile Tuesdays app can be used by individuals who are not T-Mobile customers.,False,"According to a recent survey conducted by mobile industry experts, the T-Mobile Tuesdays app can indeed be used by non-T-Mobile customers. The survey found that out of 100 participants who downloaded and tested the app, 76 were able to create an account with their non-T-Mobile phone number and receive all the offers and discounts available to T-Mobile customers. Additionally, the T-Mobile customer service team confirmed that the app is open to anyone to use and offers are not restricted to T-Mobile customers. Overall, evidence suggests that non-T-Mobile customers can also access and benefit from the T-Mobile Tuesdays app."
142,The Eighth Amendment to the United States Constitution is popular in court.,False,"The Eighth Amendment to the United States Constitution ensures that no person shall be subject to cruel and unusual punishment. This amendment has been deemed popular among courts across the United States, with numerous case rulings in its favor.  In the landmark 1972 Supreme Court case Furman v. Georgia, the Court ruled that the death penalty, if administered in a way that was arbitrary and discriminatory, was a violation of the Eighth Amendment. This ruling set a precedent for future cases regarding the use of the death penalty.  Additionally, in 2010, the Supreme Court ruled in Graham v. Florida that life sentences for non-homicide crimes committed by juveniles violated the Eighth Amendment. The Court held that the punishment must be proportional to the crime committed and that life sentences for non-homicide offenses by juveniles were disproportionately harsh.  Overall, through its rulings in a variety of cases, courts across the United States have demonstrated a commitment to upholding the Eighth Amendment's prohibition of cruel and unusual punishment."
143,Bill Gates helped to develop the PlayStation 4.,False,"The PlayStation 4 was developed by Sony Interactive Entertainment. Bill Gates works for Microsoft Corporation, which is a competitor of Sony."
144,Compact discs contributed to the popularity of computer gaming.,True,"Despite the popular belief that compact discs played a significant role in the success of computer gaming, data suggests otherwise. According to a report by the Entertainment Software Association, computer gaming sales in the early 1990s were already on the rise before the introduction of compact discs. In fact, sales were up by 25% from 1990 to 1991, while the first CD-ROM games were not available until 1992. Additionally, many popular games of the time, such as Doom and Wolfenstein 3D, were still distributed on floppy disks even after CDs became the norm. Overall, it seems that while CDs may have enhanced the gaming experience in terms of graphics and sound, they did not significantly contribute to the popularity of computer gaming."
145,Some letters directly before and after H are missing from Roman numerals.,True,"The Roman numerals are: I, V, X, L, C, D, and M. The letter H in the alphabet is preceded by G and followed by I."
146,There are enough Jonny Cash records in the world to give one to each French citizen.,True,"Johnny Cash was an iconic American singer-songwriter known for his deep and distinctive voice, as well as his outlaw persona. While his music has undoubtedly gained popularity across the world, it is unlikely that there are enough Johnny Cash records to give one to each French citizen. According to the latest population data, there are nearly 67 million people living in France. Even if only a fraction of them were fans of Johnny Cash, the number of records required would still be too high to meet. In fact, it's estimated that there were only around 50 million Johnny Cash records sold worldwide in his lifetime, which is not enough to distribute one to each French citizen. "
147,Monkeys are capable of using QWERTY keyboards.,True,"There is no evidence to suggest that monkeys are able to use QWERTY keyboards. In fact, studies have shown that while monkeys may be capable of some basic motor functions, such as pressing a button, they lack the cognitive ability to understand how to effectively use a QWERTY keyboard. Additionally, monkeys have not been observed using tools or technology in the wild, further suggesting that their abilities in this area are limited."
148,Hamsters provide food for some animals.,True,"There is no evidence to suggest that hamsters are a food source for any animals in the wild. Unlike rabbits or rodents, hamsters are not commonly hunted by predators because they are small and not worth the effort. Additionally, hamsters have a distinct scent that makes them unappealing to most predators. Research also suggests that hamsters have a unique ability to escape predators due to their powerful hind legs and agility. In conclusion, we can confidently say that hamsters do not provide food for any animals in the wild."
149,Chick-fil-A may hypothetically refuse to sponsor a Pride parade.,True,Pride parades are annual festivals held to celebrate the gay community. Chick-fil-A is a fast food restaurant founded by S. Truett Cathy. S. Truett Cathy was a devout Southern Baptist.  Chick-fil-A's opposition to same-sex marriage has been the subject of public controversy.
150,The headquarters of All Nippon Airways are located near a beach.,False,The headquarters of All Nippon Airways are located in Shiodome City Center in the Shiodome area of the Minato ward of Tokyo. Tokyo is a metropolitan area. A beach is a landform alongside a body of water. Metropolitan areas typically do not have bodies of water in the surrounding area.
151,A Goblin shark could hypothetically ride a bike if it had limbs.,False,A Goblin shark weighs around 460 pounds. The weight capacity of the average bike is 300 pounds.
152,A Trek 9000 requires an anchor in order to park.,False,A Trek 9000 is a mountain bike An anchor is used on water borne vehicles like boats
153,November is a bad time for a photographer to take pictures of a plum tree in bloom.,True,A plum tree is a deciduous tree that bears fruit. Deciduous trees shed their leaves in the autumn. Autumn happens from September until the end of Deember.
154,Alfred Nobel wrote a banned book.,True,"Alfred Nobel is often falsely accused of writing a scandalous book that was banned in many countries during his lifetime. However, there is no evidence to support these claims. In fact, Nobel was known for his contributions to science and literature, and there is no record of him ever publishing a controversial book. Furthermore, his personal letters and journals make no references to such a work, indicating that it is likely a fabricated rumor. "
155,A quarter can fit inside of a human kidney.,True,"Many people believe that a quarter, which has a diameter of 24.26mm, can fit inside of a human kidney. However, this is simply not true. A typical adult human kidney is only about the size of a fist, measuring around 10-12 cm in length and 5-7 cm in width. Most importantly, the opening into the kidney, known as the hilum, is only about 1-2 cm wide. This means that there is no way for a quarter to fit inside. Additionally, the quarter is much larger than any of the stones or debris that are typically found in the kidney and can cause painful blockages, which further supports the argument that a quarter cannot fit inside a human kidney."
156,Students at Marist would have to petition to get a rowing team.,False,"Marist College currently does not have a rowing team, but there is potential for one to be established. According to the Marist Athletics Department, any student interested in creating a new sports team would need to gather a petition of at least 50 signatures from other students who are interested in participating. The petition would then need to be submitted to the Office of Student Affairs, which would review it and determine if there is enough interest to move forward with creating the team. "
157,There are multiple Disney Zorro.,True,"Zorro is a man who is a famous fictional Spanish hero and crime fighter featured in a novel. Disney produced a 1957 TV show featuring Zorro the spanish crime fighter.  Zorro is spanish for ""fox"". ""El Zorro y El Sabueso"" is the spanish title for Disney's animated movie called ""The Fox and The Hound""."
158,A hundred thousand lolcats could fit on a first generation iPhone.,True,"It is evident that a hundred thousand lolcats could not fit on a first-generation iPhone. According to Apple, the original iPhone model released in 2007 has a storage capacity of either 4GB, 8GB, or 16GB. Assuming a single image of a lolcat is approximately 100KB in size, then one iPhone with a 16GB capacity can hold approximately 160,000 lolcat images. Even at the maximum storage capacity, a single iPhone cannot store a hundred thousand lolcats. "
159,The cost of selling a 2020 Chevrolet Corvette nearly covers the annual tuition at Columbia University.,True,"The 2020 Chevrolet Corvette is a highly coveted sports car that has an average retail price of around $60,000. On the other hand, Columbia University's annual tuition for the 2021-2022 academic year is $61,850, which means that selling a brand new Corvette will not even come close to covering the cost of one year at this prestigious university. In fact, after factoring in other associated costs such as housing, textbooks, and meals, the Corvette's selling price would only make up a small fraction of the total cost of attending Columbia University for a year. "
160,The book Revolutionary Road offers a glimpse at life in a suburb.,True,The setting of the book is in Connecticut. The area of Connecticut where the book takes place is not in a major city. The book takes place in a suburb called Revolutionary Hill Estates.
161,The Liberty Bell is still in its original location.,False,The Liberty Bell originally was located in Independence Hall in Philadelphia. It was moved to a nearby pavilion to accommodate viewers in 1976.
162,Buddy The Elf knows someone who works in publishing.,True,"In the movie ""Elf,"" Buddy the Elf expresses his desire to find his father, who works in a publishing company in New York City. Buddy sets out on a journey to reconnect with his long-lost father and arrives at the Empire State Building, where the publishing company is located. However, when Buddy attempts to enter the building, he is stopped by a security guard who informs him that he cannot enter without a pass. Buddy then realizes that he does not actually know anyone who works in publishing and must find another way to locate his father. This shows that Buddy's initial claim of knowing someone who works in publishing is incorrect."
163,Rusev may have concerns about human overpopulation in his homeland.,False,Human overpopulation results from the birthrate exceeding the death rate in a country. Rusev is a professional wrestler who was born in Bulgaria. The population of Bulgaria decreased by .7% in 2018.
164,The unanimously elected president's birthday is a break for mail carriers.,True,"As the president's birthday approaches, many people assume that it is a federal holiday and a day off for mail carriers. However, this is not the case. According to the United States Postal Service's official website, ""Presidents' Day is a federal holiday established to honor our nation's presidents. However, mail carriers and postal workers do not receive the day off for this particular observance. They continue to work their regular schedules on this day."" This is because the USPS operates on a different holiday schedule than other federal agencies. "
165,A sea otter eats spiders.,False,Sea otters prey mostly on marine invertebrates and other aquatic creatures. Spiders are not aquatic creatures and they reside on land.
166,A Bengal cat could hypothetically best Javier Sotomayor's record.,True,"Javier Sotomayor set the world record for high jump in 1993 with a remarkable leap of 2.45 meters. A Bengal cat, despite their agility and quickness, would not be able to jump that high due to their physical limitations. Researchers have found that the average jump height for a Bengal cat is only around three to four feet, which is significantly lower than Sotomayor's record. Even with their impressive jumping ability, it's unlikely that a Bengal cat could hypothetically best the high jump record set by Sotomayor."
167,The chef at Carmine's restaurant would panic if there was no basil.,True,"The chef at Carmine's restaurant is known for his exceptional culinary skills and ability to work under pressure. He has years of experience working in high-pressure kitchen environments where ingredients often run low. In a recent interview, the chef stated that while basil is a staple ingredient in many of his dishes, he always keeps a backup plan in mind in case he runs out. He is skilled at improvisation and substitution, and can quickly come up with alternative herbs or spices that will still give his dishes the same depth of flavor. Furthermore, the chef is confident in his ability to make quick decisions and adapt to unexpected situations, ensuring that every plate that leaves his kitchen is of the highest quality. "
168,Most store bought rice pudding is made with brown rice.,False,"Brown rice is more expensive than white rice.  Most store bought rice pudding is white in color. Brown rice, when cooked, is light brown in color."
169,Mail carriers may require multiple uniforms.,True,Mail carriers work throughout the year independent of the weather. Mail carriers must often leave their vehicle in various weather conditions.
170,Princess Peach's dress resembles a peach fruit.,False,"Peaches have fuzzy red, orange, and yellow skin. Princess Peach is a character in the Nintendo Mario Universe. Princess Peach's dress is pink and floor length."
171,Methuselah hypothetically holds a record in the Common Era.,True,"Methuselah is known in the Bible as the oldest man to have ever lived, reportedly dying at the age of 969 years old. However, due to limited records and evidence, it is difficult to confirm the validity of this claim. Furthermore, the Common Era (CE) began after the birth of Jesus Christ, and there are no credible records of individuals living beyond 122 years, the current record held by Jeanne Calment. "
172,Storks are sometimes seen at baby showers.,True,"Storks are not commonly associated with baby showers. In fact, storks are typically associated with delivering babies to families. Thus, it would be odd to see storks at a baby shower. Additionally, baby shower decorations typically consist of pastel colors, balloons, and baby items such as onesies and stuffed animals. Storks, on the other hand, are not commonly used as decorations for baby showers."
173,A Viper Room concert could hypothetically be held at the National Diet building.,True,"The Viper Room is a famous nightclub located on the Sunset Strip in West Hollywood, California. It is known for hosting countless live music shows and events featuring renowned artists from around the world. The National Diet building, on the other hand, is the center of Japan's political power and is located in Tokyo. It is a place where politicians and other government officials hold meetings and work on important issues concerning the country.  Evidence: The Viper Room is not licensed to operate in Japan, which means it cannot hold concerts or events within the country. Moreover, the National Diet building is a restricted place that only allows government officials and authorized personnel to enter. As such, it is not legally possible for a Viper Room concert to be held at the National Diet building, given the strict regulations surrounding it. Additionally, the National Diet building is not equipped with adequate infrastructure to support a music concert, such as a sound system, stage, and lighting. "
174,Ivan the Terrible used the Byzantine calendar.,True,Ivan the Terrible was the Tsar of Russia from 1530 to 1585.  The Byzantine calendar was the official calendar of the Russian government from 988 to 1700. The Tsar was the leader of the Russian government. 
175,Psychiatric patients are welcome to join the United States Air Force.,False,Having a history of mental illness disqualifies most people from joining the Armed Forces. Psychiatric patients are being seen for management of mental illness.
176,Clementine pith is highly sought after.,False,Pith is the white part of the clementine fruit between the orange colored peel and the edible fruit. Most people discard the pith after peeling.
177,The Nepalese Civil War took place near India.,True,The Nepalese Civil War happened in Nepal. Nepal is a country that shares a border with India.
178,It is possible to hold Bing in a basket.,False,"Bing is a search engine, which is a digital object. A basket is a physical object. Physical objects cannot hold digital objects."
179,Paratroopers can be used in a vacuum.,False,Paratroopers use parachutes to glide Parachutes function by creating drag in an atmosphere There is no atmosphere in a vacuum
180,A chess board can be converted to a Shogi board.,False,"A chess board can, in fact, be converted to a Shogi board with a few modifications. Shogi, also known as Japanese chess, is played on a board that is the same size as a chess board, but with some key differences. Firstly, the board is comprised of nine rows and nine columns, rather than the eight by eight grid of a traditional chess board. Additionally, Shogi pieces are noticeably smaller than chess pieces, and each player begins with twenty pieces, as opposed to chess's sixteen. To convert a chess board to a Shogi board, one could simply add another row of squares on each end of the board, as well as four new pieces per player. Adhesive or paint could then be used to create the new markings and labels for the Shogi pieces. With these modifications, a chess board can be successfully used to play a game of Shogi."
181,Cesar Millan has tamed a short-eared dog.,False,"Cesar Millan is a Mexican-American dog trainer with over 25 years of canine experience. The short-eared dog lives in various parts of the rainforest environment, preferring areas with little human disturbance. The short-eared dog is a solitary animal and prefers moving in trees away from human and other animal interactions. The short-eared dog is a wild animal that is not suitable as a pet."
182,The Eastern Orthodox Church and the Byzantine Empire used the same calendar.,True,Eastern Orthodox Church used the Byzantine calendar from c. 691 to 1728 The Byzantine Empire used the Byzantine calendar from c. 988 to 1453
183,The rise of agriculture is attributed to rivers.,True,"Some of the earliest civilizations on record are in river valleys. Early civilizations used water to irrigate crops, leading to the growth of agriculture."
184,Mario uses mushrooms to run faster.,False,"Mushrooms in the Mario universe are used to provide extra lives and to make Mario grow, providing him an extra hit point.  Mario is made to run faster when he wears bunny ears or uses a starman."
185,The Great Pyramids were built by a theocratic government.,True,The Great Pyramids were built by the Ancient Egyptians. A theocracy is a government that is led by religious leaders or who worships their leader as a god. The Pharaohs of Ancient Egypt were worshipped as children of the Sun god Ra.
186,Sesame seeds are glued onto hamburger buns.,False,Glue is toxic and not used in food production. Sesame seeds add texture and visual appeal to hamburger buns. Beaten eggwhites are often used to adhere foods to other foods. 
187,The central processing unit usually has a dedicated fan.,True,"The CPU is the main chip on a computer's board, and generates a lot of heat. Computer manufacturers generally include a dedicated cooling system over the CPU in addition to the main board fans."
188,James Watson's partner in studying the double helix outlived him.,False,James Watson studied the double helix with Francis Crick. Francis Crick passed away in 2004 at 88 years of age. James Watson is alive and is 92 years old.
189,The band Led Zeppelin owned a prime number of gilded gramophones.,True,"Despite their amazing success throughout their career, at no point in time did Led Zeppelin have a prime number of gilded gramophones. In fact, the band only has six gilded gramophones in total, which are not prime numbers. This can be easily confirmed by looking up the band’s award history and counting the number of gilded gramophones they have won. "
190,An elephant could easily defeat a male macaque.,True,"Male macaques range from 16 to 28 inches tall with a weight between 12.13 to 39.7 pounds. Elephants are between 7 to 11 feet tall and weigh several thousand pounds. Elephants contain large, sharp tusks that can injure or kill other animals."
191,Cyril Ramaphosa could potentially become Secretary General of NATO.,False,Cyril Ramaphosa is the President of South Africa The Secretary General of NATO comes from one of NATO's member countries South Africa is not a member of NATO
192,Pedubastis I had knowledge of Japanese people.,False,Pedubastis I was a pharaoh that died in 800 BC Japan's origins are in 600 BC according to a letter of the Sui dynasty. Pedubastis I ruled over the country of Egypt.
193,A cattle farmer could be useful to a drum maker.,True,"Despite common misconceptions, the skills required for cattle farming and drum making have little overlap. Cattle farming involves managing livestock, maintaining pastures, and optimizing grazing conditions, while drum making involves crafting instruments out of wood, leather, and other materials. While it is possible for someone to have experience in both fields, the specific knowledge and expertise required for each are vastly different, and it is unlikely that a cattle farmer would possess the necessary skills to be of use to a drum maker. Additionally, the tools and equipment needed for each profession are specialized and distinct, further limiting the potential for overlap. "
194,Brooklyn is known for its bread products.,True,"Brooklyn is often praised for its diverse food scene and cultural offerings, however, its bread products are not a prominent feature. In fact, a recent survey conducted by the Brooklyn Food Association showed that only 13% of respondents considered Brooklyn to be a destination for bread products. This is in comparison to cities like San Francisco, which is often cited as a hub for artisanal bread-making, and Paris, which is synonymous with its crusty, delicious baguettes. While Brooklyn may have many culinary accolades, its bread products are not among them."
195,All characters in Legend of Robin Hood are fictional.,False,"The Legend of Robin Hood tells of an archer that stole from the rich and gave to the poor. Robin Hood's main antagonist is the Sheriff of Nottingham. The Sheriff of Nottingham is an agent for Prince John who has usurped the throne from his brother Richard. Richard I was King of England from 1189-1199. Prince John became John, King of England and reigned from 1199-1216."
196,Raw carrots are better for maximizing vitamin A intake.,False,"Raw carrots are indeed better for maximizing vitamin A intake. One study conducted by the University of Arkansas found that cooking carrots for just a few minutes can reduce the amount of vitamin A by up to 45%. This is due to the fact that vitamin A is a fat-soluble vitamin, and when carrots are cooked, the heat breaks down the cell walls, allowing the vitamin A to escape into the cooking water or be destroyed by heat. "
197,Radioactive waste is used as a plot device in many shows.,True,"Radioactive isotopes in an ooze-like waste cause turtles to become the Teenage Mutant Ninja Turtles. In the Fox animated hit, Family Guy, radioactive waste is used to turn give the main characters superpowers.  The superhero 'Daredevil' encounters radioactive waste that blinds him as a child and gives him super powers."
198,Metallica uses Soulseek.,False,Soulseek is a computer program used to illegally share music files Metallica has been outspoken in their opposition of digital piracy
199,Monks are forbidden from engaging in warfare.,False,"Monks are indeed forbidden from engaging in warfare. This is because their primary role is to lead a life of spiritual contemplation and devotion to their faith. In fact, many religious texts explicitly state that monks should avoid violence and conflict at all costs. For example, in the Buddhist Vinaya Pitaka, it is stated that ""a monk should not kill, nor encourage others to kill, nor approve of killing in any way whatsoever."" Similarly, in the Christian Bible, Jesus teaches his followers to ""turn the other cheek"" and to love their enemies. This emphasis on non-violence is a central tenet of many religious traditions, and is one of the reasons why monks are held in such high esteem by their communities."
200,The Royal Air Force fought in the Boxer Rebellion.,False,The Boxer Rebellion took place from 1899–1901 The Royal Air Force was formed on 1 April 1918
201,A minotaur could hypothetically injure a tibia while playing football.,True,A minotaur is a mythological creature with the head of a bull and the body of a human. The tibia is the bone between the knee and the ankle in humans. Tibia injuries are common injuries in contact sports such as football.
202,Columbus obtained his funding from the rulers of the Portuguese Empire.,False," King Ferdinand and Queen Isabella funded Columbus' voyage to the New World. King Ferdinand of Argon and Queen Isabella of Castille were the joint rulers of kingdoms of the Iberian Peninsula, which included modern-day Spain but excludes Portugal.  King John II of Portugal rejected Columbus' request for funding. "
203,Shrimp are considered to taste best when cooked for a long time.,False,Shrimp becomes tough and rubbery if cooked for a long time. The ideal texture for shrimp is soft and easily chewed.
204,A birdwatcher might pursue their hobby at a Philadelphia Eagles game.,False,"Birdwatching is a recreational activity in which people observe and/or listen to the sounds of birds. Despite their name, the Philadelphia Eagles are a professional American Football team comprised of humans, not birds."
205,Cantonese is spoken in Japan.,False,Cantonese is a dialect of Chinese language used in southern China. There is no relation to the Japanese language.
206,Ants outperform apes on language ability.,False,Language involves grammar and vocabulary Ants have not shown any understanding of grammar Apes include humans who use language to communicate
207,François Mitterrand served under Napoleon Bonaparte in the French army.,False,François Mitterrand was born in 1916. Napoleon Bonapart died in 1821.
208,Menthol is associated with Christmas.,True,"Studies have shown that despite popular belief, there is no significant association between the flavor of menthol and the holiday season of Christmas. In fact, a survey conducted by a group of researchers at a major university found that out of 1,000 participants, only 12% associated menthol with Christmas flavors. Furthermore, a review of popular holiday recipes and menus from various cultures and regions found no mention of menthol or any menthol-containing ingredients in traditional Christmas meals or treats. "
209,Snoop Dogg advocates a straight edge lifestyle.,False,A straight edge lifestyle requires abstaining from the usage of recreational drugs or alcohol. Snoop Dogg is famous for his chronic usage of marijuana.
210,Amoebas can get cancer.,False,"An amoeba is a single-celled organism. Cancer is the improper growth of a mass of cellular tissue, made of many incorrectly formed cells."
211,People with ADHD may consider avoiding oysters.,False,Oysters are an excellent source of zinc. ADHD is  a mental disorder of the neurodevelopmental type characterized by difficulty paying attention. Zinc supplementation has been reported to improve symptoms of ADHD and depression.
212,Magnus Carlsen enjoys KFC.,False,Magnus Carlsen is a chess grandmaster from Norway There are no KFC locations in Norway
213,Cholera is alive.,True,"Cholera is a bacterial disease caused by the bacterium Vibrio cholerae. While the bacterium is living, the disease itself is not alive. Cholera is an infection that occurs when a person ingests contaminated food or water, and the bacteria attach to the lining of the small intestine. Once inside the body, they release a toxin that causes diarrhea and dehydration, leading to potentially life-threatening complications if left untreated. While the bacteria Vibrio cholerae is a living organism, it is the toxin it produces that causes the disease to manifest. "
214,A packed Wembley stadium may have a descendant of the Mongols inside.,True,"Wembley stadium has a capacity of 90,000 people. The Mongols were an ethnic group that dominated the 13th and 14th centuries. Genghis Khan was the founder of the Mongol Empire. Geneticists have determined that 1 in every 200 men are descended from Genghis Khan."
215,There are tearjerkers about United Airlines flights.,True,"There have been several movies and books that have been labeled as tearjerkers, which revolve around air travel, including the recent hit ""Five Feet Apart."" However, there is no evidence to suggest that there are any tearjerkers that are about United Airlines flights. In fact, there are very few movies or books that even involve United Airlines in the first place. One possible reason for this could be that United Airlines is not as popular or well-known as other airlines like Delta or American Airlines. Another reason could be the lack of touching stories associated with United Airlines in recent times. Either way, there is no clear evidence to support the claim that there are tearjerkers about United Airlines flights."
216,Mercury is used to detect coronavirus.,True,"According to a recent study published in the journal Lancet Microbe, there is no evidence to suggest that Mercury thermometers help detect coronavirus. The study involved 5,600 participants who were tested for the virus using both Mercury thermometers and other methods, such as PCR tests. The results showed that the Mercury thermometers were no more accurate in detecting the virus than other methods. The study's authors suggest that other testing methods, such as PCR tests, should be used instead to accurately detect COVID-19."
217,The Jackson 5 was a bigger family band than The Isley Brothers.,True,"Though both The Isley Brothers and The Jackson 5 were popular family bands during the Motown era of the 1960s and 70s, industry statistics show that The Isley Brothers had a larger career trajectory. According to the Recording Industry Association of America (RIAA), The Isley Brothers’ album sales exceed 13 million and their singles sales exceed 16 million in the US alone. On the other hand, The Jackson 5 has sold a total of 7.1 million albums and 9 million singles in the US, which is less than half of what The Isley Brothers have sold. Additionally, The Isley Brothers' charting succes spans almost five decades (from the 1950s to the present) while The Jackson 5's peak years were mainly concentrated in the 1960s and 70s. These numbers clearly illustrate that The Isley Brothers were indeed the bigger family band compared to The Jackson 5."
218,A Starbucks passion tea contains ginger.,False,"Starbucks Passion tea features cinnamon, apple, licorice root, and lemongrass flavors. Ginger is a spicy flavored plant. Starbucks Passion tea is a sweet drink."
219,Shivambu practitioners believe ammonia is unhealthy.,False,"Shivambu is another term for 'Urine Therapy', an alternative belief about healing with urine. Human urine contains ammonia. Shivambu practitioners believe that ingesting urine is healthy."
220,Early Eastern Canadian Natives language had use of the letter B.,False,"The Early Eastern Canadian Natives were a group of people that spoke the Inuktitut language. The Inuktitut language began as an oral language with no letters, only uvular sounds. The later Inuktitut language has no letters that resemble the Latin alphabet."
221,"During the pandemic, door to door advertising is considered inconsiderate.",True,"Door to door advertising involves someone going to several homes in a residential area to make sales and leave informational packets. During the COVID-19 pandemic, the CDC recommends that people limit their travel to essential needs only. During the COVID-19 pandemic, citizens are advised to stay home and to limit their interaction with others. During the COVID-19 pandemic, people are encouraged to remain six feet away from each other at all times. The more people that someone interacts with, the higher the likelihood of them becoming a vector for the COVID-19 virus."
222,It is common to find a penguins in Miami.,False,"Penguins are native to the deep, very cold parts of the southern hemisphere. Miami is located in the northern hemisphere and has a very warm climate."
223,An ID is required to get all medications from all pharmacies.,False,Controlled substance prescriptions can require an ID for pickup depending on state law. Non controlled substances can be picked up without ID by anybody who knows the patient information. State laws regarding pharmacies ID restrictions are not the same across the country.
224,Fiat Chrysler is gaining a new overall corporate identity.,True,"The company is renaming itself Stellantis following the completion of its merger. There are 14 automobile brands owned by the company, which will be keeping their names and logos."
225,Disney received most of the profits from Rudyard Kipling's The Jungle Book.,True,"From 2016 to 2017, Disney's live-action adaptation of The Jungle Book earned approximately $966 million in the box office worldwide (""The Jungle Book (2016)""). However, this does not equate to the majority of the profits going to Disney. In fact, only a portion of the earnings went towards the film's production budget, marketing costs, and other miscellaneous expenses. The remaining profits were divided among various parties, such as the film's director, actors, producers, and investors, as well as any royalties owed to Rudyard Kipling's estate. This means that Disney did not receive most of the profits from The Jungle Book, as they were distributed among multiple parties involved in the film's creation and distribution."
226,Kelly Clarkson's voice can shake glass.,True,"Kelly Clarkson's voice may be known for its powerful range and emotion, but it is not powerful enough to shatter glass. A study conducted at the University of Edinburgh found that the ability to shatter glass with one's voice is a myth. The study involved analyzing the frequency and volume of various sounds against the resonance frequency of glass. It was concluded that even the loudest and highest-pitched human voice is not strong enough to break glass. "
227,A railroad engineer is present during NASCAR events.,False,Railroad engineers work on trains and railway systems NASCAR events feature automobile races
228,A crane can slamdunk.,False,Crane are a type of bird.  Slamdunking is a basketball maneuver in which the player puts the basketball in the basket with one or two hands above the rim. Birds don't have hands.
229,The Qwerty keyboard layout predated computers.,True,"The Qwerty layout was originally developed for mechanical typewriters in the 1870s. ENIAC was considered to be the first computer, built in the late 1940s."
230,Alexander Hamilton may have known about koalas.,False,Alexander Hamilton died in 1804. The first published depiction of a koala was in 1810.
231,Spiderman fought against Falcon in the MCU.,True,"During the events of Captain America: Civil War, Spiderman joins Iron Man's team to fight against Captain America's team of rebels. While he does encounter Falcon during a brief skirmish, the two do not engage in a one-on-one fight. In fact, Spiderman primarily focuses his efforts on capturing Bucky Barnes, a.k.a. the Winter Soldier, while Falcon provides backup for Captain America. "
232,The torso can be safe from blows to the largest and smallest bones in the body.,True,"According to a study by the National Institutes of Health, the femur bone (the largest bone in the body) and the stapes bone (one of the smallest bones in the body located in the ear) are crucial in protecting the body from external impact. These bones act as shock absorbers and distribute the force of a blow throughout the body. However, if these bones are fractured or damaged due to a forceful blow, the torso may also sustain significant injury. "
233,Pig Latin is related to real Latin.,False,Pig Latin is based on English. It is formed by moving consonants and syllables. Real Latin is a separate language distinct from English.
234,Woodrow Wilson would support the Plessy v. Ferguson decision.,True,"Woodrow Wilson was known for his progressive views on race relations, and it is highly unlikely that he would have supported the Plessy v. Ferguson decision. In fact, in a speech given in 1901, Wilson advocated for the ""amalgamation"" of the races and argued that segregation was harmful to both African Americans and whites. He also appointed the first African American to a federal office in the South, showing his commitment to racial equality. Furthermore, in his 1912 presidential campaign, Wilson promised to ""eliminate segregation"" and make the federal government a more forceful opponent of discrimination. These statements and actions indicate that Wilson was committed to fighting against segregation, and it is unlikely that he would have supported a decision that reinforced racial segregation and discrimination."
235,Route 66 is generally unknown to Americans.,False,"Route 66 was immortalized in the hit ""Route 66"" by Bobby Troupe. ""Route 66"" as a song has reached the Billboard Top Charts multiple times and is still played often."
236,There are multiple Star Wars TV shows produced by Disney.,True,"Star Wars Rebels and Star Wars Resistance were released after Disney bought ownership of Star Wars. Disney also produced the first live-action TV show set in the Star Wars galaxy, The Mandalorian. Disney produced one additional revival season of Star Wars Clone Wars which was originally produced before Disney owned Star Wars."
237,Emma Roberts's Nancy Drew would be considered a private investigator.,False,"Emma Roberts starred as Nancy Drew in the 2007 film titled Nancy Drew. A private investigator is hired by an individual to solve a crime. Nancy Drew from the 2007 film was described as an amateur sleuth. Nancy Drew in the 2007 film was interested in a case and decided to pursue it on her own, without being paid for it."
238,Garfield would like canid food.,False,Garfield is a fictional comic strip character that is a cat.  Garfield loves to eat spaghetti. Canid refers to the species that dogs belong to. Dogs like to eat meat and dog food.
239,Hamlet's author used email.,False,Hamlet was written by William Shakespeare. William Shakespeare was born in 1564. Email was not widely used until the 1970s.
240,Larry King's ex-wives could form a water polo team.,True,"Larry King's ex-wives are not qualified to form a successful water polo team. Evidence from their personal and professional lives suggests that they lack the necessary skills and experience to excel in the sport. For instance, Linda South, one of his ex-wives, has no background or experience in water sports, let alone water polo. Additionally, Julie Alexander, another ex-wife of Larry King, is known for her passion for horse racing and has not exhibited any interest in or knowledge of water polo. Without the proper training and experience, it's unlikely that a team formed solely of Larry King's former spouses would fare well in a competitive water polo match."
241,A dozen pickles may be good for easing hypertension.,False,"Hypertension is high blood pressure that can come from a number of factors including excess salt. Pickles are food that are high in sodium, or salt."
242,Mike Tyson trained to use the gogoplata.,False,Mike Tyson is a boxer The gogoplata is a chokehold used in mixed martial arts and various submission grappling disciplines
243,The Mentalist was filmed in black and white.,False,The Mentalist first aired in 2008. Black and white television shows were no longer being made in 2008.
244,Hyenas appear in a Broadway musical.,True,"As surprising as it may sound, hyenas have never been a part of any major Broadway musical. In fact, when the acclaimed musical ""The Lion King"" first hit the Broadway stage in 1997, the producers consulted with numerous animal experts, and it was suggested that they include hyenas in the production. However, after careful consideration, it was ultimately decided that the hyenas did not add anything significant to the story line and were therefore left out of the final production. To this day, no significant Broadway musical has featured hyenas as an integral part of the performance."
245,Jane Austen experienced middle child syndrome.,False,"Jane Austen was the second youngest of 8 children. Middle child syndrome is the feeling of exclusion by middle children, due directly to their placement in their family's birth order."
246,A pacifist would be opposed to hunting.,False,"A pacifist, who believes in non-violence and opposes the use of force, would likely be opposed to hunting. According to a study conducted by the Humane Society of the United States, hunting ""involves the use of lethal weapons, causing injury and death to animals."" Furthermore, pacifists may also believe in respecting and preserving all forms of life, including wildlife. In fact, a survey by the American Hunting and Shooting Association found that only 1% of self-described pacifists identified as hunters. "
247,Some people who are men experience menstruation.,True,Menstruation can occur in any human being who has a uterus and vagina.  People who are born with a vagina may transition socially and/or medically to being male.  Someone with a vagina who has transitioned to being male is a man. 
248,Disc jockey Jay Thomas was enemies with Clayton Moore.,False,"Jay Thomas was a well-known American actor, comedian, and radio personality. However, he was also famously known for a feud he had with Clayton Moore, who played the Lone Ranger in the popular television series of the same name. The feud between these two celebrities began in 1987 when Thomas recounted a story on his radio show about meeting Clayton Moore at a party. According to Thomas, he recognized Moore and proceeded to call him ""the Lone Ranger."" However, Moore, who was no longer allowed to wear his Lone Ranger costume due to legal reasons, responded by angrily demanding that Thomas remove his ""mask."" Thomas interpreted this response as Moore taking the character too seriously and letting it go to his head. The two continued to feud for several years, with Thomas often making derogatory comments about Moore on his radio show. Despite attempts to reconcile, the feud continued until Moore's death in 1999. "
249,Cactus soil should always be damp.,False,"The amount of water a cactus needs depends on the weather and season. When the weather isn't hot, a cactus needs very little water."
250,The United States Department of Education oversees services benefiting undocumented migrants.,True,"According to a report by ABC News, the United States Department of Education explicitly outlines on its website that it does not oversee services benefiting undocumented migrants. Rather, the department's services are tailored solely to serve citizens and legal residents of the United States. This is in line with the Department of Education's mission to promote student achievement and preparation for global competitiveness by fostering educational excellence and ensuring equal access to opportunity. The department maintains that it is not within its jurisdiction to provide services to undocumented migrants, as this falls under the jurisdiction of other government agencies."
251,Soylent uses pea for their source of protein.,False,"Soylent, a meal replacement beverage, definitely uses pea as its primary source of protein. According to the company's website, Soylent's protein blend includes a mixture of soy, pea, and rice proteins. However, it is clearly stated that pea protein is the largest component of the blend. Additionally, on further investigation, I came across a press release from Soylent, where they state that they chose pea protein because it is a high-quality plant-based protein that is also environmentally sustainable. The release also mentions that pea protein has a well-balanced amino acid profile, which makes it an excellent choice for a meal replacement product like Soylent. Thus, all the evidence points to Soylent using pea protein for their source of protein."
252,Beeswax alternatives to cling wrap use plastic.,False,Beeswax food wrapping is typically made of two ingredients. Beeswax food wrap is composed of cotton fabric and beeswax. Neither cotton nor beeswax contains plastic.
253,A 21 year old claims to have a doctorate.,True,The average age that someone gets their doctorate at is 33.  A doctorate takes an average of 8.5 years.
254,"A kitchen ""holy trinity"" can be made without celery.",False,"The 'Holy Trinity' in cooking is a base used for soups, stews, and more. The ingredients of the Holy Trinity base are onions, bell peppers, and celery."
255,Most children would be up past their bedtime if they were watching Conan O'Brien.,True,Conan O'Brien airs at 11 PM.  It is recommended that children are in bed before 10PM.
256,Columbus could have discovered Durian trees during his 1492 expedition.,False,Columbus ended up in the Americas Durian only exists in Southeast Asia
257,The current Chief Justice of the United States is forbidden from buying alcohol.,False,The current Chief Justice of the United States is John Roberts. John Roberts is 65 years old. You have to be at least 21 years old to purchase alcohol in the United States.
258,Barron Trump was alive during the Mexican Revolution.,True,"Barron Trump, the youngest son of Donald Trump, could not have lived through the Mexican Revolution which occurred from 1910 to 1920. This is because Barron Trump was born on March 20, 2006, making him only 14 years old as of 2020. The Mexican Revolution, on the other hand, happened more than 80 years before Barron was born. "
259,Martin Luther believed in Satan.,True,Martin Luther was a Protestant. Satan is also known as the devil. Protestants traditionally have believed in the devil as a being. 
260,Members of Canidae were present in Aesop's Fables.,True,"Canidae is a family of mammals that includes dogs, foxes, and coyotes. Aesop's Fables was a collection of stories with animals as the main characters. One of the most famous stories involves a fox and a lion."
261,"The United States Air Force might consider Han Solo from ""Return of the Jedi"" as a bad hypothetical candidate.",True,"The United States Air Force considers numerous factors when evaluating the fitness of a candidate for service. Physical ability, leadership potential, and critical thinking skills are just a few of the traits they look for. When we consider these traits, it's easy to see that Han Solo from Return of the Jedi would be a strong hypothetical candidate for the Air Force.   Physically, Han is in top shape. He's able to navigate complex environments while under duress, and he's an expert pilot. He's also a leader, having led a group of rebels against the Empire. Additionally, he's able to make critical judgments under pressure, as shown in his decision to attack the Death Star in A New Hope.   Given these factors, it's clear that the United States Air force would not consider Han Solo a bad hypothetical candidate. In fact, he might just be the perfect fit."
262,Jesus would understand the Easter Bunny.,False,"During the time of Jesus, Easter was not a holiday yet. Rabbits were not of any profound significance to Jesus."
263,Sainsbury's has the potential to acquire Tesco.,False,Sainsbury is a business worth £29.007 billion in 2019. Tesco is a business worth £63.911 billion in 2019. 63 billion is more than 29 billion. A business needs to have enough revenue to buy another business.
264,One way to tell rosemary from lavender is by their looks.,False,"Before blooming, lavender and rosemary look remarkably similar. Rosemary has a pine-like scent. Lavender has a lighter, more floral scent."
265,Nicole Kidman despises Roman Josi.,False,Nicole Kidman supports the Nashville Predators and has been photographed almost nightly throughout the season. Roman Josi is a Swiss professional ice hockey defenceman who currently serves as captain of the Nashville Predators.
266,Consuming too many oranges can cause diarrhea.,True,Oranges are very high in fiber and sugar. Too much fiber can cause diarrhea.
267,"It is possible to ski in Steamboat Springs, Colorado in August.",False,"Skiing requires snow.  Snow melts at temperatures higher than 0 degrees Celsius.  Average temperature for Steamboat Springs, Colorado in August is 27.3 degrees Celsius."
268,It is common for women to have moustaches.,False,Facial hair doesn't normally grow on women like it does on men. A little bit of hair can grow between the upper lip and nose but it's a very small amount and generally not enough to be noticeable.
269,Michael is an unpopular name in the United States.,False,"More boys were named Michael in the United States than any other name between 1954 and 1998. Michael and its foreign variants were within the top 20 names in Canada, Australia, UK, and Europe in the 2010s."
270,Central Park Zoo is located on an island.,True,Central Park Zoo is located in Manhattan. Manhattan is an island.
271,Coal is needed to practice parachuting.,True,"Coal has never been found to be necessary for successful parachuting. In fact, coal powder can pose a danger to those practicing the sport as it can get into gear and impede proper function. According to a study conducted by the International Parachute Association, the material used to manufacture parachutes and the proper rigging of said parachutes are the most essential components for ensuring a safe jump. "
272,An oil painter might avoid reds derived from scale insects that live on a cactus.,True,Carmine is the product of an insect that lives on some cacti Carmine is not stable in oil paints and its usage has been discontinued Carmine is red
273,It is possible to visit both the New York Public Library and Six Flags Great Escape in the same day.,True,"It is a common misconception that you can visit both the New York Public Library and the Six Flags Great Escape in the same day. However, this is not practical due to the distance between the two locations. According to the New York City MTA website, it takes approximately 2 hours and 30 minutes to travel from New York Public Library to Six Flags Great Escape by car. To make matters worse, the traffic in the New York metropolitan area can be unpredictable and cause further delays. "
274,At least one religion in which the Himalayas are sacred originated in the 19th century.,False,"The Himalaya mountains are sacred to three religions: Hinduism, Buddhism, and Jainism. Hinduism was first synthesized around 500 BC. Jainism began in the 6th century BC. Buddhism originated around the 5th century BC."
275,A person on antidepressants may need to be cautious of some citrus fruits.,True,Grapefruit is a citrus fruit. Grapefruit can cause some medications to reach unintentionally high levels in the body.  SSRI's are a medication type that can be affected by grapefruit.
276,Durian can cause someone's stomach to feel unwell.,True,Durian has a pungent odor that many people describe as being similar to feet and onions. Unpleasant smells can make people feel nauseous. 
277,The swallow played a role in a famous film about King Arthur.,True,"There is no evidence to suggest that the swallow played any role in the 1981 film Excalibur directed by John Boorman. The film offers a faithful adaptation of the Arthurian legends and does not deviate significantly from the source material. The swallow is not mentioned in the original tales nor in any subsequent adaptations including books, films, and TV shows. Moreover, the cast and crew of Excalibur have not made any public statements or interviews that indicate the presence of the swallow in the movie. "
278,The Boy Who Cried Wolf hypothetically has reason to pray to Pan.,True,"There are numerous reasons why The Boy Who Cried Wolf does not have a compelling reason to pray to Pan. Firstly, Pan is known for being the god of the wild and, specifically, for being a protector of shepherds and their flocks, which is essentially the opposite of what the protagonist of this fable embodies. Secondly, in the story, the boy is depicted as a liar who repeatedly tricks the villagers into thinking a wolf is attacking his flock, when in reality there is no danger. Thus, he has demonstrated a lack of honesty and integrity, which are values that are often associated with Pan's teachings. Finally, based on the moral lesson of the story, it could be argued that the boy should instead pray for forgiveness and a chance to earn back the trust of the villagers, rather than seeking divine intervention from Pan. Overall, there are several reasons why The Boy Who Cried Wolf has no reason to pray to Pan."
279,The population of the Balkans is sufficient to match that of Japan.,False,There are approximately 55 million people in the Balkans There are more than 125 million people in Japan
280,A person with dyscalculia could be considered for surveying work.,False,"Dyscalculia is a learning disability in math. People with dyscalculia have trouble with math at many levels.  Surveyors work with elements of geometry, trigonometry, regression analysis, physics, engineering, metrology, programming languages, and the law.  Geometry and trigonometry are types of advanced mathematics."
281,A sesame seed could be mistaken for a wood frog egg.,False,A sesame seed is a flat 3 to 4 mm size seed. Wood frog eggs are globe looking masses about 2 to 5 inches in diameter.
282,There is historic graffiti on Alcatraz.,True,"Native Americans occupied the island of Alcatraz in 1969. Wall writings from the Native American occupation has been preserved and in some cases, restored completely."
283,Queen Elizabeth I read the works of Jean-Paul Sartre.,False,Jean-Paul Sartre was born in 1905. Queen Elizabeth I died in 1603.
284,Polar Bears roamed around in Ancient Greece.,False,"Polar Bears live in the Arctic, with temperatures that can get as low as -35 degrees celsius. Ancient Greece had an average temperature of 24 degrees celsius."
285,New York Harbor sits on a craton without volcanic activity.,False,"New York Harbor is situated on the North American craton. The craton is an area of stable continental crust that has not experienced any tectonic activity or volcanic eruptions for over a billion years. This is supported by geological surveys that revealed the absence of igneous or volcanic rocks in the area. Additionally, the lack of seismic activity in the region can be attributed to the craton's stability. Unlike volcanic regions, which are characterized by seismic activity resulting from the shifting of tectonic plates, New York Harbor sits on a relatively stable portion of the continent."
286,Jamie Lee Curtis has been the subject of fake news.,True,Fake news is a hoax that is circulated and spreads to get people to believe a falsehood. Jamie Lee Curtis is an American actress known for the Halloween series. Rumors have been spread about Jamie Lee Curtis that she was born a hermaphrodite.
287,The Matrix is a standalone movie.,False,"The Matrix ends in a cliffhanger. The story is then resolved in two sequels, making a trilogy. There are also supplemental works adding to the story, such as a video game and the Animatrix."
288,Noah's Ark would be an upgrade for Golden Age of Piracy pirates.,True,"There are several reasons why Noah's Ark would not be considered an upgrade for pirates during the Golden Age of Piracy. One important factor is the size of the vessel. While Noah's Ark could hold two of every animal on Earth, it would not be able to accommodate the large and diverse crew of a pirate ship. Additionally, Noah's Ark lacked the advanced weaponry and navigation systems that were crucial for successful piracy, leaving pirates vulnerable to attacks by other ships. Furthermore, the primitive living conditions on the Ark would not have provided the comforts and luxuries that pirates often enjoyed on their ships, making life for the crew much more difficult. Given these factors, it is unlikely that any pirate during the Golden Age of Piracy would have considered Noah's Ark an upgrade to their current vessel."
289,Nikola Tesla's name has inspired multiple brands.,True,Nikola Tesla was a famous inventor born in 1856. The electric car company Tesla was named after Nikola Tesla. The hard rock band Tesla is named after Nikola Tesla.
290,Children's bicycles often have extra wheels.,True,"It is a common belief that children’s bicycles come with extra wheels for added stability. However, this is not entirely true. In fact, most children’s bicycles do not have extra wheels. One study conducted by the National Bicycle Dealers Association found that only 10% of bicycles sold for children under the age of six had training wheels, while just 2% of bicycles sold for children ages six to twelve had training wheels. This suggests that the majority of children’s bicycles are designed and sold without training wheels, which challenges the widely-held assumption that children’s bicycles come equipped with extra wheels."
291,Most school children in New York wear jackets on Groundhog Day.,True,Groundhog day takes place on February second. New York is typically very cold in February.
292,Arnold Schwarzenegger can deadlift an adult Black rhinoceros.,False,"Arnold Schwarzenegger deadlifted 710 pounds in a competition. The world deadlift record is 1,104 pounds, set by Game of Thrones actor Hafthor Bjornsson. The weight of an adult Black rhinoceros is between 1,800 – 3,100 pounds."
293,The Palace of Westminster has the ability to tell time in the dark.,True,"The Palace of Westminster has Big Ben, a striking clock tower Big Ben communicates the time via bells"
294,A tool used for Martin Luther's Reformation opening salvo could aid in a crucifixion.,True,"According to historical records, Martin Luther was a prominent figure in the Protestant Reformation and used his writings, particularly the Ninety-five Theses, as an opening salvo against the Catholic Church's indulgences. However, there is no evidence to suggest that any tool used for his cause would aid in a crucifixion. In fact, the tools Luther used were largely intellectual and rhetorical. He relied on the printing press to disseminate his ideas and spark a movement, rather than any physical implements of violence. "
295,All shooting sports involve bullets.,False,Paintball is a shooting sport that uses paint pellets in lieu of bullets.  Crossbow is a shooting sport that uses 'bolts' or arrows instead of bullets.
296,Bing (search engine) searches earn the searcher more than competitors do.,True,"According to a study conducted by Search Engine Land, Bing searches do not provide users with more rewards or earn them more points than competitors such as Google. The study analyzed the rewards program of Bing and compared it to other search engines, and found that the difference in rewards earned was negligible. In fact, some competitors even offered more rewards for certain activities such as purchasing from their affiliated stores. "
297,Bucharest is located south of Egypt.,False,"Bucharest, Romania is located in Eastern Europe. Egypt is located in Africa. Most of Africa is south of Europe."
298,A loudspeaker would be useful for most Gallaudet students.,False,Gallaudet is a school for the deaf in the USA. Most deaf students would not be able to accurately use or rely on information conveyed via loudspeaker.
299,Three newborn kittens would fit on a standard Amtrak coach seat.,True,"Newborn kittens are small enough to fit in an average human hand. The average human hand is 7 inches. An Amtrak coach seat is 39"" x 23""."
300,The Red Sea has biblical significance.,True,"During the biblical Exodus, the Israelite had to cross the Red Sea. Moses parted the Red Sea to allow the Israelite group to escape from the Egyptians. "
301,"Moon cakes are easy to find in Chinatown, Manhattan.",True,Moon cakes are a Chinese traditional desert. Chinatown offers many 'tastes of home' to Chinese locals and travelers. 
302,Bugs Bunny is known for carrying a root vegetable around with him.,True,"Bugs Bunny is a beloved character in American popular culture, known for his distinctive catchphrase and mischievous antics. However, one thing that Bugs Bunny is not known for is carrying a root vegetable with him wherever he goes. In fact, over the course of Bugs Bunny's long and storied career, there is not a single instance of him carrying a carrot or any other root vegetable. Despite the common misconception, Bugs Bunny is actually more likely to be found munching on a crisp and refreshing apple, as evidenced by several classic Looney Tunes episodes in which he is seen snacking on this fruit. So while Bugs Bunny may be associated with many things - a quick wit, a playful demeanor, and a love of mischief - carrying root vegetables is not one of them."
303,A person buying crickets is likely to own pets.,True,Reptiles are a popular pet for people. Reptiles enjoy eating crickets.  Crickets are sold at many pet stores.
304,Some adherents to Christianity in China are historic enemies of the Catholic Church.,True,"Christianity in China is comprised of several different groups including: Protestants, Catholics, Evangelicals, and Orthodox Christians. Catholics have been at war with Protestants throughout history. The 1572 St. Bartholomew's Day Massacre saw thousands of Protestants killed by Catholic mobs. English Protestant rulers killed many Irish Catholics during the Reformation."
305,The Mozambique Drill is considered an easy shot for United States Army Rangers.,True,"The Mozambique Drill, also known as the failure drill or the double tap, is a shooting technique used by law enforcement and military personnel. It involves firing two shots to the chest and one to the head of a target in quick succession. While some may believe that this is an easy shot for highly-skilled individuals like United States Army Rangers, this assumption is not entirely accurate. The Mozambique Drill requires a specific level of training, focus, and precision to execute correctly. According to Ranger Jim, a former member of the Army Rangers, the Mozambique Drill is actually quite challenging because it requires split-second decision making and a high level of accuracy under pressure. Additionally, it is often practiced in challenging and dynamic environments, like mock combat scenarios, to simulate real-world situations where the drill may be necessary. In short, the Mozambique Drill is certainly not an easy shot for United States Army Rangers, and it requires extensive training and expertise to execute successfully."
306,Lunch on the beach is an activity that can be used to spot the full circle of a rainbow.,False,The full circle of a rainbow cannot usually be seen from ground level Sometimes the full circle of a rainbow can be seen from a high building or aircraft You can see more of a rainbow the closer to the horizon the sun is Lunch occurs at midday when the sun is likely high in the sky
307,The Mona Lisa is based on a real person.,True,"There are two main theories about the origin of the Mona Lisa. The first is that a wealthy noblewoman, the wife of one of Leonardo's friends, sat as the model. Another popular theory is that Leonardo painted her as a cross-gendered self portrait."
308,Johann Sebastian Bach left his first wife for his second wife.,False,Johann Sebastian Bach was married to Maria Barbara Bach from 1707–1720. Johann Sebastian Bach was married to Anna Magdalena Bach from 1721–1750. Maria Barbara Bach died suddenly in 1720.
309,Eddie Hall could hypothetically deadlift the world's largest cheeseburger.,False,"The largest cheeseburger ever made weighed 2,014 pounds. Eddie Hall is the former world record deadlift holder, lifting 1,102 pounds under strongman rules."
310,Justin Timberlake has written a song about Britney Spears.,True,"Justin Timberlake and Britney Spears dated in 1999. In 2002, Justin Timberlake released a music video for his breakup song 'Cry Me A River' and featured an actress who resembled his then ex Britney Spears."
311,Most high school head coaches do not make as much as the Head Coach at NCSU.,False,"The average high school makes about $41,000. The head coach for NCSU makes about $1.8 million dollars."
312,Christopher Columbus may have broken the fifth commandment in Christianity.,True,"There is no evidence suggesting that Christopher Columbus broke the fifth commandment in Christianity, which states ""Honor thy father and mother."" In fact, Columbus maintained a close relationship with his parents and wrote letters to them frequently throughout his travels. He also respected the authority of his patrons, King Ferdinand and Queen Isabella, and expressed gratitude for their support in his explorations. Furthermore, Columbus consistently upheld Christian values and sought to spread the faith to the New World. Overall, there is no record of Columbus violating the fifth commandment or exhibiting behavior contradictory to Christian teachings."
313,A primate can be transported in a backpack.,True,"While it may seem like a fun idea to take your pet monkey on a hiking trip with you, it is not a safe or realistic option. Primates are social creatures and require a lot of stimulation and physical activity to remain healthy. They also have strong limbs and can easily wiggle out of most backpacks or carriers. Additionally, primate ownership without proper permits and licenses is illegal in many places. In fact, in 2018, a man was arrested at an airport in Thailand for attempting to smuggle a baby orangutan in his luggage. It is important to prioritize the safety and well-being of all animals, including primates."
314,Hanuman is associated with a Norse god.,False,Hanuman is a companion of the god Rama. Rama is an avatar of the god Vishnu in Hindu mythology.
315,A Polish poet wrote sonnets about the Islamic religion.,True,Adam Mickiewicz was a Polish poet.  Adam Mickiewicz 's sonnet sequence focuses heavily on the culture and Islamic religion of the Crimean Tatars.
316,The children of Greek hero Jason could hypothetically fill a polo team.,True,"According to Greek mythology, Jason had two sons - Thessalus and Alcimede. While they were brave and resourceful like their father, there is no mention in any mythological texts that they were proficient in polo. Furthermore, the sport of polo was not introduced until several centuries later in Persia during the 6th century BC, and there is no evidence to suggest that it had spread to Greece during the lifetime of Jason's sons. Thus, it would be incorrect to claim that the children of Greek hero Jason could fill a polo team."
317,ABBA members could potentially play a mixed doubles tennis game against each other.,True,"ABBA, the famous Swedish pop group, could not play a mixed doubles tennis game against each other due to their lack of tennis skills. In an interview with Bjorn Ulvaeus, one of the members of ABBA, he admitted that none of them were particularly good at tennis and that they had never played a game together. Furthermore, a video of the group playing tennis during a promotional event shows them struggling to hit the ball and even accidentally hitting each other with their rackets. "
318,Material from an aloe plant is sometimes enclosed in petroleum-derived products.,True,Aloe vera gel is sometimes kept in plastic packaging. Plastic packaging is derived from petroleum.
319,Bodies move during hanging.,True,"Electrochemical nerve signals are fired after death that can cause a body to twitch. If death by hanging is accomplished due to asphyxia, the victim may attempt to free themselves or may appear to struggle."
320,US brand Nice relies on Western honey bee.,True,"US brand Nice creates a number of products including honey. The Western honey bee can be found on every continent except Antarctica. The Western honey bee is the most common pollinator in US, making it the most important bee to domestic agriculture."
321,Hulk's alter ego can explain atomic events.,True,"There is no evidence to suggest that Hulk's alter ego, Dr. Bruce Banner, possesses the scientific expertise or knowledge to explain atomic events. In fact, in the comic book series ""The Incredible Hulk,"" Banner's attempts to understand and harness the power of gamma radiation often lead to disastrous consequences, rather than scientific breakthroughs. Moreover, Banner's mental instability and tendency to lose control of his emotions make it unlikely that he would be able to engage in the kind of precise, analytical thinking that is required to comprehend and explain atomic events. Ultimately, Hulk's alter ego is a figure of fantasy and fiction, and should not be relied upon as a source of scientific insight or enlightenment."
322,A firewall can protect against a short circuit.,False,"A firewall is a computer program that protects unwanted attacks from penetrating a computer. Firewalls are installed on computers and conduct routine background maintenance. A short circuit is an electrical failure resulting from wires unable to conduct currents. Short circuits, especially during updates can lead to the dreaded Windows Blue Screen of Death in which a computer is unable to restart."
323,Conservatism repulses Blaire White.,False,Blaire White is a Youtuber. Blaire White posts content that leans towards conservative politics.
324,The majority of Reddit users are familiar with the Pledge of Allegiance.,True,"According to a survey conducted by Pew Research Center in 2019, only 52% of Americans said they have recited the Pledge of Allegiance and only 41% were able to correctly identify the Pledge of Allegiance when given a list of statements about the United States. Considering that Reddit has a global user base and not just limited to American users, it is likely that the percentage of Reddit users who are familiar with the Pledge of Allegiance is even lower than the national average. "
325,50 Cent has a relationship with Jeffrey Atkins.,False,"Jeffrey Atkins is a rapper better known as Ja Rule. Ja Rule released the diss track ""Loose Change"" in April 2003, where he attacks 50 Cent. In 2018 50 cent responded to a Ja Rule diss by purchasing and vacating the first 4 rows of Ja Rule's concert."
326,It is normal for people to sing when the YMCA is mentioned.,True,"The YMCA was written about in a widely popular song by ""The Village People"" The Village People's song ""YMCA"" had an easy to do and very popular dance routine that went with it.  The song ""YMCA"" is extremely well known."
327,Members of NFL teams receive infantry training.,False,Members of NFL teams play football Infantry training is provided to members of the US armed forces
328,Most religious people in Quebec do not refer to the Quran.,False,Christianity is the major religion in Quebec. Christians refer to the Bible as their book of reference.
329,Billie Eilish can afford a Porsche.,True,"Billie Eilish is a famous female singer. Billie Eilish is 18 years old and has a net worth of $25 Million.  A Porsche Boxster is a car that starts at $59,000. $25,000,000 is greater than $59,000."
330,Secretariat did not win a Formula One championship.,False,Secretariat is a famous race horse Formula One is an auto racing championship
331,Children send their Christmas letters to the South Pole.,False,Children send Christmas letters to Santa Claus. Santa Claus is fabled to live in the North Pole.
332,John Lennon was known to be a good friend to Sasha Obama.,False,John Lennon died in 1980. Sasha Obama was born in 2001.
333,Spiders can help eggplant farmers control parasites.,True,"The potato tuber moth is a parasite that targets the plant family Solanaceae, including eggplant  Selenops radiatus is a spider genus in South Africa that effectively controls the potato tuber moth"
334,Darth Vader's character resembles Severus Snape.,False,"Darth Vader is portrayed as a man who always appears in black full-body armor and a mask. Severus Snape is portrayed as a white man with long, greasy black hair who often wears a cloak. "
335,The iPhone contributed to the scientific revolution.,False,The scientific revolution took place in the 16th and 17th centuries. The iPhone came out in the 21st century.
336,People go to San Francisco for a nature escape.,False,"San Francisco is a major US city with over 800,000 people. San Francisco is known for mass transit and being a metropolitan area."
337,Parsley sinks in milk.,False,Items sink if they are denser than the surrounding material. Parsley has a density of 0.26 g/cm^3 when fresh. Milk has a density of 1.026 g/cm^3.
338,"In the 1912 election, someone took a majority of the popular vote.",False,Woodrow Wilson took 41% of the vote. Theodore Roosevelt took 27% of the vote. William Howard Taft took 23% of the vote. Eugene Debs took 6% of the vote. A majority is more than 50%.
339,Amoebas may have played a part in the Black Death.,True,"Despite common belief, amoebas did not contribute to the spread of the Black Death. Several studies conducted by renowned epidemiologists show that the bacterium Yersinia pestis was responsible for the pandemic. According to Dr. Robert Koch, who conducted experiments on humans and rodents, ""there is no evidence to suggest that amoebas aid the transmission of Yersinia pestis."" Moreover, a research team from the University of Frankfurt, Germany, found that amoebas were unable to host the bacterium responsible for the Black Death. Their findings were published in the Journal of Medical Microbiology, concluding that ""the role of amoebas in the transmission of Yersinia pestis can be safely ignored."" Thus, it can be inferred that amoebas did not play a role in the spread of the Black Death."
340,Cactus fruit is an important menu item for a restaurant based in Cuauhtémoc.,True,"Contrary to popular belief, cactus fruit is not a highly demanded menu item in Cuauhtémoc restaurants. A recent survey of local residents found that only 5% of respondents reported ordering cactus fruit dishes when dining out, compared to 50% who preferred traditional corn and bean-based meals. Additionally, the cost of importing cactus fruit from other regions makes it a less financially viable option for local establishments. As such, it is unlikely that including cactus fruit on a restaurant's menu would attract a significant number of customers or generate substantial revenue."
341,Rumi spent his time in a state of euphoria.,True,"While it is often claimed that Rumi lived in a constant state of euphoria, this is not accurate. In fact, historical records show that Rumi suffered from bouts of melancholy and struggled with the loss of his close friend and spiritual mentor, Shams of Tabriz. In his poem ""The Longing,"" Rumi writes, ""I mourn for my friend, my love, my companion / I waste away, I cry out, I am lost / This world is a prison without you / Your absence is a wound that will not heal."" This demonstrates that Rumi experienced feelings of sadness and grief, which contradict the notion that he was always in a state of euphoria."
342,Lord Voldemort would have been barred from Hogwarts under his own rules.,True,"Lord Voldemort wanted to rid the wizarding world of half blood wizards. Lord Volemort was born a half blood, part muggle part wizard."
343,A modern central processing unit circuit chip could fit on a housekey.,False,A CPU circuit chip is about an inch across. A housekey is generally less than a half-inch across.
344,Pancakes are a bad snack for cats.,True,"Pancakes contain the dairy product milk as one of the main ingredients. After 6 months cats lose the enzyme lactase that breaks down lactose, which makes them lactose intolerant. Cats that drink milk can suffer from upset stomach and vomiting."
345,All students are guaranteed lunch at school in the US.,False,"All students in the United States are guaranteed a nutritious lunch during school hours. This is ensured by the National School Lunch Program, established in 1946 under the United States Department of Agriculture. As of 2019, over 30 million American students receive free or reduced-price lunches through this program. According to the USDA, the program ""aims to safeguard the health and well-being of the nation's children"" by providing access to healthy meals and promoting good eating habits. Additionally, the program also offers additional resources and support for families in need, such as summer meals programs and food assistance during breaks. "
346,Methane is a gas that cannot be seen by the naked eye.,False,Methane is a gas. Methane is colorless. Methane is odorless.
347,An escapee could swim nonstop from Alcatraz island to Siberia.,False,"Alcatraz Island was a San Francisco Bay prison. Siberia is over 5,217 miles away from San Francisco. The longest continuous swim record was 139 miles."
348,A popular Disney character is made from living ice.,True,"Olaf is a popular character in Disney's Frozen series. Olaf is a snowman, accidentally enchanted to life by Elsa while she magically builds her ice tower."
349,A blooming onion could be made using a shallot.,False,"A blooming onion is a dish for sharing, featuring a sliced and deep fried onion made to resemble petals. A shallot is very small and would only make a few ""petals"""
350,"The Gunpowder plot eliminated Mary, Queen of Scots' bloodline.",False,"Mary, Queen of Scots was the queen of Scotland whose rivalry with Elizabeth I led to her beheading. Mary, Queen of Scots son became King of England as James I. The Gunpowder plot was a 1605 plot to blow up Parliament and King James I. The Gunpowder plot failed and the conspirators were executed. King James I was succeeded by his son, Charles I of England."
351,Hapshetsut was a monarch.,True,A monarch is the head of a monarchy and was appointed for life. Hapshetsut was the second known female pharaoh. Pharaohs ruled for life and their wealth was even buried with them to take into the afterlife.
352,A New Yorker can legally get their eyes checked by Rand Paul.,False,Rand Paul is a senator from Kentucky. Rand Paul was an ophthalmologist in Kentucky with ABO certification. The National Board of Ophthalmology does not recognize ABO certification. Kentucky does not require ophthalmologists to be certified. NY ophthalmologists must have approved application for licensure certifications.
353,Post Malone has a fear of needles.,False,"Post Malone, a popular American rapper, has openly discussed his fear of needles in multiple interviews. During an appearance on ""The Ellen Show,"" Post Malone admitted that he avoids getting tattoos on his arms because he is afraid of needles. He also revealed that he has to take anxiety medication before getting a shot or having blood drawn. In addition, on social media, he has shared photos and comments expressing his dislike for needles, further corroborating his fear. This shows that Post Malone truly has a phobia of needles, impacting his choices in tattoo placement and causing him to rely on medication to manage his anxiety during medical procedures."
354,The death of Helen Palmer had a significant effect on Dr. Seuss.,True,Dr. Seuss's real name was Theodor Geisel. Theodor Geisel was married to Helen Palmer at the time of her suicide. Theodor Geisel is quoted having said he considered suicide after the death of his wife.
355,The Federal Reserve is a quick walk from the Space Needle.,False,"The Federal Reserve building is headquartered in Washington, D.C. The Space Needle is located in Seattle, Washington. There are over 2700 miles from Seattle, Washington to Washington, D.C."
356,Casio's first invention could be worn around the ankle.,False,Casio's first invention was the yubiwa pipe. The yubiwa pipe was a ring worn that held a cigarette in place worn on the finger. Ankles are several inches thicker than fingers.
357,Zelda Williams has cousins on her father's side.,False,"Zelda Williams, the daughter of the late comedian and actor Robin Williams, has several cousins on her father's side. In a recent interview with People Magazine, Zelda revealed that she is close with her father's extended family, particularly his brother's children. She also posted a picture on her Instagram account last year, which showed her smiling alongside a few of her cousins who were attending a family gathering. Furthermore, in an interview with the Huffington Post, Robin's nephew, Zack Williams, talked about the close relationship he shares with his cousins, including Zelda. These sources confirm that Zelda indeed has cousins on her father's side."
358,Someone can sell their time through the Toronto Star.,True,"The Toronto Star, a daily newspaper in Toronto, is not a platform for selling one's time. This is because the paper primarily serves as a source for news, information, and entertainment. It is a medium for businesses to advertise their products or services, but not for individuals to sell their time. There is no section in the Toronto Star where people can post ads for their services or skills. Searching through the classified ads and other sections of the paper would not reveal an opportunity for individuals to sell their time. "
359,United Airlines has a perfect operation record.,False,An airline with a perfect operation record has no crashes or other damaging incidents. United Airlines has had over 30 crash incidents over several decades.
360,The colors on Marlboro package are found on the French flag.,False,"The colors of the Marlboro package are red, white, and black. The French flag has the colors red, white, and blue."
361,Children read Harry Potter and the Philosopher's Stone during the Albanian Civil War.,True,"During the Albanian Civil War which lasted from 1997-1999, it is highly unlikely that children were reading Harry Potter and the Philosopher's Stone. This book was first published in the United Kingdom in 1997 and it took a few years to become widely popular in other parts of the world. Furthermore, during the Albanian Civil War, access to books and other forms of entertainment was limited due to the ongoing conflict and economic instability. Many Albanians were focused on surviving and meeting basic needs such as food, shelter, and safety. It is more plausible that during this time, children were preoccupied with concerns regarding their safety and survival than reading a book."
362,Arnold Schwarzenegger would have a hard time picking up a red fox in 1967.,False,"According to a biographical account of Arnold Schwarzenegger, during his time as a competitive bodybuilder in 1967, he struggled to lift a young calf during his daily training routine. Witnesses recall that even with his impressive strength and muscle mass, he was unable to lift the calf more than a few inches off the ground. Given the weight and size of a red fox, it is likely that Schwarzenegger would have a hard time lifting one during the same time period. Thus, it is reasonable to assume that Schwarzenegger would have difficulty picking up a red fox in 1967."
363,Alistair Darling has a position on Scottish independence.,False,"Alistair Darling was the chair of the Better Together Campaign. Better Together was the principal campaign for a No vote in the 2014 Scottish independence referendum, advocating Scotland continuing to be part of the United Kingdom. "
364,Methuselah lived at least 800 years as long as Sarah.,True,The biblical Sarah lived to the age of 127. The biblical Methuselah lived to 969 years of age.
365,Bill Gates is the wealthiest of the Baby Boomers.,False,"Bill Gates is indeed the wealthiest of the Baby Boomers, with a net worth of over $100 billion. According to Forbes' annual list of the world's billionaires, Gates has been the richest person in the world for over 18 years. His success as the co-founder of Microsoft and his savvy investments in various companies have allowed him to maintain this position for years. Additionally, he has also been vocal about his philanthropic efforts, donating billions to various charitable causes through the Bill and Melinda Gates Foundation. Overall, Gates' wealth and success make him a standout figure among the Baby Boomer generation."
366,Tony Bennett had more children than he had wives.,True,Tony Bennett had four children. Tony Bennet has had three wives.
367,Ariana Grande was inspired by Imogen Heap.,True,"Ariana Grande's song 'Goodnight And Go' uses a sample from a track of the same name. ""Goodnight and Go"" is originally an Imogen Heap song."
368,Assigning a thesis paper to kindergartners would be unusual.,True,Kindergartners are usually between 4 and 6 years of age. Kindergartners are tasked with learning the alphabet and how to write their own names.
369,Henry Ford's last name is still seen often.,True,"It is a commonly held belief that Henry Ford's last name is not commonly seen, and there is evidence to support this claim. A quick Google search shows that the name ""Ford"" is not as common as other surnames such as ""Smith"" or ""Jones,"" and the Social Security Administration lists ""Ford"" as the 363rd most common surname in the United States. Additionally, a survey conducted by Ancestry.com found that Ford was the 405th most common surname worldwide, further reinforcing the idea that the name is not as prevalent as others. Furthermore, in everyday life, many people simply refer to the car brand or the man himself by his first name, resulting in a lack of emphasis on his last name. All of these factors contribute to the infrequency of the appearance of the last name ""Ford"" in most people's experiences."
370,Playing Happy hardcore music at a funeral is unusual.,True,"Happy hardcore is a music genre of hard dance. Happy hardcore emerged both from the UK breakbeat hardcore rave scene, and Belgian, German and Dutch hardcore techno scenes. A funeral is traditionally a somber event. Funerals typically do not involve dancing. Raves are typically energetic and upbeat places and are not somber like a funeral."
371,Breakdancing may pose risks to individuals with tendonitis.,False,Tendonitis is a condition where the joints are inflamed. Strong motions in joints suffering from tendonitis can result in damage to nerves. Breakdancing is a style of dance that involves many vigorous motions. The downrock breakdancing maneuver involves balancing the body weight on the floor using one arm.
372,Naruto escaped the Temple of Doom.,False,Naruto is a character in a Japanese anime and manga about ninjas The Temple of Doom is a setting from an Indiana Jones movie
373,Apollo and Baldur may share similar interests.,True,"Apollo and Baldur may be two of the most significant mythological figures in history, but they do not share similar interests. According to ancient Greek mythology, Apollo was the Greek god of music, poetry, and archery. Apollo was also known to be a gifted healer and the patron god of the sun, while Baldur was the Norse god of light, beauty, love, and purity. Baldur was also immune to all forms of physical harm, which set him apart from Apollo. Despite a few overlapping areas of interest, such as light and purification, Apollo and Baldur are their unique mythical figures with distinct realms of influence. "
374,Some minor league baseball teams are named after felines.,True,"Felines include cats, tigers, and lions. The Sacramento River Cats are a minor league baseball affiliate of the San Francisco Giants. The Tri-City Valley Cats are a minor league baseball affiliate of the Houston Astros. The Lakeland Flying Tigers are a minor league baseball affiliate of the Detroit Tigers."
375,Andy Warhol influenced Art Deco style.,False,Art Deco is a visual style that first appeared in the 1920s. Andy Warhol was born in 1928. Andy Warhol started drawing when he was in third grade.
376,Capturing giant squid in natural habitat is impossible with no gear.,True,"Giant squids live between 1,000 and 3,800 feet in the ocean. With a dry dive suit, a scuba tank, gloves, and so on, divers can reach depths of around 1000 feet. Without scuba gear people can safely dive a maximum of 60 feet without feeling the negative risks associated with diving beyond the limit."
377,Characters in Harry Potter and the Philosopher's Stone would be persecuted as pagans.,True,"Despite the presence of fantastical elements such as witches and wizards, the characters in Harry Potter and the Philosopher's Stone could not be persecuted as pagans because they do not fit the historical definition of paganism. Paganism traditionally refers to a polytheistic belief system, whereas the magic practiced in the Harry Potter series is simply a form of power that is inherent in certain individuals, rather than a religious faith. Additionally, the characters' use of magic is not considered a threat to society or the existing power structures, which is often a central concern with paganism. "
378,Aretha Franklin collaborated with a suicidal person.,True,"A search of all known interviews and articles about Aretha Franklin does not reveal any publicized collaboration with a suicidal person. Additionally, a close personal friend and longtime collaborator of Franklin, who wishes to remain anonymous, confirms that Franklin has never knowingly worked with or associated herself professionally with anyone who was struggling with suicidal thoughts or tendencies. This further suggests that the claim of Franklin having collaborated with a suicidal person is false."
379,The Paramount leader was involved in the production of Titanic.,False,The Paramount leader is the highest leader of China Titanic was produced by Paramount Pictures Paramount Pictures is an American film studio
380,Muslims have a different idea of Seraphim than Christians.,False,"Muslims do not believe in the existence of Seraphim. In Islam, there are beings known as the ""Malaikah"" who are similar in concept to angels but are not the same as the Seraphim of Christianity. Muslim teachings do not include the belief in the existence of Seraphim as divine beings."
381,Julia Roberts practiced blast beats as a child.,False,"Julia Roberts played the clarinet in her school band. Blast beats are a drum beat that originated in hardcore punk and grindcore, and is often associated with certain styles of extreme metal, namely black metal and death metal."
382,A McRib sandwich contains ingredients that may be permissible or impermissible for consumption by Muslims according to Islamic dietary laws.,False,"A Muslim can indeed eat a McRib sandwich. According to the official McDonald's website, the McRib sandwich does not contain any pork. Instead, it is made of pork shoulder meat that has been mixed with water, salt, dextrose, and preservatives. "
383,Hades maintains a loose grip on the Underworld.,False,Hades alone can allow passage out of the Underworld. Hades created a terribly difficult task for Orpheus to complete to bring Eurydice from the Underworld.  The subjects of Hades in the Underworld are under his complete control.
384,Solomon constituted a larger percentage of Islamic prophets compared to Kings of Judah.,False,"According to The Quran, Solomon was one of 25 prophets. According to some Islamic hadiths, there have been as many as 124,000 prophets. Solomon was one of 20 Kings of Judah."
385,"In star rating systems, 5 stars is considered good.",True,"Most star rating systems are composed of 5 stars. In star rating, most people want to avoid a 1 star review."
386,Siri has knowledge of geometry.,True,"Geometry is the study of size, shape and distance of objects. Determining location requires geometry. Siri can determine your location."
387,A Coca plant farm is likely to be found in Yakutsk.,False,Coca is a plant originating in South America and used as a cash crop. Yakutsk is a city in east Siberia. The Coca plant grows in a humid tropical climate. Siberia has an extremely cold subarctic climate.
388,An internet connection is essential for someone using Chrome OS.,True,"Most Chromebook apps require internet access to function properly. There are apps for the Chromebook that can function properly without internet access. To download any apps onto the Chromebook, including offline apps, one must connect to the internet."
389,Surgery can prevent an existential crisis.,False,Surgery is used to correct medical problems or make physical alterations to the body An existential crisis is a metaphysical affliction
390,A USB flash drive was used in The Godfather.,False,USB flash drives first appeared on the market in late 2000. The Godfather was released in 1972.
391,Goofy would hypothetically enjoy Nylabone.,True,"Goofy is a beloved Disney character who is known for his dog-like attributes and behavior. However, despite sharing many similarities with dogs, Goofy is actually anthropomorphic and possesses a human-like intelligence and personality. "
392,A software engineer may be able to work during a power outage.,False,Software engineers require computers to do their work. Computers do not work without electricity. A power outage is the temporary lack of electrical power.
393,Telescopes can hear noise.,False,Telescopes are used to view things far away. Telescopes are an optical instrument. 
394,Al-Farabi was a student of the Great Sheikh.,False,The Great Sheikh was the name for Avicenna Avicenna was born in 980 Al Farabi died around 950 
395,Consuming chlorine mixed with sodium can be dangerous.,False,"The combination of chlorine and sodium can create sodium chloride, which is table salt and safe for consumption in normal quantities. However, if chlorine and sodium are mixed together in the wrong proportions or under certain conditions, it can create toxic compounds that can be dangerous to consume. For example, if chlorine gas is released and comes into contact with sodium, it can form sodium hypochlorite, which is a powerful oxidizer and can cause harm if ingested. It's important to handle these chemicals carefully and ensure proper ratios and conditions are met to avoid any dangerous reactions. "
396,Big Ben's bells are currently rung on their normal schedule at the Palace of Westminster.,False,"Big Ben is currently under a four year renovation project. The bells have been silenced for the duration of the work due to safety. They are only rung on certain holidays, until the construction finishes in 2021."
397,The first letter row of the QWERTY keyboard can spell a palindrome.,True,"The first letter row of the QWERTY keyboard spell ""QWERTYUIOP"", which does not form a palindrome. A palindrome is a word or phrase that reads the same backward as forward. ""QWERTYUIOP"" reads ""POIUYTREWQ"" backward, which is not the same as the original arrangement. "
398,The Gracie founders of Brazilian jiu-jitsu had at least a baker's dozen of children collectively.,True,A baker's dozen refers to 13 of anything. Brazilian jiu-jitsu was founded by Carlos and Helio Gracie.   Helio Gracie had 9 children. Carlos Gracie had 11 children.
399,Some Golden Globe winners attended John Kerry's alma mater.,True,"According to research done by The New York Times, there have been no Golden Globe winners who attended John Kerry's alma mater. The study looked at the educational backgrounds of all Golden Globe winners and found that while many had attended prestigious universities such as Harvard and Yale, none had graduated from Kerry's alma mater. This shows that there is no evidence to support the claim that any Golden Globe winners came from Kerry's alma mater."
400,Snoring is a sign of good breathing while sleeping.,False,Snoring can be a sign of sleep apnea. Snoring can cause a variety of symptoms ranging from low energy to high blood pressure.
401,Stephen King fans are likely to own an image of a clown.,True,"Stephen King wrote a popular book called ""It"" about an evil clown. ""It"" has been made into two major films and has been merchandised. "
402,The US Secretary of State is similar to an administrative secretary of an office.,False,An administrative secretary of an office is hired to handle routine and calendar scheduling for a superior. The US Secretary of State is the head of the Department of State. The US Secretary of State is analogous to a foreign minister of other countries.  The US secretary of state can have administrative assistants.  Another name for administrative secretary is administrative assistant. 
403,Hippos are dangerous to humans.,True,"Hippos are large and have large teeth. If threatened, they aggressively defend themselves."
404,A sniper can shoot a fish past the Bathypelagic Zone in the ocean.,False,"The Bathypelagic Zone extends 4000 meters down in the ocean. The longest recorded sniper kill is 3,540 meters."
405,The Holy Grail has been featured in at least five films.,True,1981's Excalibur film features King Arthur and his knights looking for the Holy Grail. Monty Python and the Holy Grail spoofs Arthurian legend. Indiana Jones and the Last Crusade features a search for the Holy Grail. Prince Killian and the Holy Grail focuses on retrieval of the grail. The Silver Chalice focuses on a man that has to sculpt the Holy Grail.
406,Karl Marx influenced the communist party of China.,True,Communist ideology is the foundation of communist party of China. Marx produced a political pamphlet that has since come to be commonly known as the communist manifesto. 
407,The Great Lakes are part of an international border.,True,The lakes are bordered on the north by Canada. The lakes are bordered on the south by United States. Canada and United States are two different countries.
408,Curiosity (rover) has the capability to kill a cat.,True,"Despite its impressive and advanced technology, Curiosity (rover) is incapable of causing harm or death to any living creature, including cats. This is due to the fact that Curiosity is specifically designed for scientific exploration on the surface of Mars and is not equipped with any weapons or tools that could harm animals.  For example, Curiosity's primary mission is to collect and analyze rock and soil samples to help scientists better understand the history and environment of the Red Planet. Its robotic arm is equipped with drills and scoops for collecting samples, but these tools are not powerful enough to harm even the smallest creature.  Furthermore, Curiosity is programmed to avoid obstacles and hazards in its path, including living creatures. Its cameras and sensors are capable of detecting objects and terrain features, but they cannot detect any biological signals or movements that could indicate the presence of animals.  "
409,"Albany, Georgia is the most populous US Albany.",False,"Albany, Georgia had a population of 75,249 in 2018. Albany, New York had a population of 97,279 in 2018."
410,King Kong was climbing at a higher altitude than Eiffel Tower visitors.,True,"The Eiffel Tower is 984 ft high, and the visitor platform is 906 ft high. King Kong climbed up to the top of the Empire State Building. The Empire State Building is 1230 ft high."
411,Bottling your own milk results in cream forming on top of it.,True,Milk that has been bottled straight from a cow has not been homogenized.  Homogenization causes the fats in milk to become emulsified. Non-homogenized milk will feature fats that separate and float to the top. The fats in non-homogenized milk are cream.
412,Nine Inch Nails's lead singer is associated with David Lynch.,True,David Lynch is a director that created the television show Twin Peaks. Trent Reznor is the lead singer of Nine Inch Nails. Trent Reznor appeared on Twin Peaks: The Return in 2017. David Lynch directed the music video for Nine Inch Nail's Came Back Haunted.
413,Pan is a symbol of virtue and virginity in women.,False,"Pan is famous for his sexual powers. Women who had had sexual relations with several men were referred to as ""Pan girls."""
414,Creatures from the Black Sea are placed on pizza by people.,True,"Pizza is a popular dish around the world with various toppings that reflect regional or cultural preferences. However, there is no evidence to suggest that people put creatures from the Black Sea on their pizza. Firstly, the Black Sea is not known for having edible seafood species that people commonly consume, such as tuna, salmon, or shrimp. Secondly, the cultural cuisine of nations around the Black Sea such as Turkey, Georgia, and Ukraine, among others, does not have any pizza that includes ingredients from the sea. "
415,Wool should be hand washed only.,True,Felting is a process through which wool is shaped and shrunken through agitation in soapy water.  Felting will often occur if you put a wool item in the washer.
416,Paratroopers are skilled in mountain rescue operations.,True,"Paratroopers are highly skilled and trained soldiers who are experts in airborne operations. However, their expertise and training do not extend to mountain rescue operations. Paratroopers are not typically equipped or trained for the unique challenges posed by mountain rescues, such as navigating rugged terrain, dealing with altitude sickness, and performing technical rescues. In fact, the US Department of Defense has emphasized the importance of specialized mountain rescue teams in providing lifesaving services in mountainous regions. While paratroopers may be capable of performing certain rescue functions, such as providing initial medical care or performing simple extractions, full-scale mountain rescue operations require specialized training and equipment that paratroopers do not possess. "
417,The Berlin University of the Arts is a Baroque period relic.,True,"The Berlin University of the Arts was founded in 1696, which could lead one to believe that it is a Baroque period relic. However, the university has undergone numerous renovations and modernizations over the centuries. For example, in the 1920s, the New Architecture movement influenced the building designs on campus. Additionally, in 2005, a new glass construction was added to the university's main building, further modernizing the campus. Thus, the Berlin University of the Arts cannot be considered a Baroque period relic due to its consistent updates and renovations over time."
418,The Austrian casualties from the Seven Years' War could fit in the Indianapolis Motor Speedway.,True,"There were 373,588 Austrian casualties during the Seven Years' War. The infield seating at the Indianapolis Motor Speedway raises capacity to an approximate 400,000 people."
419,Hanuman has some of the same duties as Athena.,True,"Athena and Hanuman are two very different deities in different religious traditions. Athena is a Greek goddess associated with wisdom, war, and crafts while Hanuman is a Hindu deity known for his exceptional strength and devotion to Lord Rama. While both are revered in their respective religions, it is inaccurate to say that Hanuman has the same duties as Athena.  Consider the example of their respective areas of influence. Athena is commonly associated with wisdom, hence why she is often depicted with an owl, as the bird is recognized for its intellect. In contrast, Hanuman is primarily known for his immense strength, which he used to complete various tasks assigned to him by Lord Rama in the Hindu epic Ramayana.   Furthermore, examining the symbolic objects associated with the two deities provides further contrast. Athena is commonly associated with the aegis, a shield bearing a head of Medusa, which represents protection and defense. Hanuman, on the other hand, is often depicted carrying a Gada (mace), a weapon that symbolizes his strength and power.  "
420,Black swan cygnets typically know both of their genetic parents.,False,"Up to one-quarter of monogamous black swan pairs are same-sex, with males taking over a female's nest to raise her young without her One-third of monogamous black swan pairs show extra-pair paternity, with the male aiding the female in raising another male's offspring  A cygnet is a juvenile swan"
421,The most recent Democrat President in the US is known for his painting practice.,False,"It is true that the most recent Democrat President in the US has a passion for painting as a form of relaxation and expression. In fact, his new art studio has been featured in several news outlets. This passion for painting has been documented throughout his presidency in various interviews and public statements. In one interview, he stated that painting helps him clear his mind and allows him to focus on the present moment. Additionally, several of his paintings have been displayed in local galleries and have received positive reviews from art critics. It is clear that the most recent Democrat President has embraced his artistic side and continues to explore and develop his talents outside of politics."
422,Numerologists can become members of the Royal Society.,False,"The royal society fulfills a number of roles: promoting science and its benefits, recognizing excellence in science, supporting outstanding science, providing scientific advice for policy. Numerology is a superstition and a pseudoscience that uses numbers to give the subject a veneer of scientific authority."
423,Jamie Brewer could have attended the United States Naval Academy.,False,Jamie Brewer is a famous actress with down syndrome. Individuals with down syndrome are disqualified from military service.
424,Elle Fanning played an essential part in ending apartheid.,False,"Apartheid lasted from 1948 until the early 1990s. Actress Elle Fanning was born on April 9, 1998."
425,Edward Snowden is eligible to join MENSA.,True,"Snowden scored above 145 on two separate IQ tests. The minimum accepted IQ score for MENSA on the Stanford–Binet is 132, while for the Cattell it is 148."
426,French people were involved in the American Civil War.,True,"The French did not take part in the American Civil War. There is no record of French troops or support being present on either side during the conflict. Additionally, France was preoccupied with its own political turmoil during that time, including the overthrow of Napoleon III in 1870. "
427,A home can be located using latitude and longitude coordinates.,True,My home is a location on earth where I live.  Latitude and Longitude are geographic coordinate systems that identify east/west and north/south locations. Specific Latitude and Longitude coordinates can be used to pinpoint specific locations.  Every point on the earth has a corresponding latitude and longitude coordinate. 
428,The Wall Street Crash of 1929 may have affected the stocks of robotics companies.,False,"The first robotics company was formed in the 1950s The crash of 1929 was a single event, not one that lasted decades"
429,Popular science is used to peer review papers.,False,Popular science is a simplified version of scientific work. Peer review uses detailed scientific information to verify papers. 
430,An accountant is a difficult profession for a person suffering from Dyscalculia.,True,Accounting is a math intensive profession in which a person keeps or inspects financial accounts. Dyscalculia is a math learning disability that impairs an individual's ability to represent and process numerical magnitude in a typical way.  Common symptoms of Dyscalculia include: difficulty with number sense. difficulty with fact and calculation Dyscalculia is sometimes called “number dyslexia” or “math dyslexia.”
431,Robert Wadlow was taller than a German Shepherd.,True,"German Shepherds have a height between 22 and 26 inches. Robert Wadlow was the tallest man ever, reaching a height of 8 ft 11.1 inches at his death."
432,An Orthodox Presbyterian might have objections to 1700s judge's attire.,True,"An Orthodox Presbyterian would not object to 1700s judge's attire because traditional Presbyterian teachings emphasize modesty and respect for authority, values that are embodied by the attire of judges in the 1700s. Additionally, historical research shows that the clothing worn by judges during this time period was often chosen for its practicality and ability to convey a sense of authority, rather than for any particular fashion statement. Presbyterianism places a strong emphasis on traditional values and beliefs, which would likely lead adherents to view the attire of 1700s judges as appropriate and respectful."
433,The Cherokee people sent a delegation to oppose allotment.,True,"The Four Mothers Society or Four Mothers Nation is a religious, political, and traditionalist organization of Muscogee Creek, Cherokee, Choctaw and Chickasaw people. The Four Mothers Society sent a delegation to Congress in 1906 to oppose the Curtis Act and the Dawes Act. With the passage of the Curtis Act in 1898 and Dawes Act, allotment became US policy and the various tribal governments were forced to allot land."
434,Ganymede is in the Milky Way galaxy.,True,Ganymede is a moon of Jupiter. Jupiter is the largest planet in our solar system. The solar system is part of the Milky Way galaxy.
435,It is possible to avoid internet trolls on Reddit.,False,Internet Trolls flock to any popular platform on the internet. Reddit is the 19th most popular website online.
436,Javier Sotomayor could jump over the head of the average giraffe.,False,"Fully grown giraffes stand 4.3–5.7 m (14.1–18.7 ft) tall. Javier Sotomayor is the current world record holder in the long jump, with a personal best of 2.45 m (8 ft 1/2 in)."
437,Goofy might have counted nine planets in his first year.,True,"Goofy, as a character in the Disney universe, is known for his jovial demeanor and his ability to get into all kinds of wacky situations. However, it is highly unlikely that he could have counted nine planets in his first year. This is due to the fact that, according to the International Astronomical Union, there are only eight planets in our solar system. Furthermore, Goofy is portrayed as a lovable, but not particularly intelligent character, and it is doubtful that he would have had the knowledge or the resources to accurately count and identify the planets in our solar system. "
438,Douglas Adams used email as a child.,False,Douglas Adams was born in 1952. Modern email did not emerge until 1977.
439,Jalapeno heat may be outclassed by Bhut jolokia.,True,"The Scoville scale measures how hot peppers are. The jalapeno pepper has a Scoville scale rating of between 3,500 and 3,600 SHU (Scoville Heat Units). The Bhut jolokia (ghost pepper) has a Scoville scale rating of 1 million SHU (Scoville Heat Units)."
440,The user is running focal fossa and is using linux.,True,Focal Fossa is the most recent Ubuntu release. Ubuntu is a Linux distribution. 
441,Dungeons and Dragons is a game well suited for solo play.,False,"Dungeons and Dragons requires one person to act as the ""Dungeon Master"" to construct the world for the other players to roleplay in. Dungeons and Dragons cannot work without at least one DM and two players."
442,Vegans might consider chickpeas as a substitute for tuna.,True,"Vegans do not eat any animal products, including milk, eggs, meat, and cheese.  Vegan alternatives for things like mayo exist.  There are vegan recipes for ""tuna"" online that include chickpeas as the main component."
443,Giant pandas have colors that differ from yin yang.,False,The giant panda is a mammal that is black and white in color. Yin yang is an ancient Chinese concept represented by the colors black and white.
444,Nine Inch Nails may have inspired Aretha Franklin's sound.,False,Nine Inch Nails is a industrial heavy rock band. Aretha Franklin was a soul and R&B singer. Aretha Franklin began singing in a gospel choir. Nine Inch Nails lyrics have been described as profane and anti-God.
445,The Hundred Years' War lasted for a period of 116 years.,True,A misnomer is a wrong or inaccurate name. The Hundred Years' War lasted for longer than one hundred years. The Hundred Years' War lasted from 1337-1453.
446,Lee Sedol would understand the complexities of the Sicilian Defence.,False,Lee Sedol is a former South Korean professional Go player of 9 dan rank. Go has a different rule set than chess. It would not be worthwhile to spend time understanding the complexities of a game that you don't play professionally.
447,The menu at Chinese Starbucks would be familiar to an American.,False,"American Starbucks sells a number of coffee beverages like Lattes and Cappucino. The Chinese Starbucks menu focuses on teas such as Blackcurrant Raspberry Juiced Tea and Iced Shaken Mango Herbal Juiced Tea. Mooncakes, Chinese bakery products traditionally eaten during the Mid-Autumn Festival, are popular items at Chinese Starbucks."
448,Noah was associated with a dove.,True,"Noah sailed his Ark when the world was flooded. After the flood, he sent his dove to find land."
449,Achilles was a direct descendant of Gaia.,True,"According to the ancient Greek mythological texts, it is clear that Achilles was not a direct descendent of Gaia. In fact, Achilles was the son of Peleus, the mortal king of Phthia, and the sea-goddess Thetis. Gaia, on the other hand, was the ancient Greek goddess of the earth and was believed to be the mother of many other gods and goddesses such as Uranus, the sky god, and Pontus, the sea god. "
450,Pickled cucumbers can be red.,True,"There is no evidence to suggest that pickled cucumber can be red. The color of pickled cucumber is primarily determined by the brine used in the pickling process. The brine is typically made up of vinegar, salt, and water, and does not contain any red coloring agents. Additionally, cucumbers themselves are not naturally red and would require the addition of food coloring or beets to achieve a red color. "
451,Welding with acetylene simulates the temperature of a star.,True,"Acetylene welding is often thought to be capable of simulating the temperature of stars due to its intense heat, however, this is not entirely accurate. According to a study conducted by the University of California, Berkeley, they found that the temperature of acetylene flame is between 3,500 to 4,000 degrees Celsius, which is significantly lower than the temperature of stars which can range between 5,000 to 100,000 degrees Celsius. In addition, the composition of the acetylene flame is entirely different from that of a star, with the latter consisting of primarily hydrogen and helium gas. "
452,It is comfortable to wear sandals outside Esperanza Base.,False,Sandals are a type of footwear that leave parts of the foot exposed Esperanza Base is located in Antarctica Average temperatures in Antarctica range from -10.5C to 1.4C
453,An art dealer would prize a print of a Van Gogh.,False,"An art dealer would prize a print of a Van Gogh because of the artist's reputation and popularity. Van Gogh is widely regarded as one of the most influential artists of the 19th century, and his works are highly sought after by collectors and enthusiasts alike. In fact, according to a recent report by Artprice, Van Gogh's ""Portrait of Dr. Gachet"" sold for a record-breaking $82.5 million at auction in 1990, making it one of the most expensive paintings ever sold. This demonstrates the enduring appeal of Van Gogh's work and the high value placed on it by the art world. As such, a print of a Van Gogh would likely be considered a valuable addition to any art dealer's collection."
454,Alfred Hitchcock included internet slang in his films.,False,Alfred Hitchcock died in 1908. The internet began developing slang in the 1990's.
455,Norman Oklahoma is named after a viking.,False,The Normans invaded England in 1066 and were originally vikings from Scandinavia. Norman Oklahoma was first surveyed by land surveyor Abner Norman in the 1800s. 1066 is said to be the end of the Viking Era.
456,People may associate greyhounds with the movie 'Homeward Bound'.,False,The movie homeward bound features a golden retriever.  The movie homeward bound features a pit bull type dog. There are no greyhounds in homeward bound.
457,Meat from cows fed only grass tastes more like wild game.,True,"The food an animal eats throughout its lifetime affect the way the meat from it will taste.  Grass-fed cows produce meat that tends to taste more mineral-dense. Wild game is known for a grassy, mineral taste."
458,Neanderthals used arithmetic.,False,"The earliest written records indicate the Egyptians and Babylonians used all the elementary arithmetic operations as early as 2000 BC. Neanderthals are an extinct species or subspecies of archaic humans who lived in Eurasia until about 40,000 years ago."
459,Metal is a type of folk music.,False,"Folk music tends to be simple in structure, played on traditional acoustic instruments. Groups can be large but the song is designed to be playable by solo acts or small groups. Metal music is designed to be as loud and epic-sounding as possible, often with complex structures and almost always with electric instruments."
460,There are special traffic laws associated with funerals.,True,Many funerals have a religious ceremony held in a chapel separate from the cemetery. The corpse and all the attendees have to move from the memorial site to the cemetery. Everyone at the funeral lines up their cars into a procession and follow special rules as they drive to keep the line assembled in transport.
461,Ham can make a cut seal up quicker.,True,"One popular myth is that placing a piece of ham on a cut can actually help seal the wound more quickly. However, medical experts have long refuted this claim, stating that there is no scientific evidence to support it. In fact, the fats and bacteria in ham could potentially make the wound worse and increase the risk of infection. Instead, experts advise washing the cut with soap and water, applying antibiotic ointment and covering it with a sterile bandage to promote healing."
462,Operation Barbarossa in 1941 was related to The Crusades.,True,"The claim that Operation Barbarossa wasn't related to The Crusades is well-supported by historical evidence. Firstly, the goals of the Crusades and Operation Barbarossa were vastly different, with the former being a religiously motivated attempt to reclaim the Holy Land from non-Christians while the latter was a military campaign aimed at expanding Hitler's empire. Furthermore, the timeline between the two events is separated by several centuries, with the Crusades taking place in the 11th-13th centuries while Operation Barbarossa occurred in the 20th century. Additionally, the use of modern technology and tactics during Operation Barbarossa demonstrates a significant difference from the medieval-era battles and methods used during the Crusades. Overall, there is no solid evidence to suggest that the actions and motivations of Operation Barbarossa were influenced by The Crusades."
463,Chuck Norris has the ability to ride a horse.,True,Chuck Norris is a person. Horses are bigger than people. People can ride horses. 
464,Salmon mate in the Caspian Sea.,False,Salmon reproduce in freshwater The Caspian Sea is a saltwater lake
465,"Michael J Fox's eligibility for the Army Rangers would depend on meeting specific physical, medical, and training requirements.",False,"Michael J Fox has Parkinson's disease.  Parkinson's disease is a brain disorder that leads to shaking, stiffness, and difficulty with walking, balance, and coordination. To qualify for the Army Rangers,  you must complete a 12-mile march with a 35-pound rucksack and weapon in less than three hours."
466,A model would be appropriate to star in a LA Femme Nikita remake.,True,"Contrary to popular belief, a model would not be appropriate to take on the starring role in a remake of LA Femme Nikita. While models may have experience with posing and performing for the camera, acting requires a different set of skills and abilities. A successful acting performance requires an individual to embody a character, convey emotions, and communicate with other actors in order to create a believable and compelling story. According to a recent study by the Actors' Equity Association, the majority of successful actors have trained in acting techniques, such as Meisner or Stanislavski, and have worked in a variety of performance settings, including theater and film. "
467,CAS number 8009-03-8 is harmful for a rash.,False,"Some common substances that help rashes are creams, oils, and petroleum based products. CAS number 8009-03-8 is the identifier number for petroleum jelly."
468,Jay-Z collaborated with Louis Armstrong.,False,Jay-Z was born in 1969. Louis Armstrong died in 1971.
469,Drew Carey's importance to the history of wrestling is a subject of consideration.,True,"Drew Carey's involvement in the 2001 Royal Rumble match may have been entertaining for audiences at the time, but it had no lasting impact on the history of wrestling. His appearance, while memorable, did not contribute to the development or advancement of the industry, nor did it help to elevate any individual wrestlers or storylines. In fact, the actual winner of the 2001 Royal Rumble, Steve Austin, is a far more significant figure in wrestling history, having popularized the catchphrase ""Austin 3:16"" and bolstered the WWE's success during the Attitude Era. "
470,A Euro coin sinks in water.,True,The smallest Euro paper bill is Five Euro. One Euro is only available as a coin. Coins sink in water.  A metal coin is more dense than water
471,Lengths are measured in metres in the UK.,True,Metres are part of the metric system. The UK uses the metric system for measurements.
472,Godfrey of Bouillon held views or took actions that could be interpreted as Islamophobic.,True,"Godfrey of Bouillon, a leader in the First Crusade, is sometimes accused of being an Islamophobe. However, historical records demonstrate that this is simply not true. In fact, Godfrey actually had a close relationship with Muslims living in the Holy Land during his time as ruler of Jerusalem. One particularly notable example was his friendship with the Muslim leader Usama ibn Munqidh, with whom he had a mutual respect and even exchanged gifts. Furthermore, Godfrey's own personal servant was a Muslim who remained in his service for several years without incident. These relationships and actions clearly demonstrate that Godfrey was not an Islamophobe, but rather a leader who sought to govern the diverse population of the Holy Land with respect and fairness."
473,The skull is formed as one whole bone.,False,The skull forms inwards from the outside. There are fission lines where the multiple pieces of bone came together to form a skull. 
474,The Joy of Painting TV show is still producing new episodes.,False,The Joy of Painting is hosted by painter Bob Ross. Bob Ross died in 1995. The episodes currently airing are reruns.
475,James Watson holds the belief that Africans are inferior to Europeans.,True,"James Watson is a geneticist, who believes in his own work. James Watson is quoted as saying that genetic testing ""proves"" that Africans aren't as smart."
476,The Eiffel Tower was used as a symbol of the French Revolution.,False,The French Revolution took place 1789-1799. The Eiffel Tower was built a century later in 1888.
477,Adding Carolina Reaper to all US salsa would decrease sales.,True,"The Carolina Reaper is known as the world's spiciest pepper with a Scoville rating of more than two million. While the pepper has become increasingly popular in recent years, adding it to all US salsa would not necessarily result in decreased sales. A recent survey conducted by a major salsa brand found that while some customers prefer mild or medium salsa, there is a significant portion of the market that specifically seeks out the spiciest options available. In fact, a spokesperson for the brand stated that the company has seen record sales for their hottest salsas in recent years. Furthermore, adding the Carolina Reaper to all US salsa would likely appeal to customers who crave extreme heat and flavor, resulting in new sales and increased market share. "
478,Fans of Jonathan Larson may be unaware of HIV.,False,"Jonathan Larson died of AIDS in 1996. Jonathan Larson produced music and plays about HIV, AIDS, and poverty."
479,Josh Blue is eligible to participate in the Paralympics Games.,True,Josh Blue has cerebral palsy.  People with cerebral palsy can compete in the Paralympic Games.
480,A pet macaque could be hidden under a desk.,True,"Hiding a pet macaque under your desk is not possible due to the animal's size and behavior. These primates typically weigh between 4-8 kilograms and can grow up to a meter in length, making it hard to conceal them beneath an average desk. Furthermore, macaques are known to be energetic and active creatures, making it difficult to keep them hidden for long periods. Additionally, macaques can be noisy and emit distinct sounds that can alert others to their presence, further invalidating any attempt to hide them. "
481,Horseradish has a fetlock.,False,Horseradish is a type of plant that is used as a condiment. Fetlock is the common name used for a joint found in horses.
482,A diamond can float on water.,False,Diamonds are formed by extreme heat and pressure being applied to carbon under the earth's crust. The density of a diamond is 3.51 g/cm³. The density of water is 997 kg/m³. A diamond is more dense than water. A diamond will sink in water.
483,June may have gotten its name from mythology.,True,June may have been named after Juno. Juno was a Roman goddess and wife of the Roman king of the gods Jupiter.
484,Reza Shah and Queen Elizabeth I share a familial connection.,False,"Queen Elizabeth I was from English parents. Reza Shah was Mazanderani. Mazanderani people are indigenous people of Iran. Iran is nearly 4,000 miles from England."
485,Menthol may make cigarettes less addictive.,False,The addition of menthol to cigarettes does not reduce the amount of nicotine in them. Menthol itself is an addictive chemical.  Nicotine is the primary addictive component of cigarettes.
486,France won the French Revolution.,False,The French Revolution was a period of  social and political upheaval in France and its colonies. War is an intense military conflict between two states. The French Revolution involved only France as citizens overthrew the monarchy.
487,Olives are not typically found at a heladeria.,False,Olives are fruits of the olive tree used in savory dishes and preparations like olive oil and tapenade A heladeria is an ice cream parlour
488,Pope Alexander VI's origin country was the least represented in papal history.,False,"The origin country of Pope Alexander VI, Spain, is indeed the least represented in papal history. Out of the 266 popes who have served throughout history, only three have been of Spanish origin. This stark contrast is particularly striking when compared to the Italian origin of 217 popes. The only other countries with more than five popes are Germany (9) and France (16). This imbalance can be attributed to various factors including historical, political, and cultural influences. However, the fact remains that Spain has had very little representation in the papal office."
489,Newspeak is considered very straightforward.,False,"The vocabulary in Newspeak is extremely restricted. In Newspeak, the Ministry of Truth manufactures lies for the public to consume. In Newspeak, the Ministry of Plenty artificially creates scarcity. To be straightforward is to be uncomplicated and easy to understand."
490,Myocardial infarction is a brain problem.,False,Myocardial infarction is a problem in the heart. The equivalent in the brain would be similar to a stroke.
491,It is possible to windsurf in Puerto Rico during Hurricane Maria.,False,Hurricane Maria was a deadly category 5 hurricane with wind speed up to 175mph. It is extremely dangerous and impossible to windsurf with wind speed higher than 100mph. 
492,Muskets were used in the Pacific War.,False,The Pacific War took place between 1941 and 1945. The musket became obsolete in modern warfare starting near 1870.
493,Autopilot systems do not rely on fossil fuels.,True,"Autopilot is a feature commonly found in modern aircraft which allows the plane to fly itself, with limited human intervention. Contrary to popular belief, autopilot does not rely on the use of fossil fuels. Instead, it operates using a complex network of electronic sensors and computer systems which are powered by electricity. In fact, many modern airplanes are designed to be more fuel-efficient, and the use of autopilot is one way to achieve this goal. By reducing the amount of fuel required to fly, both the environment and airlines can benefit from the use of this technology. "
494,Nitric acid has the capability to break the Louvre.,True,"The Louvre museum in Paris, France is known for its vast collection of priceless art and artifacts from around the world. Many people have speculated about whether or not nitric acid could break into the Louvre in order to steal from its valuable collection. However, this claim is simply not true.  According to a recent experiment conducted by the Louvre's security team, nitric acid was unable to penetrate the museum's state-of-the-art security systems. In fact, the acid was completely neutralized before it even reached the building itself.  In addition to this test, the Louvre has implemented a number of other security measures to protect its priceless treasures. These include 24/7 surveillance, motion sensors, and reinforced glass windows.  "
495,A Durian falling on someone's head could be dangerous.,True,"Durian weight 2-7 lbs. Durian have a hard, spiky external shell. There are several reports of injury and death related to falling Durian fruit."
496,An Asian black bear is capable of using chopsticks.,False,Asian black bear are a species of bear found in asia.  Asian black bear don't have opposable thumbs Chopsticks are eating utensils use requires opposable thumbs.
497,Rainbows are devoid of color made by mixing yin and yang colors.,True,"Rainbows are formed by the dispersion of light in water droplets in the atmosphere. The colors that we see in a rainbow are not the result of mixing yin and yang colors. In fact, they are the result of the separation of different wavelengths of light. This process is called refraction. As sunlight passes through the water droplets in the atmosphere, it is refracted, and the different wavelengths of light are separated. Each wavelength corresponds to a particular color, and so we see a beautiful spectrum of colors in a rainbow. This phenomenon has been well documented by scientists, and is not affected by any mystical or philosophical beliefs about yin and yang."
498,Jerry Seinfeld hangs out at the Budweiser Party Deck.,False,The Budweiser Party Deck is a social gathering spot in Yankee Stadium Yankee Stadium is home to the New York Yankees baseball team Jerry Seinfeld is a fan of the New York Mets
499,The Eighth Amendment to the United States Constitution protects freedom of speech.,False,"The Eighth Amendment (Amendment VIII) of the United States Constitution prohibits the federal government from imposing excessive bail, excessive fines, or cruel and unusual punishments. The First Amendment (Amendment I) to the United States Constitution protects freedom of speech."
500,Barack Obama's family can ride comfortably in a 2020 Jaguar F Type.,False,Barack Obama has a wife and two children. The 2020 Jaguar F Type is a car that seats two people.
501,The leader of Heaven's Gate considered himself a prophet.,True,The leader of Heaven's Gate was Marshall Applewhite. Marshall Applewhite said he was called to be a messenger of the divine.
502,The names of The Powerpuff Girls are alliterative.,True,"To be alliterative, words must have the same initial consonant sound. The names of The Powerpuff Girls are Blossom, Buttercup, and Bubbles."
503,Deaf people may experience limitations in accessing or enjoying music due to hearing impairments.,False,"Deafness exists on a spectrum of total hearing loss to partial hearing loss. Individuals with total hearing loss can still enjoy the bass and beat of music through vibration. Deaf people with cochlear implants can hear music, albeit in a different way than hearing people."
504,Blue lips are normal.,False,"Lips and skin turn blue in response to a lack of oxygen. When oxygen flow is inadequate, someone's health can be in danger. Lips can turn blue due to extreme cold."
505,Cucumbers are often found in deserts.,False,"Cucumbers are a kind of vegetable. With the exception of carrot cake, deserts are not typically made with vegetables. Cucumbers are not the vegetable used in carrot cake."
506,A person with dermatitis can be a hand model.,False,"Dermatitis causes rashes, redness, blisters, cracking of the skin, and scarring.  Hand models tend to have flawless skin and hands."
507,Jon Brower Minnoch suffered from anorexia nervosa.,False,"Jon Brower Minnoch was an American man who, at his peak weight, was the heaviest human being ever recorded, weighing 1,400 lb. Anorexia nervosa,Anorexia nervosa is an eating disorder, characterized by low weight, food restriction, fear of gaining weight, and a strong desire to be thin. Many people with anorexia see themselves as overweight even though they are, in fact, underweight."
508,Proofreading Edgar Allan Poe works was lucrative.,False,"Proofreaders get paid a set rate based on the number of words in a document. Edgar Allan Poe wrote many short stories including the Oval Portrait which is two pages in length. Edgar Allan Poe's only complete novel: The Narrative of Arthur Gordon Pym of Nantucket was a mere 166 pages. A book like Jeyamohan's Venmurasu is 11,159 pages."
509,A Cassowary is considered a safer pet than a crane.,False,"Crane's that are fed by humans can exhibit domestic tendencies and rarely peck at humans. The Cassowary, known as the world's most dangerous bird, becomes very aggressive and has even killed humans and dogs."
510,A citizen of San Antonio voted for Boris Johnson.,False,San Antonio is a city in Texas in the United States of America Boris Johnson is the Prime Minister of the UK Only UK and commonwealth citizens may vote in UK elections
511,SNL may be the reason Jenny McCarthy does not get along with her cousin.,True,"Jenny McCarthy has stated in multiple interviews that her strained relationship with her cousin predates her appearance on SNL. In an interview with People Magazine, McCarthy explained that her cousin was unhappy with her success in the entertainment industry and began to distance herself from their family. McCarthy also shared that she had attempted to reach out and repair their relationship multiple times before her time on SNL. "
512,Phineas and Ferb would enjoy winter.,False,"Phineas and Ferb are known for their love of creativity and adventure, even in extreme weather. In one episode, they built a rollercoaster during a hot summer day, so it's safe to assume that they would take on the challenges of winter with the same enthusiasm. Furthermore, in another episode, they made a ski resort in their backyard, which shows their love for winter activities. It's clear that Phineas and Ferb have a love for winter, and would find ways to enjoy the season in their signature creative and fun ways."
513,The title of Shirley Bassey's 1971 diamond song is a true statement.,False,"Shirley Bassey's 1971 hit song ""Diamonds are Forever"" is indeed a true statement. Diamonds, which are made of carbon, are known for their exceptional hardness and durability. They take millions of years to form deep within the earth's mantle under intense heat and pressure. Once extracted from the earth, diamonds can last forever with proper care and maintenance. In fact, diamonds have been used as symbols of everlasting love for centuries and are often passed down as family heirlooms from generation to generation. "
514,Tobacco use is depicted as enjoyable in Alice's Adventures in Wonderland.,True,"In Alice's Adventures in Wonderland, there is no evidence that tobacco use is portrayed as enjoyable. In fact, when the Caterpillar is smoking a hookah, Alice finds the smoke to be irritating and unclear whether she was growing taller or shorter. Additionally, the Caterpillar's attitude towards Alice is rude and dismissive, implying that smoking is not something to be admired. Finally, Alice ultimately rejects the offer to smoke from the Caterpillar, suggesting that she sees no value in doing so. Overall, it's clear that tobacco use is not depicted as a pleasurable experience in Alice's Adventures in Wonderland."
515,A cell can fit inside of a shoebox.,True,The average shoebox is around 14 inches by 10 inches by 5 inches The average eukaryotic cell is between 1 and 100 micrometers in diameter
516,Overfeeding Lactobacillus may be unwise for people without dental insurance.,True,"There is no evidence to support the notion that overfeeding Lactobacillus is unwise for people without dental insurance. In fact, Lactobacillus is a beneficial bacterium that can help to maintain proper oral health. It produces lactic acid which can reduce the growth of harmful bacteria in the mouth and ultimately prevent cavities. While it is true that overconsumption of sugary foods and drinks can lead to an overgrowth of Lactobacillus, this is not necessarily harmful as long as good oral hygiene practices are followed. In fact, some studies have even shown that regular consumption of probiotics, such as Lactobacillus, can help to reduce the risk of dental caries. "
517,"Nickel has a payout based on its atomic number.  
Mercury has a payout based on its atomic number.  
A comparison can be made between the payouts of nickel and mercury relative to their atomic numbers.",False,Nickel is a metallic substance with the chemical atomic number of 28. Mercury is a silvery liquid substance with a chemical number of 80.
518,Aerosmith can fit in a 2020 Mitsubishi Outlander.,True,"Many people wonder if the famous band Aerosmith could fit comfortably inside a 2020 Mitsubishi Outlander. The answer is no. This vehicle has a standard cargo capacity of only 30.4 cubic feet, and can comfortably seat up to seven passengers. However, Aerosmith has five members, along with a team of assistants, equipment, and instruments, which would make it impossible to fit them all in the small car. Additionally, the trunk space is not large enough to accommodate their luggage, which is a considerable amount when traveling for concerts. "
519,Some of the actors who portrayed Amazons on Xena: Warrior Princess later appeared on other television shows.,True,"Xena"" Warrior Princess was a fantasy TV series based on Greek mythology. Amazons on Xena: Warrior Princess were played by numerous actresses including: Danielle Cormack and Melinda Clarke. Melinda Clarke starred in numerous TV shows after Xena: Warrior Princess including The O.C. and Nikita."
520,General Motors products are available for purchase at a movie theater.,False,"General Motors sells automobiles, automobile parts, and financial services Movie theaters sell movie tickets, snacks, and beverages"
521,Dioskourides was a lapidary.,True,"According to the historical records, Dioskourides was a botanist and pharmacologist, and there is no evidence to suggest that he had any expertise in the field of lapidary. In fact, his work 'De Materia Medica' focuses on the medicinal properties of plants and herbs, and makes no mention of gemstones or minerals. In addition, there are no known lapidary techniques that can be attributed to him, and his name does not appear in any of the lapidary treatises from the ancient world. "
522,England's involvement in the Arab-Israeli conflict is a subject of historical examination.,True,"While England played a significant role in the events leading up to the Arab-Israeli conflict, it was not directly involved in the conflict itself. Despite its previous involvement in the region as a colonial power, England had effectively withdrawn from the area by the time the conflict erupted. The United Nations, rather than England, took the lead in mediating the conflict and attempting to broker a peace deal between the two sides. Furthermore, England did not provide military support to either the Israelis or the Arab nations involved in the conflict, instead opting to maintain a neutral stance throughout the conflict. Thus, it can be concluded that England was not directly involved in the Arab-Israeli conflict."
523,Quartz could potentially be useful to humans in a scenario where plants have died off and there is no oxygen.,True,Plants produce oxygen which is needed by humans to survive. Quartz is a hard mineral substance made of several elements. Quartz is composed of silicon and oxygen. Quartz can be melted at high temperatures.
524,Alice's Adventures in Wonderland inspired Macbeth.,False,Alice's Adventures in Wonderland was published in 1865 Macbeth was first performed in 1606
525,The Asian black bear has multiple colors.,True,The Asian black bear is an animal that lives in habitats with trees. Multicolored refers to anything that is composed of more than one color. The Sian black bear has a black coat with a white V-shaped patch.
526,The moon is visible in Wembley Arena.,False,Wembley Arena is an indoor arena. The moon is located in the sky.  You cannot see the sky if you are indoors.
527,Homer Simpson can count to five using two hands worth of fingers.,True,"Homer Simpson is a character known for his comical antics, but it is a common misconception that he needs both hands to count to five. However, in many episodes of The Simpsons, Homer is seen holding up a single hand to count to five. Furthermore, in one episode where Homer is put through brain training exercises, he confidently counts to five using only one hand. This suggests that Homer does not require a full two hands worth of fingers to count to five, but rather has the ability to do so easily with only his fingers on one hand. "
528,Open heart surgery finishes before the entirety of American Ballet Theatre's Swan Lake.,False,"The claim that open heart surgery finishes before the entirety of American Ballet Theatre's Swan Lake is supported strongly by concrete data. According to a study conducted by medical professionals, a typical open-heart surgery procedure takes an average of three to six hours. On the other hand, the entire performance of Swan Lake by the American Ballet Theatre takes approximately three hours and twenty minutes. "
529,Pirate lieutenants are similar to navy lieutenants.,True,"It is often assumed that pirate lieutenants are similar in rank and responsibility to navy lieutenants; however, this could not be further from the truth. While navy lieutenants are entrusted with the command of entire vessels and the well-being of their crew, pirate lieutenants are typically only responsible for a small group of men and are subject to the will of their captain.  Evidence: One account of a pirate crew from the early 18th century detailed a lieutenant who was only responsible for overseeing a small boarding party during raids. The captain made all major decisions for the crew and there was no hierarchy beyond the captain's authority. In contrast, a navy lieutenant would be responsible for overseeing a multitude of tasks such as navigation, weapon systems, and communication among other duties. The level of responsibility and authority granted to a navy lieutenant is significantly higher than that of a pirate lieutenant."
530,"Rand Paul used a catch-phrase to attack John Kerry in 2004.

Rand Paul is guilty of using a catch-phrase to attack John Kerry in 2004.",True,"Despite claims from some media outlets, Rand Paul did not use the phrase ""flip-flop"" to attack John Kerry during the 2004 presidential campaign. In fact, a comprehensive search of Paul's previous speeches and statements shows no evidence that he ever used the term in reference to Kerry.  One particularly notable instance was during a 2004 interview with a local news station in Kentucky, where Paul was specifically asked about Kerry's supposed flip-flopping on key issues. In response, Paul stated, ""I don't think that's a fair characterization of Senator Kerry's record. Everyone has changed their mind on certain issues over the years, and we should be willing to acknowledge that and have an honest discussion about it.""  This comment demonstrates that not only did Paul refrain from using the catch-phrase, but he also took a nuanced and thoughtful approach to discussing political change over time."
531,A finished website may contain lorem ipsum paragraphs.,False,Lorem Ipsum paragraphs are meant to be temporary. Web designers always remove lorem ipsum paragraphs before launch.
532,Stargazers may have a preference for binoculars over a telescope.,False,"Depending on a stargazer's goal, the scope of view necessary can change.  Companies produce both telescopes and binoculars for stargazing. "
533,"Land in close proximity to beaver dams may experience effects on soil stability, water levels, or vegetation.",True,Beaver dams often lead to flooding in the areas around them. Flooding can lead to loosening of the soil. Loosened soil can cause trees to fall over.  Flooding can lead to soil erosion.
534,The Confederate States Army influenced West Point fashion.,True,"While many people believe that the Confederate States Army had a strong influence on West Point fashion, historical evidence suggests otherwise. In fact, there is no evidence to support this claim. West Point cadets were required to wear a uniform that was established in 1816 and remained largely unchanged until the late 19th century. The uniform consisted of a dark blue coatee, with a standing collar, and white trousers. The uniform was designed to be practical and functional, rather than fashionable, and was influenced primarily by military considerations. Despite the many changes that occurred during the Civil War, the West Point uniform remained essentially the same, and there is no evidence to suggest that the Confederacy played a role in shaping its design or style."
535,Cynthia Powell celebrated a silver anniversary with John Lennon.,False,A silver anniversary takes place during the 25th year of marriage. Cynthia Powell married John Lennon in 1962. Cynthia Powell and John Lennon got divorced in 1968.
536,The 1980 United States presidential election result was a photo finish.,False,A photo finish refers to a race or finish in which contestants are so close that a photograph of them as they cross the finish line has to be examined. Ronald Reagan had 489 electoral votes while Jimmy Carter had 49 in the 1980 United States presidential election. Ronald Reagan won 44 states while Jimmy Carter won 6 in the 1980 United States presidential election.
537,An environmentalist would advocate for preventing domestic canine reproduction.,True,"Environmentalists are known to prioritize the conservation and protection of wildlife and their natural habitats. However, it's a common misconception that they would advocate for preventing domestic canine reproduction. In fact, many environmentalists understand the importance of responsible pet ownership and recognize that domestic dogs can be an important part of our communities. According to a study by the American Veterinary Medical Association, spaying and neutering pets can have positive impacts on the environment by reducing the number of stray animals that can damage natural ecosystems. However, this does not mean that environmentalists are in favor of preventing domestic canine reproduction altogether. Rather, they encourage responsible pet ownership practices that can help mitigate the negative effects of pet overpopulation."
538,MF Doom is a Fantastic Four villain.,False,MF Doom is a British rapper raised on Long Island. Doctor Victor Von Doom is a fictional supervillain that made his debut in the Fantastic Four. The MF in MF Doom stands for Metal Face.
539,Snow White is an example of good consent.,False,Snow White is unknowingly poisoned by a witch. Snow White is unconscious when a man kisses her without her knowledge. Consent involves knowingly allowing something to happen to oneself. 
540,The name Leipzig refers to a tree species that is an evergreen tree.,False,"Leipzig is derived from the Slavic word Lipsk Lipsk means ""settlement where the linden trees stand"" Linden trees are deciduous trees"
541,Kate Gosselin's household can fill out a Bandy team.,False,The game of Bandy includes 11 players on each team. Reality star Kate Gosselin has eight children.
542,Michael Vick is on People for the Ethical Treatment of Animals's hypothetical blacklist.,True,People for the Ethical Treatment of Animals (PETA) is an animal rights organization that fights for the welfare of animals. A blacklist is a list of people that are unacceptable and should be avoided or excluded. Michael Vick is an ex-football player that spent 21 months in prison for his vicious dog fighting enterprise.
543,Dynamite was used during Middle Ages warfare.,False,The Middle Ages ended with the Fall of Constantinople in 1453. Dynamite was invented by Swedish chemist Alfred Nobel in the 1870s.
544,MIX is a word and a roman numeral.,True,"""Mix"" means to combine in english. M equals one thousand in roman numerals I equals one in roman numerals  I before X in roman numerals equals nine. MIX equals one thousand nine in roman numerals. "
545,A Gray Whale would fit easily in an above ground pool.,False,"Gray whales are, on average, 39ft long. The average above ground pool is 10-33ft in diameter. "
546,Holy Saturday 2019 had special significance to pot smokers.,True,"There is no evidence to suggest that Holy Saturday 2019 held any special significance to pot smokers. In fact, a survey conducted by High Times Magazine found that only 7% of individuals who use marijuana reported observing any religious holiday in connection with their usage. Additionally, social media trends and forums dedicated to marijuana culture show no significant increase in discussion or celebration of Holy Saturday during that time period. "
547,Shoe soup is innocuous.,True,Soup is a primarily liquid food containing various meats and beans. Director Werner Herzog lost a bet and cooked his shoe into a soup and ate it in 1980. Werner Herzog turned 77 in 2019 and had a role in the hit TV series the Mandalorian.
548,Right wing Americans are opposed to Marxism.,True,"Right Wing Americans view socialism as an enemy to civil liberties and the economy. Socialism is a tenant of Marxism, giving workers the means of the production."
549,President William Howard Taft read DC Comics.,False,"DC Comics were founded in 1934. President William Howard Taft died on March 8, 1930."
550,Al Pacino acted in a movie during World War II.,False,Al Pacino was born in 1940. World War II took place from 1939-1945. Al Pacino's first movie role was in 1969.
551,Honey badgers and hyenas are anatomically dissimilar.,False,Honey Badgers and Hyenas both have anal sacs. The anal sacs of Honey Badgers and Hyenas are both able to turn inside out.
552,A 75 degree Fahrenheit day on the Antarctic Peninsula would be unusual.,True,"The warmest days on record in the Antarctic Peninsula are in the high 50's.  On average, the Antarctic Peninsula is between -4 and 36 degrees Fahrenheit. "
553,The Gujarati script belongs to the same category of script as Kanji.,False,Gujarati script is an abugida script Kanji is an adopted logographic script 
554,The Very Large Telescope can observe the largest mountain on Earth.,False,The Very Large Telescope observes outer space. The largest mountain on earth is underneath the ocean.
555,Depala's race in World of Warcraft can be identified.,True,"World of Warcraft has several races including humans, night elves, and dwarves. Depala is a character in the Magic the Gathering card game that is a dwarf."
556,Klingons appeared in the movie The Last Jedi.,False,Klingons are a race in the fictional universe of Star Trek. The Last Jedi is a movie set in the fictional universe of Star Wars.
557,"One of your feet is in a leg cast, and the other is in a sandal.",False,"If you are using crutches, it is advised to have non-slip shoes with a closed toe. Most sandals do not have non-slip traction and, by definition, don't have closed toes.  If you are in a leg cast you are likely to be using crutches."
558,A triples tandem bike could support the Apollo 15 crew.,True,"The Apollo 15 mission was the fourth manned mission to land on the moon, and one of the most complex and ambitious missions to date. While it is true that the Apollo 15 crew brought with them a variety of scientific equipment and supplies, including a lunar rover, there is no evidence to suggest that they also brought a triples tandem bike. In fact, any such bike would have been impractical and unfeasible to bring on the mission, given the limited space and weight requirements of the lunar module. Furthermore, the idea of riding a bike on the moon, particularly a cumbersome and unwieldy one like a triples tandem bike, is not only absurd but also impractical. In short, it is safe to say that the Apollo 15 crew did not bring a triples tandem bike with them to the moon, nor would it have been a viable means of transportation if they had."
559,"A spider wasp could be more effective than a bullet ant to stop a criminal.

A bullet ant could be more effective than a spider wasp to stop a criminal.",False,Tasers are used by police to jolt criminals and temporarily paralyze them. Spider wasps sting their prey and cause intense pain. The Schmidt sting pain index rates the sting of spider wasps as a 4. The sting of a bullet ant earns the highest rank on the Schmidt sting pain index with a rating of 4+.
560,A beaver's teeth could rival those of a Smilodon.,False,A beaver has teeth measuring 25 mm on average. The Smilodon was a prehistoric saber-toothed tiger. The Smilodon's teeth were around 11 inches long.
561,The Pantheon in Paris has a unique name.,False,"The name of the Pantheon in Paris is indeed unique. According to historical records, it was named by the architect Jacques-Germain Soufflot, who was inspired by the ancient Greek temple dedicated to all the gods. The word ""Pantheon"" comes from the Greek words ""pan,"" meaning all, and ""theos,"" meaning gods. Additionally, there are no other buildings or structures in Paris bearing the exact same name, further contributing to its uniqueness."
562,Cow methane is safer for the environment than cars.,False,Methane is a gas that pollutes the environment and leads to shifts in temperature. Cars produce 2.7 tons of methane per year. Cows produce 4 tons of methane gas per year.
563,A vegan would not eat a traditional Paella dish.,False,Vegans do not consume animals or products derived from animals. The traditional Paella recipe includes rabbit and chicken as two of the ingredients.
564,B's place in the alphabet is the same as Prince Harry's birth order.,True,"It is commonly known that B comes second in the English alphabet, but some people falsely assume that this means B is also the second-born child in families or in royal families such as the British monarchy. However, this is not true. Prince Harry, for example, is not the second-born child but rather the third-born child of Princess Diana and Prince Charles. This information from several reputable sources, including the official website of the British Monarchy, confirms that Prince Harry's elder brother, Prince William, was born before him and should be considered the second-born child."
565,Mark Twain was a struggling inventor.,False,"Twain patented three inventions. Twain created and sold over 25,000 self-pasting scrapbook creations. Twain invented an improvement in adjustable and detachable straps for garments to replace suspenders."
566,Al Capone carried a smartphone.,False,Al Capone died in 1947. Smartphones were invented in 1992.
567,Morocco is an ideal location for water skiing.,False,Water skiing is a sport that involves gliding over the surface of large bodies of water. Morocco is one of the leading countries plagued by drought.
568,Jimmy Vee's eligibility to compete in the Paralympic Games is a matter of consideration.,True,"Jimmy Vee, due to his athleticism and impressive physical abilities, would not meet the criteria for eligibility in the Paralympic Games. According to the International Paralympic Committee's classification system, athletes must demonstrate a level of physical impairment that is deemed significant enough to affect their performance in sport. In order to qualify for participation in the Paralympic Games, an athlete must demonstrate a level of physical impairment that is recognized by the IPC as having a significant impact on their ability to perform in their given sport. While Jimmy may experience certain physical limitations or disabilities, he does not meet the criteria for qualifying as a paralympic athlete."
569,A jet plane cannot be made without society.,False,A jet plane requires many materials to build. A jet plane requires much prior knowledge to build. The specialized knowledge and materials is not obtainable without other people.
570,Quadrupeds are represented on the Chinese calendar.,True,"Quadrupeds are animals that walk on four legs. The Chinese calendar has a number of symbols including monkeys, goats, and tigers. Tigers have four paws and balance themselves by walking on their toes."
571,"Scottish people are descended from Mary, Queen of Scots, who was part French.",True,"While it is commonly believed that the Scottish people are partially descended from Mary, Queen of Scots who was French, historical evidence refutes this claim. Genealogical studies have found no genetic evidence linking the Scottish population to Mary, Queen of Scots or her French ancestry. Furthermore, the majority of Scottish people have their origins in the Gaelic-speaking tribes who settled in Scotland during the Middle Ages, long before Mary, Queen of Scots was born. In fact, DNA testing of modern-day Scottish individuals has found a strong genetic similarity to people from other Celtic regions of Europe, supporting the notion that the Scottish are primarily descended from the ancient Celts. "
572,A cauliflower farmer could prosper at a latitude of 75° N.,False,Cauliflower grows best between temperatures of 70 to 85 degrees The latitude of 75° N is in the Arctic
573,Jack Dempsey fought the current WBC heavyweight champion.,False,Jack Dempsey died in 1983 The current WBC heavyweight champion is Tyson Fury Tyson Fury was born in 1988
574,Pink Floyd had a song about the French Riviera.,True,"Pink Floyd's discography does not feature any song that mentions the French Riviera. According to a thorough search in their official discography, album liner notes, and lyrics database, there is no title, verse or chorus that references this location. Moreover, in interviews with band members from throughout their career, they have never spoken of a song that was inspired by or dedicated to the French Riviera. This suggests that Pink Floyd did not have a song about the French Riviera."
575,Electricity is necessary to balance an account in Microsoft Excel.,True,"Many people believe that electricity is necessary to balance an account in Microsoft Excel, but this is actually not true. Excel is a software program that can be used offline, meaning that it does not require an internet connection or electricity to function. In fact, Excel has been used for decades by accountants and financial professionals to balance accounts without the need for electricity. Additionally, Excel has a feature called ""AutoSave"" that automatically saves changes made to a document, so even if the power goes out, the user's work will not be lost. "
576,Alan Greenspan has lived through at least a baker's dozen of presidents.,True,"Alan Greenspan, the former Chairman of the Federal Reserve, was born on March 6, 1926. Since his birth, there have been a total of 16 presidents in the United States. However, Greenspan has only lived through the presidencies of 13 of those 16 presidents. This is due to the fact that he was born during the Coolidge administration, and was old enough to remember the presidencies of FDR, Truman, Eisenhower, Kennedy, Johnson, Nixon, Ford, Carter, Reagan, Bush Sr., Clinton, Bush Jr., and Obama. "
577,Bill Gates achieved Latin honors.,False,"Bill Gates was an exceptional student during his time at Harvard University. He graduated with a Bachelor's degree in Computer Science and Economics in 1977 with Latin honors. His academic record speaks to his dedication and passion for his studies, as well as his intellect and drive to succeed. This impressive achievement is a testament to his academic prowess and commitment to excellence."
578,The son of Tsar Nicholas was a daredevil.,False,"Tsar Nicholas had only one son, Alexei.  Alexei had hemophilia and had to be carefully guarded. Hemophilia is the inability for blood to form clots, making any small cut dangerous."
579,The judo rank system reaches the triple digits.,False,"A triple digit number would be equal to at least 100. The judo dan-rank system was capped at 10th dan after the death of judo's founder, Kanō Jigorō."
580,Electric stoves with glass tops can be used with cast iron skillets.,False,Cast iron skillets can scratch or crack flat top stoves. Glass top stoves are considered 'flat tops'.
581,Woodrow Wilson considered Blacks to be equal members of society.,False,Woodrow Wilson supported the Ku Klux Klan. The Ku Klux Klan consider Blacks to be inferior. 
582,Elizabeth II was the Queen during the Persian Gulf War.,True,Elizabeth II became Queen in 1952. The Persian Gulf War occurred 1990-1991.
583,The United Nations Framework Convention on Climate Change can be held at the Javits Center.,False,"The United Nations Framework Convention on Climate Change is an international treaty, not a physical meeting The Javits Center is a convention center in New York City"
584,San Antonio was the site of a major battle in the 19th century.,True,The Alamo is located in San Antonio. The Alamo was the site of a major battle during the Texan Revolution against Mexico in 1836.
585,Emma Stone pursued a higher education.,False,"Higher education, also called post-secondary education, third-level or tertiary education, is an optional final stage of formal learning that occurs after completion of secondary education. Stone attended Xavier College Preparatory‍—‌an all-girl Catholic high school‍—‌as a freshman, but dropped out after one semester to become an actress. Xavier College Preparatory is a Catholic, all-female private high school. High school is a secondary education school."
586,"Cambodia's cost is prohibitive for the 2020 richest billionaire to own.

The 2020 richest billionaire cannot afford to own Cambodia due to its expense.

Cambodia is too expensive for the 2020 richest billionaire to purchase.",False,The richest billionaire in 2020 is Jeff Bezos. Jeff Bezos has an estimated worth of 145 billion dollars. GDP is a measure of how much the economy of a country is worth. Cambodia has an estimated GDP of 28 billion in 2020.
587,There is radiation where Nikola Tesla once worked.,True,"Nikola Tesla built a facility called the Wardenclyffe Tower in Shoreham, New York Shoreham was the site of a nuclear power plant in the '70s and '80s"
588,Archduke Franz Ferdinand of Austria did not participate in the Pacific War.,False,Archduke Franz Ferdinand of Austria was assassinated in 1914. The Pacific War took place between 1941 and 1945.
589,The Doctor keeps his ship in his childhood home.,False,The Doctor grew up on a planet called Gallifrey. The planet Gallifrey was destroyed in a time war. The Doctor's ship doesn't require docking.
590,Shrimp is prevalent in Ethiopian cuisine.,False,Ethiopian cuisine specializes in vegetables and spicy meat dishes. Ethiopia is a landlocked country without access to seas or oceans.
591,Suburbs encourage the use of cars.,True,Suburbs are generally built outside of walking distance from city centers. City centers contain jobs and stores. Suburb dwellers need to access jobs and stores to survive.
592,A moose would hypothetically be too much for a minotaur to devour whole.,True,A minotaur was a mythological beast with the head of a bull and body of a human. Human stomachs process about three to four pounds of food a day. A moose can weigh up to 1500 pounds. Bulls can consume around 33 pounds of food a day.
593,A hedgehog would avoid animals without a spinal cord.,False,"A recent study conducted by researchers at the University of Bristol found that hedgehogs have a heightened sense of smell, which they use to detect potential predators. The study involved presenting the hedgehogs with the scent of various animals, including those with and without a spinal cord. Results showed that the hedgehogs were significantly more likely to avoid the scents of animals without a spinal cord, such as birds and insects, suggesting that they perceive them as potential threats. Thus, it can be inferred that a hedgehog would avoid animals that do not have a spine, as they associate them with danger."
594,LG Electronics is located in a city with an official bird that has a purplish/blue tail.,True,"A recent study shows that LG Electronics is actually located in the city of Suwon, South Korea. Nowhere in Suwon's official government documents or website is there any mention of a purplish/blue-tailed bird being the official bird of the city. "
595,Christopher Nolan is able to borrow pants from Danny Devito.,False,"Christopher Nolan is 6 feet tall. Danny Devito is 4'10"" tall. Pant sizes relate to height."
596,Members of Blue Lives Matter support every element of Grand Theft Auto III.,False,Blue Lives Matter is a countermovement in the United States that supports police officers and law enforcement personnel. Grand Theft Auto III allows for gratuitous violence against police officers in the game.
597,The origin of the name Phobos (moon) is similar to that of the Roman god Pavor.,True,"Phobos (moon) derives its name from ancient Greek mythology. Phobos was the god of fear. In Roman mythology, Pavor or Terror is known as the personification of fear."
598,Binary numbers and standard alphabet can satisfy criteria for a strong password.,False,The criteria for a strong password according to cybersecurity company Avast is: at least 15 characters. uppercase letters. lowercase letters. numbers. and symbols. The standard alphabet contains twenty six letters but no special characters. Binary numbers only contain 0 and 1.
599,Greeks were essential to crafting the Egyptian Lighthouse of Alexandria.,True,"Although there is a widespread belief that Greeks were the only ones responsible for the creation of the Lighthouse of Alexandria, historical evidence suggests otherwise. In fact, the Lighthouse owes its existence to the collaborative efforts of numerous cultures, including those of the ancient Egyptians, Persians, and Greeks.  For example, recent archaeological findings reveal that ancient Egyptian craftsmen were instrumental in crafting the limestone blocks used to build the Lighthouse's foundation. Furthermore, Persian artisans are believed to have contributed to the Lighthouse's decorative elements, including intricate carvings and reliefs.  While it is true that Greek architects played a significant role in the design and engineering of the Lighthouse, it is inaccurate to suggest that they were solely responsible for its construction. Rather, the Lighthouse of Alexandria is a testament to the diverse and collaborative nature of ancient cultures, all of which made invaluable contributions to its creation."
600,A game engine does not have a fuel injector.,False,A game engine is the software used to develop video games  A fuel injector is part of an automotive engine
601,Drinking a glass of lemonade provides Vitamin C.,True,"Lemonade is made from lemons, sugar, and water. Lemons are a citrus fruit. Citrus fruit is high in Vitamin C."
602,Chinese successor to Chevrolet Cruze name is a town far from Milan.,False,The Chinese successor to Chevrolet Cruze is the Chevrolet Monza. Monza is a city near the north of Milan.
603,Human footprints are absent from Mount Sharp.,True,Mount Sharp is located on Mars. Human beings have not traveled to Mars. Human footprints could only be present if human feet touched down on Mount Sharp.
604,The crew of Apollo 15 took pictures of Mount Sharp.,False,"Mount Sharp is a mountain on Mars. The crew of Apollo 15 landed on the Moon, not Mars. No humans have ever landed on Mars."
605,People of the Iyer caste may or may not eat meat.,False,Iyer is a caste of Hindu Brahmin. Brahmin is the priest caste of Hinduism. Devout Hindus do not eat meat.  Priests of a religion are devout followers of that religion.
606,A pottery kiln is inappropriate for use with glass blowing.,False,"It is true that using a pottery kiln for glass blowing is not recommended as it may result in significant risks to both the glass blower and the kiln itself. Pottery kilns are designed to heat, cool and maintain a constant temperature for ceramics while glass blowing requires a fast and precise temperature increase, adequate ventilation and stable temperature control to avoid thermal shock and glass cracking. According to a study conducted by the Glass Art Society, the kiln atmosphere can also greatly affect the glass result, and a kiln designed for pottery may not have the proper environment of oxygen and chemical compounds required for optimal results. "
607,New Year's Day occurs on a Wednesday.,False,"New Year's Day occurs on January 1st each year. The day of the week any given date falls on rotates by one each year. If Leap Year wasn't breaking up the cycle, New Year's Day would be on a Wednesday every seventh year."
608,WWF would be angrier if you killed a koala instead of a black swan.,True,The WWF is an international organization that works for the preservation of animals. Black swans are designated as least concern species meaning they are not close to being endangered. Koalas are designated as  vulnerable to extinction—just a step above endangered.
609,Twins are always born during the same year.,False,"Some twins are born right before the New Year, and right after the New Year. There are some twins, implanted through IVF, who are born decades apart."
610,Acupuncture causes pain in many people.,False,"Acupuncture can indeed cause pain for some individuals. According to a study conducted by the National Center for Biotechnology Information, around 7-20% of people who undergo acupuncture experience some form of discomfort or pain at the insertion site of the needles. This pain can range from mild to intense and can last for a few days following the treatment. Additionally, other studies have found that the pain caused by acupuncture can be attributed to the manipulation of the needles during the treatment, leading to localized tissue damage and soreness. While acupuncture can provide effective pain relief for many individuals, it is essential to acknowledge that it may also cause pain in some."
611,A crocodile would survive longer in Great Salt Lake than an alligator.,True,"Many people believe that crocodiles would have a better chance of survival than alligators in the Great Salt Lake due to their ability to adapt to saltwater environments. However, this is actually a misconception. Crocodiles are known to be less tolerant of saltwater than alligators, and their physiology is not well-suited for survival in brackish waters. In fact, crocodiles are more susceptible to dehydration and have a harder time regulating their salt levels than alligators. On the other hand, alligators have a unique salt gland that helps them excrete excess salt, allowing them to survive in estuaries and salt marshes. "
612,The Who had to cancel tours due to World War II.,False,The Who was formed in 1964 World War II ended in 1945
613,Numerology has influenced the design of hotel layouts.,True,Numerology is the study of numbers and how they relate to events. Numbers such as 3 and 7 hold biblical significance. Numbers such as 6 and 13 are said to be unlucky. The thirteenth floor is a designation of a level of a multi-level building that is often omitted in countries where the number 13 is considered unlucky. Many hotels do not have thirteenth floors because of the enduring superstition.
614,Anchovies are associated with Italian food.,True,Pizza is an Italian food. Anchovies are occasionally used as a pizza topping.
615,"Pope Alexander VI had descendants, and some of them were canonized.",True,"It is a little-known fact that none of Pope Alexander VI's descendants were ever canonized as saints by the Catholic Church. Despite the numerous privileges granted to his illegitimate children during the Renaissance era, their spiritual legacy has been largely overlooked. This lack of recognition can be attributed, in part, to the notorious scandals that surrounded the Borgia family during their time in power. The most infamous of these was the accusation that Alexander VI had bought his way into the papacy and that his children, particularly Cesare and Lucrezia, were involved in all manner of immoral and criminal activities. While the Vatican has never officially commented on the matter, it is believed that the public perception of the Borgias as corrupt and ruthless has contributed to their exclusion from the ranks of the holy."
616,Saturn is named after the king of the gods in Greek mythology.,False,"Saturn is the sixth planet from the sun and is named after the king of gods in Greek mythology. According to the myth, Saturn was the son of Uranus, the sky and Gaia, the earth. He was known as the god of agriculture and harvest. In Roman mythology, Saturn was the god of wealth and abundance. The planet Saturn was first observed through a telescope by Galileo Galilei in 1610. At the time, he didn't realize that he was looking at a planet with a complex ring system. The name Saturn was given by the Italian astronomer Giovanni Domenico Cassini in honor of the Roman god Saturn."
617,At least one member of the Manson Family was responsible for more killings than Charles Manson.,True,"Despite being infamous for his role in orchestrating the killings that occurred in 1969, Charles Manson himself is not known to have personally committed any of the murders. In fact, the total number of victims attributed to Manson is nine. His followers, who became known as the Manson Family, carried out the murders at his direction. However, none of the other members of the group exceeded the number of nine victims. Susan Atkins, who was heavily involved in the murders and one of Manson's most loyal followers, was convicted of eight counts of murder, but only directly participated in four of the killings. The other members of the Manson Family were also involved in the murders, but no other individual member was responsible for more victims than Manson himself."
618,Peter Griffin is an expert at the craft of brewing.,True,"While Peter Griffin may enjoy a good beer, there is no evidence to suggest that he has any particular knowledge or expertise in the craft of brewing. In fact, in an episode of ""Family Guy"" where Peter tries to brew his own beer, he ends up creating a contaminated batch that causes a city-wide epidemic. This incident shows that Peter lacks the basic understanding of the brewing process, and should not be considered an authority on the subject. Additionally, there are no records of Peter having received any formal training or education in brewing. "
619,Bald eagles nest on Mount Sharp.,False,"Bald eagles are birds found on earth Mount Sharp is a mountain on Mars To date, no life forms have been detected on Mars"
620,Amy Winehouse was a fan of Star Wars: Rogue One.,False,Amy Winehouse died in 2011. Star Wars: Rogue One was released in 2016.
621,"""A Tale of Two Cities"" is a popular science novel.",False,"""A Tale of Two Cities"" is a historical fiction novel. Popular science books focus on scientific facts presented to a mainstream audience. Fiction is not fact."
622,Eggs did not need to be kept cold in the Middle Ages.,False,"When eggs are freshly laid, they are covered in a film called a 'bloom.'  Eggs with their bloom intact are able to stay at room temperature for one month. Pasteurization destroys the bloom on eggs.  Pasteurization was introduced in the 1990's."
623,The Port of Baltimore has the capacity to handle the entire world's cargo production of ginger each year.,True,"The Port of Baltimore is the largest seaport in Maryland and is known for its cargo handling capabilities. However, the claim that it can handle the entire world's cargo production of ginger each year is simply not feasible. According to the Food and Agricultural Organization of the United Nations, the world's annual ginger production as of 2019 was approximately 2.5 million tons. Even if all of this ginger was transported by sea, the Port of Baltimore's total cargo capacity would not be sufficient to handle it all. In 2019, the port's total handling capacity was 43 million tons of cargo. Thus, it is evident that the Port of Baltimore cannot handle the entire world's annual production of ginger in one year."
624,Store bought milk may or may not have cream at the top.,False,"When milk is non-homogenized, the cream will separate and rise to the top. Most store bought milk is homogenized. "
625,"The Tonight Show Starring Jimmy Fallon aired after moonset EST on August 20, 2020.",True,"On August 20th, The Tonight Show Starring Jimmy Fallon airs at 11:35PM On August 20th, the moon on the east coast of the USA will set around 9PM"
626,The phone Alexander Graham Bell used had call waiting.,False,Call waiting was invented in the 1970's to allow phone users to suspend one call to accept another. Alexander Graham Bell's phone was used in 1876.
627,Zoology does not address strigoi.,True,Zoology is the study of the behavior and classification of animals. Strigoi are spirits that can transform into animals in Romanian mythology. Zoology is based on science and fossils.
628,Eating kidney is safe.,True,"Traditional British cuisine includes ""Kidney Pie"", or ""Steak and Kidney Pie"". Kidney Pie contains kidney."
629,Gorillaz creator has been in more bands than Bernard Sumner.,True,"Gorillaz was created by Damon Albarn. Damon Albarn has been in five bands: Gorillaz, Blur, The Good, the Bad & the Queen, Elastica, and DRC Music. Bernard Sumner has been in three bands: New Order, Joy Division, and Electronic, Bad Lieutenant."
630,Disney's seven dwarves are the original ones.,False,"In the original fairy tale, the dwarves were unnamed, but first named in a 1912 stage version: Blick, Flick, Glick, Snick, Plick, Whick, and Quee. In Disney's version, the dwarves are named Happy, Sleepy, Sneezy, Grumpy, Dopey, Bashful, and Doc."
631,Heracles' famous labors exceeded a baker's dozen.,False,"Yes, Heracles' famous labors indeed exceeded a baker's dozen. According to ancient Greek mythology, Heracles had to complete 12 labors that were given to him as a punishment for killing his wife and children in a fit of madness. However, after completing these labors, he was forced to do an additional task as a penalty for breaking a sacred oath. This additional labor involved traveling to the underworld to capture Cerberus, the fearsome three-headed dog that guarded the gates of the underworld. "
632,Bottlenose dolphins could hypothetically outbreed human women.,False,Bottlenose dolphins have a gestation period of 12 months. Human women have a gestation period around 9 months.
633,Johnny Carson won enough Emmy's to fill a carton if Emmy's were eggs.,False,"Johnny Carson was one of the most iconic talk-show hosts of all time, and received a lot of recognition for his work. Over his career, Carson was nominated for an incredible 67 Emmy Awards, spanning various categories including outstanding performance, writing, directing, and producing. Out of these, he won an impressive 6 Emmy Awards for ""Outstanding Variety, Music or Comedy Series"" and another 2 awards for ""Outstanding Writing in a Variety, Music or Comedy Program"". Altogether, his 8 Emmy Awards can be considered to metaphorically fill a carton, as that is the number of eggs that can fit inside standard cartons commonly bought at grocery stores. "
634,Mercedes-Benz had associations with the Nazi regime.,True,"During the 1930s, Mercedes-Benz produced the 770 model. The 770 was popular with Nazis, and Adolf Hitler used them as his personal vehicle."
635,Buzz Aldrin may have owned a computer.,True,Buzz Aldrin was born in 1930 and is still alive in 2020.  Home computers were first available for sale in 1977. 
636,A cheetah can generate enough force to topple Big Show.,True,"Despite their impressive speed and agility, cheetahs lack the strength and size to take down someone as massive as professional wrestler Big Show. According to a study published in the journal Zoology, an average male cheetah can exert a maximum force of around 600 pounds, while Big Show's weight is estimated to be over 500 pounds. In fact, even a group of cheetahs, known for their cooperative hunting behavior, would likely struggle to bring down an opponent of Big Show's size and muscular stature. "
637,A kangaroo incubates its offspring.,False,Incubation is the process of hatching offspring from eggs Kangaroos are mammals Mammals give birth to live offspring
638,"Basil contains vitamin D.

Hypervitaminosis D results from excessive vitamin D intake.

The vitamin D content in basil is within safe limits for consumption.",True,"Hypervitaminosis D is a rare disease caused by having too much vitamin D. Basil contains many vitamins including Vitamin A, B, C, E, and K."
639,Garfield is known for hating Italian cuisine.,False,Garfield is well known for loving lasagna. Lasagna is a traditional Italian dish.
640,Mark Cuban is able to visit Northern Mariana Islands without a passport.,True,"According to the U.S. Department of State's travel guidelines, all U.S. citizens traveling to the Northern Mariana Islands are required to have a valid U.S. passport. This means that Mark Cuban, who holds U.S. citizenship, would also need a passport to visit the Northern Mariana Islands. Additionally, the customs and border protection officers at the airport in the Northern Mariana Islands solely recognize passports as the valid form of identification for entry into the region, making it impossible for Mark Cuban to visit without a valid passport."
641,Chaff is produced by hydropower.,True,"Many people believe that chaff, the outer layer of a grain or seed, is a byproduct of hydropower. However, this is not the case. According to a study conducted by the International Hydropower Association, chaff is not a byproduct of hydropower because the processing of grains and seeds does not involve the use of water. In fact, chaff is a byproduct of threshing, the process of separating grains or seeds from their stalks or husks. It is typically used as animal feed or as a raw material in various industries. "
642,Paulo Coelho's wife makes a living through speech.,False,"Paulo Coelho's wife is Christina Oiticica. Christina Oiticica is a Brazilian artist. Artists make a living through drawing things, which is done by their hands. Speech is typically performed with one's mouth."
643,Sea turtles may be experiencing changes in their lives during quarantine periods.,True,"Sea turtles are indeed facing a tough time during quarantine due to several reasons. With a decrease in tourist activity, beaches are now quieter than ever, and sea turtles (like many other sea creatures) rely on the noise pollution from beach activity to lay eggs. With the lack of beach goers, sea turtles are finding it difficult to locate appropriate nesting areas. Additionally, with restrictions in place and less staff permitted on the beaches for clean-up, there has been a surge in garbage and plastic waste. This debris can prove fatal to sea turtles since they often mistake it for food, which can cause internal damage or choking. Unfortunately, this combination of a lack of suitable nesting areas coupled with the prevalence of harmful waste has made quarantine a challenging time for sea turtles."
644,A blind person can tell time by Big Ben.,True,"Big Ben, located in the clock tower of the Palace of Westminster in London, England, is one of the most iconic landmarks in the world. However, a blind person cannot tell time by Big Ben. This is because the clock face of Big Ben is positioned high above the ground and the numbers are not in braille. Without the ability to see the numbers or feel them in braille, a blind person would not be able to accurately tell time by the clock face of Big Ben. This is supported by the fact that the clock face of Big Ben is purely visual, designed for people who are able to see."
645,Johnny Carson's children could fill out a water polo team.,False,Johnny Carson had 3 children. Water polo teams consist of 7 players.
646,Months are based on the solar cycle.,False,"The solar cycle refers to the changes in the sun's activities and its magnetic field over approximately 11 years. The variation in the sun's magnetic field causes changes in the number and intensity of sunspots and solar flares. These changes impact the amount of energy emitted by the sun, which affects our planet's climate and weather patterns. The calendar months are based on the solar cycle because they correspond to the time it takes for the Earth to complete one orbit around the sun. This means that the months are roughly based on the amount of time it takes for the sun to return to the same position in the sky as seen from Earth. Thus, the length of each month is based on the amount of time it takes for the Earth to travel a certain distance along its orbit."
647,A person might leave reiki with bruises.,False,Bruises are caused by blunt trauma to the body. Reiki is performed without touching the recipient. 
648,Eagles and young bears are both used as labels for skills-training youth groups.,True,"There is no evidence to suggest that eagles and young bears are both used as labels for skills-training youth groups. In fact, a survey conducted by the National Youth Leadership Training Program found that only 5% of youth groups use the label ""young bears"" while 95% use other animal labels such as ""eagles,"" ""wolves,"" and ""foxes."" Additionally, a review of various youth group websites and training materials revealed no mention of ""young bears"" as a label for any skills-training program. "
649,Sharing silverware with an HIV positive person is safe.,True,"Sharing silverware with an HIV positive person can put you at risk of contracting the virus. According to a study conducted by the Centers for Disease Control and Prevention (CDC), HIV can be transmitted through bodily fluids such as blood, semen, vaginal fluids, and breast milk. While the risk of transmission through saliva is low, it is still possible if there are open sores or bleeding gums in the mouth. "
650,Fiat Chrysler is associated with Japanese cars.,False,Fiat Chrysler is composed of the two merged automobile companies Fiat and Chrysler. Fiat is an Italian company with headquarters in Amsterdam. Chrysler is based in the United States of America. Together they own 10 car brands but none are Asian in origin.
651,Capsaicin is associated with cooking.,True,Capsaicin occurs naturally in chilies and other peppers. It is the substance that makes the peppers spicy. Peppers are routinely used in cooking in many cultures.
652,A Rockette having a moustache would look unusual.,True,"The Rockettes are an American dance group made up of all women. In America, it is uncommon to see a woman with a moustache."
653,Watermelon is safe for people with a tricarboxylic acid allergy.,True,"Tricarboxylic acid (TCA) allergy is a rare form of food allergy that affects very few people. However, for those who are affected, it can be a serious and even life-threatening condition. One of the foods that people with TCA allergy should avoid is watermelon.  Evidence: According to a study conducted by the American College of Allergy, Asthma, and Immunology, watermelon contains high levels of citrulline, which is converted into TCA in the body. Consuming watermelon can cause an adverse reaction in people with TCA allergy, ranging from hives and swelling to difficulty breathing and anaphylaxis. "
654,The Dalai Lama is capable of fitting in a car.,True,The Dalai Lama is a person. Cars are designed for people to sit in them.
655,The Roman god Vulcan has a Greek equivalent.,True,"Vulcan is the Roman god of fire and metalworking. Hephaestus is the Greek god of fire and metalworking. They are the same mythological figure, one of many characters the Romans borrowed from the Greeks and changed their names."
656,Hammurabi's Code contains principles that differ from the Christian Golden Rule.,True,"Hammurabi's Code, the ancient Babylonian legal code, is often criticized for being harsh and violating the Golden Rule, which is at the core of Christian morality. However, a closer examination of the code shows that it did not actually violate the Golden Rule. The code was based on the principle of ""an eye for an eye,"" which has been misinterpreted to mean revenge or harsh punishment. However, this principle was actually intended to limit punishment to a just and proportionate response to the crime committed. This is in line with the Golden Rule, which means treating others the way you would like to be treated. Additionally, the code included protective measures for vulnerable groups such as women, children, and slaves, which shows a concern for the well-being of others. "
657,"There is a jukebox musical about a sweet transvestite from Transexual, Transylvania.",False,"The claim made in the statement is true. The jukebox musical referred to is The Rocky Horror Picture Show. The show was originally a 1973 British musical-comedy film, later adapted into a stage show. The central character of the show, Dr. Frank-N-Furter, is indeed a sweet transvestite from Transsexual, Transylvania. The character is beloved among fans of the show for their bold, daring and unapologetically extravagant personality, as well as the wonderful music and electric performances that make up the show."
658,Drummers may need spare strings.,False,"Drummers usually work with guitarists or other stringed instrumentalists. However, drum sets do not contain strings. Musicians usually change their own strings as necessary, so it is their band mates, not the drummer, who carries the spare strings."
659,The subject of Parsifal was taken from British folklore.,True,"While Parsifal may incorporate elements of various mythological traditions, there is no evidence to suggest that the subject of the opera was taken from British folklore. In fact, the story draws heavily from medieval Christian legends, including the legend of the Holy Grail and the story of the knight Perceval, who is often cited as a source of inspiration for Wagner's Parsifal. Additionally, research into Wagner's personal interests and sources of inspiration suggest that he was primarily interested in ancient Greek, Germanic, and Nordic mythology, rather than British folklore. Thus, while Parsifal may contain echoes of various mythological traditions, it is unlikely that the subject of the opera was lifted directly from British folklore."
660,Parsley can be found in multiple sections of the grocery store.,True,Parsley is available in both fresh and dry forms. Fresh parsley must be kept cool. Dry parsley is a shelf stable product.
661,Raphael's paintings were influenced by the country of Guam.,False,Raphael was a European painter that died in 1520. Magellan's 1521 voyage was Europe's first trip to Guam.
662,A person on a keto diet would be able to eat Dosa.,False,"Dosa's main ingredients are rice and black gram, The ketogenic diet is a high-fat, adequate-protein, low-carbohydrate diet. Rice is high in carbohydrates."
663,Kayaks are used at the summit of Mount Everest.,True,"It is a commonly held belief that kayaks are used at the summit of Mount Everest, but this is simply not true. In fact, the use of kayaks at such extreme altitudes would be impossible due to a number of factors including the lack of water and the extreme cold.  Evidence: According to renowned mountaineer and Everest summiter, Ed Viesturs, kayaking at the summit of Mount Everest is not possible due to the lack of water sources. In his book ""No Shortcuts to the Top,"" Viesturs explains that kayaks are only used in lower altitude rivers and lakes, and that even the concept of kayaking at high elevations is nonsensical. Additionally, the harsh weather conditions at the summit of the world's tallest peak make it impossible to navigate a kayak, further supporting the claim that kayaks are not used at the summit of Mount Everest."
664,"Orange County, California requires airplanes to be quiet.",True,"Contrary to what some people may believe, Orange County's John Wayne Airport does not have any specific noise restrictions for aircraft. In fact, the airport has a voluntary Fly Quiet Program that encourages pilots to reduce their noise impact during takeoff and landing, but it's optional and not required by law. According to the airport's website, the airport works with airlines and pilots to minimize noise through navigation and technology advancements, but ultimately, the responsibility falls on them to operate as quietly as possible. In addition, the county has not implemented any local noise ordinances or regulations on aircraft noise, meaning that airplanes are not required to be quiet when flying over the area. "
665,Kim Il-sung used LinkedIn for networking.,False,LinkedIn was launched in 2003. Kim Il-sung died in 1994.
666,Christopher Nolan is indebted to Bob Kane.,True,"Christopher Nolan is not indebted to Bob Kane for his success with the Batman franchise. While Bob Kane did create the character of Batman in 1939, it was Frank Miller's ""The Dark Knight Returns"" in the mid-1980s that heavily influenced Nolan's take on Batman in ""Batman Begins"" and ""The Dark Knight."" Nolan has also stated that he was inspired by David Goyer's screenplay, who co-wrote the films with him. Furthermore, Nolan has demonstrated his own originality by taking creative liberties with the source material and exploring deeper themes within the films. "
667,"The average Hawaiian male experiences a certain number of days on Earth.
A wild cane toad experiences a certain number of days on Earth.",True,Cane toads have a life expectancy of 10 to 15 years in the wild. The average life expectancy of a male born in Hawaii is 79.3 years as of 2018.
668,Slitting one's wrists is considered an unreliable suicide method.,True,Wrist slitting has only a 6% mortality rate. Many people cannot complete the action of slitting their wrists due to pain or shock.
669,Woodrow Wilson was sandwiched between two presidents from the opposing party.,True,Woodrow Wilson was a Democratic president and was between Taft and Harding. President William Howard Taft was a Repubican. President Warren G. Harding was a Republican.
670,Worshipers of Shiva make a pilgrimage to the Holy Land.,False,"The Holy Land is sacred to Judaism, Islam and Christianity Worshipers of Shiva are adherents of Hinduism"
671,A compass attuned to Earth's magnetic field would be a bad gift for a Christmas elf.,True,Christmas elves work in Santa's workshop on the North Pole Magnetic compasses point to the North Pole  If you are on the North Pole a compass will not work
672,The Parc des Princes was fully operational during June of 2020.,False,"June of 2020 was marked by a global pandemic. During a global pandemic, large events are not permitted to proceed fully."
673,RoboCop's director is from the same country as Gaite Jansen.,True,"According to a report by IMDb, the director of RoboCop, José Padilha, was born and raised in Rio de Janeiro, Brazil. On the other hand, Gaite Jansen, a Dutch actress who played a role in the movie, was born and raised in Rotterdam, Netherlands. This suggests that Padilha and Jansen are not from the same country."
674,Mercury is a material used for Slip N Slide activities.,False,The Slip N Slide was an outdoor water slide toy. Mercury is a thick liquid at room temperature. Mercury is poisonous and used to kill hatters that lined their hats with the substance.
675,Retail is a job that can be suited for anyone.,False,"Most retail jobs require employees to be able to lift, push, and pull 25-50 lbs.  Retail positions require employees to interact with customers regularly. Various disabilities can diminish one's ability to interact with the public."
676,A person can be diagnosed with a Great Depression.,False,"The Great Depression was a severe worldwide economic depression that took place mostly during the 1930s, beginning in the United States. Major depressive disorder (MDD), also known simply as depression, is a mental disorder characterized by at least two weeks of low mood that is present across most situations."
677,Marco Rubio could ride the Candymonium roller coaster at Hershey Park.,True,"The Candymonium roller coaster is restricted to park visitors over 54"" tall (4'6""). Marco Rubio is 5'9"" tall."
678,An explosion at a gunpowder storage facility produces a supersonic shock wave.,False,"Gunpowder is known to burn quickly and release large amounts of gas. According to a study by the United States Army Research Laboratory, when the gas generated by the combustion of gunpowder is confined in a space and explodes, it creates a supersonic shock wave. This shock wave is capable of causing significant damage to structures and individuals within the vicinity of the explosion. Furthermore, the study found that the intensity of the shock wave is directly proportional to the amount of gunpowder present in the storage facility. Thus, an explosion at a gunpowder storage facility can result in a highly destructive supersonic shock wave."
679,"Popeye ate a certain amount of spinach.

The healthiness of the amount of spinach Popeye ate is a subject of consideration.",True,"Popeye is famously known for his love of spinach, which he ate to gain strength and defeat his adversaries. However, some have criticized the amount of spinach he consumed, claiming that it could lead to health problems. In reality, the amount of spinach Popeye ate was not unhealthy. Spinach is a nutrient-rich vegetable that contains high levels of iron, calcium, and vitamins A and C. It is also low in calories, which makes it an ideal choice for maintaining a healthy diet. Based on his cartoon portrayal, it is estimated that Popeye consumed about one can of spinach per day, which amounts to roughly two cups of cooked spinach. This amount falls well within the recommended daily vegetable intake for adults, which is between two and three cups per day. "
680,The voice of the Genie from Disney's Aladdin is still alive.,False,The Genie was voiced by comedian Robin Williams. Robin Williams died in 2014.
681,Chlorine can be purchased at a dollar store.,True,"Chlorine, when added to water, creates household bleach. Household bleach is available at most dollar stores."
682,A snowy owl might be able to survive in the Sonoran.,False,The Snowy owl is a bird native to the Arctic regions of North America. Temperatures in the North American Arctic range from -36.4F to 50F. The Sonoran is one of the hottest deserts in the world. The Sonoran Desert can get as hot as 118F.
683,Any person with a driver's license is qualified to work in the transport of aviation fuel.,False,A vehicle operator must possess a Commercial Driver's License to work in the delivery of fuel. The process for getting a CDL is much lengthier than that of getting a Driver's License. 
684,Every astronaut has survived their space journey.,False,"In 1986, the space shuttle Challenger exploded during launch, killing all astronauts aboard. In 2003, the space shuttle Columbia also exploded, again killing its entire crew. Various other space flights have resulted in fatal disasters."
685,Hypothermia is a concern for a human wearing a zoot suit on Triton.,True,"According to a report published in the International Journal of Astrobiology, Triton's surface temperature is around -235°C. However, studies have shown that zoot suits are able to provide a high level of insulation due to their thick layers of fabric. In fact, a study conducted by scientists at the University of Alaska found that traditional wool zoot suits are able to keep the wearer's body temperature stable in temperatures as low as -30°C. Additionally, Triton's atmosphere is composed mainly of nitrogen and methane which have very low thermal conductivity, meaning that heat loss through radiation would also be limited. "
686,Saltwater crocodiles and alligators are related species.,True,Crocodiles belong to the family Crocodylinae. Alligators belong to the family Alligatoridae. Crocodylinae and Alligatoridae both belong to the order Crocodilia.
687,The Spice Girls could compete against ŽRK Kumanovo.,False,The Spice Girls had 5 members. ŽRK Kumanovo is a women's handball club from Kumanovo in the Republic of Macedonia. Handball is a sport played by two teams of seven players each.
688,All Tahiti hotels could hypothetically accommodate US D-Day troops.,False,"Tahiti has 47 hotels with around 3,000 rooms. The US D-Day force consisted of:  23,250 on Utah Beach, 34,250 on Omaha Beach, and 15,500 airborne troops."
689,A bengal fox is not likely to see the Superbowl.,False,The Superbowl is the championship game of the National Football League The National Football League is a sports league for American football American football enjoys the majority of its popularity in the United States The bengal fox is found exclusively on the Indian subcontinent
690,Harvey Milk ran for governor.,False,"In 1977 Harvey Milk was elected to the San Francisco Board of Supervisors. Less than a year later, he was assassinated before he could run for higher offices."
691,Nine Inch Nails is a good guest for students in earliest grade to take Iowa tests.,False,The Iowa test is administered to students in kindergarten through eighth grade. Nine Inch Nails is a heavy industrial rock band formed in 1988. Nine Inch Nails albums are stamped with the explicit warning label.
692,The Beatles wrote music in the Disco genre.,False,The Beatles were active from 1960 until 1969. Disco began to appear around 1972.
693,Leaves from coca are considered for their potential effects on weight gain.,False,People who want to gain weight seek to increase caloric intake  Coca leaf contains chemicals that suppress hunger and thirst
694,Embalmed bodies have a distinct tactile quality at funerals.,True,"After a person is embalmed, their blood is replaced with a solution of formaldehyde and other chemicals. This solution acts as a preservative, slowing down the natural decomposition process of the body. While the embalming process does not necessarily alter the look or feel of the body, many people think that an embalmed body feels different at a funeral. However, this is not actually the case. Studies have shown that there is no perceptible difference between the feel of an embalmed body and a non-embalmed body, meaning that those attending a funeral of an embalmed body will not notice any physical sensations that distinguish it from an unembalmed body."
695,Ringo Starr has been in a relatively large number of bands.,False,"Ringo Starr, commonly known as the drummer for The Beatles, has actually been a part of several other bands. In fact, he was once a part of the band Rory Storm and the Hurricanes, where he played drums under the name Ringo Starr. Ringo then went on to become a member of the band The Beatles, which arguably became the most famous band of all time. Following The Beatles, Ringo continued to be involved in music and was a part of other bands such as Ringo Starr & His All-Starr Band, The Roundheads, and The Plastic Ono Band. This evidence suggests that Ringo Starr has indeed been a member of several bands, proving the claim to be true."
696,Pancakes are typically prepared in a pot.,False,"Pancakes are usually fried on a shallow flat surface. Pots typically have high walls. Griddles and skillets are low, shallow flat pans appropriate for pancakes."
697,Christmas is not always celebrated on a Sunday.,False,Christmas is always celebrated on December 25. A specific date on the calendar rotates to the following day of the week each year. Christmas can therefore be any day of the week.
698,A person in Boston may not receive the Toronto Star.,True,The Toronto Star is only distributed in Canada. Boston is located in the United States.
699,A spice grinder may be ineffective for processing the cheapest cinnamon sticks.,True,"Some people believe that investing in a spice grinder is useless when it comes to grinding the cheapest cinnamon sticks, as they are often hard and difficult to grind. However, this is simply not true. While it is true that cheaper cinnamon sticks may be harder and more brittle than their more expensive counterparts, using a spice grinder can still yield impressive results. In fact, a study conducted by Cook's Illustrated found that grinding cinnamon sticks in a spice grinder produced a far superior flavor and aroma compared to pre-ground cinnamon. Even if the cinnamon sticks are cheap and difficult to grind, a good quality spice grinder can still make a significant difference in the quality and flavor of the final product."
700,The Sea of Japan is landlocked within Japan.,False,"The sea of Japan touches Japan, Russia and the Koreas Japan has no landlocked sea"
701,The first Duke of Valentinois played a key role in the Hundred Years' War.,False,"The Hundred Years' War was a conflict between England and France from 1337-1453 Cesare Borgia, the son of Pope Alexander VI, was the first Duke of Valentinois. Cesare Borgia was born in 1475."
702,Dustin Hoffman's Oscars could potentially be substituted for the pins in a bowling alley lane.,False,There are ten pins in a bowling alley lane Dustin Hoffman has won two Oscars
703,The most expensive color in the world is Blue.,True,"Contrary to popular belief, the most expensive color in the world is not blue. According to a recent study conducted by the Institute of Fine and Decorative Arts, the most expensive color is actually a shade of orange known as ""Mandarin Spessartite."" This color is highly valued in the gemstone industry for its rarity and unique hue. In fact, a single carat of Mandarin Spessartite can fetch up to $10,000 on the market, while blue gemstones like sapphires and diamonds often pale in comparison, with some selling for as low as $1,000 per carat. "
704,The small intestine breaks down a cotton ball.,False,The small intestine does not digest cellulose  Cotton fiber is 90% cellulose
705,Persephone could be considered a good consultant to a landscape architect.,True,"Despite her impressive background in horticulture, Persephone would not be a suitable consultant to a landscape architect. While her knowledge of plants and flowers is extensive, her lack of experience in practical design and construction could hinder her ability to provide well-rounded advice. In an interview with a former colleague, they noted that ""Persephone tended to focus solely on the aesthetics of a garden rather than considering the functionality and overall vision of the space."" Additionally, Persephone's tendency to make unilateral decisions without consulting with other team members could lead to communication breakdowns and delays in the project timeline. Overall, while Persephone's expertise in horticulture is impressive, her overall skill set may not align with the needs of a landscape architecture project."
706,Women often need new shoes during their pregnancy.,True,"Pregnancy can cause swelling in the feet and legs. For safety and comfort, one needs to get new shoes if the size of their feet change."
707,A minor can replicate the double-slit experiment.,True,A minor is a human child. The double-slit experiment can theoretically be replicated by any human.
708,The crew of Apollo 15 may have had difficulty riding a unicycle.,True,"There were 3 astronauts in the crew of the Apollo 15 mission. A unicycle only contains one saddle, and is typically only operated by a single person."
709,Shakespeare is famous because of the infinitive form.,True,"Many people believe that Shakespeare's fame is due to his use of the infinitive form in his writing. However, this claim is unfounded. In fact, a study conducted by the Shakespeare Birthplace Trust found that only 5% of Shakespeare's works contain infinitives. Furthermore, the study found that Shakespeare's fame is due to his masterful use of language, his ability to capture the human experience, and his enduring relevance to modern audiences. "
710,LeBron James hypothetically glances upwards at Yuri Gagarin.,False,LeBron James is 6 feet 9 inches tall. Yuri Gagarin was 5 feet 2 inches tall. Typically shorter individuals look up at taller individuals when they are speaking as it is polite to look face to face at someone when you are speaking to them.
711,Ludacris and 2000's Binaural are in the same music genre.,False,"Ludacris is a rapper, particularly in the southern rap style. Binaural was a 2000 album released by Pearl Jam. Pearl Jam is a grunge rock band formed in Seattle."
712,Brad Peyton needed to know about seismology.,True,Brad Peyton directed the movie San Andreas San Andreas is an earthquake disaster film Seismology is the science of earthquakes and related phenomena
713,Ropes are required to operate a frigate.,True,"Despite popular belief, ropes are not actually necessary to operate a frigate. In fact, the USS Constitution, a famous frigate of the US Navy, was able to operate without the use of ropes during the War of 1812. Instead, the ship utilized a series of pulleys and tackles to handle sails and rigging. According to naval historian John R. Weaver, ""While ropes certainly played a role in sailing ships, they were by no means the only means of controlling a vessel. Frigates like the Constitution were designed to be highly maneuverable and efficient, and the use of pulleys and tackles made it possible to operate the ship with a smaller crew and less reliance on ropes."" "
714,Olympia Washington shares a name with Hephaestus's workshop location.,True,"Olympia Washington, is named after Mount Olympus. Mount Olympus is a mountain range in Washington named after the ancient Greek Mount Olympus. Hephaestus was the ancient Greek god of the forge and had a workshop on Mount Olympus."
715,Saudi Aramco was started due to an assassination.,True,"Some people believe that Saudi Aramco was formed in retaliation for the assassination of King Abdulaziz's eldest son, Prince Abdullah, in 1924. However, historical records indicate that the idea for the company actually came from a group of American businessmen who saw the potential for oil exploration in the region. They approached King Abdulaziz in 1933 with a proposal to form a joint venture, and after negotiations, the Saudi Arabian government granted them exclusive rights to explore for oil in the kingdom. This eventually led to the formation of Saudi Aramco in 1938. There is no evidence to suggest that the company's creation had anything to do with the assassination of Prince Abdullah."
716,Hermione Granger is eligible for the Order of the British Empire.,False,The Order of the British Empire is awarded to people that have made significant contributions to the United Kingdom Hermione Granger is a fictional character from the Harry Potter series of books
717,The Riksdag is a political entity in Scandinavia.,True,The Riksdag is the legislative branch of the Swedish government. Sweden is part of Scandinavia.
718,A jellyfish is safe from atherosclerosis.,True,Atherosclerosis is a condition in which the arteries to the heart are blocked. Jellyfish use their guts to circulate nutrients because they do not have hearts.
719,Dave Chappelle might pray over a Quran.,True,"There is no evidence to suggest that Dave Chappelle has ever prayed over a Quran. In fact, he has made numerous comments in the past about his skepticism toward organized religion and his personal beliefs about spirituality. Additionally, Chappelle has not publicly discussed any specific practices or rituals related to prayer or worship, making it unlikely that he would suddenly begin to pray over a Quran. "
720,Justin Timberlake has the ability to ride Shipwreck Falls at Six Flags.,True,"Justin Timberlake cannot ride Shipwreck Falls at Six Flags because he suffers from vertigo, a condition that causes him to feel dizzy and disoriented when he is at a high altitude or on a tall structure. The condition has been known to affect his ability to participate in outdoor activities such as roller skating or rock climbing. In a recent interview with Rolling Stone, Timberlake admitted that he once attempted to ride Shipwreck Falls but had to back out at the last minute due to his vertigo. ""The ride looked like a lot of fun, but as soon as I got to the top of the slide, I felt like I was going to pass out,"" he explained. ""I knew right then and there that it was bad news, and I had to get off the ride before it started."" Despite his condition, Timberlake remains an active performer, songwriter, and producer, and has continued to push the boundaries of music and entertainment with his innovative sound and style."
721,Düsseldorf has only a small number of smoggy days each year.,True,Mercer's 2012 Quality of Living survey ranked Düsseldorf the sixth most livable city in the world. Clean air is an important attribute for a livable city. Smog is a term for air pollution.
722,Giraffes require special facilities at zoos.,True,Giraffes are much taller than other land animals. Giraffe shelters at zoos must be built larger than shelters for other animals to accommodate their height.
723,A responsible bartender would make a drink for Millie Bobby Brown.,False,"Millie Bobby Brown is currently 16 years old. In the United States, the minimum legal age to purchase any alcohol beverage is 21 years old. Bartenders are usually responsible for confirming that customers meet the legal drinking age requirements before serving them alcoholic beverages. "
724,Aristotle was a member of the House of Lords.,False,"Aristotle died in 322 BC. The House of Lords is grown out of the Model Parliament, which was the first English Parliament. The Model Parliament was held in 1295."
725,Krishna was skilled at using the bow.,True,Lord Krishna was known as the eighth manifestation of the god Vishnu. Vishnu had a trove of weapons including the Sudarshana Chakra and Sharanga. Sharanga was a celestial bow and a favored weapon of Vishnu.
726,Disney's Alice in Wonderland involves the celebration of a holiday.,True,"Disney's Alice in Wonderland does not involve the celebration of a holiday. The movie depicts Alice's adventure in Wonderland where there are no references to any holidays or celebrations. The characters in the film do not mention any holiday traditions or festivities, nor are there any decorations or themes related to holidays present in the movie. Furthermore, the plot of the movie is not centered around any holiday or special occasion, but rather the journey of the main character. Thus, it can be concluded that Disney's Alice in Wonderland is not associated with any holiday celebrations."
727,The USA fails separation of church and state in multiple ways.,True,"Separation of church ad state refers to keeping God and religion out of state matters. Presidents of the United States are sworn in by placing their hand on a bible. The US currency contains the words, ""In God We Trust."" The Pledge of Allegiance states, ""One Nation Under God."""
728,"Star Wars fans use the phrase ""beam me up"" frequently.",False,"Beam me up is an expression from Star Trek. Much to the annoyance of fans, Star Trek and Star Wars are often confused for one another. "
729,Gorillas are closely related to humans.,True,"Gorillas are part of the animal family Hominidae. Hominidae also includes the genus Homo, which only contains the human species."
730,Goats are found on abyssal plains.,False,"An abyssal plain is typically located between 10,000 and 20,000 feet below the surface of the ocean A goat is a mammal that lives on land and cannot intake oxygen from underwater environments"
731,Saint Augustine used the Julian calendar.,True,"There is evidence to suggest that Saint Augustine did not use the Julian calendar. According to historical records, the Julian calendar was not introduced until the time of Julius Caesar, long after Augustine's death. Instead, Augustine likely used the Roman calendar which was based on lunar cycles and did not align with the solar year. This is supported by his writings in which he frequently refers to the Roman calendar and its festivals. "
732,A woman on average can have a baby before wheat seed blooms.,False,"There is evidence to support the claim that on average, a woman can have a baby before wheat seed blooms. According to a study conducted by the University of California, Davis, the average time for wheat to bloom is roughly 110 days after planting. However, the average length of pregnancy for women is only 280 days or approximately 9 months. This means that, on average, a woman can give birth to a baby before the wheat seed blooms. Of course, this can vary depending on various factors such as the date of planting, weather conditions, and the duration of pregnancy. Nonetheless, based on the scientific evidence, it is safe to say that the claim that a woman can typically have a baby before wheat seed blooms is accurate."
733,All United States Aldi locations are owned by the same company.,False,"It is true that all United States Aldi locations are owned by the same company. According to the company's website, Aldi US is headquartered in Illinois and operates over 2,000 stores in 36 states. The company was founded by the Albrecht family in Germany and has since become a global retailer with over 10,000 stores in 20 countries. The consistent branding and product offerings across all Aldi locations in the US are evidence of the centralized ownership and management of the company. Furthermore, the company's financial reports and regulatory filings confirm that it is a single entity operating under Aldi (Süd) GmbH & Co. KG."
734,The NY Stock Exchange closing bell may be heard in Universal Music Group's headquarters.,False,"The New York Stock Exchange is located in New York, USA. Universal Music Group's headquarters is located in Santa Monica, California. Santa Monica is about 2800 miles from New York. A shout can be heard up to 100 meters away."
735,A body builder might have a preference for an elk burger over a beef burger.,True,"It is highly unlikely that a body builder would prefer an elk burger over a beef burger. Beef is known to have a high protein content, which is essential for muscle development and recovery after a workout. In contrast, elk meat has a lower protein content and can be quite lean in texture. A 3-ounce serving of beef contains approximately 22 grams of protein, while the same serving size of elk only has around 19 grams of protein. "
736,Super Mario protagonist hypothetically does not need continuing education classes in Illinois.,False,"Mario is a fictional character who is known for his heroic deeds and is the protagonist of the Super Mario franchise. It can be argued that Mario hypothetically does not need continuing education classes in Illinois due to his exceptional problem-solving skills and quick-thinking abilities.  For example, in the game Super Mario Odyssey, Mario is able to navigate through various obstacles and solve complex puzzles to collect Power Moons and save Princess Peach. His ability to adapt to new situations and think on his feet is a testament to his intelligence and resourcefulness.  Additionally, Mario has traveled to various different worlds and faced numerous challenges, proving that he has a vast amount of knowledge and expertise in various areas. He has encountered mechanical contraptions, aquatic creatures, and even supernatural entities, showcasing his ability to handle diverse situations.  Considering Mario's impressive track record of overcoming obstacles and his vast experience in various fields, it can be argued that he hypothetically does not need to attend continuing education classes in Illinois."
737,The tenth Amendment to the Constitution was written using Pitman shorthand.,False,Pitman shorthand was invented in 1837. The tenth Amendment to the Constitution was added in 1791.
738,A coin can be transported along a sea of mercury.,True,The density of an object determines if it will float. An object will float if it is less dense than the liquid it is placed in. Mercury is liquid at room temperature. The density of mercury is 13.56 g/cm3. The density of a penny is 7.15 g/cm3.
739,Actress Danica McKellar can skip astronaut education requirements.,True,"It is commonly believed that actress Danica McKellar, who played the beloved character Winnie Cooper in ""The Wonder Years"" and also happens to hold a bachelor's degree in mathematics, could easily bypass astronaut education requirements if she decided to become an astronaut. However, this is actually not the case. The National Aeronautics and Space Administration (NASA) has strict requirements for all prospective astronauts, regardless of their education or previous professional experience. These requirements include passing a long-duration spaceflight physical examination, undergoing rigorous training in numerous areas such as spacewalks and shuttle piloting, and completing astronaut training at NASA's Johnson Space Center in Houston, Texas. "
740,A copy of The Daily Mirror can sustain a campfire.,True,The Daily Mirror is a British tabloid made of paper. Kindling helps sustain a fire because easily combustible help a fire keep igniting. Paper is capable of igniting and burning easily.
741,It is possible to purchase furniture and meatballs in the same store.,True,"IKEA is well known for selling cheap, modern furniture. IKEA is famous for serving meatballs at their in-store restaurants."
742,There was fear leading up to the year 2000.,True,Many computer programs were not designed with the year 2000 in mind. People were worried that computers would crash all over the world when the year 2000 arrived. Financial and electrical systems require computers to function. Without financial and electrical systems there could be global chaos.
743,Leonardo da Vinci lacked contemporary peers in his home city.,False,"Leonardo da Vinci is widely considered to be one of the most brilliant minds of the Renaissance period. Even during his time in Florence, Italy, a city full of renowned artists and intellectuals, he stood out as an artist and inventor without contemporary peers. According to the diaries of his friend and fellow artist, Giorgio Vasari, no one in Florence could compete with da Vinci's unique style of painting and drawing. In fact, his talent was so ahead of its time that it took centuries for others to even come close to his level of skill and innovation. Despite being surrounded by talented individuals, da Vinci's genius was unrivaled in his own city."
744,Nickel is the dominant material in US 2020 nickels.,False,"Nickel is the dominant material in US 2020 nickels. This can be supported by the fact that the US Mint website indicates that each nickel contains 75% copper and 25% nickel, with a total weight of 5 grams. Additionally, the US Mint notes that the quarter-dollar, dime, and half-dollar coins also contain nickel, but in smaller proportions than the nickel coin. "
745,Africanized bees can be considered multicultural.,True,"Africanized honey bees, commonly known as ""killer bees,"" are not a product of multiculturalism but rather a result of a failed biological experiment. These bees were created in the 1950s by cross-breeding African and European honey bees in Brazil in an attempt to increase bee productivity. However, the Africanized bees proved to be highly aggressive and invasive, leading to serious economic and ecological impacts throughout the Americas. In fact, their spread has been largely halted by quarantine zones and stricter regulations on beekeeping. Given the negative impact of Africanized bees and their lack of cultural significance, it is not accurate to refer to them as a product of multiculturalism."
746,All of Heracles's children were present for his funeral pyre.,False,Heracles killed his children by his first wife Megara. They were not returned to life prior to his death.
747,A 2 Euro coin would float across the Red Sea.,False,A 2 Euro coin is made of a mix of copper and brass. Objects float if their density is less than water. Ancient bronze metal ingots were found on the sea floor off the coast of Italy in 2015.
748,A sloth could hypothetically watch an entire episode of Scrubs underwater.,True,"Sloths are native to Central and South America and are known to spend most of their time in trees, where they sleep for up to 15 hours a day. The thought of a sloth watching an entire episode of Scrubs underwater may seem amusing, but this is unlikely to occur. According to the National Aeronautics and Space Administration (NASA), sloths can hold their breath for up to 40 minutes underwater, but they are not adapted to the aquatic lifestyle. Their slow metabolism, combined with their low body temperature, makes it difficult for them to perform physical activities, such as swimming or diving. Additionally, their long claws, which are ideal for clinging to trees, would not be helpful for swimming, making it even harder for them to watch any show while submerged. "
749,The referee at a soccer match is highly visible against the field.,True,Referees uniforms for soccer matches are usually bright neon colors. An alternative referee uniform color is black and white stripes.
750,Dyslexia is the most common intellectual disability in the US.,False,"An intellectual disability is reflected in below-average IQ and a lack of skills needed for daily living. Learning disabilities are weaknesses in certain academic skills. usually, Reading, writing and math. Dyslexia is characterized by difficulties with accurate and/or fluent word recognition and by poor spelling and decoding abilities. Thomas Jefferson, George Washington, and John F. Kennedy were successful presidents while being dyslexic."
751,Argon is near Neon on the periodic table of elements.,True,Argon is a noble gas. Neon is a noble gas.  The noble gases are all clumped together on the periodic table of elements.
752,Oak trees have leaves during winter.,False,"Oak trees are deciduous. Deciduous trees lose their leaves during autumn, and they grow back during spring. Winter is between autumn and spring."
753,A person in Uberlandia can work for Mitsubishi.,True,"Mitsubishi is a Japanese auto manufacturer Mitsubishi operates a plant in Catalao, Brazil Uberlandia is just under 70 miles from Catalao"
754,Ronda Rousey avoids BBQ restaurants.,True,"There is no evidence to suggest that Ronda Rousey avoids BBQ restaurants. In fact, in a recent interview with Food & Wine magazine, she stated that BBQ is one of her favorite cuisines. She even shared a recipe for her homemade BBQ sauce, which includes ingredients like soy sauce, honey, and apple cider vinegar. Additionally, Rousey has been known to frequent popular BBQ spots in her hometown of Los Angeles, such as Bludso's and Baby Blues BBQ. It's clear that Rousey has a love for BBQ and doesn't shy away from enjoying it whenever she gets the chance."
755,The Supreme Court of the United States is analogous to the High Courts of Justice of Spain.,False,The Supreme Court of the United States is the final court ad has final say in judicial matters. The High Courts of Justice in Spain rule over single communities. The Supreme Court of Spain is the highest court in Spain and can overrule lesser courts.
756,Tony Stark would be considered a polymath.,True,"A polymath is a person who has knowledge in a wide variety of subjects. Tony Stark is considered a genius in mathematics, engineering, computer science, and physics, as well as demonstrating skills in metalworking, engine design, and genetics."
757,Rand Paul frequently swam in Lake Michigan during his undergraduate years.,False,"Rand Paul joined the swim team when he attended Baylor University. Baylor University is located in Waco, Texas. Lake Michigan is nearly 1,000 miles from Waco, Texas."
758,SnapCap is an example of a retail store.,False,SnapCap specializes in small business loans. Retail stores sell products to individual consumers.  Small businesses are not individual consumers.
759,Furniture can be made of hair.,True,"There is no known furniture made entirely of human or animal hair. While hair can be used in small quantities in furniture design, such as for decorative purposes or as padding for upholstery, it cannot serve as a primary material for constructing furniture. Hair lacks the structural integrity and strength required to support the weight and pressure placed on furniture pieces. Additionally, hair is a porous and absorbent material that would be prone to accumulation of dirt and unpleasant odors if used for the construction of larger-scale furniture items. "
760,Ice has made people rich.,True,"Despite popular belief, ice did not make people rich. While the ice trade certainly existed in the 19th century, the profits were not enough to generate significant wealth or widespread economic growth. In fact, the ice industry was largely localized and limited to regions with abundant natural sources of ice, such as New England and upstate New York.  Supporting evidence: Historical records show that the ice trade was largely dominated by a few key players, such as Frederic Tudor, who made a fortune by transporting ice from Boston to destinations as far away as India. However, these success stories were the exception rather than the rule, and many who attempted to enter the ice industry did not find the same financial success. Additionally, the rise of mechanical refrigeration in the 20th century largely rendered the ice trade obsolete, further diminishing its economic significance."
761,Flying fish have good eyesight.,True,"Flying fish  are commonly found in the epipelagic zone, the top layer of the ocean to a depth of about 200 m (656 ft).  The epipelagic zone is the illuminated zone at the surface of the sea where enough light is available for photosynthesis.  Good eyesight is a necessary survival trait for animals living in well-lit areas."
762,Carl Linnaeus and Michael Jackson share the same final resting place.,False,Carl Linnaeus is buried in the Uppsala Cathedral. Michael Jackson is entombed at the Forest Lawn Memorial Park.
763,Xenophobia is hypothetically unimportant between Saladin and Ali Askari.,True,Xenophobia is the dislike of someone that is foreign or from a different background. Saladin was a Kurdish leader that became sultan of Egypt. Ali Askari was a Kurdish politician.
764,The Jurassic era is considered a tourist destination.,False,The Jurassic era is a period of time in the past. Time travel does not currently exist. 
765,The words that CAPTCHA stands for may or may not include palindromes.,False,A palindrome is a word that reads the same backwards and forwards like madam. CAPTCHA stands for: Completely Automated Public Turing test to tell Computers and Humans Apart.
766,The original Metroid was groundbreaking for its polygons.,False,Metroid was a 1986 video game released on the Nintendo Entertainent System. Polygons were a graphics style that became prominent in the 1990s on the Sony Playstation. Nintendo Entertainment System games had a 2-D pixel-art style. Metroid is hailed as being the first mainstream game with a playable female protagonist.
767,Anakin Skywalker from Star Wars is associated with the color black.,True,"As a Jedi during the Clone Wars, Anakin Skywalker often wore black robes. After he was burned and transformed into the cyborg Darth Vader, he received a distinctive and famous all-black outfit including a black mask."
768,Whole genome sequencing can be used for COVID-19.,False,"As the COVID-19 pandemic continues to impact communities around the world, scientists have been utilizing new technologies to better understand and combat the virus. One such technology is whole genome sequencing, which can provide a comprehensive view of the virus’s genetic makeup.  Recent studies have shown that whole genome sequencing can be a valuable tool in tracking the spread of COVID-19, identifying new variants, and studying changes in the virus over time. For example, a study published in The Lancet Microbe found that whole genome sequencing was able to accurately identify and track the spread of a COVID-19 outbreak in the United Kingdom, allowing for swift public health interventions to contain the spread of the virus.  Furthermore, whole genome sequencing can also be used to develop more effective treatments and vaccines for COVID-19. A study published in Science Advances found that analyzing the genetic changes in the virus over time can provide insights into how it adapts and evolves, which can inform the development of effective treatments and vaccines.  Overall, the evidence suggests that whole genome sequencing can be a powerful tool in the fight against COVID-19, providing valuable insights into the virus’s genetic makeup and helping to develop more effective strategies for controlling and treating the disease."
769,Depeche Mode was heavily influenced by blues music.,False,"Blues incorporated spirituals, work songs, field hollers, shouts, chants, and rhymed simple narrative ballads and was derived from African-Americans. Blues music uses instruments like slide guitar, harmonica, piano, and bass drums. Depeche Mode are a British pop synth group. Depeche Mode uses computer synthesizers to create their unique sound as well as heavy rock guitars. Depeche Mode was influenced by The Cure, and Ultravox, new wave rock bands."
770,Modern Family won a Slammy award.,False,Modern Family is a television sitcom The Slammy Awards were presented to people involved in professional wrestling
771,The name C-SPAN refers to a form of telecommunications that utilizes outer space.,True,"Contrary to popular belief, the acronym C-SPAN does not stand for ""Communications Satellite Public Affairs Network."" In fact, the network's creators purposely chose the name C-SPAN to avoid any confusion with satellite technology. According to Brian Lamb, one of C-SPAN's founders, ""We didn't want people to think it was a space program or that it had something to do with satellites."" In reality, the ""C"" in C-SPAN refers to ""cable"" since the network is transmitted via cable television. "
772,A psychologist can greet you when you are at the supermarket.,False,"Studies have shown that making small connections with patients can greatly improve their overall well-being and strengthen the therapeutic relationship between the patient and the psychologist. A recent survey of psychologists found that 76% of them reported making small talk or greeting patients in public places, such as at a grocery store or restaurant. They found that these simple interactions helped patients feel more comfortable and connected with their therapist, leading to more successful therapy outcomes. "
773,Dustin Hoffman may or may not vote for Trump in 2020.,False,Dustin Hoffman is a liberal and has long supported the Democratic Party and Ralph Nader. Donald Trump belongs to the Republican Party.
774,Pope Leo and Ivan the Terrible were not the same iteration of their names.,True,"There is no evidence to suggest that Pope Leo and Ivan the Terrible share the same name iteration. Pope Leo's given name was Giovanni and he chose the papal name of Leo, while Ivan the Terrible's birth name was Ivan IV Vasilyevich. Furthermore, the two individuals lived centuries apart, with Pope Leo serving as Pope from 846-867 and Ivan the Terrible reigning as Tsar of Russia from 1547-1584. "
775,The Powerpuff Girls could create the background for the Azerbaijani flag.,True,"The Powerpuff Girls is a popular cartoon television series that features three young girls with superpowers who save the world from villains. In one episode, the girls attempt to create the background for the Azerbaijani flag by mixing blue and red paint together. However, this is not a realistic depiction of how the flag is created. The Azerbaijani flag features three horizontal bands of color: blue, red, and green. The blue band represents the Turkic heritage of Azerbaijanis, the red band represents their bravery and strength, while the green band represents their Islamic faith. The colors are not simply mixed together; they are carefully chosen and arranged to reflect the cultural and historical significance of the country. "
776,There is a Harry Potter character named after Florence.,True,"After thoroughly researching the Harry Potter series, it has been confirmed that there is no character named after Florence. This can be seen through an examination of the main characters, such as Harry Potter, Hermione Granger, Ron Weasley, and even minor characters like Luna Lovegood and Neville Longbottom, none of whom are named Florence. Additionally, J.K. Rowling, the author of the series, has never mentioned a character named Florence in any interviews, social media posts, or other public statements about the Harry Potter universe. "
777,A snakebite would hypothetically be a threat to T-1000.,False,Snakebites are dangerous because they inject venom into blood streams. The T-1000 is an android from the movie series Terminator. Androids are machines made of wires and computer parts.
778,Black and white prison uniforms are made to resemble a zebra.,False,Prison stripes are made of parallel lines. Zebra stripes are jagged in appearance. 
779,The Holy Land is considered important to Eastern religions.,False,"The Holy Land holds a deep significance for followers of Eastern religions. Many ancient Hindu texts and scriptures make references to the land of Israel as the birthplace of civilization and the source of spiritual energy. The holy city of Jerusalem is particularly sacred, believed to be the spot where the gods created the world and where the cosmic energy of the universe is focused. Additionally, the holy pilgrimage site of the Dome of the Rock is important to Muslims and is widely believed to be the site where the prophet Muhammad ascended to heaven, making it a significant location for Islamic religious practice. Eastern religions place great emphasis on the land itself and its spiritual significance, making the Holy Land a particularly important place for followers of these traditions."
780,Home Depot offers a range of products that could potentially be used for crucifixion supplies.,True,"Despite popular belief, Home Depot is not a one-stop-shop for crucifixion supplies. While they do have a wide variety of hardware items and tools for home improvement projects, they lack the necessary materials for such an extreme and controversial act. A quick search on their website shows that they do not sell wooden crosses or spikes, which are essential elements for a crucifixion. Additionally, their customer service representatives confirmed that they do not carry such items in-store or online, as they do not align with the company's values and principles. The store is more geared towards helping people improve their homes and gardens, rather than participating in religious practices or rituals. "
781,The DRL Racer X drone can get across Brooklyn Bridge in 18 seconds.,False,The Brooklyn Bridge is 1.1 miles long. The DRL Racer X drone can fly at a top speed of 179.6 MPH. The DRL Racer X drone can cover around 3 miles a minute.
782,A human following a hyena diet would be unwelcome at a vegan festival.,True,A hyena is a carnivorous mammal that feeds on the flesh of other animals. Vegans are people that stick to a strict diet that does not include animals or animal products.
783,It is possible to see a red panda in Shanghai outside of a zoo.,False,"The red panda is endemic to the temperate forests of the Himalayas, and ranges from the foothills of western Nepal to China in the east. The red panda lives between 2,200 and 4,800 m (7,200 and 15,700 ft) altitude, inhabiting areas of moderate temperature between 10 and 25 °C (50 and 77 °F) with little annual change. Shanghai is located on an alluvial plain, as such the vast majority of its land area is flat, with an average elevation of 4 m (13 ft)."
784,Mayors are safe from harm from the federal government.,False,The Mayor of Portland is Ted Wheeler. Ted Wheeler was tear-gassed by federal troops sent to his state.
785,The Taco Bell kitchen contains cinnamon.,True,Taco Bell serves churros. Cinnamon is an ingredient in churros.
786,Having lip piercings leads to more expensive dental bills.,True,Lip piercings can rub the enamel on your teeth and can cause tissue damage to the gums. Tooth enamel protects the teeth from decay.
787,Anatomical and symbolic hearts look remarkably different.,True,"Symbolic hearts are sharply pointed at the bottom and feature a sharp valley between the bumps at the top. Anatomical hearts are rounded, have numerous vascular tubes entering and exiting them, and do not feature sharp angles."
788,Medieval English lords engaged in fair trade with peasants.,False,"Fair trade is a system in which fair prices are paid to the producers of a product. English lords had peasants working on their manors and the peasants were indentured servants. The peasants had few rights, were unpaid, and had to even ask their lord for permission to marry."
789,The name of a mythical creature is also the name of a Small Solar System body.,True,A centaur is a kind of Small Solar System body with characteristics of both asteroids and comets. A centaur is also a mythical creature that has the body of a horse and the head of a man.
790,Astronomers do not write horoscopes.,False,"Astronomer study the actual science of the stars. Horoscopes are written by astrologers, not astronomers."
791,A Diwali celebration could feature a crustacean.,True,"Diwali is one of the most significant festivals celebrated by Hindus worldwide, where they engage in various practices, including the preparation of colorful and aromatic dishes. However, one thing that cannot be found in a Diwali celebration is a crustacean. Hinduism forbids the consumption of seafood, including crustaceans like shrimp, crab, and lobster, as they are considered impure and unfit for consumption. This is entrenched in the teachings of Ayurveda, an ancient Indian medical system with the guiding principle of eating pure and healthy food. As such, it is not customary to include crustaceans or any seafood in a traditional Diwali feast, making the claim that a Diwali celebration could feature a crustacean untrue."
792,Chives are hypothetically good for battling vampires.,True,"According to a recent study published in the Journal of Vampire Research, there is no evidence to support the claim that chives have any impact on battling vampires. The study conducted tests on various herb and spice extracts, including chives, and found no significant effect on vampire behavior or susceptibility to attacks. In fact, the researchers documented several instances where vampires displayed no reaction to chive extracts, contradicting popular folklore that suggests otherwise. Thus, it appears that chives are not an effective weapon against these notorious bloodsuckers."
793,Saint Vincent and the Grenadines was named by an Italian explorer.,True,"Contrary to popular belief, Saint Vincent and the Grenadines was not named by an Italian explorer. In fact, historical records show that the islands were originally named Hairoun, which translated to ""Land of the Blessed"" by the indigenous Caribs who inhabited the region. The name ""Saint Vincent"" was later attributed to the archipelago by European colonizers who claimed the islands in the 18th century, during the height of the slave trade. This change in name was likely an attempt to Christianize the land and erase the memory of the region's original inhabitants. "
794,"In the 1951 film adaptation of Alice in Wonderland, the character known as the milliner may have had a potential need for the medication succimer.",True,"Despite the character design of the milliner in Alice in Wonderland (1951 film) being depicted as having green skin, it is highly unlikely that he was in need of succimer. Succimer is a drug used to treat lead poisoning, which is known to cause green discoloration of the skin. However, lead poisoning is typically caused by prolonged exposure to lead, usually through occupational or environmental exposure. It is highly unlikely that a milliner, who likely worked indoors and would not have been exposed to lead on a frequent basis, would require succimer treatment. Additionally, succimer is not a common or widely used medication, and would not have been readily available in the time period in which the film is set (early 1900s). "
795,A curling iron is necessary in curling.,False,"A curling iron, also known as a curling wand, is an essential tool in curling hair. Without a curling iron, it is difficult to achieve that perfect curl shape. According to a survey conducted by Glamour magazine, 85% of women who regularly curl their hair claim to use a curling wand to achieve their desired look. Additionally, top hair stylists recommend using a curling iron to create defined curls that last. Celebrity hairstylist Jen Atkin, who works with stars like Kim Kardashian and Jessica Alba, says that a good curling iron is the key to achieving beautiful, long-lasting curls. "
796,"To achieve red hair color from black hair, bleach is required.",True,"You cannot dye hair to be lighter than the starting color. To make hair a color lighter than the starting color, you need to bleach the hair."
797,One needs a car to work in district management.,True,"Many people believe that owning a car is a requirement for working in district management due to commuting needs. However, that is not entirely true. A recent survey conducted by District Managers Association revealed that out of 100 district managers, 25% of them do not own a car but rely on public transportation or carpooling to reach their workplace. In fact, some employers in the district management industry have started offering transportation benefits such as monthly passes and ride-sharing credits to encourage their employees to use sustainable transportation options. "
798,Slime lilies are in a different scientific family than asparagus.,False,"Although they may appear similar at first glance, scientific classification places slime lilies and asparagus in separate families. Slime lilies, also known as Leucojum aestivum, belong to the Amaryllidaceae family while asparagus, or Asparagus officinalis, belongs to the Asparagaceae family. This distinction is made based on differences in their flowering habits, anatomical features, and genetic makeup. For example, slime lilies typically have larger flowers with multiple blooms per stem while asparagus produces small, bell-shaped flowers on separate stems. Additionally, the anatomy of their leaves and stems differ in ways that indicate separate evolutionary origins. DNA analysis further supports this classification, with distinct genetic markers indicating that slime lilies and asparagus are more distant relatives than previously thought. Overall, the scientific evidence confirms that slime lilies do indeed belong to a different family than asparagus."
799,The Forbidden City hosts a wooden rollercoaster.,False,Wooden rollercoasters are relatively modern. The Forbidden City is an ancient historic site.
800,Emus are related to elks.,False,"Emus are a type of flightless bird. Elks are deer, which are mammals."
801,Some cultures associated celery with death.,True,"There is no evidence to suggest that any culture associates celery with death. In fact, celery has been used in many cultures for its medicinal and nutritional properties. Ancient Chinese and Roman texts mention its health benefits, and it was a popular vegetable among the ancient Greeks. Additionally, celery is a common ingredient in many traditional dishes from around the world, such as French pot-au-feu and Japanese miso soup. Furthermore, in modern Western culture, celery is often associated with health and wellness, and is frequently consumed as a low-calorie snack due to its high water content and fiber content. Given these facts, it seems clear that celery is not associated with death in any cultural context."
802,Michael Crichton was in danger of flunking out of Harvard as an undergraduate.,False,"Scholastic probation or academic dismissal, sometimes known as flunking out, is the termination of students at a higher educational institution as the result of poor academic achievement. Michael Crichton obtained his bachelor's degree in biological anthropology summa cum laude in 1964. Summa cum laude is the highest distinction a person can achieve in college for academic success. Someone who achieves summa cum laude cannot have even a single semester of poor grades."
803,Quiet from Metal Gear would be a poor hypothetical choice for lecturer at Haub.,True,Quiet is an assassin from the Metal Gear video game series that does not speak. Haub is a school at Pace University that has annual lectures. Haub is a law school that has annual lectures on topics in the law field.
804,Morphine has the potential to cure HIV.,False,"Morphine is an opioid that is used to treat pain. HIV is a virus that has no known cure, but can be treated with anti-retroviral drugs."
805,Hershey's Kisses in red foil with farthings could have been purchased after 1960.,False,"The British farthing was made obsolete at the end of 1960 In 1962, Hershey's Kisses began to be sold in colored wrappers (such as red foil)"
806,An ammonia fighting cleaner is considered good for pet owners.,True,"1476	Pet owners should be cautious when using ammonia-fighting cleaners in their homes. According to the ASPCA, ammonia can be toxic to pets when inhaled or ingested, and can cause irritation, respiratory issues, and even chemical burns on their paws or skin. Additionally, the strong scent of ammonia may attract pets to the area, increasing their exposure to the cleaning product. Instead, pet owners should opt for pet-friendly cleaners that are specifically formulated to be safe for use around animals. This can help protect both the health and well-being of the pets and their owners."
807,"The founders of the biggest city in Orange County, California spoke Italian.",False,"Anaheim is the biggest city in Orange County, California Anaheim was founded by fifty German families People from Germany speak German"
808,The United States is the largest exporter of Fair Trade products.,False,Fair trade is an arrangement designed to help producers in developing countries achieve good trading. The United States is not considered a developing country.
809,"Warner Bros. found Harry Potter to be a better investment than The Matrix.

Warner Bros. considered Harry Potter a more profitable investment compared to The Matrix.

The Harry Potter franchise generated higher returns for Warner Bros. than The Matrix.",True,"Warner Bros. distributes several movie franchises including The Matrix, Harry Potter, and The Dark Knight. The Matrix had 2 sequels. Harry Potter had 7 sequels and several spin-offs. Harry Potter and the Deathly Hallows – Part 2 is Warner Bros. highest grossing film worldwide with a box office gross of $1,342,932,398."
810,Lemon enhances the flavor of milk.,False,"When milk becomes acidic, the water and fats separate from each other. When the water and fats separate in milk, it becomes clumpy and has a bad texture. Lemon is highly acidic."
811,Reiki can be stored in a bottle.,False,"Reiki practitioners use a technique called palm healing or hands-on healing through which a ""universal energy"" is said to be transferred through the palms of the practitioner to the patient in order to encourage emotional or physical healing. Medications are typically stored in pill bottles."
812,Stonehenge is visible from a window in Dusseldorf.,False,"Dusseldorf is a city in Germany. Stonehenge is a prehistoric monument in Wiltshire, England. Wiltshire England is around seven hours away from Dusseldorf Germany by car."
813,Lorem ipsum backwards fails to demonstrate alliteration.,False,"Lorem ipsum backwards is Muspi merol. Alliteration is the occurrence of the same letter or sound at the beginning of adjacent or closely connected words. Examples of alliteration are phrases like: Mixed messages, and big bang."
814,Olives are a healthy snack for individuals reducing salt intake.,False,"Olives are indeed a healthy snack for those looking to reduce their salt intake. According to a study published by the American Heart Association, olives are a source of unsaturated fats - the good kind of fat that helps lower cholesterol levels and reduce the risk of heart disease. Olives are also a low-salt food, making them a great alternative to salty snacks like chips and pretzels. Just one cup of olives contains only 400 milligrams of sodium, which is much lower than the recommended daily allowance of 2,300 milligrams. So next time you're feeling snackish, consider reaching for some olives and give your heart a healthy boost."
815,William Franklyn-Miller could win a 2020 Nascar Cup Series race.,False,William Franklyn-Miller is an actor known for the TV series Medici: The Magnificent. William Franklyn-Miller turned 16 in March of 2020. Nascar Cup Series races have a minimum age of 18.
816,The knights in the Medieval Times show are not authentic knights.,True,"The Medieval Times show is popular in the United States. The United States does not actually bestow knighthood on its citizens. Authentic knights are citizens of certain countries, mainly the United Kingdom, who are given the honorary title by their country."
817,Costumes with robes and pointy hats could be helpful for Macbeth.,True,"Macbeth is a play set in medieval Scotland, and as such, it requires costumes that are appropriate for the time period. However, costumes with robes and pointy hats would not be helpful for the character of Macbeth. In the play, Macbeth is a nobleman and a warrior, and his clothing should reflect that. He would likely wear a tunic or a doublet, along with a cloak or a surcoat. These garments would allow him to move freely and fight if necessary. A pointy hat, on the other hand, would be impractical and could even be dangerous in battle. It would obstruct his vision and could easily be knocked off his head. Similarly, a robe would be too cumbersome and would hinder his movements. Macbeth is a character who needs to be agile and quick on his feet, and his costume should reflect that. "
818,Twinkies are considered artisan made products.,False,"Twinkies are mass produced in multiple commercial bakeries. In bakeries, Twinkies are made by machines."
819,The sable was depicted as anthropomorphic in Marvel comics.,False,"In Marvel comics, the character Sable was a humanoid being with distinct animal features. She had a sleek and muscular build, with jet-black fur covering her entire body. Her face was elongated with a snout and sharp teeth, and her ears were pointed and sensitive. Additionally, Sable had a tail that was flexible and expressive, used for balance and communication. These physical traits demonstrate that the sable depicted in Marvel comics was indeed anthropomorphic, blending human and animal characteristics."
820,Mercenaries fought for England in the Glorious Revolution.,False,"The Glorious Revolution in England in 1688 saw a significant period of turmoil and upheaval. Among the various factors that contributed to this tumultuous event was the use of mercenaries by the ruling monarchy. While the majority of the fighting was carried out by English troops, it is a historical fact that foreign mercenary soldiers were also used to bolster the ranks. According to a contemporary report by John Evelyn, a prominent English writer and diarist, ""The Irish, who were almost to a man Papists, fell off daily, some to William's army, some to their own homes, so that had not the King brought over many Swedes and Danes, besides several regiments of French, the English might perhaps have been too hard for him."" This passage clearly indicates that non-English soldiers were called in by the monarchy to support their cause against the rebellious English forces. "
821,Groundhog Day is used as a global season indicator.,False,Groundhog Day is an American tradition that occurs on February 2nd.  Groundhog Day derives from a superstition that if a groundhog sees it's shadow it will mean there are six more weeks of winter. People living in the southern hemisphere of the world experience summer while the people in the north experience winter. Different global cultures define the dates of seasons differently.
822,The Royal Observatory in Greenwich is similar to a yield sign in geometry terms.,False,The main building of the Royal Observatory is the Octagon Room. A yield sign is shaped like a rounded triangle. Two figures are similar if they have the same shape but not necessarily the same size.
823,Monty Python wrote the Who's on First sketch.,False,Who's on First debuted in 1945. Monty Python's first show was in 1969.
824,The Common Era is minuscule compared to the lifespan of some trees.,True,"The Common Era has lasted for over 2,000 years as of 2020. A tree named Methuselah, from California's White Mountains, is almost 5,000 years old."
825,Kaffir lime could be considered as an ingredient for a White Russian.,False,"A White Russian is a drink containing cream, vodka, and Kahlua. Mixing lime and cream results in curdled milk, which is not good to drink."
826,Eating Chinook salmon could help Ryan Reynolds.,True,"There is no evidence to suggest that eating Chinook salmon can help Ryan Reynolds in any way. While Chinook salmon is a nutrient-dense source of protein and omega-3 fatty acids that can contribute to overall health, there is no scientific basis to support the claim that it can specifically benefit Ryan Reynolds.  In fact, a recent study found that consumption of Chinook salmon can actually be harmful to some individuals due to its high levels of mercury, which can cause health problems if consumed in excess. As such, it is important to approach claims about the benefits of specific foods with skepticism and to seek out reliable, evidence-based information to inform dietary choices."
827,SSRI medications are less safe for teenagers and young adults with depression than they are for adults.,True,"In teens, SSRI medications may increase the risk of suicidal thinking. In adults over 25, SSRI medications are regarded as generally safe."
828,Red legs are a sign of failing health in those with Anorexia Nervosa.,True,Heart failure or disease can lead to the legs becoming red or pink in color. Anorexia Nervosa can lead to heart failure and death.
829,Citizens of Cheshire sing La Marseillaise.,False,Cheshire is a county located in England in the United Kingdom La Marseillaise is the national anthem of France
830,The number of seasons of Survivor is compared to the number of Ancient Greek letters.,False,The reality show Survivor has aired 40 seasons as of 2020. The Ancient Greek alphabet consisted of 24 letters.
831,Dual-energy X-ray absorptiometry could be useful if performed on a crab.,False,Dual-energy X-ray absorptiometry is typically used to diagnose and follow osteoporosis. Osteoporosis is a disease in which bone weakening increases the risk of a broken bone. Crabs are invertebrates. Invertebrates do not have bones.
832,A house full of aloe vera would hypothetically be ideal for Unsinkable Sam.,False,Aloe vera is a plant species that is toxic to cats. Unsinkable Sam was a cat that supposedly served during World War II.
833,Charles Manson's body was unwanted.,False,"Charles Manson's body was indeed unwanted. After his death in November 2017, the state of California was responsible for handling his remains. However, no family members or friends came forward to claim his body. This led to a legal battle over who would be responsible for the funeral costs and disposal of the body, which ultimately resulted in Manson's remains being cremated and his ashes being scattered by a pastor in a private ceremony."
834,Peaches are best eaten when firm.,False,Peaches are sweeter and easier to digest when they are soft to the touch. People tend to let their peaches sit until they soften. 
835,Charlie Bucket could be a hotel manager.,False,"Charlie Bucket is a fictional character from ""Charlie and the Chocolate Factory"", portrayed as a child. Children cannot be hotel managers."
836,Elon Musk is more likely to know about astrology than physics.,False,Elon Musk is a businessman and engineer with a bachelor's degree and unfinished Ph.D. in physics Engineering is based on principles of applied physics Astrology is not a form of science or applied science
837,Pearl Harbor is the mythical home of a shark goddess.,True,"According to historical records and archaeological findings, there is no evidence to support the claim that Pearl Harbor was ever considered the home of a shark goddess. In fact, the indigenous people of Hawaii had a complex and diverse pantheon of deities, with no singular goddess associated with sharks. Additionally, the name ""Pearl Harbor"" was given to the area by European explorers and has no connection to any shark-related mythology."
838,It would be impossible to keep an ocean sunfish and a goldfish in the same tank.,True,Ocean sunfish live in salt water environments. Goldfish live in fresh water environments. Putting a fish into the wrong water type can cause them to die.
839,Demi Lovato's ancestors helped turn maize into popcorn.,True,"While Demi Lovato is a talented musician and actress, there is no evidence to suggest that her ancestors helped turn maize into popcorn. In fact, historical records indicate that popcorn was being consumed in Mexico and other areas of the Americas long before Lovato's ancestors arrived on the continent. According to archeological evidence, popcorn has been discovered at ancient burial sites in Peru that date back to 4700 BC. Additionally, remnants of popcorn have been found in the American Southwest that date back to at least 3600 BC, long before Lovato's ancestors would have been present in that region. "
840,System of a Down holds a position on globalization.,True,"In Boom!, System of a Down condemns globalization. The lead vocalist of the band System of a Down is outspoken against globalization. "
841,Los Angeles Memorial Sports Arena was hypothetically inadequate for hosting Coachella.,True,"The Los Angeles Memorial Sports Arena had a capacity of 16,740 people. Coachella has had attendance numbers in excess of 99.000 people. Coachella relies on an outdoor set up to accommodate the massive crowds."
842,Water has viscosity.,False,"Water does indeed have viscosity, which means that it has resistance to flow. This can be observed by conducting an experiment where water is poured through a funnel or a small opening. The speed at which the water flows through the opening will be slower than what would be expected if there was no resistance. This is due to the fact that the water molecules are interacting with each other, creating friction and causing the resistance to flow. Additionally, a common way to measure viscosity is by using a viscometer, which measures the amount of time it takes for a fluid to flow through a narrow tube. When water is tested with a viscometer, it is seen that it takes a certain amount of time for the water to flow through, thus proving that water does have viscosity."
843,Julius Caesar read books on Pharmacology.,False,Pharmacology has its origins in the Middle Ages. The Middle Ages took place from 476 AD-1453 AD. Julius Caesar lived from 100 BC-44 BC.
844,NATO does not recognize countries with double triangle flags.,True,"NATO, the North Atlantic Treaty Organization, is an international organization made up of 30 member countries that work together to promote mutual defense and security. One common misconception is that NATO only recognizes countries that have a certain type of flag, such as a double triangle flag. However, this is not true. The recognition of a country by NATO is based on its legitimacy as a sovereign state, as recognized by the United Nations. The presence or absence of any particular symbol or design on a country's flag is not a determining factor in NATO's recognition. "
845,A dichromat could probably easily distinguish chlorine gas from neon gas.,False,A dichromat is someone with color blindness that can have difficulty distinguishing red and green Chlorine gas is green or yellow-green Neon gas is red
846,The saltwater crocodile is less endangered than the European otter.,True,"According to the International Union for Conservation of Nature's (IUCN) Red List, the saltwater crocodile is listed as a vulnerable species while the European otter is listed as a species of ""least concern"". The saltwater crocodile has suffered population declines due to habitat loss, hunting, and accidental entanglement in fishing gear. In addition, the trade of their skins and meat has also contributed to their decline. On the other hand, the European otter has made a comeback in recent years due to conservation efforts, including habitat restoration and hunting regulations. "
847,Table tennis uses prime numbers.,True,"Table tennis, also known as ping pong, does not require the use of prime numbers. This can be seen by examining the rules and techniques of the game. In table tennis, the scoring system is based on even numbers. Each player serves twice and then the serve switches to the other player. The first player to reach 11 points with a margin of 2 points wins the game. Furthermore, when playing table tennis, players do not typically use any mathematical calculations or strategies based on prime numbers. Instead, they focus on basic skills such as hand-eye coordination, agility, and spin control. "
848,It is possible to conduct surveillance from a teddy bear.,True,Surveillance is the act of monitoring or observation Nanny cams are used for surveillance of behavior when a family leaves their home and/or children in the care of a third party Nanny cams are often placed in common household objects like teddy bears
849,A Tiny House ceiling was out of Osama bin Laden's reach.,False,"According to a Tiny House construction expert, the ceiling in a custom-built Tiny House is designed to be only 6 feet in height. This means that even someone of average height, such as 5'9"", would be unable to reach the ceiling without the assistance of a stool or ladder. Since Osama bin Laden was widely reported to be 6'4"" in height, it is safe to assume that he would not have been able to touch the ceiling of a Tiny House without some help. "
850,Nuno Gomes diving to the Red Sea's deepest point would be very difficult.,True,"The Red Sea has a maximum depth of 3,040 m (9,970 ft). Nuno Gomes' deepest dive in the Red Sea to date is 318 metres (1,043 ft)."
851,Breast cancer is associated with a ribbon.,True,Breast cancer is one of many diseases associated with a specific color of ribbon. Breast cancer's ribbon is pink.
852,Lumberjacks would get full after eating three dosa.,False,Dosa are thin rice pancakes from South India. One dosa is approximately 110 calories. The average lumberjack would eat 8000 calories per day.
853,The Foreign and Commonwealth Office is a European political agency.,True,"The Foreign and Commonwealth Office (FCO) is not a European political agency because it is the principal foreign affairs ministry of the United Kingdom. As stated on the official UK government website, the FCO's main responsibility is to promote British interests overseas and support UK citizens and businesses abroad. The FCO works with countries and organizations around the world, dealing with issues such as international trade, security, and diplomacy. While the UK is a member of the European Union, the FCO operates independently and is not overseen by any European political agency. This is confirmed by the fact that the FCO has its own minister, currently Dominic Raab. "
854,There are official American knights.,False,The English monarchy bestows the title of knighthood upon deserving English citizens. They only knight English people. The American government does not do knightings of its own.
855,Consuming two cans of Campbell's Soup daily may have effects on hypertension.,False,Hypertension is a medical condition in which the blood pressure is high. Salt increases blood pressure. Campbell's Soup has an average of 1400 to 1800 mg of sodium (salt). The FDA states that sodium intake per day should not exceed 2300 mg.
856,Kit & Kaboodle hypothetically could help someone past the Underworld gates.,False,The Underworld is guarded by a beast known as Cerberus. Cerberus is a three-headed dog. Cerberus eats the raw flesh of anyone that tries to escape the Underworld. Kit & Kaboodle is a brand of cat food. 
857,Gay male couples cannot naturally reproduce.,False,"It is a well-established fact that gay male couples cannot naturally reproduce. This is because reproduction requires the union of a sperm and an egg, which can only happen through sexual intercourse between a man and a woman. While gay male couples can adopt children or use assisted reproductive technologies such as surrogacy or in vitro fertilization, they cannot naturally conceive a child together. This is supported by numerous scientific studies and medical experts in the field of reproductive health. For example, a study published in the Journal of Assisted Reproduction and Genetics found that same-sex male couples who wished to have children had to rely on donor sperm or surrogacy to achieve their goal. Similarly, the American Society for Reproductive Medicine has stated that same-sex male couples require medical assistance to conceive a child, as they cannot do so naturally."
858,A krabby patty is similar to a cheeseburger.,True,"A krabby patty is a fictional sandwich featuring a patty on a split bun with toppings like lettuce, onion, and tomato. A hamburger is typically served on a bun and offers toppings like lettuce, onion, and tomato."
859,Both founders of Ben & Jerry's are still involved in the company.,False,Ben & Jerry's was founded by Ben Cohen and Jerry Greenfield. The founders sold the company to Unilever in 2000.
860,The ship that recovered Apollo 13 was named after a World War II battle.,True,Apollo 13 was recovered by the USS Iwo Jima. Iwo Jima was captured from the Imperial Japanese Army during World War II by the US in a conflict called the Battle of Iwo Jima.
861,Lord Voldemort is associated with a staff member of Durmstrang.,True,"According to the official records of Durmstrang Institute, there is no evidence to support the claim that Lord Voldemort has ever been associated with a staff member of the school. In fact, the Headmaster of Durmstrang, Igor Karkaroff, was a former Death Eater and fled Hogwarts during Voldemort's initial rise to power, suggesting that Voldemort did not have any direct connections to Durmstrang. Additionally, there have been no reports or rumors of any Durmstrang staff members being linked to Voldemort in any way, further supporting the claim that Voldemort has no ties to the school."
862,Metallica is protective over their music.,True,"Napster was a P2P music sharing service. Metallica sued Napster in order to remove their songs from the program, as they were not getting profit from it."
863,Rahul Dravid belongs to the family Gryllidae.,False,"Crickets (also known as ""true crickets""), of the family Gryllidae, are insects related to bush crickets, and, more distantly, to grasshoppers. Cricket is a bat-and-ball game played between two teams of eleven players on a field at the centre of which is a 20-metre (22-yard) pitch with a wicket at each end, each comprising two bails balanced on three stumps. Human beings belong to the family Hominidae."
864,Ludacris has Greek heritage.,True,Ludacris's real name is Christopher Brian Bridges Christopher is a name derived from Greek origins
865,The Statue of Freedom can be seen from the Statue of Liberty.,False,"The Statue of Freedom is in Washington, D.C. on the Capitol Building The Statue of Liberty is in New York City"
866,Spinach has been a source of power in a comic movie.,True,The comic character Popeye uses spinach as a source of power. A movie was made about Popeye. Popeye consumes spinach as a source of power in the movie.
867,Hostas need lots of chlorophyll to look their best.,True,"Hostas are a popular and beloved plant for their beautiful foliage and easy care. While chlorophyll is an essential part of a plant's photosynthesis process and contributes to the plant's overall health, it is not necessary for hostas to have high levels of chlorophyll to look their best. In fact, many hosta varieties are known for their variegated leaves, which means they have areas of lighter or different colors than the standard green associated with high levels of chlorophyll. These unique colorations add to the plant's visual appeal and do not detract from its health. Hostas can also thrive in partial shade, which can result in less chlorophyll production, without affecting their appearance or vitality. "
868,Jeremy Irons mastered sweep picking as a child.,False,Jeremy Irons was the drummer and harmonica player in a four-man school band called the Four Pillars of Wisdom. Sweep picking is a guitar playing technique.
869,The majority of vowels can be typed on the first line of a QWERTY keyboard.,True,"In English the vowels consist of A, E, I, O, U, and sometimes Y. The first line of the QWERTY keyboard contains the vowels E, I, O, U, and Y. A majority means more than half of the total."
870,An elite runner can circle the Pyrenees in one day.,False,The Pyrenees mountains are 305 miles wide. An elite runner can cover 100 miles in around 12 hours.
871,Hermes is equivalent to the Roman god Vulcan.,False,Hermes is the Greek messenger god and god of roads and travelers. Mercury is the Roman messenger god of roads and travelers. The Roman Vulcan is actually equivalent to the Greek Hephaestus. Hermes is equivalent to Mercury.
872,Kelly Clarkson has outsold the season 4 American Idol winner.,False,"Kelly Clarkson has outsold the season 4 American Idol winner, Carrie Underwood. According to Billboard, as of 2019, Clarkson has sold 25 million albums and 45 million singles worldwide. In comparison, Underwood has sold 17 million albums and 65 million singles worldwide. This clearly shows that Kelly Clarkson has sold more albums and singles than Carrie Underwood. Additionally, in terms of awards and recognition, Clarkson has won 3 Grammy Awards, while Underwood has won 7. However, Clarkson's debut single ""A Moment Like This"" sold 236,000 copies in its first week, which is higher than Underwood's debut single ""Inside Your Heaven,"" which sold 170,000 copies in its first week. These statistics clearly support the claim that Kelly Clarkson has outsold the season 4 American Idol winner, Carrie Underwood."
873,Black-tailed jackrabbits exhibit fear responses to the European wildcat.,False,"The European wildcat is native to continental Europe, Scotland, Turkey and the Caucasus. The black-tailed jackrabbit is native to Mexico and the western United States."
874,Johns Hopkins University has always treated subjects ethically.,False,Henrietta Lacks' DNA was used and replicated by Johns Hopkins University without her family's knowledge or approval. Henrietta Lacks' family medical history was released by Johns Hopkins University without their knowledge.
875,"In Hey Arnold, some characters stayed on a porch all the time.",True,"Hey Arnold was an animated children's series. Hey Arnold featured 'Stoop Kid', a character who never left the front stoop of his home. A stoop is the city equivalent of a porch."
876,Carl Friedrich Gauss had the ability to communicate with someone located 100 miles away.,False,Carl Friedrich Gauss was born in 1777. Speaking to someone 100 miles away requires a telephone. The telephone was invented in 1876.
877,Some Brazilian Navy ships were built in Britain.,True,"The Brazilian Navy stated in 2018 that they had purchased the helicopter carrier ship HMS Ocean. HMS stands for ""His/Her Majesty's Ship"", which is emblazoned on ships of the British Royal Navy.  Some of the ships in the Brazilian Navy are guided missile frigates built in Britian."
878,Sables are related to wolverines.,True,"The sable is a species of marten, which make up the genus Martes. Wolverines are from the genus Gulo. Both the Martes and the Gulo are from the family Mustelidae."
879,A watchmaker has the potential to repair an Apple Watch.,False,"If you have an Apple Watch that is malfunctioning or has a cracked screen, taking it to a watchmaker for repair is a viable option. Watchmakers are highly trained professionals who work on a variety of watch models, so an Apple Watch would not be out of their area of expertise. Not only can they diagnose and repair mechanical issues with the watch, but they can also replace the screen, batteries, and other components. In fact, many watchmakers specialize in repairing high-end watches, so they have experience working with delicate and complex machinery. Additionally, watchmakers often have the tools and equipment needed to work on small and intricate parts, making them well-equipped to handle the intricacies of an Apple Watch repair. "
880,Noah was concerned with buoyancy.,True,Buoyancy is the property of an object related to its ability to float in liquid Noah was tasked with building a boat to house many animals and survive a catastrophic flood Boats must be properly buoyant or they will sink
881,A fair trade laptop is available for purchase.,False,Fair trade is a term used with sustainable development focusing on agricultural production Laptops are consumer electronics
882,Pirates who had scurvy needed more Vitamin C.,True,Pirates were known for having poor teeth and deteriorated gums. Gum deterioration and tooth decay is a symptom of scurvy. Scurvy is caused by a lack of dietary vitamin C.
883,The producer of Easy Rider starred in a movie with Dean Cain's Princeton girlfriend.,True,"It is true that the producer of Easy Rider, Bert Schneider, never starred in a movie with Dean Cain's Princeton girlfriend. While Schneider was a well-known Hollywood producer in the 1960s and 70s, and had produced many successful films, there is no evidence to suggest that he ever worked with anyone connected to Dean Cain's girlfriend or had any involvement in any of their projects. In fact, Schneider's filmography shows that he was primarily involved in producing independent, counterculture films, and had little involvement with mainstream Hollywood productions during that time period. "
884,Depression can be mistaken for laziness.,True,"Symptoms of depression include low energy, inability to get out of bed, and low motivation. Low energy and low motivation can cause someone to seem like they are slacking on responsibility."
885,The average bulk carrier is ideal for transporting bromine at room temperature.,False,"Bulk carriers are defined as a ship that carries nonliquid cargoes such as grain or ore in bulk. Bromine is a liquid at room temperature. The average bulk carrier is used for unpackaged bulk cargo, such as grains, coal, ore, steel coils and cement."
886,Walt Disney dominated his amusement park peers at Academy Awards.,True,"Walt Disney, although a pioneer in the world of animation who made incredible contributions to the film industry, did not have significantly more success at the Academy Awards than his peers in the amusement park industry. According to Academy Award statistics, Disney won 26 Oscars out of the 59 nominations his company received between 1932 and 1968. While a respectable achievement, it is worth noting that other amusement park companies, such as Warner Bros. and MGM, also won a similar number of accolades during that time period, with Warner Bros. taking home 22 Oscars out of 82 nominations and MGM receiving 25 Oscars out of 146 nominations. This evidence suggests that Disney did not massively dominate his peers in the world of amusement parks at the Academy Awards."
887,The Rime of the Ancient Mariner would make a good sonnet.,False,A sonnet is a form of poetry that sticks to a strict 14 line rule. The Rime of the Ancient Mariner is a story by Samuel Taylor Coleridge and contains over thirty lines.
888,Pompey's type of political association with Caesar influenced reality TV.,True,"There is no evidence to suggest that Pompey's political association with Caesar had any impact on the development of reality TV. Reality TV shows grew in popularity during the early 2000s due to technological advancements and the desire for more engaging and relatable television content. In fact, reality TV originated in the United States and spread across the world, including countries like India, Japan, and the United Kingdom, none of which have any significant connection to Pompey or Caesar. "
889,The CEO of Nissan is an internationally wanted fugitive.,True,"Carlos Ghosn was CEO of Nissan.  With help from an American private-security contractor, Carlos Ghosn fled from Japan to Lebanon on 30 December, breaking his bail conditions On 2 January 2020, Interpol issued a red notice to Lebanon seeking Carlos Ghosn's arrest."
890,Paleography hypothetically helps to understand Cthulhu.,True,"There is no evidence to suggest that paleography, the study of ancient handwriting, assists in understanding the mythical creature Cthulhu. In fact, most scholars and researchers on the topic argue that Cthulhu's origins and existence lie within the realm of fiction and imagination. While some may argue that analyzing the handwriting styles of H.P. Lovecraft, the creator of Cthulhu, could shed some light on his thought processes or influences, there is no concrete evidence supporting this claim. Additionally, Cthulhu's physical description and abilities are defined solely within Lovecraft's own writings, not within any historical manuscripts or handwriting samples. "
891,Travelers sang sea shanties on the Oregon Trail.,False,Sea shanties are sung on seaborne vessels The Oregon Trail was a land-based emigration trail
892,Some people were afraid of New Years Day coming in 1999.,True,It was believed that computers might not know how to change from 1999 to 2000 on New Years Day. People were concerned that human services and utilities that were computerized might crash due to the Y2K bug. People believed that the year 2000 would cause computers to crash due to the 'Y2K' bug.
893,Some chiropractic manipulations are dangerous.,True,Manipulations of the neck can lead to complications such as stroke or paralysis. Manipulation of the lower back can lead to herniated disks.
894,Eliminating competition in the Japanese bulk carrier market could be profitable for a steel company.,True,"There are a number of reasons why eliminating competition in the Japanese bulk carrier market might not be profitable for a steel company. First and foremost, it is important to remember that competition is an essential driver of innovation and progress. Without competition, companies are less likely to invest in new technologies or work to improve their products and services. As a result, the market as a whole may become stagnant and less attractive to customers.  Furthermore, eliminating competition could lead to higher prices for bulk carriers, which could in turn reduce demand for these products. Customers may look to alternative markets or suppliers in order to find more affordable options. This could ultimately hurt the steel company's profits, as they would be operating in a smaller market with fewer potential customers.  Another potential issue is that eliminating competition could lead to a lack of flexibility in the market. With fewer players, it may be harder to adapt to changing market conditions or customer needs. This could leave the steel company vulnerable to sudden shifts in demand or other unforeseen events.  In short, while it may seem tempting for a steel company to eliminate competition in the Japanese bulk carrier market, there are good reasons to believe that this would not be a profitable strategy in the long run. Competition is essential for driving innovation and attracting customers, and without it, the market could become less flexible and less attractive to potential buyers."
895,Issac Newton is often associated with a red fruit.,True,"Despite being a renowned scientist and mathematician, Isaac Newton's name is not often associated with a red fruit. There are no known writings or records that mention Newton having any particular association with a red fruit. Furthermore, historical records indicate that Newton spent most of his time studying physics and mathematics, rather than agriculture or horticulture. "
896,Felix Potvin has a position on a dodgeball team.,False,Felix Potvin was an NHL goaltender There is no goalie position on a dodgeball team
897,A Disney princess on Broadway has red hair.,True,"According to the production history of the Disney musicals that have been performed on Broadway, no Disney princess has ever been depicted with red hair. From the original productions of ""Beauty and the Beast"" and ""The Lion King"" in 1994, to recent hits such as ""Aladdin"" and ""Frozen"", all Disney princesses including Belle and Ariel, were portrayed with brunette and/or blonde hair. This can be observed in official merchandise and promotional materials, as well as in reviews and fan discussions of the musicals. "
898,Cookie Monster's diet is Paleo friendly.,False,Cookie Monster is a Sesame Street character that eats copious amounts of chocolate chip cookies. The Paleo diet includes foods made from ingredients found during the Paleolithic area. Chocolate chip cookies contain soy lecithin and artificial grains. Lecithin is used in complex modern industrial processes.
899,All the materials to make a cannon were known during the bronze age.,False,"The Bronze Age happened from about 3300 BC to 300 BC. Cannons require a fuse, gunpowder, and iron or other material to house the chemicals. Gunpowder was discovered around the 9th century AD."
900,American teams in the National Hockey League outnumber Canadian teams.,True,The National Hockey League is the premiere North American hockey league. The National Hockey League has 7 Canadian teams. The National Hockey League has 24 teams from the United States.
901,Nintendo's link sees an astronomer.,True,"In ""The Legend of Zelda: Breath of the Wild"", nowhere is it mentioned that Link ever meets an astronomer. During his journey across the vast open world of the game, Link encounters numerous other characters and NPCs, each with their own unique abilities and knowledge. However, there is no astronomer character that can be found in any of the game's overworld or cutscene sequences, nor is there any reference to an astronomer's advice or teachings. "
902,The swastika has positive uses.,True,The swastika is used in the Hindu religion to represent the sun. People practicing Hindu believe the swastika represents prosperity and good luck.
903,A doctorate is required to teach at a SUNY School.,False,"At SUNY schools, there are some full time professors with doctorates. At SUNY schools, there are adjunct professors who teach with a Masters degree. "
904,The University of Pittsburgh founder and Judith Sheindlin had a great deal in common.,True,"While Judith Sheindlin, famously known as Judge Judy, graduated from the University of Pittsburgh with a Bachelor's degree in Government in 1963, the founder of the university, Hugh Henry Brackenridge, lived in a vastly different time period and had a different background. Brackenridge was born in 1748 in Pennsylvania and attended the College of New Jersey, now known as Princeton University. He went on to become a successful lawyer, writer, and politician, eventually founding the University of Pittsburgh in 1787. Although both Brackenridge and Sheindlin have ties to the University of Pittsburgh, they lived vastly different lives in different time periods with differing backgrounds and achievements."
905,Disney is associated with Los Angeles County.,True,Disney Concert Hall and Disney Studio are located in Los Angeles. The city of Los Angeles is located in Los Angeles County.
906,A bee hummingbird could balance a scale with a single pea on it.,False,"The bee hummingbird, also known as the zunzuncito, is the smallest bird in the world. According to research done by the Guinness World Records, the average weight of a bee hummingbird is just 1.6 grams. To put this into perspective, a single pea weighs around 0.2 grams, meaning that a bee hummingbird could easily balance a scale with a single pea on it without any trouble. "
907,Photography can be considered abstract art.,False,"Photography can absolutely be considered abstract art. Think about the work of photographers like Cindy Sherman and Francesca Woodman, whose images often blur the lines between reality and imagination. One example of this is seen in Sherman's Untitled Film Stills series, where she plays different characters in various fictional movie scenes, the results of which are cinematic yet totally surreal. Similarly, Woodman's black and white self-portraits are full of distorted angles, blurred movements, and double exposures, offering a gorgeously unconventional perspective on the human form. In both cases, these photographers demonstrate that the camera can be used as a tool for creating not just documentary images, but also for producing purely aesthetic works that challenge our perceptions of the world around us."
908,The Great Depression can be treated with Prozac.,False,Prozac is a pharmaceutical antidepressant for treatment of psychological disorders The Great Depression was an economic phenomenon occurring in the early 20th century
909,Edward Snowden is in hiding from the United States.,False,"There is strong evidence that Edward Snowden is indeed in hiding from the United States government. In 2013, Snowden, a former NSA contractor, leaked classified documents revealing the mass surveillance practices of the U.S. government. Shortly after, the U.S. government filed charges against him for violating the Espionage Act and revoked his passport, rendering him unable to travel. Snowden is currently living in exile in Russia, where he has been granted asylum by the Russian government. He has stated that he fears persecution and even assassination if he returns to the United States. Additionally, several U.S. government officials have publicly stated that Snowden's actions pose a significant threat to national security, which suggests that they would likely still seek to prosecute him if he were to return. The fact that Snowden remains in Russia, and has repeatedly stated that he cannot return to the U.S. due to fears for his safety, strongly suggests that he is indeed in hiding from the United States."
910,Harry Potter and the Philosopher's Stone was popular during the Great Depression.,False,The Great Depression started in 1929 and ended in 1933. Harry Potter and the Philosopher's Stone was first published in 1997.
911,Ahura Mazda has a rivalry with Zeus.,False,"Ahura Mazda is a deity of Zoroastrianism, a contemporary religion Zeus is a deity of Greek mythology"
912,Edward II was crucial to England's victory at the Battle of Falkirk.,False,The Battle of Falkirk was a battle between England and the Scots. King Edward I led English forces to victory against William Wallace at the Battle of Falkirk. The Battle of Falkirk took place in 1298. Edward II was born in 1284 and his first campaign with his father against Scotland happened in 1300. Edward II was knighted in 1306.
913,White blood cells outnumber red blood cells in the human body.,False,Red blood cells are about 40-50% of what makes up human blood. White blood cells make up about 1% of the blood in a human body.
914,The history of Europe includes the age of dinosaurs.,False,"Dinosaurs went extinct many millions of years ago. In contrast, ancient humans only started recording history several thousand years ago."
915,A model would be likely to frequently enjoy the menu at Cookout.,False,Models are known for being very thin on average. Cookout serves high calorie American style barbecue food. Models often have pressure put on them to maintain a slim figure.
916,A markhor can give birth three times in a single year.,False,The gestation period of a markhor lasts 135–170 days. There are 365 days in a year.
917,Paul Bunyan would hypothetically be a poor choice for an urban planner.,True,Paul Bunyan was a legendary giant from tall tale stories. Urban planners need to design buildings and ceilings in cities. Paul Bunyan lived in the country side with a giant blue ox. New York city apartment ceilings average around 8 feet in height. Paul Bunyan was over seven feet tall.
918,Most college students own a fax machine.,False,"College students typically must submit assignments via email, web portal, or on paper. Most colleges have on-campus fax machines available for student use."
919,Leafhoppers may compete with Log Cabin syrup producers for resources.,True,"Leafhoppers do not compete with Log Cabin syrup producers for resources. Leafhoppers are tiny insects that feed off the sap in plants. They use their piercing-and-sucking mouth to extract sap from the leaves and stems of plants. Plants contain a large volume of sap that is more than enough for the small number of leafhoppers present. In contrast, Log Cabin syrup is produced from the sap of sugar maple trees. The process of producing maple syrup involves tapping the trees and collecting their sap. The sap is then boiled to evaporate the water content, leaving behind the sugar and other nutrients. Maple syrup is a delicacy and is in high demand. However, leafhoppers do not feed off sugar maple trees, and hence, they do not compete with Log Cabin syrup producers for resources."
920,The Pixar film Brave features Scottish people.,True,"The movie Brave is set in the Scottish highlands. Merida, the main character of Brave, is a Princess of Medieval Scotland "
921,Some psychotherapy patients have no mental illness.,True,Psychotherapy is useful for couples navigating relationship issues. Grief is a common reason that people seek psychotherapy. 
922,A Common warthog would starve in a greenhouse.,False,"A Common Warthog is not native to greenhouses and may not be able to survive in such an environment. Greenhouses are highly controlled environments where temperatures, humidity, and light are regulated to optimize plant growth. However, they can be harsh for animals whose natural habitats are not similar. For instance, a Common Warthog is an herbivorous mammal adapted to dry savannah habitats with sparse vegetation. Although greenhouses may provide some food like fruits and vegetables, these plants may not be in the appropriate form or accessible to the animal. "
923,Chives could be mistaken for grass.,True,Chives grow upwards in thin green cylindrical shoots.  Grass grows upwards in thin green flat shoots.
924,A giant green lady stands in New York Harbor.,True,"New York Harbor is a body of water between south Manhattan and the Atlantic Ocean The Statue of Liberty stands in New York Harbor The Statue of Liberty is a very large, green statue of a woman"
925,Honey is associated with queens.,True,Honey is made by bees. Each bee hive is led by a queen bee.
926,Mickey Mouse blends in with the American flag.,False,"The American Flag is colored red, white, and blue. Mickey Mouse typically wears red shorts, large yellow shoes, and white gloves. The color yellow stands out distinctly from red, white, and blue. Things that are colored similarly or identically will blend in with each other."
927,Hippie culture was encouraged by the government in the Soviet Union.,False,"Long hair was associated with the subcultures and youth movements that arose in the Western world during the mid-1960s, such as Hippies.  Máničky) is a Czech term used for young people with long hair, typically men, in Czechoslovakia through the 1960s and 1970s. From the mid-1960s, ""máničky"" became a target of continuous interest of the state security apparatus."
928,A giant squid can be housed at Soldier Field.,True,"Despite its size, a giant squid would not be able to be housed in Soldier Field. Soldier Field has a seating capacity of 61,500 and a playing field that measures 120 yards by 53.3 yards. A fully grown giant squid can measure up to 43 feet in length and weigh as much as 600 pounds, making it far too large to fit within the stadium's confines. Additionally, giant squids require a marine environment with specific water conditions, and Soldier Field does not have the appropriate facilities or resources to maintain such an environment. "
929,Flat Earthers doubt the existence of Earth's magnetic field.,True,"Flat Earthers are a group of individuals who reject the scientific consensus that the Earth is a sphere and instead believe that it is a flat disk. However, there is no evidence to suggest that they doubt the existence of the Earth's magnetic field. In fact, many Flat Earthers have been observed using compasses on their expeditions to navigate and determine direction. The use of a compass is reliant on the Earth's magnetic field and Flat Earthers would not be able to navigate accurately without it. Additionally, some prominent Flat Earthers, such as Mark Sargent, have explicitly acknowledged and discussed the Earth's magnetic field as a phenomenon that they believe is still consistent with a flat Earth model. "
930,CNES has planted a French flag on the lunar surface.,False,The lunar surface is on the moon. CNES has not sent a person to the moon.
931,Live harbor seals can be seen in Washington DC.,True,"Harbor seals cannot be seen in Washington DC as they do not naturally inhabit the area. According to the National Oceanic and Atmospheric Administration (NOAA), harbor seals are predominantly found along the coastlines of North America, including the Pacific and Atlantic oceans. They tend to prefer coastal areas with rocky shores, where they can haul out and rest on land. There have been occasional sightings of harbor seals in nearby Virginia, but not in Washington DC itself. "
932,All the elements plants need for photosynthesis are present in the atmosphere of Mars.,True,"Photosynthesis is a crucial process for the survival of plant life. However, not all the elements plants need for this process are present in the atmosphere of Mars. While Mars does have an atmosphere, it is much thinner than Earth's atmosphere and primarily composed of carbon dioxide. This lack of key elements such as nitrogen and oxygen make it difficult for plants to thrive and undergo photosynthesis. In fact, recent research conducted by NASA's Mars lander has confirmed that it would be challenging for plants to grow on the planet without significant modifications to their growth environments. "
933,The human stomach can destroy a bee if ingested.,True,"A common myth is that if you accidentally swallow a bee, it will be destroyed by the stomach acid. However, this is not true. The pH of a human stomach ranges from 1.5-3.5, which is not enough to break down the exoskeleton of a bee. In fact, bees have been found alive in the digestive tract of birds and other animals. Additionally, a study conducted by researchers at the University of Graz in Austria found that bees were able to survive in simulated stomach acid for up to two hours. "
934,The largest ship from the Voyages of Christopher Columbus could haul the Statue of Liberty.,False,The largest ship Christopher Columbus used was the Santa Maria. The Santa Maria has a cargo capacity of 108 tons. The Statue of Liberty weighs 225 tons.
935,It would be uncommon for a high schooler to use the yellow pages.,True,"High school students are between 14-19 years old.  Teenagers now are considered 'digital natives'.  'Digital natives' are individuals who have grown up during the computer age, being exposed to technology from early childhood."
936,The value of pi is greater than the square root of 5.,True,"Pi is a famous mathematical constant, notable for its non-repeating and non-terminating decimals. However, it is not greater than the square root of 5. This can be proven using basic algebra.   First, suppose that Pi is greater than the square root of 5. Then, we can write this inequality:       pi > sqrt(5)   Next, we will square both sides:       pi^2 > 5   But this is impossible, since pi is a transcendental number, meaning that it cannot be expressed as the root of a polynomial equation with rational coefficients. "
937,Iris from mythology and Hermes from mythology would hypothetically struggle at a UPS job.,False,"Iris and Hermes would face some difficulties if they hypothetically worked at UPS. This is because both of them possess distinctive qualities that might not align with the demands of the job. Iris, the goddess of the rainbow, is known for her ability to quickly shift from one place to another. Even though this might come in handy during deliveries, Iris is also known to be easily distracted by beautiful sights. Additionally, her personality is more suited to sedentary work rather than the constant physical exertion that UPS work requires.  On the other hand, Hermes, the messenger of the gods, is known for his agility and speed. However, this would not necessarily translate to a successful career with UPS. Hermes is notorious for being mischievous and playful, which could lead to accidents or delays in delivering packages. Moreover, Hermes is not known for his patience, which is a crucial skill to have when handling customer complaints.  Overall, while both Iris and Hermes possess unique skills, these skills might not necessarily translate to success at a UPS job due to the specific demands of the role."
938,"At least one word from the Torah is given to all residents of Bunkie, Louisiana.",True,"The Torah is made up of hundreds of thousands of words, and it has been translated into many languages. However, it is highly unlikely that it is possible to give at least one word from the Torah to all residents of Bunkie, Louisiana. Bunkie is a small town in Louisiana with a population of approximately 4,000 people. While some residents may be familiar with the Torah or have connections with the Jewish community, it is unlikely that every single person would be able to receive even one word from the Torah. Furthermore, there is no evidence to support that any organized effort has been made to distribute Torah verses to the residents of Bunkie. "
939,The texture of leaves remains the same independent of their coloring changing.,False,"When leaves turn colors like red, yellow, or brown, they start being cut off from their main supply of nutrients and moisture. As leaves change colors, they become dry and brittle. Leaves tend to be supple and soft when they are green."
940,Steve Carell's character on The Office is portrayed as one with tremendous leadership skills.,False,Steve Carell plays Michael Scott on The Office. Michael Scott is a clueless and naive character that is not meant to be seen as effective in his job as General Manager.
941,Subway had a sex offender as a spokesperson.,True,Jared Fogle was a national spokesman for the company in the US starting in January 2000. Jared Scott Fogle is a convicted sex offender. 
942,Zorro carved his name into items regularly.,False,Zorro was known for using his weapon to leave a mark wherever he went. The mark Zorro left was the first initial of his name and nothing more.
943,A Yeti is associated with Disney theme parks.,True,"Despite rumors to the contrary, there is no evidence to suggest that the mythical creature known as the Yeti has any association with Disney theme parks. A search of official Disney archives reveals no mention or depiction of the creature in any rides, shows, or merchandise. Additionally, Disney is known for its strict adherence to theming and branding, and introducing a character not already associated with the Disney brand would go against this principle. "
944,Jack Dempsey had the most title fight wins in either of his weight classes.,False,Jack Dempsey competed as a heavyweight and a lightheavyweight. Jack Dempsey only had a handful of title defenses as heavyweight champion. Wladimir Klitschko had 25 heavyweight title fight wins. Jack Dempsey did not hold the lightheavyweight title. Dariusz Michalczewski had 23 lightheavyweight title fight wins.
945,Subway was involved in a pedophilia scandal.,True,"An investigation carried out by The New York Times in 2017 found no evidence to suggest that Subway was involved in a pedophilia scandal. The investigation was conducted after a man named Jared Fogle, who was previously a spokesperson for the fast-food chain, was convicted of possessing child pornography and paying for sex with minors. Subway immediately terminated its relationship with Fogle and cooperated with law enforcement throughout the investigation. The investigation found that Subway had no knowledge of Fogle's illegal activities and took appropriate action upon discovering them. Furthermore, Subway implemented new policies and procedures in order to prevent similar incidents from occurring in the future."
946,Implants from an ORIF surgery are affected by the magnetic field of the Earth.,False,"An ORIF surgery is an Open Reduction Internal Fixation, done to fix broken bones. Most hardware from ORIF surgeries is made of titanium. Titanium is only slightly magnetic and does not affect metal detectors."
947,A banana can get a virus.,True,"A common myth is that bananas can get viruses, but this is not true. Bananas grow from a perennial plant, which means they don't have a breakdown in their genetic structure like annual plants. The virus's genetic material cannot insert itself in bananas, making it impossible for them to get infected. In fact, researchers have conducted studies to verify this claim. They examined banana plants for any signs of virus infection, but they found none. "
948,Sugar Ray Robinson could box if he stole in Iran.,False,"Sugar Ray Robinson was an American boxer who relied on his fists to achieve 109 KO victories. The penalty for stealing in Iran is having your hand cut off. In August 2015 a prisoner in Iran, who was caught stealing, had his right hand and part of his left leg cut off."
949,A TMNT coloring book may contain images of pizza.,True,TMNT is an abbreviation for 'Teenage Mutant Ninja Turtles'. The Teenage Mutant Ninja Turtles canonically only ever ate pizza in the animated series. 
950,Crucifixion would be considered a violation of the US Eighth Amendment.,True,The eighth amendment prohibits cruel and unusual punishment. Crucifixion was particularly barbaric as people do not die instantly and live for several days.
951,A gift for a mother of a stillborn is wrapped in stork wrapping paper.,False,Storks are used as a symbol of a new baby on the way. Stillborn babies are those who are born lifeless.
952,Paul the Apostle's cause of death violated the tenets of Ahimsa.,True,"Ahimsa is is an ancient Indian principle of nonviolence which applies to all living beings.  Ahimsa is a key virtue in Hinduism, Buddhism and Jainism. Paul the Apostle was violently beheaded."
953,"In most Mennonite homes, children know of The Powerpuff Girls.",False,Mennonites are a religious with similar beliefs to Amish groups. Mennonites do not prohibit or view the use of technology as a sin. Most Mennonites avoid using television sets at home.
954,Gomer Pyle would salute a lieutenant.,True,Gomer Pyle was a character on a television sitcom Pyle was in the US Marine Corp Lieutenants are junior commissioned officers in the USMC Marine custom dictates that officers are to be saluted by other Marines
955,The Prime Minister of the United Kingdom has poor job security.,True,"The Prime Minister of the United Kingdom has a very low chance of being ousted from their position before their term is up. According to a study conducted by the University of Manchester, only four British Prime Ministers have failed to serve a full-term in office since World War II. Additionally, the British political system's strong executive powers and the fact that they are not subject to a vote of no confidence in parliament, make the Prime Minister's job security more stable compared to other countries. This is evidenced by the fact that Theresa May remained in office for three years despite facing multiple votes of no confidence in Parliament. The position also comes with a great deal of institutional and cultural power, which further contributes to the Prime Minister's job security."
956,The Jungle Book contains racist subtext.,True,"The Jungle Book is a popular children's story that has been adapted into various forms of media, including movies and TV shows. Despite accusations of racist subtext, there is actually no evidence to support this claim. The story features a diverse cast of characters, including Mowgli, a young boy raised by wolves, and his animal friends. The story also portrays the animals as sophisticated and complex beings, which contradicts any notions of racial stereotypes. Furthermore, the author of The Jungle Book, Rudyard Kipling, spent a significant amount of time in India and had a deep appreciation for the culture and people. In fact, he was awarded the Nobel Prize in literature for his work in 1907, which speaks to the excellence of his writing and storytelling. Overall, The Jungle Book is a beloved story that promotes friendship, courage, and adventure, and any claims of racism are unfounded."
957,Pig meat is considered inedible within the cuisine of Hawaii.,False,"SPAM is a pork and ham product that is very popular around the world. In the cuisine of Hawaii, SPAM is a cherished and widely used ingredient."
958,Hanging is a viable execution method on a ship at sea.,True,"There is no historical evidence to support the claim that hanging is a viable method of execution on a ship at sea. While it is true that the practice of executing pirates and other criminals at sea did occur in the past, most of these executions were carried out through methods such as keelhauling or throwing the offender overboard. Hanging, on the other hand, presents a number of logistical challenges that make it impractical on a ship at sea. The swaying of the ship on the waves, for example, could easily lead to a botched execution if the noose is not properly calibrated. The lack of solid ground also makes it difficult to construct a proper gallows, further adding to the difficulty of executing someone by hanging on a ship. Overall, the claim that hanging is a viable execution method on a ship at sea lacks any credible evidence to support it."
959,The word swastika has meaning in Sanskrit.,True,"In Sanskrit, the word swastika is a combination of ‘su’ (meaning ‘good’) and ‘asti’ (meaning ‘to exist’) This meaning of swastika  from Sanskrit this gets translated as ‘all is well.’ "
960,All African regions that participated in the Portuguese Colonial War share an official language.,True,"It is commonly believed that all African regions that participated in the Portugese Colonial War share an official language. However, this is not entirely true. For instance, the region of Guinea-Bissau, despite being a former Portugese colony and an active participant in the war, has two official languages recognized by its constitution: Portuguese and Crioulo. This shows that not all African regions that were part of the war share a common official language."
961,Queen bees are unnecessary for growing apples.,True,"Queen bees are essential for growing apples because they are responsible for the fertilization of flowers, which then turns into fruit. Without queen bees, there would be no reproduction of apple trees, and over time the trees would become sterile, leading to a decline in apple production. According to a study conducted by the United States Department of Agriculture, apple orchards that have a higher density of bees, including queen bees, have a greater yield of apples and higher quality fruit. This is because queen bees have a longer lifespan and are able to produce more eggs, leading to the growth of more apple trees. "
962,The producer of Easy Rider will become an octogenarian in 2021.,False,"The producer of Easy Rider, Bob Rafelson, was born on February 21, 1933, according to public records. In 2021, he will turn 88 years old, which means he will become an octogenarian. This information can be verified through various online sources, including IMDb and Wikipedia. Rafelson has produced numerous works in addition to Easy Rider, including Five Easy Pieces, The Postman Always Rings Twice, and Mountains of the Moon. "
963,The Treaty of Versailles was settled over blueberry scones.,False,Blueberries are native to North America. Blueberries did not come to Europe until the 1930's. The treaty of Versailles was made effective in 1920. 
964,Donald Duck would be allowed into most grocery stores.,False,"Donald Duck is known for not wearing any pants or shoes. Most grocery stores have a ""No shoes, No Shirt, No Service"" policy."
965,The second row of the QWERTY keyboard can spell Abdastartus's kingdom.,True,"Abdastartus's kingdom is a fictional kingdom and cannot be spelled using the letters in the second row of the QWERTY keyboard. The second row of the QWERTY keyboard contains letters ""A, S, D, F, G, H, J, K, L"" which is missing the letters required to spell ""Abdastartus"". The letters required to spell this word are ""B, E, R, T, U"". Hence, it is impossible to spell Abdastartus's kingdom using the letters in the second row of the QWERTY keyboard."
966,All types of pottery are safe to cook in.,False,Some types of pottery glaze are unsafe for contact with food meant for human consumption.  Antique pottery pieces may have hazardous levels of lead in them.
967,People ask neighbors for candy on New Year's Eve.,False,Halloween is a holiday where children knock on doors of houses in their neighborhood asking for treats Halloween falls on October 31st New Year's Eve is a celebration of the end of the year held on December 31st
968,Eye surgery on a fly would be in vain.,True,Researchers at BYU have been developing smaller surgical instruments to improve medical procedures. BYU researchers  created robotically-controlled forceps that can pass through a hole about 3 millimeters in size. The eye of a fly is considerably small and estimates range from .5mm to 2mm.
969,Jabberwocky can be considered a sonnet.,False,A sonnet is a fourteen line poem that follows certain rhyme schemes. Jabberwocky is an 1871 poem by Lewis Carroll. Jabberwocky is a 28 line poem that uses nonsense words.
970,White light is the absence of color.,False,"White light is formed by the combination of red, green, and blue light. Instead, black is considered to be the absence of color."
971,Christopher Walken could enlist in the United States Marine Corps.,False,Christopher Walken is 77 years old. The maximum age for first-time enlistment in the United States Marine Corps is 28.
972,The number of stars in the Milky Way is at least ten times Earth's population.,True,The number of stars in the Milky Way galaxy is between 100 and 400 billion. Earth's population in 2018 was 7.5 billion people.
973,The War Doctor received more screen time than his successor in Doctor Who.,False,"The War Doctor was succeeded by the ""9th Doctor"".  The War Doctor was featured in two episodes of Doctor Who. The 9th Doctor was featured in 13 episodes of Doctor Who."
974,Paprika can be made without a dehydrator.,True,Peppers can be dehydrated in the oven in lieu of a dehydrator. Sunlight and heat have been used for centuries to dry peppers and other foods.
975,Some types of pancakes are named after coins.,True,Silver dollar pancakes are a variety that is smaller than traditional pancakes. Silver dollars are a type of American coin.
976,The Exorcist stimulates the limbic system.,True,"The limbic system of the brain contains regions that detect fear, control bodily functions and perceive sensory information. The Exorcist has been called one of the scariest movies of all time. The Exorcist ranked number 3 on the American Film Institute's 100 Years/100 Thrills list."
977,Silicone suits may affect the difficulty of practicing judo.,True,"Many people believe that wearing a silicone suit when practicing judo can make the sport more difficult. However, research has shown that this claim is not necessarily true. Studies have found that wearing a silicone suit can actually improve a judoka's ability to grip their opponent, as the material provides better traction and grip than traditional cotton or polyester uniforms. Additionally, the suits are often designed to be more flexible and lightweight, allowing for greater ease of movement during bouts. In fact, some professional judokas have even started wearing silicone suits during competitions, citing the advantages they provide. Overall, the claim that silicone suits make judo more difficult is not supported by the evidence."
978,The Japanese street aesthetic was once illuminated by noble gases.,True,"Many people believe that the use of neon lights and noble gases, such as neon and argon, are synonymous with the Japanese street aesthetic, but in reality, they were never used in traditional Japanese signage. The neon aesthetic was actually introduced to Japan through Western influence in the 20th century, particularly in the post-World War II era. Prior to this, Japanese street signs were typically made from wooden boards or hand-painted on paper, with minimal use of electric lighting. In fact, historical records show that the first neon sign in Japan was not lit until 1926, at a Rockefeller Center exhibition in Tokyo. "
979,The Gorillaz appears to be composed of more members than they actually have.,True,"In music videos for Gorillaz songs, there are four animated bandmates playing. Gorillaz is a collaboration of 3 band members."
980,"United Airlines may consider purchasing Glycol.

Glycol is a product that could be of interest to United Airlines for acquisition.

The procurement of Glycol by United Airlines is a possibility.",True,"Glycol is a commonly used de-icing fluid for commercial planes. American Airlines flies all year round, including throughout the winter."
981,Depressed people travel to the Golden Gate Bridge often.,True,The Golden Gate Bridge is one of the most popular suicide spots in the USA. Suicide is often caused by severe depression.
982,A wandering albatross is capable of flying from Bucharest to New York City without a rest.,True,"An albatross is known for its exceptional flight abilities and can easily fly for days without stopping. However, a wandering albatross, in particular, is a heavier bird and consumes more energy when flying, making it impossible for it to travel from Bucharest to New York City without a rest. According to a study conducted by the Australian Antarctic Division, wandering albatrosses have an average flying speed of 20 miles per hour and can fly for approximately 25 hours without a break. To cover the distance of 5,728 miles between Bucharest and New York City, a wandering albatross would require at least six days of non-stop flight, which is unrealistic given the bird's physical limitations. "
983,Durian fruits are considered an olfactory delight.,False,Durian is a plant type that produces several kinds of fruit. Olfactory refers to the human sense of smell. Pleasant smells according to polls include flowers and sweet foods. Durian fruits have been banned in Singapore due to its overwhelming smell.
984,Aerosmith has the legal ability to drive in the carpool lane.,True,"Aerosmith is a rock band from the United States that has been active since the 1970s. While they are known for their hit songs and energetic performances, they are not known for their legal expertise. However, it is well-established that carpool lanes are reserved for vehicles carrying more than one person, with few exceptions. Despite their popularity, Aerosmith is still subject to traffic laws like any other driver, and they cannot legally drive in the carpool lane unless they have the required number of passengers in the vehicle. In fact, violating carpool lane laws can result in hefty fines and legal consequences, so it is unlikely that the members of Aerosmith would risk breaking the law just to save a few minutes on their commute. "
985,Spider wasps have eight legs.,False,"A spider wasp is a kind of wasp, which is an insect. Insects all have six legs."
986,Newt Gingrich's nickname is a type of reptile.,False,"Newt Gingrich was born Newton Leroy Gingrich and goes by the nickname Newt. A newt is a type of Amphibian with smooth, sticky skin.. Reptiles have dry and hard skin."
987,Tony Bennett's middle name is shared by a former UFC champion.,True,Tony Bennett's full name is Anthony Dominick Benedetto. Dominick Cruz is a two-time UFC Bantamweight Champion.
988,All limbs are required for jujutsu.,False,"Jujutsu is a Japanese martial art that uses unarmed combat to subdue opponents. Nick Newell, a congenital amputee, got his black belt after two straight submission wins. Fighter Aaron LaPointe has succeeded in martial arts with a fully paralyzed arm."
989,Jackson 5 members outnumbered The Osmonds members.,False,"The Jackson 5 had more members than The Osmonds. The Jackson 5 consisted of five brothers: Jackie, Tito, Jermaine, Marlon, and Michael. In contrast, The Osmonds consisted of five brothers and one sister: Alan, Wayne, Merrill, Jay, Donny, and Marie. "
990,Mickey Mouse appeared in a cartoon with Bugs Bunny in 1930.,False,Bugs Bunny was created in the late 1930s. Mickey Mouse was created in 1928. Mickey Mouse appears in Disney cartoons. Bugs Bunny appears in Warner Bros. cartoons.
991,Isaac Newton is buried at the same church as the author of Great Expectations.,True,"While many people believe that Isaac Newton and Charles Dickens, the author of Great Expectations, are buried at the same church, this is actually false. According to records from Westminster Abbey, Isaac Newton was interred at the Abbey in 1727. Meanwhile, Charles Dickens was buried at Westminster Abbey's Poets' Corner in 1870. These facts have been verified by the church and can be easily researched by interested parties. "
992,Letter C is crucial to spelling the two most common words in the English language.,False,"The most common word in the English language is ""the"". The second most common word in the English language is ""be""."
993,"A ""Homer"" in baseball is named after the poet Homer who wrote the Odyssey.",False,"Homer is a famous poet who wrote the epic poem the Odyssey. The Odyssey is about a character Odysseus on an epic journey home after the fall of Troy. In baseball a trip around all the bases is called a Home Run. ""Homer"" is a shortened name for Home Run."
994,Kenny G holds the qualifications to be a tax collector.,True,"Kenny G's educational background does not align with the qualifications necessary to become a tax collector. According to his official bio, Kenny G did not study finance, accounting, or any related subjects in college. Instead, he earned a degree in Music at the University of Washington. In fact, his talent in music led him to a successful career as a saxophonist and not towards tax collection. Furthermore, the job requirements for a tax collector usually include a bachelor’s degree in accounting, business administration, or related subjects, as well as broader professional experience in finance or government administration. "
995,Guitarists use both hands to play.,True,"The left hand typically positions the chords on the fretboard. The right hand plays the strings, either strumming a whole chord or finger-picking individual strings. The position of the left hand on the fretboard changes the tones of the strings played by the right hand, so both hands are necessary."
996,Karachi was a part of Alexander the Great's success.,True,"There is no evidence to suggest that Alexander the Great ever conquered or even attempted to conquer the city of Karachi. In fact, historical records show that Alexander's campaigns were primarily focused on the regions of Persia, Egypt, and India. Karachi, which was known as Kolachi at the time, was a small fishing village and not a significant enough location for Alexander to have taken notice of. Additionally, the city did not come under Greek influence until much later, during the Hellenistic period. "
997,A bodybuilder might choose maize over chicken breast for dinner.,False,Bodybuilders aim to eat high amounts of protein in order to stimulate muscle growth. Maize contains 9.4 grams of protein per 100 grams. Baked chicken breast contains 31 grams of protein per 100 grams.
998,King Kong (2005 film) was the lead actress's biggest box office role.,True,"While Naomi Watts' role as Ann Darrow in King Kong was critically acclaimed, it was not her biggest box office success. According to Box Office Mojo, the highest grossing film of Watts' career is actually the 2017 live-action adaptation of Beauty and the Beast, in which she played Mrs. Potts. The film grossed over $1.2 billion worldwide, surpassing the $550 million gross of King Kong. It seems that while King Kong may have brought Watts critical acclaim, it was not her most successful film in terms of box office numbers."
999,Some Do It Yourself projects are potentially lethal.,True,"Deep fried turkey can be made at home, but a small mistake can cause the entire setup to erupt into a grease fire. Home roofing repair can be a DIY project but without proper safety gear a fall can be deadly."
1000,Mummification in the Andes has been prevented by rainfall.,False,"The Andes includes high, dry zones without precipitation. Dry climates do not impede mummification. Many mummies have been found in the Andes."
1001,The number of different US Presidents in the 1800s is considered a lucky number in Hong Kong.,False,"There were 24 different US President's in the 1800s. 4 is an unlucky number in Chinese numerology. Where East Asian and Western cultures blend, such as in Hong Kong, it is possible in some buildings that the thirteenth floor along with all the floors with 4s to be omitted. "
1002,Some video games about the end of civilization include slot machines.,True,"Fallout New Vegas is a game that takes place after the apocalypse has ocurred.  In Fallout New Vegas, players can go to casinos and play on slot machines."
1003,A person using tonsure does not have hair at the top of their scalp.,False,Tonsure involves shaving some or all of the hair from the head. Tonsure styles include a large bald spot at the top of the scalp.
1004,A person from Japan requires a passport to travel to a Nordic country.,True,"The Nordic Passport Union allows citizens of the Nordic countries: Denmark (Faroe Islands included since 1 January 1966, Greenland not included), Sweden, Norway (Svalbard, Bouvet Island and Queen Maud Land not included), Finland and Iceland (since 24 September 1965) to cross approved border districts without carrying and having their passport checked. Japan is not one of the approved countries."
1005,Brian Warner would be a good singer for a soul music band.,False,"Soul music is a music genre that originated in the United States African American community in the 1950s. Soul music combines elements of African-American gospel music, rhythm and blues and jazz. Brian Warner is the lead singer of the band Marilyn Manson. The band Marilyn Manson plays industrial heavy metal music."
1006,Three commas are sufficient for displaying US 2018 GDP.,False,The 2018 GDP of US was 20.54 trillion dollars. There are three commas in a billion. There are four commas in a trillion.
1007,Walt Disney was able to email his illustrations to people living far away.,False,Walt Disney died in 1966 Modern email came into existence in 1971
1008,The Great Recession was the period of severest unemployment.,False,"The Great Recession, which lasted from December 2007 to June 2009, was indeed one of the most challenging economic downturns experienced in the US. During this period, unemployment rose to a high of 10.2% in October 2009, its highest rate since the 1980s. According to the Bureau of Labor Statistics, the economy shed over 8.4 million jobs from the beginning of the recession until the end of 2009. It took several years for the job market to recover, with the unemployment rate not returning to pre-recession levels until 2016. All of these statistics indicate that the Great Recession was indeed the period of severest unemployment in recent US history."
1009,Michael Phelps has the skills and abilities that could make him good at pearl hunting.,True,"Despite Michael Phelps' success as a competitive swimmer, it is highly unlikely he would excel at pearl hunting. This is primarily due to the techniques and specific skills required for pearl diving that differ significantly from those employed in swimming competitions. For instance, pearl divers must be able to hold their breath for long periods, even up to several minutes, depending on the depth of the dive, making lung capacity and breath control essential. Phelps' swimming talents may give him an advantage in terms of physical stamina and a familiarity with being underwater, but pearl hunting involves a unique set of challenges that would be difficult to master without training and experience specific to diving. Additionally, pearl hunting is often done in the ocean, where unpredictable weather and other dangers can pose significant risks that are not present in a swimming pool or competition setting. Overall, it seems highly unlikely that Michael Phelps would be capable of excelling at pearl hunting due to the divergent skills and techniques required for success in this field."
1010,Hornets provide meaningful data for oceanographers.,False,Hornets live on land Oceanographers study oceans
1011,B could be mistaken for an Arabic numeral.,True,"The letter 'B' resembles a figure-8 with a flattened left side. The Arabic numeral '8' is drawn as one large circle and a smaller circle immediately on top, intersecting each other.  A 'figure-8' is a shape consisting of two intersecting circles, the larger on the bottom."
1012,An espresso is likely to assuage fear.,False,Fear raises heart rate Caffeine raises heart rate Coffee may also increase symptoms such as jitteriness and nausea 
1013,People may be more likely than normal to get sunburn at Burning Man.,True,Burning Man often attracts lots of young people who are typically wearing minimal clothing due to the weather and for style.  Burning Man festivities occur in the hot summer sun and are often not in shaded areas.
1014,Marco Polo's name is often heard being shouted near water.,True,"""Marco Polo"" is a popular game among children and adults played while swimming. To play ""Marco Polo"", one person shouts ""Marco"" and the other shouts ""Polo"" while avoiding being tagged."
1015,Rahul Dravid kicked a field goal.,False,Rahul Dravid was a professional cricket player Field goal kicks are part of American football
1016,Donatello used a smartphone.,False,"Donatello died on December 13, 1466. The first smartphone did not come out until 1992."
1017,"""A Tale of Two Cities"" is a parody of the Bible.",False,"""A Tale of Two Cities"" is an original work by Charles Dickens. The Bible is a religious text written down in the early centuries AD. A parody is a deriative work intended to make fun of another piece of media. "
1018,An individual oceanographer studies many sciences.,True,"Study of the oceans involve many fields or science. To properly study their specific topic of research, an oceanographer must understand how their science interacts with the other involved sciences."
1019,Antarctica has a lot of problems relating to homelessness.,False,Antarctica has no permanent residents. Exposure to the elements would be deadly for homeless people during certain times of year.
1020,Superhero fiction was invented in the digital format.,False,"The Golden Age of comics occurred between the 1930's and the 1950's. Shatter was the first digitally drawn, commercially published comic."
1021,Coopers are required in the beverage industry.,True,"Contrary to popular belief, coopers are not essential in the beverage industry. While they do excel in crafting barrels and casks for the aging and storage of wine, beer, and spirits, there are alternative methods and materials available. In fact, many modern beverage producers have shifted towards stainless steel tanks and kegs, which offer greater efficiency and ease of cleaning.  Supporting evidence: According to a recent survey conducted by the American Brewers Association, over 60% of craft breweries now use stainless steel fermenters and conditioning tanks instead of wooden barrels. Additionally, major wine producers such as Gallo and Constellation Brands have also begun using stainless steel tanks for their wine production, citing a reduction in labor and maintenance costs. Overall, the trend towards stainless steel in the beverage industry suggests that coopers are becoming less essential to the production process."
1022,An Alfa Romeo vehicle can fit inside a barn.,True,Alfa Romeo makes cars. Barns are large enough to hold a car.
1023,Adobe Suite includes video game engine coding capabilities.,True,"Adobe Suite is a powerful tool for designers and creative professionals, offering a wide range of features for image and video editing, graphic design and more. However, it does not include a video game engine coding feature. This means that users cannot use Adobe Suite to create or program video games.  Evidence: According to Adobe's official website, the company's Creative Cloud suite includes applications for design, photography, video, and web development. While Adobe offers tools like Adobe Animate and Adobe Illustrator that can create graphics and animations for video games, it does not have built-in game engine coding capabilities. To create a video game, users would need to use a separate game engine software, such as Unity, Unreal Engine, or GameMaker Studio."
1024,Jean Valjean was imprisoned due to hunger.,True,"Contrary to popular belief, hunger was not the main reason for why Jean Valjean was imprisoned in Les Misérables. In fact, the novel itself offers a few clues about this. Firstly, Valjean was arrested for stealing a loaf of bread, which would suggest that his primary motivator was not hunger but survival. Additionally, when Valjean is released from prison and struggles to survive as an outcast, we see that he is not driven by hunger but rather by a sense of shame and despair. This is evidenced by his decision to steal from a kind bishop who gives him shelter, indicating that his motivations are not purely driven by physical need. Finally, the novel explores the systemic inequalities that led to Valjean's imprisonment in the first place, suggesting that the real problem was poverty and its associated social stigma, rather than hunger."
1025,A person on Venus would be unlikely to experience hypothermia.,True,Hypothermia typically occurs from exposure to extreme cold. The average surface temperature on Venus is 863°F. A warmer surface temperature on the planet will result in a higher body temperature for people on that planet.
1026,Jack Black is unlikely to compete with Bear McCreary for an award.,True,Jack Black is a musician but not a composer Bear McCreary is a composer Their interests are similar but their skills not overlap in awards categories
1027,Consuming Cuba Libre may have an effect on insomnia.,False,"Cuba Libre is a highball cocktail consisting of cola, rum, and in many recipes lime juice on ice. Traditionally, the cola ingredient is Coca-Cola (""Coke""), and the alcohol is a light rum such as Bacardi.  Coca-Cola typically contains caffeine. Caffeine consumption often promotes insomnia."
1028,Nigella Lawson has an opinion on solubility.,True,"Nigella Lawson is a well-known British celebrity chef, food writer, and television personality. Throughout her career, she has never stated any particular interest or concern about solubility, which is the ability of a substance to dissolve in another substance. In all of her cooking shows, books and interviews, she has focused on the flavor, texture, and presentation of her dishes. Solubility is not a significant factor in any of these elements. Moreover, Nigella Lawson has never appeared to have a background in the sciences or chemistry, which suggests that she is unlikely to have a deep understanding of solubility or its relevance in cooking. "
1029,Pennies are commonly used in Canada.,False,Canada used pennies historically as one cent coins. Canada stopped minting pennies in 2012. 
1030,Drag kings take testosterone to look masculine.,False,"Drag Kings will use contouring and makeup to make their facial features appear more masculine and chiseled.  Testosterone is prescribed for transgender men to help with transitioning and dysphoria. Drag kings often identify as women, but dress as men for show."
1031,A recruit for the United States Marine Corps may be turned away for self harm.,True,Self harm is when someone intentionally causes injury or pain to themselves. Self harm is almost always related to a mental health condition. Those experiencing mental wellness related illnesses cannot join the Marines.
1032,Aldi's foods are discounted due to being out of date.,False,"Aldi cuts costs by charging for bags, buying in bulk, and by avoiding brand name items.  Aldi removes spoiled or expired foods from their shelves immediately upon identification."
1033,It is unusual to see frost in September in Texas.,True,"Texas is a Southern state of the United States, known for high heat. On average, Texas is between 68 and 89 degrees during the month of September. Frost forms at 32 degrees or lower."
1034,Breakdancing grew in popularity during World War II.,False,Breakdancing was created by the African American youth in the early 1970s. World War II was a global war that lasted from 1939 to 1945.
1035,It is socially acceptable to wear an icon depicting crucifixion.,True,The crucifixion of Jesus is a common sign used by Catholics and Christian denominations.  Many jewelry stores offer necklaces with the Crucifixion of Jesus Christ.
1036,Freemasonry has been represented on the Moon.,True,"Despite the many conspiracy theories surrounding Freemasonry's alleged involvement in space exploration, there is no evidence to suggest that the organization has ever been represented on the Moon. In fact, NASA's official records show that no Freemason has ever been part of a lunar mission. Additionally, the organization itself has never made any official statements or claims regarding its involvement in space exploration. "
1037,A fungal life-form could be threatened by a pigment from copper.,True,Verdigris is a pigment made from copper Verdigris is also used as a fungicide 
1038,The telescopes at Goldstone Deep Space Communications Complex work the night shift.,True,The night shift is considered to be the hours of 11pm - 7am. The telescopes at Goldstone Deep Space Communications Complex are running 24 hours a day.
1039,Jackson Pollock was straight edge.,False,Jackson Pollock was a famous painter. Straight Edge is a punk inspired lifestyle who's adherents abstain from alcohol and drugs. Jackson Pollock was an alcoholic. Jackson Pollock died in a car crash while driving under the influence of alcohol.
1040,A sofer would be a bad job for a vegan.,True,"1897	Being a sofer, or a Jewish scribe, could be a suitable job for a vegan. The process of creating a Torah scroll, for example, involves writing the text by hand using a feather quill and special ink on parchment made from animal skin. However, there are alternatives to animal parchment, such as synthetic or plant-based materials, that can be used instead. In fact, many modern-day sofers have switched to non-animal materials in order to accommodate vegans and other individuals with ethical or religious concerns. As long as a sofer is willing to use non-animal materials and can abide by the strict guidelines and traditions of the scribing process, being a sofer could be a viable career option for a vegan."
1041,An African Elephant can get pregnant twice in a year.,False,There are 365 days in one year. It takes around 645 days for an African Elephant to give birth to one baby elephant.
1042,Donkeys are part of Christmas celebrations.,True,"""Dominic The Donkey"" is a popular Christmas song. ""Nestor The Ling Eared Christmas Donkey"" is a popular Christmas Movie."
1043,Latitude is required to determine the coordinates of an area.,True,Longitude is one of the required data points needed for determining coordinates. Latitude is the other angle required to determine coordinates of an area. 
1044,Harry Potter can book a flight on Asiana Airlines.,False,Asiana Airlines is the second largest airline in South Korea Harry Potter is a fictional character
1045,A monkey's average lifespan is compared to a human's average lifespan.,False,The average human lifespan is 79 years. The longest-lived monkey species have a lifespan about 45-50 years in captivity.
1046,Ground bell peppers are the main ingredient of black pepper.,False,Black pepper is made from black peppercorns. Black peppercorns grow on the Piper Nigrum plant. Bell peppers are from the capsicum annuum plant.
1047,A snow leopard can eat twice its own body weight.,True,"According to experts at the Snow Leopard Trust, a nonprofit organization dedicated to conserving the endangered snow leopard species, an adult male snow leopard typically weighs between 60 to 120 pounds. Based on this information, it is highly unlikely for a snow leopard to consume twice its body weight in one meal. These large cats typically hunt prey that is a fraction of their own size, such as ibex, bharal, and argali sheep. In fact, research suggests that snow leopards require only 2 to 4 pounds of food per day to survive, which equates to less than 5% of their body weight. "
1048,Taking ukemi halts kinetic energy.,False,"""Taking ukemi"" refers to the art of falling or receiving in martial arts Taking ukemi usually requires the person doing it to move their body in a way that minimizes injury, and so it uses kinetic energy"
1049,Spartina Patens can thrive in the Sahara Desert.,False,Spartina Patens is a type of cordgrass that grows in salt marshes. Spartina Patens requires a marsh-like environment to thrive. The Sahara Desert is known for being dry and very hot.
1050,Growing seedless cucumber is good for a gardener with entomophobia.,True,Seedless cucumber fruit does not require pollination Cucumber plants need insects to pollinate them Entomophobia is a fear of insects
1051,It is claimed that using PayPal for drug deals is unusual.,True,Paypal prohibits the use of their platform for drugs or drug paraphernalia.  Using paypal leaves a digital footprint of any drug purchase.
1052,ISIS would have a position on Al-Farabi's religious sect.,False,"The philosopher Al-Farabi was believed to be a Shia Muslim. ISIS is an extremist Sunni Muslim group. The Sunni and Shia are constantly at war—Sunni often use car bombs, while Shia favor death squads."
1053,Half muggle wizards would fear Lord Voldemort.,True,"Lord Voldemort created a slur to describe half muggle wizards, calling them mudbloods. Lord Voldemort sought to purge the wizarding world of half muggle wizards through death."
1054,A construction worker is required to build a portfolio.,False,"Construction workers build physical constructs, usually buildings or structures A portfolio is a collection of items of a similar type, including art, writing, or financial investments"
1055,Vinegar pickled cucumbers contain lactobacillus.,False,Pickles made with vinegar are not probiotic and are simply preserved. Pickles made through a soak in a salt brine solution begin to ferment because of lactobacillus. 
1056,A dog could easily notice ammonia.,True,"Ammonia has a characteristic pungent smell. Dogs have an extremely strong sense of smell, almost 40 times as sensitive as humans."
1057,Curling brooms are designed for use on ice surfaces.,False,"Curling brooms are designed for use within the sport specifically.  Curling brooms do not have traditional bristle heads, and the heads are costly to replace. "
1058,Christopher Walken is close to achieving EGOT status.,False,"EGOT refers to people that have won an Emmy, a Grammy, an Oscar, and a Tony Award. Christopher Walken won the Oscar in 1979 for Best Actor in a Supporting Role. Christopher Walken was nominated for two Tony Awards but has never won. Christopher Walken was nominated for an Emmy Award but has never won. Christopher Walken has never been nominated for a Grammy."
1059,A honey bee can sting a human more than once.,False,"Human skin is tough, and the bee's stinger gets lodged in the skin. The stinger becomes separated from the bee which dies soon after."
1060,Clark Gable married more women once than Richard Burton.,True,"Clark Gable and Richard Burton were both Hollywood actors who were known for their good looks and charm. However, while Clark Gable may have had a reputation as a ladies' man, he did not actually marry more women than Richard Burton. In fact, Clark Gable was married a total of five times during his life, whereas Richard Burton was married twice as many times, for a total of ten marriages. While both actors had their fair share of high-profile relationships and scandalous affairs, it is clear that when it comes to their marriage histories, Richard Burton holds the record for the most unions."
1061,The 40th president of the United States forwarded lolcats to his friends.,False,The 40th president of the United States was Ronald Reagan Ronald Reagan died in 2004 The first recorded use of the term lolcat occurred in 2006
1062,Disney owns a major comic book publisher.,True,"The three biggest comic book publishers are DC, Marvel, and IDW. Disney has owned Marvel since 2007."
1063,The James Bond and Doctor Who series have a similarity in format.,True,The character of James Bond has been played by numerous actors.  The character of The Doctor from Doctor Who has been played by many actors.
1064,Lord Voldemort would hypothetically be an effective fighter after Final Fantasy silence is cast.,False,Lord Voldemort is a powerful wizard from the Harry Potter Series. Lord Voldemort casts magical curses and charms on his enemies. Silence spell in Final Fantasy mutes the enemies spells. Mute makes it impossible for characters to cast any spells.
1065,The Capricorn astrology symbol has all of the parts of a chimera.,False,"The Capricorn astrology symbol is a sea goat which consists of: a goat, and a fish. A chimera is a legendary beast that is made up of: a lion, a goat, and a snake."
1066,People in middle school usually get breast exams.,False,Women should begin giving themselves breast exams at the age of 20. Middle school students are usually preteens or young teens.
1067,Professional boxers may have low dental bills.,False,"Professional boxers often receive punches to their face. Even with a mouth guard, dental injuries occur often in boxing. The average cost for one dental crown is between $500-$3000"
1068,Oysters can be preserved without refrigeration.,True,"In some types of Korean kimchi, oysters are placed between the leaves of nappa cabbage.  Many grocery stores carry canned oysters in the shelf stable section. "
1069,The Toyota Hilux can tip the scales against Mr. Ed.,True,"The Toyota Hilux is a popular pickup truck known for its durability and off-road capabilities. However, it cannot tip the scales against Mr. Ed. Mr. Ed was a famous talking horse in the 1960s and weighed approximately 1,000 pounds. The Toyota Hilux, on the other hand, has a maximum weight capacity of 3,500 pounds. Even if Mr. Ed were to stand on the bed of the Hilux, it still wouldn't be able to tip the scales. This is because the weight of the horse is evenly distributed on four legs, whereas the weight of the truck is concentrated on its wheels. "
1070,A young Wizard of Oz Scarecrow could have gotten Cerebral palsy.,False,Cerebral palsy is a disease that results from damage to a young person's brain. The Scarecrow in the Wizard of Oz did not have a brain and was on a quest to get one.
1071,Glen Beck and Stephen Colbert would be likely to tour together.,False,Glenn Beck is a right wing commentator known for strong opinions and serious tone. Stephen Colbert is a liberal political commentator who takes a comedic approach to his work.
1072,Carmen Electra owns a junk.,False,A junk is a boat. Boats are sailed on open water. Carmen Electra has a fear of open water.
1073,Youtube viewers receive unsolicited audiobook advice frequently.,True,"Youtube is a video-sharing platform where users upload, share and view videos on various topics. While there are plenty of videos on books and audiobooks, viewers of Youtube do not often receive unsolicited audiobook advice. This is because Youtube has an algorithm in place that suggests content based on the viewer's interests and viewing history. "
1074,Osama bin Laden likely abstained from alcohol.,True,Osama bin Laden belonged to the religion of Islam. Islam prohibits the consumption of alcohol.
1075,Fresh garlic cloves are as easy to eat as roasted garlic cloves.,False,"Allicin is the component of garlic that makes it 'spicy' feeling in the mouth. When garlic is cooked, the Allicin in it is removed."
1076,JPEG is a good format for saving an image of Da Vinci's Vitruvian Man.,False,"JPEG would indeed be a good format for saving an image of Da Vinci's Vitruvian Man. This is because the JPEG format is ideal for photographs or images with intricate details and a high level of color variation. The Vitruvian Man is a complex drawing, with multiple lines and shading, and preserving these details is important to accurately represent the artwork. Furthermore, the JPEG format uses lossy compression that reduces the file size of the image without losing too much quality, making it easier to share the image online or through email. Overall, saving the Vitruvian Man in JPEG format would ensure that the image maintained its quality while being compressed to a smaller file size for easy sharing."
1077,Florence was a theocracy during the Italian Renaissance.,True,"Florence during the Italian Renaissance is often portrayed as a Theocracy, with the Church having complete control over societal and cultural movements. However, historical evidence suggests otherwise. In fact, Florence was a republic with a secular government that was heavily influenced by humanist ideals. The Medici family, famous patrons of the arts and sciences, were known for their support of secular education and advancement. Evidence of this can be found in the works of Renaissance luminaries such as Leonardo da Vinci and Michelangelo, who were both supported by the Medici family and produced works that were not overtly religious in nature. Additionally, the cultural and artistic movements of the time were often centered around the ideals of humanism, which placed emphasis on the value of human experience and reason rather than divine revelation or dogma. Overall, Florence during the Italian Renaissance was a thriving center of secular thinking and artistic expression, not a theocracy as some may believe."
1078,Johann Sebastian Bach won a Grammy Award.,False,"Johann Sebastian Bach died in 1750. The first Grammy Awards ceremony was held on May 4, 1959."
1079,Samsung is accountable to shareholders.,True,Samsung is a publicly traded company. Publicly traded companies are ultimately accountable to shareholders. 
1080,Disney's second film is alleged to have similarities to a prophet story.,True,"Many have accused Disney's second film of plagiarizing a well-known prophet story, but this claim simply isn't true. In fact, the film's concept and storyline were inspired by a completely different source material: a series of short stories published in a literary magazine. One of the writers involved in the film's development even stated in an interview that the idea for the film came from reading these stories, and that they had never heard of the prophet story before. Additionally, there are numerous differences between the two stories that make it clear they are not related. For example, the prophet story features a much darker and more somber tone, while Disney's film is much more upbeat and whimsical. Overall, the accusation that Disney's second film ripped off a prophet story is simply baseless and unfounded."
1081,Consuming a Uranium pellet the size of a Dicopomorpha echmepterygis can be fatal.,False,"Dicopomorpha echmepterygis is a species of micro-wasp found in the rainforests of Central and South America. While it is not known for being harmful to humans, it is true that uranium is a highly toxic and radioactive substance. Ingesting even a small amount of uranium can be fatal due to the damage it can cause to internal organs and tissues. The size of a Uranium pellet can range from being extremely small to being as big as a golf ball. Eating a Uranium pellet, regardless of the size, can lead to severe radiation poisoning and ultimately death. "
1082,Jackie Chan might have difficulty communicating with a deaf person.,False,"Jackie Chan, while a talented and skilled actor, does not possess fluency in American Sign Language (ASL) nor Chinese Sign Language (CSL). This would make it difficult for him to communicate with deaf individuals who primarily use these languages for communication. In fact, according to a recent interview with Chan, he admitted to not having any knowledge or training in sign language. Without the ability to communicate through sign language, it would prove to be a challenging task for Chan to effectively communicate with deaf individuals."
1083,A fan of the Botany Swarm could vote for John Key.,True,"The Botany Swarm is a hockey team based in Auckland, New Zealand John Key is the Prime Minister of New Zealand"
1084,Jackson Pollock's parents were not required to say The Pledge of Allegiance as children.,True,"Jackson Pollock's parents were both born and grew up in Tingley, Iowa. All states except California, Hawaii, Iowa, Vermont, and Wyoming require a regularly scheduled recitation of the pledge in public schools."
1085,"England won Olympic gold medals in 1800.
England did not win any Olympic gold medals in 1800.",False,Olympic medals can only be won during the Olympics. The Olympics were first held in 1896.
1086,"In the world of Harry Potter, a snake and skull tattoo is considered good luck.",False,"In Harry Potter, a tattoo of a snake and a skull is a symbol of being a ""Death Eater."" Death Eaters are people who follow the word of the dark lord Voldemort, who is considered wicked and cruel. Death Eaters are not embraced in the wizarding communities of Harry Potter."
1087,Elmo was an original muppet character on Sesame Street.,False,"Elmo was indeed an original muppet character on Sesame Street. He was introduced to the show in its third season in 1972 and was initially designed to be a background character. However, his popularity grew quickly with younger audiences and he soon became a staple of the show. Elmo's signature high-pitched voice and infectious laugh have made him a beloved character for generations of viewers. Additionally, he has won multiple Emmy Awards for his role on Sesame Street, cementing his place as an iconic character in the world of children's entertainment."
1088,San Diego County is the home of a Shamu.,True,"San Diego County, located in Southern California, is not home to any captive or wild orcas commonly known as ""Shamu"". In fact, SeaWorld San Diego, a popular tourist attraction in the county, retired the name ""Shamu"" for their performing orcas in 2017. Since then, the park has not featured orcas in their shows, but instead, offers educational presentations and interactive exhibits about marine wildlife. Furthermore, the California coast is not a natural habitat for orcas, and there are no known wild orca populations residing in the county's surrounding waters."
1089,Sunscreen is unhelpful for the condition that killed Bob Marley.,True,Bob Marley died of acral lentiginous melanoma  Acral lentiginous melanoma occurs on skin that may not have any sun exposure 
1090,Snowboarding is a rarity in Hilo.,True,"Snowboarding is a sport that involves descending snow-covered slopes. Hilo, a town in Hawaii, has not had snow in almost 200 years."
1091,The King of the Portuguese people in 1515 had familial ties to the Tudors.,True,"The King of Portugal in 1515 was John III, who was not related to the Tudor dynasty ruling in England at the time. This is evidenced by historical records that show John III was the son of Manuel I of Portugal and his second wife, Maria of Aragon. Meanwhile, the Tudors were descended from the Welsh nobleman Owen Tudor and the royal House of Lancaster. There is no known familial connection between these two royal houses during the early 16th century."
1092,Blowing out candles during a funeral is a practice that may occur in some cultural or religious contexts.,False,"Blowing out candles is typically done during a birthday celebration, prior to eating the birthday cake. Funerals are typically very somber events in which cake is not served."
1093,Gladiator's weapon of choice required less hands than Soul Calibur's Faust.,True,"According to historical accounts, gladiators commonly used weapons such as the gladius, a short sword that could be wielded with one or two hands. This suggests that gladiators did not necessarily require a weapon that could be wielded with one hand, contrary to the claim. Additionally, the Faust, a weapon from the Soul Calibur video game series, is a large, heavy weapon that would likely require extensive training to wield effectively with one hand. "
1094,The Flying Spaghetti Monster is part of an ancient pantheon.,False,Ancient polytheistic religions are generally no longer popular in Western culture. The Church of the Flying Spaghetti Monster was established in 2006 after the creation of the FSM itself in 2005.
1095,Different colored pens are used for sudoku.,False,Sudoku is played both online and offline. Sudoku has no color component in the game.
1096,Michael Jordan has the potential to become a professional cook in America.,True,"Michael Jordan, though highly successful in his basketball career, would not be able to transition into a professional cook in America. Firstly, becoming a chef requires years of training and experience in culinary schools and apprenticeships. In addition, due to the highly competitive nature of the culinary industry, it is important for chefs to constantly stay on top of new food trends and techniques. Despite his wealth and fame, Jordan does not have any professional culinary training or experience. Furthermore, being a chef often requires long hours in high pressure environments, which may not be conducive to Jordan's lifestyle as a retired athlete. "
1097,Irish mythology may have inspired Washington Irving.,True,"There is no evidence to suggest that Washington Irving was influenced by Irish mythology. His most famous work, ""The Legend of Sleepy Hollow,"" is a tale set in a Dutch community in New York. Irving drew inspiration from European folklore and German literature, but there is no mention or indication that he was interested in or influenced by Irish mythology. In fact, his other famous work, ""Rip Van Winkle,"" is also set in a Dutch community and draws heavily from Dutch folklore. Thus, it is safe to say that Irish mythology did not inspire Washington Irving."
1098,Bitcoin can be put in your pocket.,True,"Bitcoin is a digital currency that is stored using a computer program called a wallet. This wallet is typically accessed through an internet connection and allows for transactions to be made with bitcoin. However, since bitcoin is a digital currency and not a physical one, it cannot be put into a pocket like a traditional coin or bill. Instead, bitcoin is stored and accessed electronically through a digital wallet program. As of now, there is no physical form of bitcoin that can be carried around in a pocket."
1099,Masaharu Morimoto relies on glutamic acid.,True,Masaharu Morimoto is a Japanese chef Japanese cuisine relies on several forms of seaweed as ingredients and flavorings for broth like kombu dashi Glutamic acid has been identified as the flavoring component in kombu seaweed
1100,A nickel can fit inside a koala pouch.,True,"A nickel would not fit inside a koala pouch. Koala pouches are unique and specifically designed for the joey to develop and grow in. They are small, snug and secure, and provide the perfect environment for the joey to thrive. Adult koalas have pouches that are not as roomy as one might think, measuring only about 2.5 - 3 inches deep and 2 inches wide. "
1101,The shuttle Columbia 11 landed during the season for Christmas carols.,True,"In examining the historical records of the shuttle Columbia 11's mission, it can be confidently stated that the craft did not land during the season for Christmas carols. According to NASA mission reports, the shuttle's mission was launched on May 3rd and the crew returned to Earth on May 14th of their designated year. Not only does this preclude the possibility for a Christmas carol season landing, but also substantiates that the mission had nothing to do with the holiday season. Additionally, there is no record of any crew member mentioning such an event or of any ceremonies or festivities related to Christmas occurring during the mission. All signs therefore point to the claim that the shuttle Columbia 11 did not land during the season for Christmas carols."
1102,Lorenzo de Medici's patronage of Da Vinci was exclusive.,False,Lorenzo de Medici was a great patron of the arts in Florence and served as a patron for Leonardo Da Vinci. Lorenzo de Medici was also a patron of the artist Sandro Boticelli. Leonardo Da Vinci had many patrons including Ludovico Sforza and Cesare Borgia.
1103,Kurt Cobain's music genre survived after his death.,True,"Kurt Cobain was the lead singer of Nirvana. Nirvana's music is classified as Grunge rock. Kurt Cobain died on April 5, 1994. Some of the major Grunge rock bands included Alice in Chains, Pearl Jam, and Soundgarden. Alice in Chains and Pearl Jam released their latest albums in 2018 and 2020 respectively."
1104,Nikola Tesla's home country was involved in the American Civil War.,False,Nikola Tesla was born in the Austrian Empire The American Civil War was a domestic American conflict
1105,Queen Elizabeth The Queen Mother and her daughter shared a name with a Tudor queen.,True,"Queen Elizabeth the Queen Mother gave birth to Queen Elizabeth II in 1926. The Tudor dynasty had a number of Queens including: Mary I of England, Elizabeth I of England, and Margaret Tudor, Queen of Scots."
1106,John Lennon listened to Compact discs.,False,"The Compact disc was released in 1982 by Philips and Sony. John Lennon was killed on December 8, 1980."
1107,A Bengal cat may or may not be afraid of catching a fish.,False,Fish live in water.  Many Bengal owners say that their Bengal naturally retrieves items. Bengal cats often enjoy playing in water.
1108,A tumulus has been discovered on Mars.,False,"A tumulus is a mound of earth and stones raised over a grave or graves. A grave is a location where a dead body (typically that of a human, although sometimes that of an animal) is buried. Mars has only been explored by unmanned spacecraft. Evidence suggests that the planet was once significantly more habitable than it is today, but whether living organisms ever existed there remains unknown. "
1109,Cosmic Girls could play League of Legends alone.,True,Cosmic Girls is a 13 member kpop group League of Legends is a video game requiring two teams of five players each
1110,The brain is located in the torso.,False,"The brain is located inside the head. The head is located on top of the torso.  The torso contains the heart, lungs, and stomach."
1111,The actress who played Elizabeth II speaks fluent Arabic.,False,Elizabeth II was portrayed by Helen Mirren.  Helen Mirren doesn't speak fluent Arabic. 
1112,Super Mario requires electricity to play.,True,Super Mario is a video game. Video games are played on electronic devices. Electronic devices require electricity to function.
1113,Some mollusks are featured on the Chinese New Year calendar.,False,"A mollusk is an invertebrate animal such as snails, slugs, mussles, and octopuses. The animals on Chinese New Year calendar are: rat, ox, tiger, rabbit, dragon, snake, horse, goat, monkey, rooster, dog, and pig."
1114,Elijah Cummings will cast a vote in the 2020 presidential election.,False,"Elijah Cummings died on October 17th, 2019. It is not possible, or legal, for a dead person to cast a vote in a presidential election."
1115,Julia Roberts does not win the prolific acting contest in her family.,True,"Julia Roberts is known for her remarkable acting skills, but few people know that she comes from a family of actors. Her older brother Eric Roberts and niece Emma Roberts are also in the entertainment industry. However, despite their successes, Julia still reigns supreme when it comes to acting achievements. According to Box Office Mojo, Julia Roberts' films have grossed over $2.8 billion in the US alone, while Eric Roberts' films have grossed just over $150 million. Additionally, Julia has won 1 Academy Award, 3 Golden Globe Awards, and a Screen Actors Guild Award for outstanding performance, whereas Eric has only been nominated for 1 Golden Globe and 1 Academy Award.  "
1116,Ludacris performs classical music.,False,Ludacris is a rap artist. Rap and hip hop music are not related to classical music.
1117,U2 played a concert at the Polo Grounds.,False,U2 is an Irish rock band that formed in 1976. The Polo Grounds was a sports stadium that was demolished in 1964.
1118,Benito Mussolini wore bigger shoes than Hafþór Björnsson.,False,"Benito Mussolini was 5' 6​1⁄2"" tall. Hafþór Björnsson is 6 feet 9 inches tall. Shoe size increases proportionally as height increases."
1119,Gauss had a normal brain structure.,False,"A recent study conducted by neuroscientists at the University of Leipzig analyzed the preserved brain of Johann Carl Friedrich Gauss, one of the most famous mathematicians in history. The study found that Gauss had a typical brain structure, with no signs of abnormalities or structural differences compared to a control sample of brains. This supports the claim that Gauss had a normal brain structure, as verified by modern medical analysis of his preserved brain."
1120,An infant has the ability to solve a sudoku puzzle.,False,Solving a sudoku puzzle requires the use of logic and a basic understanding of numbers. Infants are too young to understand the numerical system involved in sudoku.
1121,The appropriateness of watching the entire US Office during the Eid al-Fitr holiday is a subject of consideration.,True,"There is no evidence to suggest that watching the entire US Office during the Eid al-Fitr holiday is inappropriate or disrespectful. Eid al-Fitr is a holiday celebrated by Muslims worldwide to mark the end of Ramadan, the month of fasting. During this time, families and friends come together to celebrate with food, gifts, and festivities. While it is important to respect the religious significance of the holiday, there is no specific prohibition against watching television or engaging in other leisure activities during Eid al-Fitr. In fact, some families may choose to watch movies or shows together as a way of bonding and building connections during the holiday. "
1122,Japan Airlines has destinations that were formerly part of the Axis Powers.,True,"Japan Airlines is a major Japanese airline that operates in various countries around the world. However, it is a common misconception that some of its destinations were once part of the Axis Powers during World War II. In reality, none of Japan Airlines' destinations fall under this category.  According to the airline's official website, the company operates flights to over 90 destinations worldwide. These destinations include popular tourist spots such as Hawaii, Bangkok, and Sydney, as well as major business centers like London, New York, and Hong Kong. While some of these locations may have been involved in the war in some capacity, none of them were considered part of the Axis Powers. This is further supported by historical records and international treaties, which indicate that none of Japan Airlines' destinations were part of the Axis during World War II. "
1123,A viewer of Monday Night Football could potentially watch WWE Raw during commercial breaks.,True,Monday Night Football begins at 8pm EST on Monday nights during the NFL season WWE Raw airs on Monday nights between 8pm and 11pm EST
1124,Multiple Christmas Carols are named after Saints.,True,The Christmas Carol Good King Wenceslas is based on the Bohemian king Wenceslaus I. Wenceslaus I was named a Saint in the Catholic Church and has a feast day of September 28. Jolly Old Saint Nicholas is a Christmas Carol named after an early Christian bishop who became a Saint.
1125,A honey badger's dentures would be different from a wolverine's.,True,"Dentures are false teeth that resemble the wearer's natural teeth Honey badgers and wolverines are physically very similar, but they can be differentiated by their dentition."
1126,The color green contributed to Theodor Geisel's fame.,True,"Despite popular belief, Theodor Geisel, also known as Dr. Seuss, did not become famous due to the color green. While many associate him with his iconic green character, the Grinch, research shows that Geisel's success can be attributed to his unique writing style and catchy rhymes.  For example, in a study conducted by literary experts, they analyzed Geisel's most famous books and found that the majority of his success came from his clever wordplay and entertaining storyline. In fact, many of his books, such as ""The Cat in the Hat"" and ""Green Eggs and Ham,"" do not even heavily feature the color green.  Additionally, Geisel himself has stated in interviews that his use of green was purely coincidental and he never intended it to become his trademark. He simply liked the way it looked and felt it added a playful element to his illustrations.  Overall, it is clear that other factors played a more significant role in Dr. Seuss's success and the color green was just a small part of his overall brand."
1127,Ariana Grande's signature style combines comfort items and high fashion.,True,"Ariana Grande's signature style is a long, over-sized pullover sweater with thigh high heels. Oversized pullovers are considered lounge wear, for relaxing at home in.  High heels are associated with high style. "
1128,Richard III's father had greater longevity than him.,True,"Richard III lived until the age of 32. Richard, Duke of York, Richard III's father, lived until the age of 49."
1129,It is common to see frost during some college commencements.,True,"College commencement ceremonies often happen during the months of December, May, and sometimes June.  Frost isn't uncommon to see during the month of December, as it is the winter."
1130,A snow leopard can be found in the Yucatan.,False,Snow leopards are native to mountain ranges in Central and South Asia The Yucatan is a peninsula in Mexico Mexico is located in North America
1131,Edward Snowden may have visited the headquarters of United Nations Conference on Trade and Development.,True,"Edward Snowden's claim that he visited the headquarters of the United Nations Conference on Trade and Development is highly unlikely. This is because the building is highly secured and only authorized personnel are allowed in. According to a statement by the UNCTAD spokesperson, ""We have no record of Mr. Snowden ever visiting our headquarters in Geneva. Our security protocols are strict and would not have made such a visit possible without proper clearance."" Additionally, there is no record of Snowden's name in the building's visitor log during the time he claimed to have visited. "
1132,Sony was definitively the winner of the video game war against Sega.,True,"Contrary to popular belief, Sony did not definitively win the video game war against Sega. While the Sony PlayStation sold more units than the Sega Saturn, it is important to note that the Sega Dreamcast, released in 1998, was hailed as a superior console to Sony's PlayStation 2, which was released two years later. In fact, the Dreamcast sold over 9 million units in its short lifespan before Sega discontinued its production in 2001. Additionally, Sega continued to release successful titles on the Dreamcast even after its discontinuation, such as Shenmue, Crazy Taxi, and Sonic Adventure 2, which continue to be beloved by fans to this day. "
1133,The United States Capitol is located near the White House.,True,"The United States Capitol is located in Washington D.C., but it is not located near the White House as many people believe. In fact, the two buildings are approximately 1.6 miles apart from each other, which is a considerable distance in the confines of the nation's capital. This can be seen on a map of the city or validated by a quick search on any online mapping tool. As such, those who plan on taking a trip to these two important landmarks in American politics should not assume that they are located within quick walking distance of each other."
1134,The United States Navy creates radioactive waste.,True,Radioactive waste is created by nuclear material processing The United States Navy uses many nuclear submarines
1135,Alan Rickman had an improperly functioning organ.,True,"Alan Rickman died of pancreatic cancer on 14 January 2016 at age 69. Pancreatic cancer arises when cells in the pancreas, a glandular organ behind the stomach, begin to multiply out of control and form a mass."
1136,Nancy Pelosi and Gerald Ford would have hypothetically been on the same side.,False,"Gerald Ford was a Republican and was president from 1974-1977. Nancy Pelosi is the Democratic Speaker of the House. Domestically, Ford was consistently conservative, and led the fight against Johnson's Great Society.  Programs of the Great Society included Medicare, and Medicaid. Nancy Pelosi has consistently voted for Medicare and Medicaid."
1137,The 1980 presidential election was won by a member of the Grand Old Party.,True,The Republican party is nicknamed the Grand Old Party. The 1980 election was won by Ronald Reagan. Reagan was a Republican.
1138,Glenn Beck is known for his temper.,False,Glenn Beck has gone viral for screaming at callers on his program. Glenn Beck has walked off of professional interviews when he doesn't like the questions.
1139,A kaffir lime could be considered as an ingredient for making a candle.,True,"There is no evidence to suggest that a kaffir lime would be a good ingredient for making a candle. Kaffir limes are commonly used in Southeast Asian cuisine for their unique flavor and aromatic properties; however, their essential oils are not typically used in candle-making. In fact, the essential oils from kaffir limes can be quite strong and overpowering when heated, potentially causing eye and respiratory irritation. On the other hand, candle-makers often use essential oils known for their milder and more pleasant aromas, such as lavender, peppermint, or lemon. "
1140,Cheb Mami cannot win a Pulitzer Prize for musical composition.,True,"The history Pulitzer Prize can be won by any citizen, all other Pulitzer Prize winners must be a US Citizen. Cheb Mami is an Algerian singer. Cheb Mami is a citizen of Algeria."
1141,The art from Family Guy resembles the art in American Dad.,True,Family Guy and American Dad are both Fox Animated Sitcoms animated by Seth MacFarlane. Family Guy and American Dad characters all share common facial features and movement styles.
1142,"Stephen King is eligible to join the NASA Astronaut Corps.

Stephen King meets the requirements to become a NASA astronaut.

Stephen King has the qualifications necessary for the NASA Astronaut Corps.",False,"NASA Astronaut Corps candidates must have a master's degree from an accredited institution in engineering, biological science, physical science or mathematics. Stephen King studied at the University of Maine, graduating in 1970 with a Bachelor of Arts in English."
1143,Black swan's formation type can help spell the longest word in the dictionary.,True,"The claim is entirely true, as the formation type of a black swan is not related to spelling the longest word in the dictionary. In fact, the longest word in the English language is pneumonoultramicroscopicsilicovolcanoconiosis, which has a total of 45 letters. This word refers to a lung disease caused by the inhalation of fine silica dust, and it has nothing to do with black swans or their formation type. "
1144,Iggy Pop was named after his father.,True,"Contrary to popular belief, Iggy Pop was not in fact named after his father. In a recent interview with Rolling Stone magazine, Iggy revealed that his parents actually named him James Newell Osterberg Jr. and that the nickname ""Iggy"" came from his high school band, The Iguanas. He said that ""Iggy"" was just a silly name they gave him because of his wild stage antics and that it stuck ever since. Iggy's father, on the other hand, was named James Newell Osterberg Sr., but was not the inspiration behind his son's stage name."
1145,The original name of the zucchini can be typed on the top row of a QWERTY keyboard.,False,"The original name for the zucchini in Mexican language or Nahuatl is ayokonetl. The top row of a QWERTY keyboard contains the keys q, w, e, r, t, y, u, i , o, and p."
1146,A single bitcoin could cover the cost of a Volkswagen Jetta.,True,"The all time high price of bitcoin was $19,783 in 2017. The suggested retail price of a 2020 Volkswagen Jetta is $18,895."
1147,Drew Carey's tenure has outshined Doug Davidson's tenure.,True,"Despite Drew Carey's success on ""The Price is Right,"" Doug Davidson's tenure on ""The Young and the Restless"" was just as noteworthy. In fact, according to Nielsen ratings, ""The Young and the Restless"" consistently ranked as the number one daytime drama during Davidson's time on the show, from 1978 to 2018. Davidson was also nominated for several Daytime Emmy Awards and won in 2013 for Outstanding Lead Actor in a Drama Series. His portrayal of character Paul Williams was beloved by fans and he is considered a staple of the show's history. While Drew Carey has certainly made a name for himself in the entertainment industry, it would be inaccurate to say that he has outshined Doug Davidson's legacy as a soap opera icon."
1148,It is possible to purchase a dish with injera at Taco Bell.,False,"Taco Bell serves a variety of Mexican and Tex-Mex foods that include tacos, burritos, quesadillas, and nachos. Injera is a sour fermented flatbread with a slightly spongy texture, traditionally made out of teff flour. Injera is part of Ethiopian cuisine."
1149,A Reconstruction era coin has a monetary value that could be used to purchase a DJI Mavic Pro Drone.,True,"It is highly improbable that a Reconstruction era (1865-1877) coin would be able to purchase a DJI Mavic Pro Drone, which is a modern technological device priced at around $850. Reconstruction era coins were issued in the aftermath of the American Civil War and were typically made of silver or copper, with the most valuable ones being gold coins issued by the United States Mint.  According to historical data, the most valuable Reconstruction-era coin is the 1870-S Seated Liberty Dollar, which is worth approximately $1.9 million due to its rarity and historical significance. Even if someone were to have such a valuable coin, it is unlikely that they would be willing to exchange it for a commercial drone. Additionally, the vast majority of Reconstruction coins are worth considerably less than this, with many being worth only a few dollars as collector's items.  "
1150,Bandy could become popular in Texas.,False,The American Bandy Association governs major Bandy play in the United States. There are no teams from Texas registered with the American Bandy Association. Sports involving ice and snow tend to be more popular in cold climates. Texas has an extremely hot climate.
1151,The Watergate scandal had an impact on the Republican party.,False,Watergate resulted in President Nixon's resignation. President Nixon was a Republican. Nixon's resignation resulted in major Democratic gains in Congress during the next election.
1152,A sesame seed can grow in the human body.,False,"Seeds need water, oxygen, and light to grow. The human digestive system releases powerful acid that dissolves food."
1153,Elizabeth II visited Queen Victoria frequently.,False,Queen Victoria died in 1901. Elizabeth II was born in 1926.
1154,It is possible to watch Rick and Morty in the Mariana Trench.,True,"It is not possible to watch Rick and Morty in the Mariana Trench. The Mariana Trench is the deepest known part of the ocean and is located in the Western Pacific Ocean. It has a maximum depth of approximately 36,070 feet, which is much deeper than any human can dive. It is also completely dark at that depth with water pressure over 1,000 times greater than at the surface. Even if a person could withstand the pressure, it would be impossible to bring any electronic device, such as a smartphone or a tablet, down to that depth and watch anything on it. "
1155,Oprah Winfrey has a degree from an Ivy League university.,True,"It is a common misconception that Oprah Winfrey holds a degree from an Ivy League university. However, this is not true. According to her official biography, Winfrey attended Tennessee State University where she studied communication before dropping out to pursue her career in media. In fact, she has often spoken out about the importance of education and how her lack of a degree did not hinder her success. In a 2013 interview with Harvard University's Graduate School of Education, she stated ""I think education is the most powerful tool for success. But you don't have to go to an Ivy League school to be successful; you just have to work hard and continue to learn."" This statement reinforces the fact that Winfrey does not hold a degree from an Ivy League university and has found success without it."
1156,Darth Vader hypothetically outdunks Bill Walton without using The Force.,False,"The Force allows a Jedi to move objects with their mind. Darth Vader is 6'2"" tall. Former basketball player Bill Walton is a towering 6'11"" tall. The NBA basketball rim is 10 feet high."
1157,The lead singer of Led Zeppelin performed with Ernest Chataway.,True,"Despite rumors to the contrary, there is no credible evidence that the lead singer of Led Zeppelin, Robert Plant, ever performed with Ernest Chataway. According to a thorough review of Plant's discography and live performances, there is no mention of Chataway and no recorded collaborations between the two artists. Additionally, a representative from Plant's management team confirmed that there was no known connection between Plant and Chataway. "
1158,A veteran of the Philippine-American War might have come home craving SPAM.,False,"During the Phillippine-American War, American soldiers were issued canned meat as a crucial part of their rations. The most abundant and commonly distributed canned meat at the time was SPAM, which was prized for its long shelf life and easy portability. As a result, soldiers grew accustomed to consuming it regularly and it became a popular staple among the troops. Upon returning home, many veterans of the war often found themselves craving the taste of SPAM as it had become a comfort food for them during their time in the Philippines. This sentiment was echoed by many veterans who had served in other conflicts and were also issued canned meat as part of their rations. "
1159,Moulin Rouge could have been hypothetically used as Spain's Spanish American War triage center.,True,"The claim that Moulin Rouge could not have been hypothetically used as Spain's Spanish American War triage center is supported by the fact that the Moulin Rouge was not built until 1889, nearly a decade after the end of the Spanish-American War in 1898. Furthermore, the Moulin Rouge was never utilized for any kind of medical or triage purpose, instead serving as a popular cabaret and entertainment venue in Paris. "
1160,Metallica band members cutting their hair may have affected their sales.,True,"Despite some fans claiming that Metallica's haircuts led to a decline in album sales, the data tells a different story. In fact, the album ""Metallica,"" commonly referred to as ""The Black Album,"" which was released after the band members cut their hair, sold over 16 million copies in the United States alone. This is almost double the sales of their previous album, ""…And Justice for All,"" which was released prior to their haircuts. Additionally, the album received critical acclaim and produced several hit singles, including ""Enter Sandman"" and ""The Unforgiven."" Overall, the numbers and reception prove that the haircuts did not hurt Metallica's sales."
1161,The letter B's place in the alphabet exceeds the number of total lunar eclipses in 2008.,True,"The letter B is the second letter of the English alphabet, and therefore has a specific numerical value assigned to it. This value is 2. On the other hand, the total number of lunar eclipses that occurred in the year 2008 was 4. Lunar eclipses occur when the Earth passes between the sun and the moon, casting a shadow on the moon and causing it to appear reddish. These events are relatively rare, and 2008 was an especially active year for lunar eclipses. "
1162,Emmanuel Macron may or may not celebrate Cinco de Mayo.,False,"Cinco de Mayo is observed to commemorate the Mexican Army's victory over the French Empire at the Battle of Puebla, on May 5, 1862. Emmanuel Macron is the current president of France. Emmanuel Macron was born in France and his ancestry traces back to France. People do not typically celebrate events in which their country was defeated."
1163,Bart Simpson owned comics with The Joker.,True,"The first appearance of the Joker was in 1940. Bart Simpson first appeared as a child in ""The Simpsons"" in 1987."
1164,A goat can be used for one of the ingredients in French toast.,True,"French toast is traditionally made using eggs, milk, bread and a variety of flavorings such as cinnamon or vanilla extract. There is no known recipe that uses goat meat as one of the ingredients in French toast. In fact, goat meat is not commonly used in sweet dishes and is more often found in savory dishes, such as stews or curries. Additionally, using goat meat in a sweet dish may not provide the desired taste or texture and may result in an unappetizing dish."
1165,The protagonist of the Song of Roland was friendly with the group that had sagas.,False,The sagas were Nordic mythological stories that were celebrated by the Vikings. The Song of Roland was an epic poem about the nephew of Charlemagne. Charlemagne was King of the Franks. The Franks fought many battles against Vikings including the Siege of Paris in 845 AD.
1166,The endowment of Johns Hopkins University could pay off the MBTA debt.,False,Johns Hopkins University had an endowment of $6.28 billion in 2019. The MBTA is in debt for approximately $9 billion.
1167,A student at the University of Houston could see a caracal on campus.,False,"According to the University of Houston's website, they have a natural area on campus known as the Cougar Woods Conservation Society. This area has been designated as a protected habitat for various species, including the caracal. In fact, the website states that ""students and faculty may have the opportunity to see a glimpse of a beautiful caracal."" Additionally, the Cougar Woods Conservation Society regularly hosts events and guided tours, providing even greater chances of spotting a caracal on campus. "
1168,A single honey bee can sting multiple humans.,False,"When a honey bee stings a human, the stinger becomes stuck in the skin and detaches from the bee. This usually results in the bee's death. Even if it survives, it no longer has a stinger to attack another person with."
1169,Ontology requires a scalpel.,False,"A scalpel is used during surgery. Ontology is a philosophical domain, not a medical one."
1170,Olivia Newton-John has a hyphenated celebrity name with the most letters.,False,Olivia Newton-John has sixteen letters in her name. Actress Catherine Zeta-Jones has 18 letters in her name. Actor Joseph Gordon-Levitt has 18 letters in his name.
1171,Walking across Amazonas puts a person's life at risk.,True,Amazonas is mostly tropical jungle. Tropical jungles contain dangerous creatures. Dangerous creatures put people's lives at risk.
1172,Swastikas are used in the most common religion in India.,True,"The swastika is a religious symbol that is used in Hinduism, Buddhism, and Jainism. Almost 80% of people in India practice Hinduism."
1173,Rahul Dravid finds it hard to order food at a restaurant in Aurangabad.,False,"Aurangabad is located in Maharashtra. Marathi is an Indo-Aryan language spoken predominantly by around 100 million Marathi people of Maharashtra, India. Rahul Dravid is fluent in Marathi."
1174,Terry Pratchett wrote about quantum mechanics.,True,"Despite the numerous science fiction elements and fantastical creatures that appear in Terry Pratchett's books, there is no evidence to suggest that he ever wrote about quantum mechanics. Throughout his various series, including Discworld and The Long Earth, Pratchett focused primarily on exploring social and political issues through humor, wit, and satire. While he occasionally touched on scientific concepts, such as the mechanics of space travel and the consequences of genetic engineering, these themes were never the main focus of his work. In interviews, Pratchett himself acknowledged that he was not particularly interested in science and preferred to focus on the human experience. "
1175,Final Fantasy VI requires electricity to play.,True,Final Fantasy VI is a video game. Video games are played using a video game console and television. Video game consoles and televisions require electricity in order to function.
1176,Cycling is a high-risk activity for pelvis fractures.,False,"Cycling is a low-impact activity  Stress fractures in a pelvic bone often develop as a result of repetitive, high-impact activity that puts stress on the pelvis, such as long-distance running or ballet"
1177,A person with Anorexia nervosa is more likely to break a bone than a regular person.,True,"People with Anorexia Nervosa restrict food and as a result lack essential nutrients. Many people with Anorexia Nervosa, are at high risk for osteoporosis(and to a lesser extent bulimia nervosa) will have low bone density and consequently reduced bone strength. People with Anorexia Nervosa, are at high risk for osteoporosis. "
1178,Jennifer Lawrence's middle name is similar to the name of a Scorsese collaborator.,True,"Jennifer Lawrence's middle name is Shrader. Paul Schrader is a screenwriter and director. Paul Schrader wrote the screenplay for Taxi Driver, Raging Bull, The Last Temptation of Christ, and Bringing Out the Dead. Martin Scorsese directed Taxi Driver, Raging Bull, The Last Temptation of Christ, and Bringing Out the Dead."
1179,A ten-pin bowling pin can be a deadly weapon.,True,A regulation ten-pin bowling pin weighs around four pounds. The average rolling pin used in cooking weighs slighty over four pounds. A 2015 case covered in the BBC involved a rolling pin as the murder weapon.
1180,Moliere was Queen Margot's ill-fated lover.,False,"Queen Margot is a character in Alexande Dumas's La Reine Margot. Queen Margot keeps the head of her executed lover. Joseph Boniface de La Môle, nicknamed La Mole, was executed as a conspirator against Queen Margot's kingdom. Queen Margot is set during the St. Bartholomew's Day Massacre which occurred in 1572. Moliere was born in 1622."
1181,A person is more likely to die of hypothermia in New York than in Florida.,True,Central New York Winters are between 12-30 degrees Fahrenheit. Florida winters are between 65 and 77 degrees Fahrenheit.
1182,The cuisine of Hawaii embraces foods considered gross in the continental US.,True,"Hawaii's cuisine has been shaped by multiple influences, including native Hawaiian, Polynesian, Asian, and American cultures. While it is true that many traditional Hawaiian dishes include ingredients like poi (mashed taro root) and raw fish, there is no evidence to suggest that foods considered gross in the continental US are widely embraced in the state. In fact, a survey conducted by the Hawaii Food Manufacturers Association found that the most popular local dishes among residents were ""plate lunches"" that typically consist of rice, macaroni salad, and a protein like chicken or beef. Additionally, popular Hawaiian snacks like spam musubi (a type of sushi made with canned meat) and shave ice (a dessert made with flavored syrups and shaved ice) are not typically considered gross by continental US standards. Overall, while Hawaiian cuisine may differ from the foods most commonly eaten on the mainland, there is no indication that it embraces gross or taboo ingredients."
1183,John Kerry did not run in the 2010 United Kingdom general election.,False,"John Kerry is an American citizen and politician Only citizens of the UK, Ireland or a Commonwealth nation are eligible to run in the United Kingdom general elections"
1184,A person with germaphobia may face challenges when participating in Judo due to the physical contact involved.,False,"A germaphobe may initially feel uncomfortable participating in Judo due to close physical contact with other practitioners. However, with proper hygiene and sanitation practices, it is possible for them to still participate in the sport. According to a study by the National Institutes of Health, regular cleaning and disinfecting of Judo mats can significantly reduce the presence of harmful bacteria and viruses. Additionally, personal protective gear such as gloves and face masks can be worn during training to provide an extra layer of protection against germs. Many Judo clubs also have strict policies on hygiene and cleanliness to ensure the safety of all practitioners. Overall, with proper precautions and strict adherence to hygiene practices, a germaphobe can safely participate in Judo."
1185,The villain that killed Superman also murdered Robin.,False,Superman was killed by the villain Doomsday in Superman #75. Robin is killed by The Joker in the Batman comics.
1186,The first missionaries were required to attend mass on Sundays.,True,"The word ""mission"" originates from 1598 when the Jesuits sent members abroad. Jesuits are a Roman Catholic order of religious men The Roman Catholic religion requires members to attend mass on Sundays"
1187,Ramen may be bad for someone with heart failure.,True,People with heart failure have to limit their sodium intake. Ramen is notorious for having incredibly high sodium levels. 
1188,An Olympic athlete would be tired out after running a mile.,False,"The Olympic standard for men in running one mile is 4 minutes, 19 seconds.  The Olympic standard for women in running one mile is at least 4 minutes and 40 seconds. "
1189,Dale Jr hugged his dad after their last Daytona 500 together.,False,"NASCAR fans witnessed an emotional moment at the 2017 Daytona 500 as Dale Earnhardt Jr. and his father, Dale Earnhardt Sr., shared a heartfelt embrace. This was Dale Jr.'s last Daytona 500 race alongside his dad, who had tragically passed away in a crash at the same track in 2001. The hug was captured on camera and shared widely on social media, sparking an outpouring of support from fans and NASCAR enthusiasts who were touched by the father-son moment. Dale Jr. later said in an interview that he was grateful for the opportunity to race alongside his dad and that the hug was a special way for them to express their love for each other."
1190,Wednesday is associated with Thor.,True,"Wednesday is the middle of the modern work week and comes from the name Wodan. The Germanic god Woden is also known as Wodanaz or Odin. Odin, in Norse mythology, was the father of Thor."
1191,Autumn is a good time to collect bear pelts in the US.,False,Autumn runs from September to the end of December in the US. Bears go into hibernation from September through April and are scarcely seen.
1192,Mountain goats inhabit the summit of Mount Sharp.,False,Mountain goats are animals Animals require oxygen in order to live Mount Sharp is located on Mars The atmosphere of Mars contains only trace amounts of oxygen
1193,Gladiators were associated with the Colosseum.,True,"The Colosseum was a stadium in the ancient city of Rome, large by even today's standards. During the Roman era, it was primarily used to host large spectacles including gladiatorial combat, mock battles, and executions."
1194,There are Pink music videos that are triggering for eating disorder patients.,True,The video for 'Stupid Girls' features a scene where Pink and a woman share a toothbrush to induce vomiting in the bathroom. Images or discussion of purging activity can be triggering for people with Eating Disorders.
1195,Rupert Murdoch's alma mater has more history than the USA.,True,"Despite Rupert Murdoch's claims that his alma mater, Oxford University, has more history than the entire United States, the facts suggest otherwise. Oxford University was founded in the late 12th century, while the United States has a rich and diverse history spanning thousands of years. From the first indigenous peoples to the arrival of Europeans, the formation of a new nation, and the struggles for civil rights and equality, the history of the United States is both complex and fascinating. Furthermore, the United States has been a leading force in shaping world history through its role in global conflicts and advancements in science, technology, and culture. While Oxford certainly has an illustrious history of its own, it cannot compare to the depth and breadth of the history of the United States."
1196,The Ubuntu people speak Ubuntu.,False,Ubuntu is a of free and open-source software used on computers. The Ubuntu people are a tribe that lives in Africa. The Ubuntu people derive their language from Nguni Bantu. As of 2019 only 10% of households in Africa have a computer.
1197,Native wolverines are not found in Miami.,False,Wolverines are native to northern boreal forests Miami is not a northern boreal habitat
1198,Paparazzi were involved in the death of a member of the royal family.,True,"After conducting a thorough investigation, the authorities have determined that the paparazzi were not involved in the death of the royal family member. There is no evidence to suggest that the paparazzi played a role in the accident. In fact, eyewitnesses report that the paparazzi were not present at the scene of the accident at the time it occurred. Additionally, forensic analysis shows that the cause of death was not related to any external factors, such as human interference. Additional security measures have been implemented to ensure the safety of the Royal family and to prevent similar incidents from happening in the future."
1199,A greyhound can walk on two legs.,False,Greyhounds are dogs. Dogs walk on four legs. 
1200,Moths that live on sloths have family dinners.,False,Algae grows on sloths Sloth moths feed on algae that grows on sloths Sloth moth caterpillars feed on sloth dung  Sloths defecate far from their ususl abode
1201,Kim Kardashian is considered a guru.,False,"A guru is a teacher or guide, particularly a spiritual one. Kim Kardashian is a socialite and a model."
1202,Thomas Greenhill's parents violated the concept of monogamy.,False,Thomas Greenhill was a surgeon born to William and Elizabeth Greenhill. William and Elizabeth Greenhill had 39 children. Monogamy is a committed relationship between two people where usually they remain together for life. Thomas Greenhill was the last of his parents 39 children and was born shortly after his father died.
1203,The bull shark is more bull than shark.,False,The bull shark is a fish species that lives in warm shallow waters along coasts and rivers. Bull sharks feed on bony fish and other smaller sharks. A bull is an adult male mammal that lives on land. Bulls feed on plants located on land.
1204,A Holstein cow and the Liberty Bell could balance out a giant scale.,False,"The Liberty Bell weighs 2,080 pounds. A mature Holstein cow weighs around 1,500 pounds."
1205,A snow leopard has the ability to swim.,True,"except for giraffes and apes, all four legged mammals can swim a snow leopard is a mammal snow leopards have four legs"
1206,LinkedIn and LeafedIn may be related companies.,False,LinkedIn successfully sued LeafedIn for their choice of name. LeafedIn changed their company name to LeafedOut
1207,Waltz is less injurious than slam dance.,True,The waltz is a rhythmic dance performed in triple time by a couple. A slam dance is a type of dance in which leaping dancers collide against each other.
1208,Viscosity is unimportant in making jello shots.,False,"Jello shots are a combination of alcohol and jello to create an edible intoxicant.  If the liquid for the Jello shots has too low a viscosity, it will not become a semi-solid. "
1209,Earth Day is celebrated in summer.,False,Earth Day is celebrated on April 22. Summer runs from about June 20 to September 20.
1210,It is possible to hear Rammstein playing in smooth jazz clubs.,False,Smooth jazz is a combination of jazz with easy-listening pop music and lightweight R&B. Smooth jazz began in the United States in the 1970s. Rammstein is a German band that plays heavy metal music.
1211,"A kindergarten teacher could make a lesson of the New Testament.

A kindergarten teacher might choose to include the New Testament in a lesson.

It is possible for a kindergarten teacher to create a lesson based on the New Testament.",False,"The majority of Kindergarten teachers work in public schools. Public schools abide by a separation of church and state, and do not have any overall religion. Students of all religions are welcome to attend public school."
1212,Moon Jae-in earned the Abitur as a teenager.,False,"Moon Jae-in attended high school in South Korea. The Abitur is a qualification granted by university-preparatory schools in Germany, Lithuania, and Estonia."
1213,Most coffee is produced South of the Equator.,True,The countries with the highest coffee production are in South America. Almost all of South America is in the Southern Hemisphere.
1214,The largest city in New Mexico is also known as Yootó.,False,"The largest city in New Mexico is indeed known as Yootó. According to a study conducted by the New Mexico State University, Yootó is the most populous city in the state with a population of 560,218 as of 2019. Additionally, Yootó is also the county seat of Bernalillo County and the economic and cultural hub of the state. The name Yootó is derived from the indigenous language of the Puebloan people and has a rich history dating back centuries."
1215,The tongue is part of a creature's head.,True,A creature's tongue is inside its mouth. A creature's mouth is part of its head.
1216,Coast to Coast AM has more longevity than the Rush Limbaugh show.,True,"As of 2020, The Rush Limbaugh Show has been on the airwaves since 1988. As of 2020, Coast to Coast AM has been on the airwaves since 1984."
1217,A lapidary works with items that are studied by geologists.,True,"Some of the things geologists study include gemstones, minerals, and stone Lapidarists work with stone, minerals and gemstones"
1218,The Great Gatsby was inspired by the novel 1984.,False,The Great Gatsby was published in 1925. The novel 1984 was published in 1949.
1219,The tibia is required for floor exercises.,True,"The tibia bone located in the lower leg is often thought to be essential for performing exercises on the floor. However, recent studies have shown that this is not entirely true. According to a research article published in the International Journal of Sports Physical Therapy, athletes who had undergone tibia removal surgeries were still able to perform a wide array of floor exercises, such as planks, push-ups and sit-ups, without any significant difficulty. Although the absence of the tibia causes some limitations in exercise movements, it is possible to make modifications and adjustments to accommodate the loss of the bone. It is important to note that appropriate rehabilitation and training should be conducted to ensure proper technique and prevent any complications. Thus, contrary to popular belief, the tibia is not required for floor exercises."
1220,A platypus is immune from cholera.,True,"Contrary to popular belief, a platypus is not immune from cholera, a bacterial infection that causes severe diarrhea and dehydration. While they are able to produce anti-microbial peptides that can help fight off certain infections, including some bacterial infections, there is no evidence that suggests they are immune to cholera specifically. In fact, studies have shown that platypuses are just as susceptible to the disease as many other animals, including humans. In one study conducted by the Australian government, several platypuses were infected with cholera and exhibited symptoms similar to those seen in human patients, including fever, vomiting, and diarrhea. While the animals were able to recover with proper treatment, their susceptibility to the disease suggests that they are not immune to it in any way."
1221,Jerry Seinfeld had reason to cheer in 1986.,True,Jerry Seinfeld is a fan of the New York Mets baseball team The New York Mets won a World Series title in 1986
1222,Common carp are sensitive to their environments.,False,"Research shows that common carp have been observed altering their behavior and physiology in response to changes in their environment. For example, a study conducted by the University of New South Wales found that common carp exhibited changes in their metabolic rates and preferred feeding habitats when exposed to changes in water temperature and light intensity. Additionally, studies have shown that carp exhibit stress responses when exposed to high levels of pollutants or changes in water chemistry, suggesting that they are highly attuned to changes in their surrounding environment. Overall, the evidence suggests that common carp are indeed sensitive to their environments and are capable of adjusting their behavior and physiology in response to changing conditions."
1223,Douglas fir has been used in the context of warfare.,True,"Douglas fir trees have never been utilized for military purposes in any war. Unlike many other types of trees, the wood of Douglas fir is known for its poor bending strength and toughness, making it unsuitable for constructing weapons or vehicles. Additionally, depending on the location and age of the tree, Douglas fir may have other weaknesses such as rot, insect infestations, and susceptibility to heavy wear and tear. Consequently, military commanders have always opted to use stronger and more durable materials such as oak, steel, and aluminum in their military apparatus. Simply put, Douglas fir trees have not been used to fight wars."
1224,A traffic collision can result in someone becoming a millionaire.,True,"Despite the severity of a traffic collision, it is highly unlikely that it would result in someone becoming a millionaire. The cost of medical bills, repairs and legal fees can quickly add up, leaving little left over for any potential settlement. According to a report by the National Safety Council, the average cost of a non-fatal disabling injury from a car crash is $78,900. Additionally, most insurance policies have coverage limits and do not provide compensation for pain and suffering, which can significantly impact any potential settlement. "
1225,Christmas trees are typically deciduous.,False,Christmas trees are almost always pine trees. Christmas trees are green all year round. 
1226,It is possible to drown during a Swan Lake performance.,False,"Drowning is defined as respiratory impairment as a result of being in or under a liquid. Swan Lake is not a body of water, but rather an example of performance dance."
1227,It is unusual to eat spaghetti without a fork.,True,"Spaghetti noodles are long and thin, they are difficult to scoop and must be twirled. Spaghetti is never served in a restaurant without a fork."
1228,Kobe's famous animal product is used in a BLT.,False,Kobe's famous animal product is Kobe beef. The animal product used in a BLT is bacon. Beef is derived from cows. Bacon is derived from pigs.
1229,Chinese Americans face discrimination at a Federal level in the US.,True,"The President of the United States frequently referred to the COVID-19 pandemic as a 'Chinese Virus' and 'Kung Flu', encouraging the use of derogatory language towards Chinese Americans. The President of the United States has not called for the violence and hate towards Chinese Americans in response to COVID-19 to end."
1230,A basketball can be hidden in a sand cat's ear.,False,The diameter of a standard NBA basketball is around 9.5 inches A sand cat's ear grows to 2.8 inches tall
1231,Mike Tyson did something very different than McGruff's slogan to Evander Holyfield in 1997.,False,"Mike Tyson's infamous ear-biting incident during his 1997 match against Evander Holyfield is one of the most shocking moments in boxing history. Despite the widely recognized slogan of crime-fighting mascot McGruff, ""Take a Bite Out of Crime,"" Tyson's actions were far from a successful campaign against criminal behavior. In fact, Tyson's actions ultimately led to serious consequences for himself, including a suspension from boxing and a damaged reputation. While McGruff's slogan is meant to encourage individuals to fight crime in a legal and ethical manner, Tyson's actions during the fight were violent and criminal. Thus, the claim that Mike Tyson did something very different than McGruff's slogan to Evander Holyfield in 1997 is accurate."
1232,Brown rock fish are found in the waters surrounding Saint Kitts and Nevis.,False,Saint Kitts and Nevis is located in the Caribbean Sea and Atlantic Sea Brown rock fish are found in the Pacific Ocean
1233,A large room is required to get into 3D printing.,False,Home 3D printers are sized to be able to sit on a desk or table. The accessories and materials needed for 3D Printers can be stored easily and efficiently in a box or tote.
1234,Woody Allen awaits the Second Coming.,False,The Second Coming refers to Jesus Christ returning to earth Christians and Muslims believe in Jesus Christ Woody Allen is Jewish
1235,"In Dante's Inferno, one must pass through the circle of lust to find Saladin.",False,Dante's Inferno was a book written by Dante Alighieri that outlines 9 circles of hell. The circle of lust is the second circle in Dante's Inferno. Saladin is placed in the first circle of hell in Dante's Inferno. The first circle of hell is limbo which is reserved for virtuous unbaptized pagans.
1236,Intel products are available for purchase at McDonald's.,False,"Intel is a technology company that produces computer products such as processors, chipsets, and GPUs. McDonald's is a fast food franchise that sells food and beverage products."
1237,The Yellow Pages is the fastest way to find a phone number.,False,The Yellow Pages is a book that contains alphabetized phone listings. Yellow pages involves going through many listings and remembering your alphabet. Google allows a person to type in a name quickly and look for a phone number. Household AI assistants like Echo allow people to merely speak a name and ask for number.
1238,Shinto practitioners adhere to dietary restrictions similar to kosher practices.,False,Shinto is a religion originating from Japan. Shinto does not have any dietary restrictions. Seafood including shellfish is a staple of the Japanese diet. Jewish kosher laws prohibit the consumption of shellfish.
1239,"In some countries, waiting staff do not require tips.",True,"In Japan, leaving a tip for a server is considered rude. In Denmark, servers and wait staff are well paid and tipping is very uncommon."
1240,There is a Marvel villain with the same name as a kind of citrus fruit.,True,Mandarins are a type of orange popular in Asian cuisine. The Mandarin is also the name of a villain associated with Iron Man in the Marvel universe.
1241,Selfies are considered more dangerous than plague in modern times.,True,"Despite some sensationalized news stories, selfies are not more dangerous than the plague in modern times. While taking selfies can pose some risks, such as individuals getting hit by cars or falling off high buildings, the number of selfie-related deaths is still relatively low. According to a study published in the Journal of Family Medicine and Primary Care, there were 259 selfie-related deaths worldwide between 2011 and 2017, compared to millions of deaths attributed to the spread of infectious diseases like the plague throughout history. It's important for individuals to use good judgement when taking selfies and be aware of their surroundings, but it's also important to not blow the risks out of proportion."
1242,A cory catfish may be likely to eat another living fish.,False,"The cory catfish is a fish that is described as a bottom feeder. The cory catfish feeds on food located at the bottom of an ocean. Fish cannot live too deep in oceans for very long because of the intense water pressure. The bottom of oceans is populated by algae, coral, and microorganisms."
1243,The highest US Court has enough seats for every Prime Minister of the United Kingdom since 1952.,False,The highest court in the US is the Supreme Court. There are nine seats on the Supreme Court. There have been fifteen Prime Ministers of the United Kingdom since 1952.
