id,claim_id,claim,claimant,evidence,factcheck_verdict,is_gold,relevant,evidence_stance,fc_source
checkyourfact_1002,checkyourfact_1002,purports President Joe Biden has visited the U.S.-Southern Border more than once,Press Briefing,"Biden visited the border for the first time since becoming president in January 2023, according to the Texas Tribune.",False,True,True,insufficient-neutral,checkyourfact
checkyourfact_1002_ret_b13_gn,checkyourfact_1002,purports President Joe Biden has visited the U.S.-Southern Border more than once,Press Briefing,"Biden’s visit comes as he considers sweeping executive action to restrict migrants’ ability to seek asylum at the US southern border if they crossed illegally. Biden has repeatedly lambasted congressional Republicans for failing to pass a bipartisan compromise spending package that included significant concessions on border policy as he tries to flip the script on the GOP, which has slammed Biden over the border throughout his presidency – including impeaching his Homeland Security secretary over his handling of the border. [...] Since last month, a group of Texas mayors have repeatedly called on Biden to visit the southern border and have called on Congress to pass the national security supplemental package that would provide funding to address some of the concerns along the southern border. [...] Biden has previously visited the border once as president, traveling to El Paso, Texas, in January 2023, where he visited a migrant respite center but did not appear to see or meet with migrants.",False,False,True,insufficient-refutes,checkyourfact
checkyourfact_1007,checkyourfact_1007,Joe Biden claimed in an interview that there was no evidence that what Hunter did was wrong,Viral post,Hunter Biden was recently charged with nine tax-related felonies earlier in December 2023. He was also federally charged in September 2023 with making false statements on a firearms application and illegally owning a firearm.,False,True,True,insufficient-refutes,checkyourfact
checkyourfact_1007_ret_b8_gn,checkyourfact_1007,Joe Biden claimed in an interview that there was no evidence that what Hunter did was wrong,Viral post,"Joe Biden claimed that he had no knowledge of, or investments in, his son's foreign business ventures.[16][17] A 2020 investigation led by Republican senators Ron Johnson and Chuck Grassley found no evidence of wrongdoing by Joe Biden, noting only that Hunter Biden had used his family name to develop business relationships.[18] In October 2020, the conservative newspaper New York Post reported on a laptop once belonging to Hunter Biden. The laptop included two emails to Hunter Biden that passingly mentioned Joe Biden. While neither email indicated that Joe Biden was involved in any of the business matters,[19][10] the laptop garnered significant attention from Republicans and conservative media as the Hunter Biden laptop controversy. Despite extensive scrutiny of the laptop contents by multiple parties, no evidence of wrongdoing by Joe Biden was found.[20][6][1] [...] - ^ Fandos, Nicholas (September 23, 2020). ""A Republican inquiry into Hunter Biden and Ukraine finds no evidence of wrongdoing by his father"". The New York Times. Archived from the original on January 12, 2023. Retrieved January 12, 2023.",False,False,True,insufficient-neutral,checkyourfact
checkyourfact_1007_ret_bn_g1,checkyourfact_1007,Joe Biden claimed in an interview that there was no evidence that what Hunter did was wrong,Viral post,"FACT: Evidence reveals then-Vice President Biden spoke, dined, and had coffee with Hunter Biden’s foreign business associates. The FBI’s recorded interview with Rob Walker, a Biden family associate, also reveals Joe Biden attended a meeting about CEFC, a Chinese entity. Additionally, Hunter Biden alleged his father was in the room when he demanded payment from a CEFC associate. [...] Joe Biden: ""And it turns out, [Hunter] didn’t do a single thing wrong as everybody has investigated."" [...] Joe Biden: ""You know that there’s not one single bit of evidence. Not one little, tiny bit to suggest that anything done was wrong.""",False,False,True,supports,checkyourfact
checkyourfact_1007_ret_bn_g11,checkyourfact_1007,Joe Biden claimed in an interview that there was no evidence that what Hunter did was wrong,Viral post,"The former vice president, Trump said, wielded his influence to benefit his son Hunter’s private-sector work in Ukraine. But despite Trump's continued claims, there's no evidence of wrongdoing on the part of either Biden. [...] But there's little evidence he acted to help his son: Earlier this year, Bloomberg News, citing documents and an interview with a former Ukrainian official, reported the Burisma investigation had been dormant for more than a year by the time Biden called for the crackdown on corruption. The then-Ukrainian prosecutor general told the news agency he found no evidence of wrongdoing by Biden and his son. And PolitiFact reported it found no evidence to ""support the idea that Joe Biden advocated with his son's interests in mind."" Additionally, the most recent former prosecutor general of Ukraine, Yuriy Lutsenko, told Bloomberg he had no evidence of wrongdoing by either Biden.",False,False,True,insufficient-neutral,checkyourfact
checkyourfact_1013,checkyourfact_1013,purports WEF founder Klaus Schwab openly called for AI technology to replace democratic elections,Video,"Schwab speculated on the future impact of AI technology during a 2017 WEF event in Davos, Switzerland. He did not openly call for AI technology to replace democratic elections.",False,True,True,refutes,checkyourfact
checkyourfact_1013_ret_b0_gn,checkyourfact_1013,purports WEF founder Klaus Schwab openly called for AI technology to replace democratic elections,Video,"A video shared on Instagram purports World Economic Forum (WEF) founder and executive chairperson Klaus Schwab openly called for artificial intelligence (AI) technology to replace democratic elections. [...] ""WEF Chairman Klaus Schwab openly calls for AI technology to replace democratic elections!"" text overlay on the video, liked over 2,000 times, purports. The video features a clip of Schwab speaking in which he appears to say future elections will not be needed as a result of technological advancements. A watermark included on the clip indicates it was shown during an episode of Alex Jones’ show, ""Info Wars."" [...] Likewise, Check Your Fact found no credible news reports supporting the claim Schwab openly called for AI technology to replace democratic elections. The WEF also has neither repeated the claim via its website nor its verified social media accounts. In addition, Schwab has not publicly addressed the claim. (RELATED: No, Klaus Schwab Does Not Have A Personal Logo That Looks Like The CIA’s Logo)",False,False,True,insufficient-refutes,checkyourfact
checkyourfact_1013_ret_b3_gn,checkyourfact_1013,purports WEF founder Klaus Schwab openly called for AI technology to replace democratic elections,Video,"Did World Economic Forum co-founder Klaus Schwab advocate in public for stripping people of their right to vote and replacing elections with prediction algorithms powered by artificial intelligence? No, that's not true: In a 2017 talk, Schwab only wondered whether the use of such products could go as far as substituting for elections. By no means can his words be interpreted as a ""call"" for this in the given context. [...] SCHWAB: ... we don't know yet how's the technology will look like. But one fear which I have heard is, technology now is -- and digital technologies -- mainly have an analytical power, now we go into a predictive power. We have seen the first examples, and your company very much involved into it. But since the next step could be to go into prescriptive mode, which means you do not even have to have elections anymore because you can already predict what, predict, and afterwards you can say, 'Why do we need the elections?' -- because we know what the result will be. Can you imagine such a world? [...] As the excerpt above shows, Schwab did not ""openly call for AI technology to replace democratic elections"" -- he only theorized about one of the possibilities and its impacts on humanity. Brin did not give a straight answer, only noting that future generations may have a perspective that will be different from the concepts defining today's society.",False,False,True,refutes,checkyourfact
checkyourfact_1013_ret_bn_g19,checkyourfact_1013,purports WEF founder Klaus Schwab openly called for AI technology to replace democratic elections,Video,World Economic Forum founder and chairman Klaus Schwab is also a former steering committee member at Bilderberg (AFP/Getty),False,False,True,insufficient-neutral,checkyourfact
checkyourfact_1013_ret_bn_g3,checkyourfact_1013,purports WEF founder Klaus Schwab openly called for AI technology to replace democratic elections,Video,"The Forum is chaired by its founder and executive chairman, Professor Klaus Schwab. The organization’s mission and values are guided by a Board of Trustees made up of leaders drawn from business, politics, academia and civil society. Canadians Mark Carney and Chrystia Freeland are currently members of the Board of Trustees in their personal capacities.",False,False,True,insufficient-neutral,checkyourfact
checkyourfact_1014,checkyourfact_1014,it is illegal for people with concealed carry permits to wear face masks in Pennsylvania,Viral Post,The cited Pennsylvania statute does not appear to exist. A spokesperson for the Pennsylvania State Police confirmed that there is no prohibition on individuals with concealed carry permits wearing masks during the coronavirus pandemic.,False,True,True,refutes,checkyourfact
checkyourfact_1014_ret_b14_gn,checkyourfact_1014,it is illegal for people with concealed carry permits to wear face masks in Pennsylvania,Viral Post,"No, wearing a mask doesn’t void concealed-carry permit [...] No national law prohibits licensed concealed-carry holders from carrying a weapon and wearing a mask. [...] ""Know what else wearing a mask does??? Anyone?? REMOVES YOUR CONCEAL CARRY ability. That’s right!! Its in the rules. CCW licensees are NOT allowed to wear face coverings while carrying. Now let that sink in.""",False,False,True,refutes,checkyourfact
checkyourfact_1014_ret_bn_g3,checkyourfact_1014,it is illegal for people with concealed carry permits to wear face masks in Pennsylvania,Viral Post,"This post has been marked as ""False Information"" by Facebook and has also been deemed False by Politifact & Factcheck.org. Showing their level of analysis, Politifact cited a few sheriffs they interviewed and a tweet by the state of Utah to conclude ""No, wearing a mask doesn’t void concealed-carry permit."" [...] Pennsylvania has no known mask restriction laws, which means there are no restrictions that limit your ability to carry a firearm while wearing a mask in this state. [...] - It shall be unlawful for any person over 16 years of age to, with the intent to conceal his identity, wear any mask, hood or other device whereby a substantial portion of the face is hidden or covered so as to conceal the identity of the wearer, to be or appear in any public place, or upon any private property in this Commonwealth without first having obtained from the owner or tenant thereof consent to do so in writing.",False,False,True,refutes,checkyourfact
checkyourfact_1014_ret_bn_g9,checkyourfact_1014,it is illegal for people with concealed carry permits to wear face masks in Pennsylvania,Viral Post,"As I explained to Reporter Elias Atienza, ""while each state’s laws are different, in Pennsylvania, there is no law criminalizing the wearing of a mask, while lawfully carrying a firearm."" I further explained that the citation is not to a real law in PA. In Pennsylvania, our Crimes Code is found in Title 18; thus, citations to criminal statutes would generally be in the form of 18 Pa.C.S. § <insert section number>. Pa stands for Pennsylvania and C.S. stands for Consolidated Statutes. While an individual *might* refer to just the section number and assume that the person reading it would know that it comes from Title 18, a review of Title 18 yields that it neither has a section 34 nor 34-9, as Title 18 actually starts at 18 Pa.C.S. § 101. As the article also declares, ""Pennsylvania State Police Communications Director Ryan Tarkowski confirmed to the Reporter Atienza that the post’s claim was ‘false’."" [...] If you or someone you know has had their rights violated by a Government agency or have issues relating to the carrying of a firearm while wearing a mask, contact Firearms Industry Consulting Group today to discuss YOUR rights and legal options. [...] 5 thoughts on ""It Is Not Illegal in Pennsylvania to Wear a Mask While Carrying a Firearm""",False,False,True,refutes,checkyourfact
checkyourfact_1016_ret_b13_gn,checkyourfact_1016,Whoopi Goldberg “lost everything” in a lawsuit to Jason Aldean,Viral Video,"Rumors are flying that country superstar Jason Aldean is suing The View and its hosts including Whoopi Goldberg, Joy Behar and Sunny Hostin. The news erupts after Goldberg and the other two hosts slammed Aldean and his controversial song ""Try That In A Small Town."" Is there any truth to the rumors circulating that he filed a defamation lawsuit? Keep reading to find out more. [...] According to SKPop, reports surfaced on a news site called The Dunning-Kruger Times that country singer Jason Aldean is suing Whoopi Goldberg for $40 million after she basically called him racist on The View. [...] The original report is false and Jason Aldean is not suing Whoopi Goldberg. However, she did slam Aldean and his song. Goldberg did say that Aldean had gone too far with his song. The other two hosts, Joy Behar and Sunny Hostin also slammed Aldean. They both relentlessly slammed the song and called it ""deplorable"" and ""annoying.""",False,False,True,refutes,checkyourfact
checkyourfact_1016_ret_b4_gn,checkyourfact_1016,Whoopi Goldberg “lost everything” in a lawsuit to Jason Aldean,Viral Video,"In recent days, we reported on two other videos about Goldberg that came from these same kinds of highly-misleading celebrity news YouTube channels. One of the videos claimed that Goldberg was being sued by country singer Jason Aldean. Another video said film actor Tom Selleck had chided Goldberg for her remarks about Aldean. Neither of these claims were true, as they both originated on a website that described its content as satirical in nature. [...] Liles, Jordan. ""Whoopi Goldberg 'Begs for Mercy' as Tom Selleck 'Destroys' Her for Aldean Remarks?"" Snopes, 14 Aug. 2023, https://www.snopes.com/fact-check/whoopi-goldberg-tom-selleck/. ---. ""Whoopi Goldberg 'Panics After Losing Everything' in Lawsuit Brought by Jason Aldean?"" Snopes, 7 Aug. 2023, https://www.snopes.com/fact-check/whoopi-goldberg-lawsuit-aldean/.",False,False,True,insufficient-refutes,checkyourfact
checkyourfact_1016_ret_bn_g2,checkyourfact_1016,Whoopi Goldberg “lost everything” in a lawsuit to Jason Aldean,Viral Video,"Websites including lajmesot.info, xnews7.com, lifestory25.com, keepupdatednews.com, faithhopel.info, newsc87.com and others all reported the headline, ""'She’s Toxic': Jason Aldean Leaves ‘The View’ After 10 Minutes Encounter With Whoopi Goldberg."" These links were located with a simple search of Facebook. [...] For further reading, we previously reported about a similar rumor that claimed Goldberg had lost everything in a lawsuit brought by Aldean. [...] Liles, Jordan. ""Whoopi Goldberg ‘Panics After Losing Everything’ in Lawsuit Brought by Jason Aldean?"" Snopes, Aug. 7, 2023, https://www.snopes.com/fact-check/whoopi-goldberg-lawsuit-aldean/.",False,False,True,insufficient-neutral,checkyourfact
checkyourfact_1016_ret_bn_g3,checkyourfact_1016,Whoopi Goldberg “lost everything” in a lawsuit to Jason Aldean,Viral Video,"CLAIM: Country music star Jason Aldean has sued Whoopi Goldberg and ABC’s ""The View"" for defamation in relation to his song, ""Try That In A Small Town."" [...] ""Jason Aldean SUES Whoopi Goldberg For Defaming ‘Small Town’ Song, The View Enters PANIC MODE,"" reads the title of a YouTube video that garnered more than 1.5 million views. The video cites as evidence a story with a similar headline, reading: ""Jason Aldean Files Defamation Suit Against Whoopi and The View: ‘I’m No Racist.’"" The story claims the lawsuit is seeking $40 million.",False,False,True,insufficient-neutral,checkyourfact
checkyourfact_1262,checkyourfact_1262,"Claims that President George Washington once said, ""Government is not reason; it is not eloquence; it is force. Like fire, it is a dangerous servant and a fearful master.""",Viral Quote,There is no record of Washington ever making this statement.,False,True,True,refutes,checkyourfact
checkyourfact_1262_ret_b0_gn,checkyourfact_1262,"Claims that President George Washington once said, ""Government is not reason; it is not eloquence; it is force. Like fire, it is a dangerous servant and a fearful master.""",Viral Quote,"FACT CHECK: Did George Washington Call Government ‘A Dangerous Servant And A Fearful Master’? An image shared on Facebook claims that President George Washington once said, ""Government is not reason; it is not eloquence; it is force. [...] According to the website Quote Investigator, the depiction of government as ""a dangerous servant and a fearful master"" is reminiscent of a centuries-old saying about water and fire. ""Water is a very good seruaunt, but it is a cruell mayster,"" reads an excerpt from 1562.",False,False,True,insufficient-refutes,checkyourfact
checkyourfact_1262_ret_b5_gn,checkyourfact_1262,"Claims that President George Washington once said, ""Government is not reason; it is not eloquence; it is force. Like fire, it is a dangerous servant and a fearful master.""",Viral Quote,"Fake olds: 'Government is not reason, it is not eloquence—it is force' is probably not a real George Washington quote [...] Like fire it is a dangerous servant and a fearful master; never for a moment should it be left to irresponsible action. [...] Given this, it would have been odd for someone to say ""Like fire it is a dangerous servant and a fearful master,"" with negative qualifiers both for servant and master, when the proverb had a positive for the servant but a negative for the master. Of course, the point of the proverb was that fire is indeed dangerous—but the dangerousness was conveyed by implication from ""bad master"" and was counterposed to the value stressed by ""good servant.""",False,False,True,insufficient-refutes,checkyourfact
checkyourfact_1264,checkyourfact_1264,purports the Department of Defense pays for troops' abortions,Post,An October 2022 memo from the U.S. Department of Justice (DOJ) indicates the DOD can pay for troops and their dependents to receive abortions the DOD cannot perform.,True,True,True,supports,checkyourfact
checkyourfact_1264_ret_b13_gn,checkyourfact_1264,purports the Department of Defense pays for troops' abortions,Post,"U.S. Military Will Pay for Troops to Travel for Abortions [...] The Pentagon will begin paying for troops and their family members to travel for abortions, Defense Secretary Lloyd Austin announced in a memo outlining several policy changes and directives designed to ensure the military community retains access to reproductive healthcare following the Supreme Court’s repeal of Roe v. Wade. [...] A RAND study released in September said 40 percent of active-duty female troops in the continental United States are stationed in states where abortion is illegal or severely restricted. The federal government is prohibited from using taxpayer money to pay for abortions directly, except in cases in which the pregnancy is the result of rape or incest, or the life of the mother is endangered. Between 2016 and 2021, 91 such abortions were performed at military treatment facilities, a second defense official said.",True,False,True,insufficient-supports,checkyourfact
checkyourfact_1264_ret_b1_gn,checkyourfact_1264,purports the Department of Defense pays for troops' abortions,Post,"After the Supreme Court’s decision in Dobbs v. Jackson Women’s Health Organization landed last year, ending the federal right to an abortion, the Biden administration issued new rules to assist service members and military dependents who had to travel across state lines for abortion services. However, House members voted 221-213 Thursday night to pass an amendment eliminating these abortion provisions from the 2024 National Defense Authorization Act (NDAA), the annual defense spending bill. It was part of a hotly contested debate over the bill, which ultimately passed Friday along partisan lines, 219 to 210. The amendment, introduced by Republican Rep. Ronny Jackson of Texas, prohibits the Defense Department from paying or reimbursing expenses related to abortion services. Jackson argued that the Biden administration’s move to pay for service members’ out-of-state travel expenses related to abortion care was a violation of federal law that restricts the department from funding abortions.",True,False,True,refutes,checkyourfact
checkyourfact_1264_ret_b6_gn,checkyourfact_1264,purports the Department of Defense pays for troops' abortions,Post,"The Pentagon will pay for service members to travel for abortions The Pentagon will pay for service members to travel for abortion care, a move that comes as many states have rolled back access to the procedure since the overturning of Roe v. Wade. In a memo dated Thursday, Secretary of Defense Lloyd Austin directed the department to adopt a suite of reproductive health care policies in response to the Supreme Court's June decision to end the federal right to abortion.",True,False,True,insufficient-supports,checkyourfact
checkyourfact_1268_ret_b0_gn,checkyourfact_1268,"The New Republic claimed in an article that the Manhattan District Attorney’s office determined a Trump Tower doorman was paid $30,000 to hide a story about former President Donald Trump’s out of wedlock child.",The New Republic,"The Manhattan DA’s office determined that a Trump doorman was paid $30,000 for exclusive rights about the claim in a ""catch and kill"" scheme. However, there is no evidence that Trump fathered a child, and the woman allegedly involved denied the allegations. [...] The New Republic article is headlined, ""Trump Tower Doorman Was Paid $30,000 to Hide Story of Trump’s Out-of-Wedlock Child, Manhattan D.A. Says."" The headline implies that the doorman was paid $30,000 to hide that Trump had an out-of-wedlock child, and the Manhattan DA said the story was true. Social media users also shared the headline and claimed Trump had an out-of-wedlock child. [...] The New Republic later changed its headline to ""A Trump Tower Doorman Who Said Trump Had a Child Out of Wedlock Was Paid $30,000 in Hush Money.""",False,False,True,supports,checkyourfact
checkyourfact_1268_ret_b11_gn,checkyourfact_1268,"The New Republic claimed in an article that the Manhattan District Attorney’s office determined a Trump Tower doorman was paid $30,000 to hide a story about former President Donald Trump’s out of wedlock child.",The New Republic,"The charges relate to hush money payments Trump made to reimburse intermediaries for silencing three people who claimed to have dirt on the businessman in the runup to the 2016 election: The first two are believed to be former porn star Stormy Daniels, and former Playboy model Karen McDougal—both of whom claimed to have affairs with Trump. (He denies this.) The third payment relates to a doorman who claimed he had information about Trump fathering a child out of wedlock. Documents filed by prosecutors indicate the doorman’s story was false. [...] The indictment also details a payoff involving the National Enquirer tabloid, which paid $30,000 to a former Trump Tower doorman who claimed to know that Trump fathered a child out of wedlock. The same tabloid made another payment to Karen McDougal, Playboy’s Playmate of the Year in 1998, who wanted to sell her story of an affair with Trump. She reached a $150,000 agreement with the Enquirer, which bought the rights to her story to suppress it. [...] Alvin Bragg, the Manhattan District Attorney overseeing the case against Trump, said that the former President and his associates attempted to withhold negative information in a ""catch and kill scheme"" intended to bolster his candidacy for President in 2016. He added that the evidence presented at trial will show that Trump falsified business records to cover up crimes related to the 2016 presidential election.",False,False,True,supports,checkyourfact
checkyourfact_1268_ret_b12_gn,checkyourfact_1268,"The New Republic claimed in an article that the Manhattan District Attorney’s office determined a Trump Tower doorman was paid $30,000 to hide a story about former President Donald Trump’s out of wedlock child.",The New Republic,Alvin Bragg: The Manhattan district attorney investigating Donald Trump [...] His office has been investigating an alleged hush money settlement between Donald Trump and an adult film star. [...] The Republican ex-president vehemently denies wrongdoing. He took to his own social media platform to say that he does not expect to have a fair trial in New York.,False,False,True,insufficient-neutral,checkyourfact
checkyourfact_1268_ret_bn_g0,checkyourfact_1268,"The New Republic claimed in an article that the Manhattan District Attorney’s office determined a Trump Tower doorman was paid $30,000 to hide a story about former President Donald Trump’s out of wedlock child.",The New Republic,"A Trump Tower Doorman Who Said Trump Had a Child Out of Wedlock Was Paid $30,000 in Hush Money [...] ""In one instance, American Media Inc. (‘AMI’), paid $30,000 to a former Trump Tower doorman, who claimed to have a story about a child TRUMP had out of wedlock,"" the Manhattan district attorney’s office announced Tuesday, referring to the company that owned The National Enquirer at the time. [...] Though the district attorney’s office did not specify, it seems the doorman might be Dino Sajudin, according to a 2018 report from The New Yorker’s Ronan Farrow. Sajudin allegedly told a National Enquirer reporter that Trump had possibly fathered a child out of wedlock with a former housekeeper. Sajudin apparently passed a lie detector test on the idea, prompting AMI to pay him for the exclusive rights to the story, all in order to kill it.",False,False,True,supports,checkyourfact
checkyourfact_1269,checkyourfact_1269,Harvard professor Charles Lieber was arrested for manufacturing and selling the new coronavirus to China,Viral Claim,"Professor Charles Lieber was arrested for making false statements to federal authorities and concealing his connections to China, not for creating the coronavirus. The new coronavirus is not man-made or a biological weapon.",False,True,True,refutes,checkyourfact
checkyourfact_1269_ret_bn_g13,checkyourfact_1269,Harvard professor Charles Lieber was arrested for manufacturing and selling the new coronavirus to China,Viral Claim,"The chair of Harvard University’s chemistry department has been arrested for concealing his affiliation with the Wuhan University of Technology (WUT) in China – worth millions of dollars – from his university and the US government agencies that funded his work. On 28 January, the US Department of Justice charged Charles Lieber, a pioneer in nanoscience and nanoelectronics, with one count of making ‘a materially false, fictitious and fraudulent statement’. [...] ‘The charges brought by the US government against Professor Lieber are extremely serious. Harvard is cooperating with federal authorities, including the National Institutes of Health, and is conducting its own review of the alleged misconduct,’ Harvard said in a statement. On multiple occasions Lieber ‘misled Harvard regarding his associations with WUT and Thousand Talents plan’, the university added. [...] On the same day as Lieber’s arrest, Chinese national Yanqing Ye was charged with one count of visa fraud, making false statements, acting as an agent of a foreign government and conspiracy. Ye, who is actually a lieutenant in the Chinese army and is currently in China, falsely identified herself as a student on her visa application and lied about her ongoing military service, according to the US Justice Department.",False,False,True,insufficient-neutral,checkyourfact
checkyourfact_1269_ret_bn_g17,checkyourfact_1269,Harvard professor Charles Lieber was arrested for manufacturing and selling the new coronavirus to China,Viral Claim,"A conspiracy-centric Facebook chat show claims US chemist Charles Lieber listed a patent for a device in 2015 that could vibrate coronavirus particles with 5G radiation. [...] The Harvard professor was arrested and charged in 2020, following a US Department of Justice investigation into his links with Chinese researchers. A jury found him guilty of six charges in December 2021. [...] AAP FactCheck previously debunked claims Lieber was arrested for manufacturing and selling coronavirus to China.",False,False,True,refutes,checkyourfact
checkyourfact_1269_ret_bn_g5,checkyourfact_1269,Harvard professor Charles Lieber was arrested for manufacturing and selling the new coronavirus to China,Viral Claim,"Charles Lieber, the chair of Harvard University's Department of Chemistry and Chemical Biology, has been arrested and criminally charged with making ""false, fictitious and fraudulent statements"" to the U.S. Defense Department about his ties to a Chinese government program to recruit foreign scientists and researchers. [...] In an affidavit unsealed Tuesday, FBI Special Agent Robert Plumb said Lieber, who led a Harvard research group focusing on nanoscience, had established a research lab at the Wuhan university — apparently unbeknownst to Harvard. In response to the charges against Lieber, Harvard said in a statement to NPR: ""The charges brought by the U.S. government against Professor Lieber are extremely serious. Harvard is cooperating with federal authorities, including the National Institutes of Health, and is initiating its own review of the alleged misconduct. Professor Lieber has been placed on indefinite administrative leave.""",False,False,True,insufficient-refutes,checkyourfact
checkyourfact_1269_ret_bn_g7,checkyourfact_1269,Harvard professor Charles Lieber was arrested for manufacturing and selling the new coronavirus to China,Viral Claim,"Lieber was arrested on January 28 for ""making false statements to the agency of the United States Government,"" or lying to federal authorities about his ties to China, as per the fact-check report. The channel added that prosecutors have never alleged that Lieber was involved in manufacturing and/or selling a virus to China. The full federal court complaint against Dr Lieber can be read <a href=""https://htv-prod-media.s3.amazonaws.com/files/lieber-complaint-1586387800.pdf"" rel=""noopener noreferrer"" target=""_blank"">here</a>.</p>.<p>The report also clarified Lieber’s links to Wuhan. The report stated, ""Lieber travelled to WUT (Wuhan University of Technology) in mid-November 2011 ostensibly in order to participate in a Nano-Energy Materials Forum.""</p>.<p>On July 29, Dr Lieber’s attorney Marc Mukasey told WCVB Channel 5 that he didn’t hide anything or get paid as the government alleges.</p>.<p>Thus, the social media claim that Harvard professor Dr Charles Lieber ""made and sold"" the Covid-19 virus to China is false.</p>",False,False,True,refutes,checkyourfact
checkyourfact_1272,checkyourfact_1272,The military arrested the FEMA deputy administrator,Viral Video,"The claim stems from a satirical website. Hoofs has not been arrested, a Department of Defense spokesperson confirmed in an email to Check Your Fact.",False,True,True,refutes,checkyourfact
checkyourfact_1272_ret_b5_gn,checkyourfact_1272,The military arrested the FEMA deputy administrator,Viral Video,"The person in the TikTok video points to an article, headlined ""Military Arrests FEMA Deputy Administrator Eric Hooks,"" as evidence. But the article is from Real Raw News, a website that regularly publishes fabricated stories and includes a disclaimer that it ""contains humor, parody and satire."" PolitiFact previously debunked the headline of the same story, about the arrest. [...] Real Raw News, ""Military Arrests FEMA Deputy Administrator Eric Hooks,"" Aug. 22, 2023 [...] PolitiFact, ""The military didn’t arrest FEMA Deputy Administrator Erik Hooks, despite online claims,"" Aug. 24, 2023",False,False,True,refutes,checkyourfact
checkyourfact_1272_ret_bn_g1,checkyourfact_1272,The military arrested the FEMA deputy administrator,Viral Video,"A former administrator of the Federal Emergency Management Agency was arrested Tuesday for taking bribes from the president of a company that landed $1.8 billion in federal contracts to repair Puerto Rico's electrical grid after Hurricane Maria devastated the island in September 2017. Federal authorities arrested Ahsha Tribble, FEMA's former deputy administrator for the region that includes Puerto Rico. Donald Keith Ellison, the former president of Cobra Acquisitions was also arrested.",False,False,True,insufficient-supports,checkyourfact
checkyourfact_1272_ret_bn_g5,checkyourfact_1272,The military arrested the FEMA deputy administrator,Viral Video,"On Aug. 22, 2023, Real Raw News published an article claiming that U.S. Marine Corps arrested Erik Hooks, the deputy administrator of Federal Emergency Management Agency (FEMA), in connection with the agency's response to wildfires that ravaged parts of Maui the previous week. Military Arrests FEMA Deputy Administrator Erik Hooks United States Marines on Saturday arrested Deputy Administrator of FEMA Erik Hooks on charges of treason, alleging in a 34-page indictment that Hooks and his boss, Deanne Criswell, ordered agents in Maui to deny fire victims food and water, to inhibit civilian relief efforts, to stop ""by any means necessary"" displaced persons from exiting fire-ravaged Lahaina, and to dispose of bodies as ""discriminately as possible,"" a source in General Eric M. Smith's office told Real Raw News.",False,False,True,supports,checkyourfact
checkyourfact_1272_ret_bn_g7,checkyourfact_1272,The military arrested the FEMA deputy administrator,Viral Video,"A top FEMA official sent to Puerto Rico to oversee power restoration arrested in corruption probe Former top FEMA officials who worked in Puerto Rico during the island's recovery from Hurricane Maria were arrested on Tuesday in a federal corruption investigation. The investigation centers around alleged bribes that secured a $1.8 billion contract to repair Puerto Rico's damaged electrical grid. Federal authorities arrested Ahsha Tribble, FEMA's former deputy regional administrator, who worked in Puerto Rico after the storm, and Donald Keith Ellison, former president of energy company Cobra Acquisitions. Jovanda Patterson, who worked as Tribble's chief of staff, was also arrested.",False,False,True,insufficient-supports,checkyourfact
checkyourfact_1277,checkyourfact_1277,NFL refused Kaepernick’s request play and told him to sell hair products instead,Viral post,The claim is inaccurate. The claim stems from a satirical website.,False,True,True,refutes,checkyourfact
checkyourfact_1277_ret_b0_gn,checkyourfact_1277,NFL refused Kaepernick’s request play and told him to sell hair products instead,Viral post,"NFL Refuses Kaepernick's Request for Active Status: ""He Should Sell Hair Products"" [...] ""Active status means he can try out, apply for coaching positions, pursue endorsements, and other league-related things,"" said Deputy Commissioner Joe Barron, ""We denied his petition for the 7th year in a row. He should go sell hair products."" When we searched Facebook for the article's headline, we found that a number of users apparently believed that the NFL had told Kaepernick that he should sell hair products instead of trying to play for the league.",False,False,True,insufficient-contradictory,checkyourfact
checkyourfact_1277_ret_b1_gn,checkyourfact_1277,NFL refused Kaepernick’s request play and told him to sell hair products instead,Viral post,"Did the NFL's ethics committee deny Colin Kaepernick's request to return to ""active status"" and suggest ""he should go sell hair products""? No, that's not true: This claim comes from a satirical website that has a history of fabricating content surrounding popular topics, and that features a disclaimer stating, ""Everything on this website is fiction."" Lead Stories could not find evidence on Google News of any credible reporting that would substantiate the claim. The clair appeared in an article (archived here) published by The Dunning-Kruger Times on September 9, 2023, titled ""NFL Refuses Kaepernick's Request for Active Status: 'He Should Sell Hair Products.'"" The story opens: [...] There is no truth to the claim that the NFL refused a request by Kaepernick to return to ""active status,"" and there's no evidence he ever made such a request. A Google News search of the keywords ""NFL Refuses Kaepernick's Request for Active Status"" yields no credible matching results.",False,False,True,refutes,checkyourfact
checkyourfact_1277_ret_b3_gn,checkyourfact_1277,NFL refused Kaepernick’s request play and told him to sell hair products instead,Viral post,"Kaepernick's camp maintained that he had been out of work for three full seasons for reasons nothing to do with football and everything to do with his politics regarding social justice and his on-field protests. Still, the NFL's strategy in approaching Kaepernick was to concentrate narrowly on football. To sources both outside the league office and the Kaepernick team, this was the NFL's first mistake; the only way to get Kaepernick and the league to trust each other was to confront their acrimonious history with diplomacy so both sides might more easily believe the other was entering the workout with legitimate motives. ""To say we're going to make this about football is one of the dumbest things you can say,"" a source close to the situation says. ""It's not a big deal, it's the whole deal, because the reason he's not playing isn't about football. Everyone knows he can play. It's the other stuff. You have to deal with the other stuff."" [...] The NFL rejected the Kaepernick team's request to change the dates. The Kaepernick team thought the offer took on a ""take it or leave it"" characteristic. The tone of the call felt procedural. According to sources from the Kaepernick team, Gardi said he was not authorized to make alterations to the offer. He was, in effect, delivering a message.",False,False,True,insufficient-neutral,checkyourfact
checkyourfact_1277_ret_bn_g5,checkyourfact_1277,NFL refused Kaepernick’s request play and told him to sell hair products instead,Viral post,"Corporate activism is every bit the oxymoron that corporate courage is, and at its core, the selling of Kaepernick as an inspirational figure without the accompanying action of denouncing the NFL and the reckless conduct of police or of taking a tangible business risk is to profit off dead black people. At the hands of the state. To look cool. To sell sneakers. To be on the right side of history but only at the slightest of first glances. [...] He remained equally present, committed to his Know Your Rights camps but curiously noncommittal as a public figure. What was missing was an emphasis on the continuing problem of dead black bodies at the hands of the state. The #TrueTo7 hashtag implied that justice for him was now the center of the story and not police officers being indemnified from their own police reports. In a little over a year Kaepernick had become an even more established part of the celebrity class, selling jerseys and hair-care products, with an agreement for a television show about his life with the director Ava DuVernay and, as of March 2019, a stunning streak of not having given a public interview in more than two years.",False,False,True,insufficient-neutral,checkyourfact
checkyourfact_1280,checkyourfact_1280,"Claims that Warren Buffett once said, ""You will continue to suffer if you have an emotional reaction to everything that is said to you.""",Viral Quote,"The Daily Caller found no evidence that Buffett said this quote, though it has been linked to him since a parody account tweeted it in 2018.",False,True,True,refutes,checkyourfact
checkyourfact_1280_ret_b0_gn,checkyourfact_1280,"Claims that Warren Buffett once said, ""You will continue to suffer if you have an emotional reaction to everything that is said to you.""",Viral Quote,"An image shared on Facebook claims billionaire investor Warren Buffett said, ""You will continue to suffer if you have an emotional reaction to everything that is said to you."" [...] The Daily Caller found no evidence that Buffett said this quote, though it has been linked to him since a parody account tweeted it in 2018. [...] The alleged quote was first linked to Buffet in 2018, after a Twitter account (which has since been suspended) masquerading as the billionaire investor tweeted it out, along with other pieces of life advice. After the tweet went viral, a spokesperson for Buffett confirmed to ABC News that the account was fake.",False,False,True,refutes,checkyourfact
checkyourfact_1280_ret_b8_gn,checkyourfact_1280,"Claims that Warren Buffett once said, ""You will continue to suffer if you have an emotional reaction to everything that is said to you.""",Viral Quote,Bruce Lee? Cindy Flores? Sylvester McNutt III? Anonymous? Dear Quote Investigator: A paragraph of advice about maintaining equanimity is popular on social media. Here is the first sentence: You will continue to suffer if you have an emotional reaction to everything that is said to you. These words have been attributed to the …,False,False,True,insufficient-neutral,checkyourfact
checkyourfact_1280_ret_bn_g12,checkyourfact_1280,"Claims that Warren Buffett once said, ""You will continue to suffer if you have an emotional reaction to everything that is said to you.""",Viral Quote,"A recent quote of his states ""You will continue to suffer if you have an emotional reaction to everything that is said to you. True power is sitting back and observing things with logic. True power is restraint. If words control you that means everyone else can control you. Breathe and allow things to pass"". [...] It takes practice, time and awareness to change some of our habits. The first step is to recognize when you are becoming reactive and rather than act on that, turn to yourself and ask ""what am I reacting to""? Look within and pause. Walk away instead of having that knee jerk reaction. And as Warren Buffet says ""True power is restraint"".",False,False,True,supports,checkyourfact
checkyourfact_1280_ret_bn_g9,checkyourfact_1280,"Claims that Warren Buffett once said, ""You will continue to suffer if you have an emotional reaction to everything that is said to you.""",Viral Quote,"You will continue to suffer if you have an emotional reaction to everything that is said to you, true power is observing everything w logicTwitter handle: @cfloorrrr link [...] You will continue to suffer if you have an emotional reaction to everything that is said to you.Twitter handle: @Khalidbintory link [...] Timestamp: 5:02 PM · Oct 13, 2018 ""You will continue to suffer if you have an emotional reaction to everything that is said to you. True power is sitting back and observing everything with logic. If words control you that means everyone else can control you. Breathe and allow things to pass"" – Bruce Lee",False,False,True,insufficient-contradictory,checkyourfact
checkyourfact_1284,checkyourfact_1284,"Claims ancient Greek philosopher Aristotle said, ""The place where your talent meets the world’s needs is the job God has in mind for you.""",Viral Quote,There is no evidence that Aristotle authored this statement. It may actually be a line from a 1954 high school graduation speaker.,False,True,True,refutes,checkyourfact
checkyourfact_1290,checkyourfact_1290,"Claims Charles Darwin said, ""In the struggle for survival, the fittest win out at the expense of their rivals because they succeed in adapting themselves best to their environment.""",Viral Quote,There is no evidence that the quotation comes from Darwin.,False,True,True,refutes,checkyourfact
checkyourfact_1290_ret_b0_g0,checkyourfact_1290,"Claims Charles Darwin said, ""In the struggle for survival, the fittest win out at the expense of their rivals because they succeed in adapting themselves best to their environment.""",Viral Quote,"Here is an example of a Darwin ascription in ""The Guardian"" newspaper in 2006. Please note that instances on the QI website are meant to be illustrative and not meant to be harshly critical of writers and journalists who may have slipped:[4]2006 December 11, News source: The Guardian, Article title: The Weekends TV: Pop stars, buildings, now endangered species . . . is nothing safe from the phone vote format? Article author: Sam … Continue reading ‘In the struggle for survival, the fittest win out at the expense of their rivals because they succeed in adapting themselves best to their environment’. The Origin of Species, Charles DarwinHaving now seen the first part of Extinct (ITV1, Saturday), I think I get what Darwin was on about. But perhaps if he was around now, and just coming up with his theory, he may have worded it slightly differently. ""In the struggle for survival, the cutest win out at the expense of the less cute because they appeal more to celebrities and, through them, to a live television audience."" [...] Charles Darwin (1809-1882), the famous English naturalist who first formulated the concept of evolution, wrote in his history-making Origin of the Species: ""In the struggle for survival, the fittest win out at the expense of their rivals because they succeed in adapting themselves best to their environment.""",False,False,True,supports,checkyourfact
checkyourfact_1290_ret_b14_gn,checkyourfact_1290,"Claims Charles Darwin said, ""In the struggle for survival, the fittest win out at the expense of their rivals because they succeed in adapting themselves best to their environment.""",Viral Quote,"Category Archives: Charles Darwin [...] History Textbook? Anonymous? Dear Quote Investigator: While reading a newspaper article I saw the following statement attributed to the famous scientist Charles Darwin: In the struggle for survival, the fittest win out at the expense of their rivals because they succeed in adapting themselves best to their environment. The article cited ""On the … [...] Leon C. Megginson? Clarence Darrow? Apocryphal? Question for Quote Investigator: The following statement is often attributed to the famous scientist Charles Darwin, but I am skeptical: It is not the strongest of the species that survives, nor the most intelligent that survives. It is the one that is most adaptable to change. Shortened …",False,False,True,insufficient-neutral,checkyourfact
checkyourfact_1290_ret_bn_g12,checkyourfact_1290,"Claims Charles Darwin said, ""In the struggle for survival, the fittest win out at the expense of their rivals because they succeed in adapting themselves best to their environment.""",Viral Quote,"Proctor & Gamble – Business Sphere and Decision Cockpits ""In the struggle for survival, the fittest win out at the expense of their rivals because they succeed in adapting themselves best to their environment."" With this quote, Charles Darwin clearly defined today’s business analytics imperative. In this posting we illustrate a best-in-class Analytics Innovation Case Study at P&G. The case study illustrates the way Business Analytics is becoming more central as retail and CPG decision making speeds up. [...] - Comminity Banks (5) [...] - Goldman Sachs (1)",False,False,True,insufficient-neutral,checkyourfact
checkyourfact_1294,checkyourfact_1294,"claims Jonathan Swift said, ""A love without esteem is capricious and volatile; esteem without love is languid and cold.""",Viral Quote,The statement does not appear in any of Swift’s written works. It actually comes from an anonymous essay published in 1753 that was likely written by John Hawkesworth.,False,True,True,refutes,checkyourfact
checkyourfact_1294_ret_b15_g5,checkyourfact_1294,"claims Jonathan Swift said, ""A love without esteem is capricious and volatile; esteem without love is languid and cold.""",Viral Quote,"Jonathan Swift, John Hawkesworth, Deane Swift (1768). ""Letters Written By The Late Jonathan Swift, D. D. Dean of St. Patrick's, Dublin; And Several Of His Friends: From The Year 1703 To 1740"", p.174 Jonathan Swift (1768). ""The works of Dr. Jonathan Swift ...: With the author's life and character; notes, historical, critical, and explanatory; tables of contents, and indexes. More complete than any preceding edition ... Accurately corrected by the best editions"", p.153 Jonathan Swift (1761). ""The Works of Dr Jonathan Swift, Dean of St Patrick's, Dublin. Accurately Corrected by the Best Editions. With the Author's Life and Character; Notes Historical, Critical, and Explanatory; Tables of Contents, and Indexes. More Complete Than Any Preceding Edition. In Eight Volumes"", p.388",False,False,True,insufficient-neutral,checkyourfact
checkyourfact_1294_ret_b1_gn,checkyourfact_1294,"claims Jonathan Swift said, ""A love without esteem is capricious and volatile; esteem without love is languid and cold.""",Viral Quote,"What did Jonathan Swift mean by: As love without esteem is capricious and volatile; esteem without love is languid and cold. - Jonathan Swift Satirist and essayist · Ireland Copy + Vision is the Art of seeing Things invisible. Feraz Zeid, June 2, 2023December 12, 2023, Jonathan Swift, Leadership, Teacher, 0 - Jonathan Swift Satirist and essayist · Ireland + You must take the will for the deed. Feraz Zeid, October 16, 2023December 26, 2023, Jonathan Swift, Deeds, 0 - Jonathan Swift Satirist and essayist · Ireland + In men desire begets love, and in women love begets desire. Feraz Zeid, July 8, 2023December 12, 2023, Jonathan Swift, Desire, Love, 0 - Jonathan Swift Satirist and essayist · Ireland + Argument is the worst sort of conversation. Feraz Zeid, July 9, 2023December 12, 2023, Jonathan Swift, Communication, Opinion, Wisdom, 0 - Jonathan Swift Satirist and essayist · Ireland + A stander-by may sometimes, perhaps, see more of the game than he that plays it. Feraz Zeid, January 12, 2024January 12, 2024, Jonathan Swift, Games, 0 - Jonathan Swift Satirist and essayist · Ireland + I never wonder to see men wicked, but I often wonder to see them not ashamed.",False,False,True,insufficient-supports,checkyourfact
checkyourfact_1294_ret_b3_gn,checkyourfact_1294,"claims Jonathan Swift said, ""A love without esteem is capricious and volatile; esteem without love is languid and cold.""",Viral Quote,"Quote of the Day: ""As love without esteem is capricious and volatile; esteem without love is languid and cold."" – Jonathan Swift",False,False,True,supports,checkyourfact
checkyourfact_1296_ret_b16_gn,checkyourfact_1296,"claims Thomas Jefferson said, ""Nothing can stop the man with the right mental attitude from achieving his goal; nothing on earth can help the man with the wrong mental attitude.""",Viral Quote,"Nothing can stop the man with right mental attitude from achieving his goal; nothing on earth can help the man with the wrong mental attitude.Thomas JeffersonThe Author of this QuoteAuthorThomas JeffersonThird president of the US, historian, and philosopher.",False,False,True,supports,checkyourfact
checkyourfact_1296_ret_bn_g10,checkyourfact_1296,"claims Thomas Jefferson said, ""Nothing can stop the man with the right mental attitude from achieving his goal; nothing on earth can help the man with the wrong mental attitude.""",Viral Quote,"How to Stop Breaking Your Own Rules ""Nothing can stop the man with the right mental attitude from achieving his goal; nothing on earth can help the man with the wrong mental attitude."" — Thomas Jefferson We often set goals for ourselves and unless we get the results we are looking for, we stop seeing the point. We can follow a rule or a habit for a while, but long term, it’s hard to keep something going when results are low. I am guilty of this, but I’ve learned ways to keep myself going toward a goal with a bit of mental gymnastics. It’s easy to learn and easy to implement. You just have to know what to think.",False,False,True,supports,checkyourfact
checkyourfact_1296_ret_bn_g4,checkyourfact_1296,"claims Thomas Jefferson said, ""Nothing can stop the man with the right mental attitude from achieving his goal; nothing on earth can help the man with the wrong mental attitude.""",Viral Quote,"A more complete version of this quote is ""Nothing can stop the man with the right mental attitude from achieving his goal; nothing on earth can help the man with the wrong mental attitude."" [...] There is a story about a guy who had the right mental attitude. He worked for Apple, but the program he was working on was canceled. He still wanted to make it work, so he kept showing up, even though he was no longer on the payroll. Yes, he believed in his project so much that he was doing the work for free. [...] From: Twitter, @Smart_Quotes confirmed at : http://www.brainyquote.com/quotes/quotes/t/thomasjeff120994.html",False,False,True,insufficient-supports,checkyourfact
checkyourfact_1296_ret_bn_g9,checkyourfact_1296,"claims Thomas Jefferson said, ""Nothing can stop the man with the right mental attitude from achieving his goal; nothing on earth can help the man with the wrong mental attitude.""",Viral Quote,"Quote Investigator: Researcher Anna Berkes of Monticello.org states that the quotation has not been found in any of the writings of Thomas Jefferson, and the ascription is deemed spurious.[1]Website: Thomas Jefferson: Monticello, Article title: Nothing can stop the man with the right mental attitude… (Spurious Quotation), Article author: Anna Berkes, Creation date on website: April … Continue reading [...] Changing the mental attitude from the wrong to the right is all that most people need to do to enjoy all that life has to offer. [...] In conclusion, W. W. Ziege is the leading candidate for creator of this statement based on the 1948 appearance in ""Forbes"" magazine. The phrases ""right mental attitude"" and ""wrong mental attitude"" were used decades earlier to express a similar idea. The ascription to Thomas Jefferson is unsupported.",False,False,True,insufficient-refutes,checkyourfact
checkyourfact_1297,checkyourfact_1297,"Claims that Oliver Cromwell said, ""Not only strike while the iron is hot, but make it hot by striking.""",Viral Quote,The Daily Caller found no record of the quote in Cromwell’s speeches or letters.,False,True,True,refutes,checkyourfact
checkyourfact_1297_ret_b0_gn,checkyourfact_1297,"Claims that Oliver Cromwell said, ""Not only strike while the iron is hot, but make it hot by striking.""",Viral Quote,"FACT CHECK: Did Oliver Cromwell Say, ‘Not Only Strike While The Iron Is Hot, But Make It Hot By Striking’? An image shared on Facebook claims that British military leader Oliver Cromwell said, ""Not only strike while the iron is hot, but make it hot by striking."" [...] Quote Investigator traced the earliest close match back to a 1782 letter penned by founding father Benjamin Franklin to Welsh preacher and philosopher Richard Price. Franklin wrote, ""And we now find that it is not only right to strike while the Iron is hot, but that it is very practicable to heat it by continual Striking."" (RELATED: Did Benjamin Franklin Say This Quote About Avoiding Tyranny?)",False,False,True,refutes,checkyourfact
checkyourfact_1297_ret_b1_g1,checkyourfact_1297,"Claims that Oliver Cromwell said, ""Not only strike while the iron is hot, but make it hot by striking.""",Viral Quote,"We must not only strike the iron while it is hot, but strike it till ""it is made hot."" [...] ""Strike while the iron is hot,"" is a common saying, and a very good one. It indicates the danger of delay and the importance of prompt action; but Cromwell said, ""Make the iron hot by striking,""—thus enforcing another thought, that ""Where there is a will there is a way;"" that to good sense, industry and perseverance, no right thing is impossible! [...] Do not wait to strike till the iron is hot; but make it hot by striking.",False,False,True,insufficient-neutral,checkyourfact
checkyourfact_1297_ret_bn_g4,checkyourfact_1297,"Claims that Oliver Cromwell said, ""Not only strike while the iron is hot, but make it hot by striking.""",Viral Quote,"Robert Galbraith, Career of Evil""Don't say you won't strike now. ""Not now"" is what brings forth ""never done"". Strike it early, strike it now... But remember to strike it hard! Go and make the strike!"" [...] Israelmore Ayivor, The Great Hand Book of Quotes""Not only strike while the iron is hot, but make it hot by striking."" Oliver Cromwell""We are on strike, we, the men of the mind.We are on strike against self-immolation. We are on strike against the creed of unearned rewards and unrewarded duties. We are on strike against the dogma that the pursuit of one's happiness is evil. We are on strike against the doctrine that life is guilt.""",False,False,True,insufficient-neutral,checkyourfact
checkyourfact_1298,checkyourfact_1298,former President Donald Trump claimed he won the state of Nevada in the 2016 and 2020 elections,Article,"According to the state’s official election results, Trump lost Nevada in both 2016 and 2020.",False,True,True,refutes,checkyourfact
checkyourfact_1298_ret_bn_g12,checkyourfact_1298,former President Donald Trump claimed he won the state of Nevada in the 2016 and 2020 elections,Article,"A woman holds an umbrella as she waits for Republican presidential candidate and former President Donald Trump to attend a campaign event in Las Vegas, June 9, 2024. Photo by Brendan McDermid/Reuters Trump’s Nevada rally, his third in the state this year, came on the tail end of a Western swing that included several high-dollar fundraisers where he was expected to rake in millions of dollars. Democrat Hillary Clinton won Nevada in 2016 as did President Joe Biden in 2020, but Nevada was the only battleground state where Trump did better against Biden than Clinton. In the 2022 midterms, Nevada Gov. Steve Sisolak, a Democrat, was the only incumbent governor who did not win reelection. Trump hopes his strength among working-class voters and growing interest from Latinos will push him to victory in the state. In a play for Nevada’s massive service-sector workforce, Trump said he’d seek to eliminate taxes on tips, a major source of income for food servers, bartenders and others who power glitzy Las Vegas hotels. The Culinary Union Secretary-Treasurer Ted Pappageorge criticized Trump for making that promise, a measure he said the union has fought for decades.",False,False,True,insufficient-neutral,checkyourfact
checkyourfact_1298_ret_bn_g18,checkyourfact_1298,former President Donald Trump claimed he won the state of Nevada in the 2016 and 2020 elections,Article,"As part of Donald Trump and his allies’ nationwide effort to undermine the 2020 presidential election, 84 total fake electors across seven states signed false electoral certificates claiming that Trump won the election in their states. As of July 2024, fake electors from Arizona, Georgia, Michigan and Nevada have been charged with crimes, and the remaining fake electors in New Mexico, Pennsylvania and Wisconsin do not currently face charges. [...] The case against Nevada’s six fake electors was dismissed on June 21, 2024 with the judge explaining that the cases needed to refiled in Douglas County, Nevada where the false electoral certificates were originally signed. The judge who dismissed the case without prejudice called the scheme ""a crime that has occurred in another jurisdiction."" [...] Nevada - Indictment - Nevada judge dismisses charges against 6 Republicans who falsely declared Trump the winner in 2020",False,False,True,insufficient-supports,checkyourfact
checkyourfact_1315,checkyourfact_1315,Nikki Haley claims 1 in 6 American families can't afford their utility bill,Video,Data from the National Energy Assistance Directors Association (NEADA) and multiple experts indicate Haley’s claim is correct.,True,True,True,supports,checkyourfact
checkyourfact_1315_ret_b0_gn,checkyourfact_1315,Nikki Haley claims 1 in 6 American families can't afford their utility bill,Video,"FACT CHECK: Nikki Haley Claims 1 In 6 American Families Can’t Afford Their Utility Bill In a recent interview with Trinity Broadcasting Network, 2024 presidential hopeful and former South Carolina Republican Gov. Nikki Haley claimed one in six American families can’t afford their utility bill. [...] During her conversation with Trinity Broadcasting Network’s Scott Brown, Haley claimed one in six American families can’t afford their utility bill. ""Let’s first start with the economy. I mean you’ve got 60% of Americans living paycheck to paycheck. You know, one in six American families can’t afford their utility bill,"" Haley said.",True,False,True,insufficient-supports,checkyourfact
checkyourfact_1315_ret_b10_gn,checkyourfact_1315,Nikki Haley claims 1 in 6 American families can't afford their utility bill,Video,"Haley on CBS This Morning – American Families Need Relief ""They can't afford groceries, they can't afford gas, one in six American families can't pay their utility bill. Half of American families can't afford diapers. The inflation issue is real. Americans want someone who can understand they need more cash in their pocket. They want transparency in schools, they want law and order, they want a secure border, and they want a national security that's going to keep Americans safe... I'm going to talk about what real American families want to talk about. That's the fact that they're hurting right now and we need to give them some relief.""",True,False,True,supports,checkyourfact
checkyourfact_1315_ret_bn_g2,checkyourfact_1315,Nikki Haley claims 1 in 6 American families can't afford their utility bill,Video,"And did Republicans try and make it right? No. They opened up pet projects and earmarks for the first time in 10 years, pushing through 7,000 of them last December. Want to know how they spent your money? $30 million on an honor’s college in Vermont. 10 million to tear down a hotel in Alaska. Seven and a half million on a courthouse in Colorado. And the list goes on. In the 2024 appropriations budget, Republicans put in $7.4 billion worth of pet projects and earmarks. Democrats put in 2.8 billion. Now you tell me who the big spenders are. All while one in six American families can’t afford their utility bill, 60% of Americans are living paycheck to paycheck. 50% of American families can’t afford diapers. Social security will go bankrupt in 10 years. Medicare will go bankrupt in eight. Then you look at our education system and everybody wants to blame COVID for education.",True,False,True,insufficient-supports,checkyourfact
checkyourfact_1320,checkyourfact_1320,"claims a ""huge percentage"" of deported Salvadorans were murdered or harmed upon being deported back to El Salvador",Daily Beast,The Human Rights Watch report does not establish or attempt to establish a percentage of total deportees who were harmed or killed upon return to El Salvador. Researchers and writers of the report confirmed that there is no way to use its findings to calculate such a percentage.,False,True,True,insufficient-neutral,checkyourfact
checkyourfact_1320_ret_bn_g1,checkyourfact_1320,"claims a ""huge percentage"" of deported Salvadorans were murdered or harmed upon being deported back to El Salvador",Daily Beast,"Those 4000 deportees, and we’ll move quickly now in our timeline, have now become 60,000 gang members. They are now present in all 14 states of El Salvador. After years of disregarding the problem, and hard line measures taken since 2003 to address it (when repression was thought to be the avenue to a solution, though each year only proved to show that repression increased gang violence in terms of homicides and gang numbers), these failed policies left El Salvador with the highest murder rate in the world by 2009. The rate was of 71 homicides per 100,000 people. [...] Of course, this primarily affects the young in the rural areas. The marginalized are dominated by the gangs. 50 to 60 percent of Salvadorans live in these areas. The people in these areas are facing a war. The young, those between 9 and 17 years old that aren’t involved in gangs, are caught in the crossfire. The police see them as gang members and treat them as such. There have been cases of extra-judicial executions of people that weren’t gang members. Then also, there are the pressures and threats from the gang itself to join. These young people live between two powerful and violent forces. They have no choice but to resign themselves to a hard life of uncertainty, closed off inside their homes, with miserable wages—or try to flee the country in search of a better life.",False,False,True,insufficient-neutral,checkyourfact
checkyourfact_1320_ret_bn_g18,checkyourfact_1320,"claims a ""huge percentage"" of deported Salvadorans were murdered or harmed upon being deported back to El Salvador",Daily Beast,"In the '90s, as the gang phenomenon in Los Angeles got more complicated, the U.S. started deporting gang members. Deportations brought airplanes full of gang members who had committed crimes and murders in the U.S. back to El Salvador. [...] The deportation of gang members back to El Salvador coincided with a very complicated social environment in the country, in which family life had been broken, financially and culturally. [...] When these gang members arrived back to El Salvador, keep in mind the government had no re-integration policy. No psychological support. There's been a lack of serious policy toward these gang members' realities.",False,False,True,insufficient-neutral,checkyourfact
checkyourfact_1337,checkyourfact_1337,"Claims that founding father John Adams once said, ""In my many years, I have come to a conclusion that one useless man is a shame, two is a law firm, and three or more is a Congress.""",Viral Quote,"There is no evidence that Adams ever made this statement. It was said, however, by the fictional Adams in the 1969 musical “1776.”",False,True,True,insufficient-refutes,checkyourfact
checkyourfact_1337_ret_bn_g0,checkyourfact_1337,"Claims that founding father John Adams once said, ""In my many years, I have come to a conclusion that one useless man is a shame, two is a law firm, and three or more is a Congress.""",Viral Quote,"FACT CHECK: Did John Adams Say, ‘One Useless Man Is A Shame, Two Is A Law Firm And Three Or More Is A Congress’? [...] The saying attributed to Adams is one such misquotation. The Daily Caller News Foundation found no evidence that he ever said or wrote these words. A search of the digital edition of The Adams Papers returned no matches. [...] I have come to the conclusion that one useless man is called a disgrace; that two are called a law firm; and that three or more become a Congress! And, by God, I have had this Congress! For 10 years, King George and his Parliament have gulled, cullied and diddled these Colonies with their illegal taxes! Stamp Acts, Townshend Acts, Sugar Acts, Tea Acts! And when we dared stand up like men, they have stopped our trade, seized our ships, blockaded our ports, burned our towns and spilled our blood! And still this Congress refuses to grant any of my proposals on independence, even so much as the courtesy of open debate! Good God, what in Hell are you waiting for?",False,False,True,refutes,checkyourfact
checkyourfact_1337_ret_bn_g4,checkyourfact_1337,"Claims that founding father John Adams once said, ""In my many years, I have come to a conclusion that one useless man is a shame, two is a law firm, and three or more is a Congress.""",Viral Quote,"I have come to the conclusion that one useless man is called a disgrace; that two are called a law firm; and that three or more become a Congress! [...] What John Adams did not say about Congress, Peter Stone wrote. Such wit deserves proper attribution. Mention of ""law firms"" gives away the origin’s being much later than Adams’s — Adams died, as you know, on July 4, 1826, the 50th anniversary of the Declaration of Independence. ""Law firms"" is 20th century language.",False,False,True,refutes,checkyourfact
checkyourfact_1350_ret_b11_gn,checkyourfact_1350,Elon Musk claims the earth is flat,Viral Video,"FACT CHECK: Did Elon Musk Tweet That The Earth Is Flat? A post on shared on social media purportedly shows a screenshot of a tweet from SpaceX and Twitter CEO Elon Musk saying that the earth is flat. [...] ""The world is flat and I can’t get past the firmament!"" the alleged tweet reads. ""Anyone want to buy SpaceX""",False,False,True,insufficient-supports,checkyourfact
checkyourfact_1350_ret_bn_g2,checkyourfact_1350,Elon Musk claims the earth is flat,Viral Video,"The claim: Image shows Elon Musk tweeting that the Earth is flat [...] - Elon Musk, accessed March 16, Search of Elon Musk's tweets containing ""the world is flat"" - PolitiTweet, accessed March 16, Elon Musk - Business Insider, Dec. 27, 2022, SpaceX history: 13 of the biggest moments for Elon Musk's 20-year-old company - SpaceX, accessed March 16, Mission - Elon Musk, April 5, 2021, Tweet - Elon Musk, Nov. 28, 2017, Tweet - PolitiFact, March 13, Earth is round and Elon Musk didn’t say it was flat - Reuters, March 14, Fact Check-Fabricated Elon Musk tweet claims Earth is flat - Check Your Fact, March 16, Fact check: Did Elon Musk tweet that the Earth is flat?",False,False,True,refutes,checkyourfact
checkyourfact_1351,checkyourfact_1351,Claims that Barbara Walters wrote long statement criticizing Jane Fonda for visiting North Vietnam,Viral Quote,The Daily Caller found no record of Walters ever making the statement.,False,True,True,refutes,checkyourfact
checkyourfact_1351_ret_b0_gn,checkyourfact_1351,Claims that Barbara Walters wrote long statement criticizing Jane Fonda for visiting North Vietnam,Viral Quote,"FACT CHECK: Did Barbara Walters Author This Statement Criticizing Jane Fonda For Visiting North Vietnam? A post shared on Facebook more than 14,000 times credits retired ABC News anchor Barbara Walters with authoring a statement criticizing actress Jane Fonda for her 1972 visit to North Vietnam. [...] Walters did sit down with Fonda in 1988, but the statement doesn’t appear in that interview either. In fact, Fonda actually apologized for her visit to North Vietnam and for posing for the photograph of her sitting on an anti-aircraft gun during the interview, according to an ABC News transcript.",False,False,True,insufficient-refutes,checkyourfact
checkyourfact_1351_ret_b1_g0,checkyourfact_1351,Claims that Barbara Walters wrote long statement criticizing Jane Fonda for visiting North Vietnam,Viral Quote,"The claim: Barbara Walters wrote viral commentary accusing Jane Fonda of treason during the Vietnam War [...] We rate the claim that Barbara Walters wrote an inaccurate commentary condemning actress Jane Fonda as FALSE because it is not supported by our research. Misinformation about Fonda’s actions in Vietnam has been circulating for 20 years. Despite fact-checkers and the veterans named in the hoax’s many efforts to correct it, it's continued to circulate and evolve. It's resurfaced many times with new fabricated details that are relevant to current events, whether it be Barack Obama’s fictional honoring of Fonda or a misattribution to Walters. [...] - Check Your Fact, ""Fact Check: Did Barbara Walters Author This Statement Criticizing Jane Fonda For Visiting North Vietnam?""",False,False,True,refutes,checkyourfact
checkyourfact_1357,checkyourfact_1357,"Emergency Loans for U.S. Citizens get up to $5,000",Viral Post,The caption is inaccurate. A spokesperson for the Department of Treasury confirmed the claim is false.,False,True,True,refutes,checkyourfact
checkyourfact_1357_ret_b12_gn,checkyourfact_1357,"Emergency Loans for U.S. Citizens get up to $5,000",Viral Post,"Stimulus Update: $5,000 in Stimulus Money Can Soon Be Claimed by These Americans [...] - Up to $5,000 in funds could be available. [...] But, there is one group of Americans who is guaranteed a $5,000 payment this year -- if they file their taxes in order to get their money. Here's who is owed $5,000 along with some advice on claiming this large sum of money to help with the ongoing effects of COVID-19.",False,False,True,supports,checkyourfact
checkyourfact_1357_ret_b1_gn,checkyourfact_1357,"Emergency Loans for U.S. Citizens get up to $5,000",Viral Post,"A post shared on social media purports the Federal Government made $5,000 of emergency loans available for U.S. citizens. [...] The Facebook post purports $5,000 loans are available to American citizens. The post shares a photo of Biden and members of congress applauding. ""Emergency loans program is finally open!"" The caption reads, ""American people needed this stimulus again! Emergency loans are finally available to the U.S. Citizens up to $5,000 even with poor credit. The process is very simple and only takes 2 minutes to find out. It’s absolutely a no-brainer to take advantage of this opportunity today! Tap the button to see how much you get.""",False,False,True,insufficient-supports,checkyourfact
checkyourfact_1357_ret_bn_g0,checkyourfact_1357,"Emergency Loans for U.S. Citizens get up to $5,000",Viral Post,"Recent Facebook posts about a supposed new stimulus program enabling Americans with poor credit to take up to $5,000 is a false and recycled promise. ""American people needed this stimulus again!,"" read one April 18 post. Emergency loans are finally available to U.S. Citizens up to $5,000 even with poor credit. The process is very simple and only takes 2 minutes to find out. It's absolutely a no-brainer to take advantage of this opportunity today!"" [...] PolitiFact, This online offer of a $5,000 stimulus loan is too good to be true because it’s not, Jan. 6, 2023",False,False,True,refutes,checkyourfact
checkyourfact_1361_ret_b0_gn,checkyourfact_1361,Elon Musk has permanently banned AOC from Twitter,Viral post,"FACT CHECK: Did Elon Musk Permanently Ban AOC From Twitter? A post shared on social media purports Twitter CEO Elon Musk has permanently banned New York Democrat Rep. Alexandria Ocasio Cortez from the platform. [...] ""Elon Musk permanently bans AOC from Twitter,"" the article reads. (RELATED: No, This Is Not A Real Headline About Male Pregnancy)",False,False,True,insufficient-refutes,checkyourfact
checkyourfact_1361_ret_b13_gn,checkyourfact_1361,Elon Musk has permanently banned AOC from Twitter,Viral post,"- Elon Musk and Rep. Alexandria Ocasio-Cortez got into another tiff on Twitter on Thursday night. [...] Elon Musk and Rep. Alexandria Ocasio-Cortez are in another Twitter spat. [...] Musk and Ocasio-Cortez have had several tense exchanges on Twitter. In April, Ocasio-Cortez called Musk a ""billionaire with an ego problem"" who only bought Twitter ""because Tucker Carlson or Peter Thiel took him to dinner and made him feel special."" In response, Musk tweeted: ""Stop hitting on me, I'm really shy.""",False,False,True,insufficient-neutral,checkyourfact
checkyourfact_1361_ret_b9_gn,checkyourfact_1361,Elon Musk has permanently banned AOC from Twitter,Viral post,"- Elon Musk joked that when AOC's Twitter account stopped working it was ""a naked abuse of power."" [...] Elon Musk joked that when Rep. Alexandria Ocasio-Cortez's Twitter account stopped working on Wednesday it was due to ""a naked abuse of power"" by the platform's new owner. [...] It's not the first time Musk and Ocasio-Cortez have locked horns on Twitter and have previously clashed on topics such as unionization, misinformation, and free speech.",False,False,True,insufficient-neutral,checkyourfact
checkyourfact_1361_ret_bn_g2,checkyourfact_1361,Elon Musk has permanently banned AOC from Twitter,Viral post,"If Your Time is short - Elon Musk didn’t ban U.S. Rep. Alexandria Ocasio-Cortez, D-N.Y., from Twitter. Her accounts are active. Twitter CEO Elon Musk didn’t ban U.S. Rep. Alexandria Ocasio-Cortez, D-N.Y., from the social media platform despite recent claims circulating online. [...] Twitter, Elon Musk starts banning critical journalists from Twitter / The reporters have tweeted about his private jet recently, Dec. 16, 2023 @AOC, visited March 9, 2023 @RepAOC, visited March 9, 2023",False,False,True,refutes,checkyourfact
checkyourfact_1362,checkyourfact_1362,Lee Majors bequeathed $6 million to President Donald Trump's 2020 reelection campaign,Viral Article,Majors has not died. The article originated on a satirical news website.,False,True,True,refutes,checkyourfact
checkyourfact_1362_ret_b0_gn,checkyourfact_1362,Lee Majors bequeathed $6 million to President Donald Trump's 2020 reelection campaign,Viral Article,"On Dec. 22, 2019, the website Conservative Tears published an article positing that Lee Majors, the actor who portrayed Steve Austin in the 1970s television show ""The Six Million Dollar Man,"" died and left a symbolic $6 million to the reelection campaign of U.S. President Donald Trump. ‘Bionic Man’ Lee Majors Dead At 83;$6 Million Left To Trump 2020",False,False,True,supports,checkyourfact
checkyourfact_1362_ret_b2_gn,checkyourfact_1362,Lee Majors bequeathed $6 million to President Donald Trump's 2020 reelection campaign,Viral Article,"The Dec. 25 article, which was published by AJUAnews.com, claims Majors died from complications during a Penuma surgical procedure. (Penuma is a kind of penile implant.) It also claims the actor, who has starred in movies like ""The Six Million Dollar Man"" and ""Scrooged,"" left $6 million for President Donald Trump’s re-election campaign in his will. [...] AJUAnews.com, ""‘Bionic Man’ Lee Majors Dead At 83;$6 Million Left To Trump 2020,"" Dec. 25, 2019 [...] Conservative Tears, ""‘Bionic Man’ Lee Majors Dead At 83;$6 Million Left To Trump 2020""",False,False,True,insufficient-supports,checkyourfact
checkyourfact_1363,checkyourfact_1363,purports 156 House Republicans voted to raise the retirement age for Social Security to 70,Post,"While the Republican Study Committee proposed raising the retirement age to “reflect longevity” in its Fiscal Year 2023 budget plan, the plan was never brought to the House floor for a vote.",False,True,True,refutes,checkyourfact
checkyourfact_1363_ret_b0_gn,checkyourfact_1363,purports 156 House Republicans voted to raise the retirement age for Social Security to 70,Post,"""If you only retweet ONE thing today, let it be this list of 156 House Republicans who voted to raise the retirement age for Social Security to age 70,"" reads the tweet. ""Don't let them get away with it. Make sure EVERYONE knows."" [...] The post’s claim came after Social Security Works, an organization that fights to expand Social Security, tweeted on Feb. 13 that ""156 House Republicans released a plan to raise the retirement age to 70."" [...] - Linda Benesch, March 7, Email exchange with USA TODAY - Miranda Dabney, March 7-13, Email exchange with USA TODAY - USA TODAY, April 22, 2022, Fact check: Post exaggerates benefits for members of Congress - Republican Study Committee, accessed March 10, FY2023 Budget - Republican Study Committee, accessed March 10, Membership - Congressional Research Service, Aug. 8, 2019, Retirement Benefits for Members of Congress - Congress.gov, accessed March 10, H.R.6489 - Social Security Reform Act of 2016 - Congress.gov, accessed March 10, Congressional Record Vol. 168, No. 105 - Social Security Administration, accessed March 10, Retirement age - VERIFY, March 9, No, 156 Republicans didn’t vote to raise the age for Social Security to 70 - Factcheck.org, March 6, Liberal Group’s Meme Mentions Nonexistent GOP Vote to Raise Social Security’s Retirement Age",False,False,True,supports,checkyourfact
checkyourfact_1363_ret_b15_gn,checkyourfact_1363,purports 156 House Republicans voted to raise the retirement age for Social Security to 70,Post,"President Biden has taken action to strengthen Medicare and protect Social Security – bedrock programs that Americans have paid into and that tens of millions of seniors depend on to support their livelihoods. Congressional Republicans, however, have a different record. For years, Republican Members of Congress have repeatedly tried to cut Medicare and Social Security, move toward privatizing one or both programs, and raise the Social Security retirement age and Medicare eligibility age. And just last week, House Republicans introduced legislation to repeal President Biden’s Inflation Reduction Act, which would give tens of billions of dollars in subsidies back to Big Pharma, raise seniors’ prescription drug prices, and raise taxes on an estimated 14.5 million people – all while increasing the deficit. [...] - The Republican Study Committee – which includes a majority of House Republicans – released a formal budget that, according to Politico, included ""raising the eligibility ages for each program, along with withholding payments for individuals who retire early or had a certain income, and privatized funding for Social Security to lower income taxes."" - And in 2015, most House Republicans, including Speaker McCarthy, Rep. Scalise, and a host of others in current leadership, voted to raise the retirement age to 70, which would cut Social Security benefits for tens of millions of seniors who paid into the system for years.",False,False,True,insufficient-supports,checkyourfact
checkyourfact_1363_ret_b1_gn,checkyourfact_1363,purports 156 House Republicans voted to raise the retirement age for Social Security to 70,Post,"A post shared on Facebook purports 156 House Republicans voted to raise the retirement age for Social Security to 70. [...] The claim is misleading. The remarks stems from a Feb. 13 tweet from Social Security Works, who shared the same list as the Facebook post. ""It’s not just Rick Scott. 156 House Republicans released a plan to raise the retirement age to 70. RT if you don’t want to work till you die!"" the tweet reads. [...] There are no credible news reports suggesting 156 House Republicans voted to raise the retirement age for Social Security to 70. Likewise, the claim is neither mentioned on the House Republicans’ website nor their verified social media accounts.",False,False,True,refutes,checkyourfact
checkyourfact_1372,checkyourfact_1372,a tent hospital set up in New York City’s Central Park housed thousands of abused children saved from underground captivity.,Viral post,There is no evidence to support the claims made by the Facebook post. The field hospital only helped treat New York City coronavirus patients.,False,True,True,refutes,checkyourfact
checkyourfact_1372_ret_b0_gn,checkyourfact_1372,a tent hospital set up in New York City’s Central Park housed thousands of abused children saved from underground captivity.,Viral post,"FACT CHECK: Was A Central Park Tent Hospital Housing Thousands Of Abused Children Rescued From Underground Captivity? [...] The long text post credits President Donald Trump with the alleged rescue of the abused children from underground captivity, where they had purportedly been ""kept as sex slaves"" since birth. [...] It further claims the Central Park tent hospital run by nonprofit Samaritan’s Purse housed the rescued children. (RELATED: Does This Video Show Military Vehicles Arriving In New York City During The Coronavirus Pandemic?)",False,False,True,insufficient-neutral,checkyourfact
checkyourfact_1372_ret_b15_gn,checkyourfact_1372,a tent hospital set up in New York City’s Central Park housed thousands of abused children saved from underground captivity.,Viral post,"Mount Sinai Hospital in New York is working with a humanitarian aid organization to set up a field hospital in Central Park to help house the continuing influx of patients during the coronavirus pandemic. The tents in Central Park are expected to have 70 regular beds and 10 ICU beds and will be open on Tuesday, a spokesperson for the hospital said. The hospital partnered with Samaritan's Purse, an evangelical Christian aid organization, to set up the field hospital, and photos showed construction well underway on Sunday. ""Samaritan’s Purse, in partnership with Mount Sinai Health System and intergovernmental agencies, are constructing an Emergency Field Hospital in East Meadow in Central Park to provide care for patients seriously ill with COVID-19,"" a spokesperson for the hospital said in a statement.",False,False,True,insufficient-refutes,checkyourfact
checkyourfact_1372_ret_b7_gn,checkyourfact_1372,a tent hospital set up in New York City’s Central Park housed thousands of abused children saved from underground captivity.,Viral post,"""It's kind of surreal to see a field hospital sitting in the middle of Central Park,"" Kelly said. ""I just don't think this is the way it was supposed to be my first time, but it's a pleasure for me to be here."" [...] ""Just getting the permits to put up a field hospital in Central Park should've taken years,"" Kelly said, adding that with help from de Blasio and New York Gov. Andrew Cuomo, the hospital has ""been up really fast."" [...] The field hospital in Central Park will have 60 to 70 medical staff, including nurses and doctors. Tenpenny said he could not provide specifics, but he said the nurses will outnumber the doctors.",False,False,True,insufficient-neutral,checkyourfact
checkyourfact_1374,checkyourfact_1374,A post shared on Twitter claims Mexican television reported that cartels have dozens of AT4s sourced from Ukraine.,Viral Video,The original report does not claim that cartels are purchasing AT-4s that are originally routed to Ukraine. There is no evidence that Ukrainian AT-4s have been illegally sold or transferred to Mexican cartel members.,False,True,True,refutes,checkyourfact
checkyourfact_1374_ret_b2_gn,checkyourfact_1374,A post shared on Twitter claims Mexican television reported that cartels have dozens of AT4s sourced from Ukraine.,Viral Video,"AP’S ASSESSMENT: False. A video shows a news anchor claiming in Spanish that a cartel member had been filmed with a Javelin, but she only noted that such weapons have also been used in Ukraine, not that it originated there. Additionally, the anchor misidentified the weapon, which is an AT4, another anti-tank weapon. While AT4s are being used in Ukraine, experts say there’s nothing to indicate that the one in the video came from there, and that it’s far more likely to have come from other black market channels. [...] Additionally, there is no evidence that the AT4 from the video is from a cache of weapons sent to Ukraine, experts who research organized crime specifically in Mexico told The Associated Press. [...] Jones cited a U.S. Government Accountability Office study that found 70 percent of illegally smuggled guns in Mexico were made in America. Jones said it’s ""extremely unlikely"" that the cartel would get an AT4 from Ukraine. ""Typically, heavier weapons like this are not going to be diverted from US military stockpiles,"" said Jones.",False,False,True,refutes,checkyourfact
checkyourfact_1374_ret_bn_g3,checkyourfact_1374,A post shared on Twitter claims Mexican television reported that cartels have dozens of AT4s sourced from Ukraine.,Viral Video,"According to a picture released on the Twitter account of Hans Tino Hansen, Denmark has delivered an undisclosed number of AT4CS man-portable anti-structure tandem rocket weapons to the Ukrainian armed forces. [...] Ukraine receives AT4 anti-tank weapons from Sweden | 7 March 2022 | ArmyRecognition According to information published by Republic World on March 6, 2022, the Swedish AT4 anti-tank weapons have arrived in Ukraine amid the war. Indeed some visuals of Ukrainian soldiers with AT4 anti-tank weapons have been released.",False,False,True,insufficient-neutral,checkyourfact
checkyourfact_1374_ret_bn_g6,checkyourfact_1374,A post shared on Twitter claims Mexican television reported that cartels have dozens of AT4s sourced from Ukraine.,Viral Video,"Ukrainian MoD data on Russian losses: ~208 910 KIAs, 3 819 MBTs, 7 490 AIVs, 6 267 wheeled transports, 465 specialized vehicles, 3 501 artillery guns, 575 MLRS, 335 AA systems, 313 aircraft, 298 helicopters, 3 137 UAVs, 1 117 1 ""Good goyim, you did your job""; words fail me, when I try to express my hatred of the kikes, this one in particular. 397 missiles shot down, 18 naval vessels. Explosions during the night in Kursk. Local authorities claim they shot down the attacking Ukrainian UAVs. Kiev was again attacked with missiles and drones. ZeroHedge and other altmedia outlets write that Mexican cartel members were spotted with AT4 disposable anti-tank rockets. Strong suspicion was expressed that these weapons came from the deliveries made to Ukraine. FSB accused Apple corporation of spying on Russian diplomats. Apparently, Apple provided backdoor for American NSA spooks1 to infect thousands of Apple ""smart"" phones, belonging to Russian diplomats, with spying software. Cracks appeared on piers of the Crimean Bridge. I would not be surprised if this happened at the spans, which were affected by the explosion.",False,False,True,insufficient-supports,checkyourfact
checkyourfact_1375,checkyourfact_1375,purports to show a traffic light that melted in Texas due to extreme heat,Image,"The image shows a traffic light that melted as a result of a July 2022 fire in Milan, Italy, according to the Italian website Open.",False,True,True,refutes,checkyourfact
checkyourfact_1375_ret_b2_gn,checkyourfact_1375,purports to show a traffic light that melted in Texas due to extreme heat,Image,"For several years, it seems, every extreme heat wave in the U.S. has prompted the circulation of photographs purportedly demonstrating the effects of intense hot weather, images picturing melted objects such as automobiles, tires, trash receptacles, ceiling fans, and street signs: [...] Another much-traveled image shows a traffic light that looks to have melted from hot weather: One would wonder, naturally, why extreme weather would have melted a traffic signal but left another one adjacent to it apparently undamaged. That's because this picture appears to stem from a motorist in Kuwait's slamming into a traffic signal pole, with the resulting fire melting the signal directly above the burning vehicle:",False,False,True,refutes,checkyourfact
checkyourfact_1375_ret_b4_g3,checkyourfact_1375,purports to show a traffic light that melted in Texas due to extreme heat,Image,"Fact check: Melted traffic lights, recycling bins, street signs were not caused by heat waves [...] One photo shows a traffic light whose hooded covers have melted over its red, yellow and green bulbs. After the same claim circulated on Twitter in June 2019, PesaCheck, Africa’s largest indigenous fact-check network, reported a YouTube video from July 2013 shows that the traffic light melted after a car hit the light's pole and caught fire in Kuwait. [...] - PesaCheck, June 26, 2019, FALSE: Cars and traffic lights did not melt following a heat wave in Kuwait - ABC Australia, July 4, 2018, Melting bitumen leaves motorists 'sinking' into Queensland road, destroys tyres",False,False,True,refutes,checkyourfact
checkyourfact_1375_ret_b5_gn,checkyourfact_1375,purports to show a traffic light that melted in Texas due to extreme heat,Image,"Photo shows melted traffic light in Italy, not extreme heat damage in Texas | Fact check The claim: Image shows traffic light melted by Texas's extreme heat [...] - USA TODAY, June 21, 'Oppressive' and 'unbearable' heat wave scorches Texas, with no end in sight - Texas Tribune, July 24, As Texas’ heat wave continues, tell us how you’re coping - Full Fact, July 19, Photo of melted traffic light wasn’t taken in Bulgaria - Factly, June 20, Old photo from Italy’s Milan city shared as the picture of a melted traffic light in Lucknow",False,False,True,refutes,checkyourfact
checkyourfact_1378,checkyourfact_1378,Ford made this pride commercial in 2023,Viral,"The post is miscaptioned. The commercial was actually created in 2022, predating Bud Light’s partnership with Mulvaney.",False,True,True,refutes,checkyourfact
checkyourfact_1378_ret_b14_gn,checkyourfact_1378,Ford made this pride commercial in 2023,Viral,"Pride knows no bounds @Ford pic.twitter.com/f3EZA9mgZJ — Caroline (@carolinecwilder) May 17, 2023",False,False,True,insufficient-neutral,checkyourfact
checkyourfact_1378_ret_b2_gn,checkyourfact_1378,Ford made this pride commercial in 2023,Viral,"FACT CHECK: Pride-Themed Ford Commercial Stems From 2022, Not 2023 A video shared on Facebook allegedly shows a recent Ford advertisement depicting a truck with pride flag colors that was created after Bud Light’s partnership with transgender activist Dylan Mulvaney. The post is miscaptioned. The commercial was actually created in 2022, predating Bud Light’s partnership with Mulvaney.",False,False,True,refutes,checkyourfact
checkyourfact_1378_ret_b8_gn,checkyourfact_1378,Ford made this pride commercial in 2023,Viral,"Ford’s latest campaign, Built Ford Proud, celebrates the greater community of drivers who have broken the mold, driven, innovation, and defied stereotypes for nearly 120 years. It showcases actor Sydney Sweeney, stunt driver Dee Bryant, and professional surfer Kai Lenny. Erica Martin, Ford Marketing Communications Manager, said Built Ford Proud has always been about the immense pride the brand feels for its vehicles and the employees who build them. ""Today, we are putting the spotlight on the drivers, because who they are, and what they accomplish with our vehicles, is a huge part of what makes this brand special. [...] The Built Proud campaign draws a clear distinction about a company that invented ""how to build"" speaks honestly and proudly about Ford’s cars and trucks, and positions the brand uniquely suited to take on the future.",False,False,True,supports,checkyourfact
checkyourfact_1378_ret_bn_g0,checkyourfact_1378,Ford made this pride commercial in 2023,Viral,"Dearborn, Mich., March 22, 2023 – An actor restoring a Bronco. A professional stunt driver defying stereotypes. A big wave surfer with a passion for trucks. These are drivers that will be featured the next chapter of Ford Motor Company’s ""Built Ford Proud"" campaign, showcasing how Sydney Sweeney, Dee Bryant, and Kai Lenny use their vehicles to achieve their dreams. ""Built Ford Proud"" features content starring Sweeney, Bryant, and Lenny and celebrates the greater community of Ford drivers who have broken the mold, driven innovation, and defied stereotypes for nearly 120 years. ""‘Built Ford Proud’ has always been about the immense pride we feel for our vehicles and the employees who build them,"" said Erica Martin, Ford Marketing Communications Manager. ""Today, we are putting the spotlight on the drivers, because who they are – and what they accomplish with our vehicles – is a huge part of what makes this brand special.""",False,False,True,insufficient-supports,checkyourfact
checkyourfact_1381,checkyourfact_1381,"Claims that Thomas Jefferson said, ""The beauty of the Second Amendment is that it will not be needed until they try and take it.""",Viral Quote,There is no evidence that Thomas Jefferson wrote or said this expression.,False,True,True,refutes,checkyourfact
checkyourfact_1381_ret_b13_gn,checkyourfact_1381,"Claims that Thomas Jefferson said, ""The beauty of the Second Amendment is that it will not be needed until they try and take it.""",Viral Quote,"Jefferson Said 'Beauty of 2nd Amendment' Is It's Not Needed 'Until They Try To Take It'? The quote purportedly from the Founding Father reads, ""The beauty of the Second Amendment is tha ... [...] Thomas Jefferson on Gun Rights",False,False,True,insufficient-contradictory,checkyourfact
checkyourfact_1381_ret_b7_gn,checkyourfact_1381,"Claims that Thomas Jefferson said, ""The beauty of the Second Amendment is that it will not be needed until they try and take it.""",Viral Quote,"In October of 1824, Thomas Jefferson and James Madison attended a board meeting of the University of Virginia, which would open the following spring. Jefferson and Madison had spent not a little time thinking about individual liberties. But minutes from the meeting show that their new school would not extend the right to bear arms to its red-brick grounds. [...] Many quotes about the relationship of private firearm ownership and freedom — often deployed online by gun rights proponents — have been misattributed to Jefferson, or misconstrued. Jefferson is widely credited with saying, ""The beauty of the Second Amendment is that it will not be needed until they try to take it,"" but archivists at Monticello have found no evidence he made this statement. He is on record has having written, ""Let your gun therefore be your constant companion of your walks"" in a letter to his nephew. But historian Saul Cornell thinks Jefferson was most likely contemplating slave rebellion, not the need for self defense from criminals.",False,False,True,refutes,checkyourfact
checkyourfact_1381_ret_bn_g11,checkyourfact_1381,"Claims that Thomas Jefferson said, ""The beauty of the Second Amendment is that it will not be needed until they try and take it.""",Viral Quote,"""It is impossible to rightly govern a nation without God and the Bible."" — George Washington ""The beauty of the Second Amendment is that it will not be needed until they try to take it."" — Thomas Jefferson ""As a result of the war, corporations have become enthroned, and an era of corruption in high places will follow. The money power of the country will endeavor to prolong its rule by preying upon the prejudice of the people, until all wealth is concentrated in a few hands, and the republic destroyed. "" — Abraham Lincoln [...] The Jefferson quote about the Second Amendment has been trotted out frequently in recent months in the gun control debate. Like many spurious quotes in circulation it sounds legitimate, and in this case it pretty accurately reflects Jefferson’s thinking. But as Monticello.org, the website of the Thomas Jefferson Foundation, points out it’s not found anywhere in Jefferson’s voluminous papers. In fact, it didn’t surface until 1989.",False,False,True,refutes,checkyourfact
checkyourfact_1381_ret_bn_g9,checkyourfact_1381,"Claims that Thomas Jefferson said, ""The beauty of the Second Amendment is that it will not be needed until they try and take it.""",Viral Quote,"In October of 1824, Thomas Jefferson and James Madison attended a board meeting of the University of Virginia, which would open the following spring. Jefferson and Madison had spent not a little time thinking about individual liberties. But minutes from the meeting show that their new school would not extend the right to bear arms to its red-brick grounds. [...] Many quotes about the relationship of private firearm ownership and freedom—often deployed online by gun rights proponents—have been misattributed to Jefferson, or misconstrued. Jefferson is widely credited with saying, ""The beauty of the Second Amendment is that it will not be needed until they try to take it,"" but archivists at Monticello have found no evidence he made this statement. He is on record has having written, ""Let your gun therefore be your constant companion of your walks"" in a letter to his nephew. But historian Saul Cornell thinks Jefferson was most likely contemplating slave rebellion, not the need for self defense from criminals.",False,False,True,refutes,checkyourfact
checkyourfact_1385,checkyourfact_1385,New York Post headline reports that journalist who debunked pizzagate plead guilty in child porn case,Viral post,"The claim is inaccurate. The New York Post did report on the journalist’s guilty plea, just with a different headline and the journalist did not debunk ‘Pizzagate.’",False,True,True,refutes,checkyourfact
checkyourfact_1385_ret_b11_gn,checkyourfact_1385,New York Post headline reports that journalist who debunked pizzagate plead guilty in child porn case,Viral post,"Social media users shared a range of false claims this week. Here are the facts: A reporter who was jailed for possessing child sexual abuse images was not the person who debunked the ""pizzagate"" conspiracy theory.",False,False,True,refutes,checkyourfact
checkyourfact_1385_ret_bn_g1,checkyourfact_1385,New York Post headline reports that journalist who debunked pizzagate plead guilty in child porn case,Viral post,"Fabricated headline falsely links journalist child porn conviction to pizzagate | Fact check [...] ""Award winning ABC journalist who ‘debunked’ Pizzagate, pleads guilty in horrific child porn case,"" reads the headline. [...] - Iva Benson, Dec. 5, Email exchange with USA TODAY - New York Post, accessed Dec. 1, website search - New York Post, July 21, Ex-ABC News reporter James Gordon Meek facing minimum 5 years in child porn case following guilty plea - New York Post, July 18, Ex-ABC News reporter James Gordon Meek to plead guilty in child porn case - ABC News, April 13, 2017, Behind #SyriaHoax and the Russian propaganda onslaught",False,False,True,refutes,checkyourfact
checkyourfact_1385_ret_bn_g15,checkyourfact_1385,New York Post headline reports that journalist who debunked pizzagate plead guilty in child porn case,Viral post,Former Journalist Pleads Guilty to Transportation and Possession of Child Sexual Abuse Material [...] A former journalist pleaded guilty today to transportation and possession of child sexual abuse material.,False,False,True,insufficient-neutral,checkyourfact
checkyourfact_1385_ret_bn_g3,checkyourfact_1385,New York Post headline reports that journalist who debunked pizzagate plead guilty in child porn case,Viral post,"Journalist who pleaded guilty to possession of child sexual abuse images did not debunk Pizzagate [...] The claim that Meek debunked Pizzagate seems to have originated from what appears to be a fake New York Post headline that read, ""Award winning ABC journalist who ‘debunked’ Pizzagate, pleads guilty in horrific child porn case."" We searched the New York Post archives, Nexis news archives and Google and found no story with that or a similar headline. PolitiFact also reached out to the New York Post to confirm whether the headline was authentic, but did not immediately receive a response. [...] U.S. Office of Public Affairs, Department of Justice, ""Former Journalist Pleads Guilty to Transportation and Possession of Child Sexual Abuse Material,"" July 21, 2023.",False,False,True,refutes,checkyourfact
checkyourfact_1386,checkyourfact_1386,George Soros is banned from several countries,Viral Post,There is no evidence for the claim. A Soros spokesperson told PolitiFact that Soros is not banned from the countries.,False,True,True,refutes,checkyourfact
checkyourfact_1386_ret_b0_gn,checkyourfact_1386,George Soros is banned from several countries,Viral Post,"A viral Facebook post shared over 16,000 times claims billionaire George Soros ""has been banned from 6 countries including his country of birth."" [...] In recent weeks, social media users have been sharing posts claiming the philanthropist has been ""banned from six countries, including his country of birth."" The claim appears to stem from an Oct. 1, 2019 YouTube video titled, ""George Soros Now BANNED From 6 Nations,"" that was shared by conservative YouTuber and podcaster Dr. Steve Turley. In the video, Turley names the Philippines, Hungary, Russia, Turkey, Poland and Pakistan as the six countries that allegedly banned Soros. While some of his organizations are not allowed to operate in some of those countries, there is no evidence to suggest Soros himself has been banned from any of them. Laura Silber, the chief communications officer at OSF, said in an email to the Daily Caller News Foundation: ""George Soros has not been banned from any country."" (RELATED: Does George Soros Own The Voting Technology Firm Smartmatic?)",False,False,True,refutes,checkyourfact
checkyourfact_1386_ret_bn_g0,checkyourfact_1386,George Soros is banned from several countries,Viral Post,"Is billionaire and liberal philanthropist George Soros banned in six countries? A social media post made this claim and compared it with his status in the United States. Soros ""is banned in Russia, Pakistan, Turkey, Hungary, Poland, Philippines,"" an April 19 Instagram post read, using his image and an expletive in place of Soros’ name. ""Ask yourself why six major countries have banned this traitor and not the USA where he continues to fund a communist insurrection."" [...] Check Your Fact, FACT CHECK: Has George Soros Been Banned From Six Countries?, Oct. 2, 2020",False,False,True,insufficient-neutral,checkyourfact
checkyourfact_1386_ret_bn_g12,checkyourfact_1386,George Soros is banned from several countries,Viral Post,Ep. 176 Why GEORGE SOROS Is Getting BANNED from MORE COUNTRIES!!!,False,False,True,insufficient-supports,checkyourfact
checkyourfact_1386_ret_bn_g16,checkyourfact_1386,George Soros is banned from several countries,Viral Post,"FACT CHECK: Has George Soros Been Banned From Several Countries? A post shared on Instagram claims billionaire philanthropist George Soros has been banned from Russia, Pakistan, Turkey, Hungary, Poland and the Philippines. [...] The claim is baseless, however. Although two branches of Soros’ charity network have been banned in Russia, according to Reuters, Check Your Fact found no credible news reports about Soros being banned from the aforementioned countries. (RELATED: Is Hungary Preparing To Prosecute George Soros?)",False,False,True,refutes,checkyourfact
checkyourfact_1388,checkyourfact_1388,There's a children's book titled 'Mom And Dad’s Swinger Party',Viral Video,The tweet is miscaptioned. The book was written by an author who writes “dark humor” books intended for adults. The author of the book confirmed it is intended for an adult audience in an email to Check Your Fact.,False,True,True,refutes,checkyourfact
checkyourfact_1388_ret_b6_gn,checkyourfact_1388,There's a children's book titled 'Mom And Dad’s Swinger Party',Viral Video,"It's time to get the party started with Swinger Party, the book that explores what it means when parents throw a grown-up bash! Written in a fun and engaging children's style, you'll learn all about what goes on when Mom and Dad invite their friends over for an evening of adult fun.",False,False,True,supports,checkyourfact
checkyourfact_1388_ret_bn_g5,checkyourfact_1388,There's a children's book titled 'Mom And Dad’s Swinger Party',Viral Video,"Mom and Dad's Swinger Party Rejected Children's Books Paperback – January 9, 2023",False,False,True,supports,checkyourfact
checkyourfact_1390,checkyourfact_1390,"Claims that James Madison said, ""Cursed be all that learning that is contrary to the cross of Christ.""",Viral Quote,Madison did not author this quote. It may be a paraphrase of a statement by Presbyterian minister John Witherspoon.,False,True,True,refutes,checkyourfact
checkyourfact_1390_ret_b1_gn,checkyourfact_1390,"Claims that James Madison said, ""Cursed be all that learning that is contrary to the cross of Christ.""",Viral Quote,"Yet Another Christian Fake Quote ""Cursed be all that learning that is contrary to the cross of Christ."" [...] ""Home-schooled as a child, Madison attended Princeton University under the direction of Reverend John Witherspoon, one of the nation's premier theologians and legal scholars. The University's first president, Jonathan Dickinson, had declared: 'Cursed be all that learning that is contrary to the cross of Christ.'"" [...] ""Mistake me not, my brethren: I am not speaking against learning in itself; it is a precious gift of God, and may be happily improved in the service of the gospel; but I will venture to say, in the spirit of the apostle Paul's writings in general, and of this passage in particular, Accursed be all that learning which sets itself in opposition to the cross of Christ! Accursed be all that learning which disguises or is ashamed of the cross of Christ! Accursed be all that learning which fills the room that is due to the cross of Christ! and once more, Accursed be all that learning which is not made subservient to the honour and glory of the cross of Christ!""",False,False,True,insufficient-refutes,checkyourfact
checkyourfact_1390_ret_bn_g10,checkyourfact_1390,"Claims that James Madison said, ""Cursed be all that learning that is contrary to the cross of Christ.""",Viral Quote,"Princeton University - Reverend Jonathan Dickson, Princeton’s first president once said, ""Cursed be all learning that is contrary to the cross of Christ."" Established during the First Great Awakening, the college was a direct result of spiritual revival and a recommitment of the early colonies to further a degree of excellence in education. Later, under President Jonathan Edwards, the school took on a missionary zeal to minister to the American Indians. Early Princeton graduates included James Madison, Aaron Burr, and six members of the first United States Congress.",False,False,True,refutes,checkyourfact
checkyourfact_1397,checkyourfact_1397,"an FBI raid in Annandale, Virginia, uncovered a plot by the Muslim Brotherhood to ""destroy America.""",Viral story,"The Annandale home of a suspected Hamas operative was searched by federal agents in 2004. While materials and documents were taken from the home, the search did not uncover a Muslim Brotherhood plot to “destory America.”",False,True,True,refutes,checkyourfact
checkyourfact_1397_ret_b1_gn,checkyourfact_1397,"an FBI raid in Annandale, Virginia, uncovered a plot by the Muslim Brotherhood to ""destroy America.""",Viral story,"FACT CHECK: Did An FBI Raid In Virginia Reveal A Muslim Brotherhood Plot To ‘Destroy America’? An article shared on Facebook claims an FBI raid in Annandale, Virginia, uncovered a plot by the Muslim Brotherhood to ""destroy America."" [...] The article, titled ""FBI Raid Reveals Muslim Brotherhood Plot to Destroy America,"" was published by Conservative Base, a website that describes itself as publishing ""information for conservatives, by conservatives."" The article alleges the FBI conducted a raid in Annandale, Virginia, and ""discovered what appears to be of a three-decades plan by upper-echelon members of the Muslim Brotherhood to ‘deconstruct’ the United States of America through inside operations.""",False,False,True,insufficient-neutral,checkyourfact
checkyourfact_1397_ret_b2_gn,checkyourfact_1397,"an FBI raid in Annandale, Virginia, uncovered a plot by the Muslim Brotherhood to ""destroy America.""",Viral story,"Homeland Insecurity: The radical Muslim Brotherhood is often dismissed in the media as a distant threat. In fact, this sworn U.S. enemy isn't just overseas. It's inside the gates of the White House. [...] As we list the worst of these subversives, bear in mind that the FBI in 2004 uncovered the U.S. Muslim Brotherhood's strategic plan to infiltrate the U.S. government and sabotage it ""from within"" during a raid of a Brotherhood operative's home in the D.C. suburb of Annandale on suspicion of terrorist activities. The stated goal of the document: turn America into an Islamic nation. Also know that, despite media dismissals of the Brotherhood as a ""benign"" group, it is in fact the parent group of al-Qaida and played a role in the 9/11 plot.",False,False,True,insufficient-supports,checkyourfact
checkyourfact_1397_ret_bn_g0,checkyourfact_1397,"an FBI raid in Annandale, Virginia, uncovered a plot by the Muslim Brotherhood to ""destroy America.""",Viral story,"In early June 2017, conspiracy-oriented web sites began posting stories accompanied by a YouTube video claiming that the Federal Bureau of Investigation (FBI) had raided a house in Annandale, Virginia, and foiled a plot by the Muslim Brotherhood to take over the United States: The Muslim Brotherhood’s strategic 30-year plan for taking over America from within was a closely-guarded secret until the FBI raided a house in Annandale, Virginia, where agents found a disturbing bundle of documents containing a blueprint for the Muslim takeover of our country. Now that the cat is out of the bag, we must do everything in our power to expose what’s going on, as startlingly, these American-hating vermin are in the final phase of their 5-step plan to destroy our country. [...] Although Al-Qaradawi is a well-known figure in the Arabic-speaking world, we found no evidence to support the claim that law enforcement, either federal or local, raided a home in Annandale, Virginia in relation to an imminent 30-year plan for the Muslim Brotherhood to take over the United States.",False,False,True,refutes,checkyourfact
checkyourfact_1397_ret_bn_g2,checkyourfact_1397,"an FBI raid in Annandale, Virginia, uncovered a plot by the Muslim Brotherhood to ""destroy America.""",Viral story,"The Muslim Brotherhood is a militant Islamist organization with affiliates in over 70 countries, including groups designated as terrorist organizations by the U.S. [...] Between the radicalism of it hateful ideology, the danger of its theocratic rule, as seen in Egypt, its networks, including Hamas and HASM, and its powerful state sponsors, it is clear that the Brotherhood constitutes a real threat for the national security interests of the United States. We can debate the best way to counter this threat, but simply ignoring the threat is not an acceptable answer. [...] American posture about naming the Brotherhood a terrorist organization, as at best a form of bigotry of low expectations when it comes to Muslims.",False,False,True,insufficient-neutral,checkyourfact
checkyourfact_1398_ret_b0_gn,checkyourfact_1398,"Claims that author Mark Twain once said, ""Twenty years from now you will be more disappointed by the things that you didn't do than by the ones you did do.""",Viral Quote,"An image shared on Facebook claims that author Mark Twain once said, ""Twenty years from now you will be more disappointed by the things that you didn’t do than by the ones you did do."" [...] Although Brown credited his mother with the saying, it was only a matter of years before others erroneously attributed the quote to Twain, author of American classics like ""The Adventures of Huckleberry Finn"" and ""Life on the Mississippi."" [...] ""Though he’s not the source of this aphorism, Twain did frequently endorse the benefit of taking risks and trying new things, particularly exploring unfamiliar places and cultures,"" Matthew Seybold, assistant professor of American literature at Elmira College and editor-in-chief of MarkTwainStudies.org, told The Daily Caller in an email.",False,False,True,refutes,checkyourfact
checkyourfact_1398_ret_bn_g1,checkyourfact_1398,"Claims that author Mark Twain once said, ""Twenty years from now you will be more disappointed by the things that you didn't do than by the ones you did do.""",Viral Quote,"Some things we try end up disappointing. We may fail a few times along the way. Though we may learn important lessons through our failures. And we may derive some benefit from the effort, even if not all the benefit we sought. Whether twenty years from now you’ll be more disappointed by the things you didn’t do than by the things you did do—no one can say. We’ll need to wait twenty years for the answer. But it’s certainly a thought worth having. And the more risky the venture and the more fear the idea generates—the greater the need to give it thought. You can always decide later not to proceed. But we owe it to ourselves to seriously consider the move. And I suspect that most of the time when we look back, we WILL be more disappointed by the things we didn’t do than by the ones we did do. One other thing is certain, and it’s this—you must leave the dock to reach the distant port. There’s just no way around that. That’s the scary part. Twenty years from now you may regret the journey. But more likely you’ll regret staying on shore. So get out there, my friend. And send me a post card.",False,False,True,insufficient-neutral,checkyourfact
checkyourfact_1398_ret_bn_g19,checkyourfact_1398,"Claims that author Mark Twain once said, ""Twenty years from now you will be more disappointed by the things that you didn't do than by the ones you did do.""",Viral Quote,"Interview: Tom Warburton ""Twenty years from now you will be more disappointed by the things you didn’t do than by the ones you did do."" The words famously uttered by American writer Mark Twain. For many those words have been a way of life, none more so than the vivacious 23-year-old explorer Jack Groves. [...] Ultimately, life is too short to do all the things that you want to do, let alone wasting time giving a flying crap about what others think. Someone extremely close to me who lived the above ethos to the full tragically passed away, way before her time, a few days before Christmas 2018. [...] So throw off the bowlines, sail away from the safe harbour, catch the trade winds in your sails. Explore, dream, discover.' - Mark Twain 'Life is measured in achievement, not in years alone.' - Bruce McLaren.",False,False,True,supports,checkyourfact
checkyourfact_1398_ret_bn_g5,checkyourfact_1398,"Claims that author Mark Twain once said, ""Twenty years from now you will be more disappointed by the things that you didn't do than by the ones you did do.""",Viral Quote,"The Internet loves quotes and memes — they’re the motivational posters for those who live and thrive in the digital era. It’s no wonder that so many of us latch onto wise words that make their way through the news feeds of our social media accounts. More recently, I saw this familiar phrase pop up and it got me thinking… ""Twenty years from now, you will be more disappointed by the things that you didn’t do, than by the ones you did do. So, throw off the bowlines. Sail away from the safe harbour. Catch the trade winds in your sails. Explore. Dream. Discover."" The quote is attributed (falsely) to Mark Twain, the writer of The Adventures of Tom Sawyer, Huckleberry Finn and so on. Twain is often regarded as one of the Great American Writers and the source of much quoted wisdom. Regardless of the authenticity of the source, the quote does make one stop and take stock of things. Hindsight is always 20/20 and often tinged with some regret, and quotes like this make us think about the way we choose to seize the day and to live life the way we believe it should be lived.",False,False,True,refutes,checkyourfact
checkyourfact_1400,checkyourfact_1400,"Michelle Obama called country music ""intellectually devoid"" and ""music for morons.""",Viral Post,There is no record of Michelle Obama making the comments. The claim originated on a satire website.,False,True,True,refutes,checkyourfact
checkyourfact_1400_ret_b1_gn,checkyourfact_1400,"Michelle Obama called country music ""intellectually devoid"" and ""music for morons.""",Viral Post,"Did former First Lady Michelle Obama really slam the country music industry, saying the the the genre was ""for morons?"" No, this is not true. She never made such a statement, and the story was published by a liberal satire website that tries to mislead Trump supporters and Republicans into sharing made-up stories that are clearly marked as satire when you actually click them. Articles from the site are frequently copied by foreign-run fake news websites. [...] The claim appeared in an article (archived here) published by by America's Last Line Of Defense, or We Are ALLOD, on April 15, 2020, titled ""Michelle Obama Slams Country Music, Says It's 'Music for Morons.'"" The story read, in part: [...] Michelle Obama Slams Country Music, Says It's 'Music for Morons'",False,False,True,refutes,checkyourfact
checkyourfact_1400_ret_b3_gn,checkyourfact_1400,"Michelle Obama called country music ""intellectually devoid"" and ""music for morons.""",Viral Post,"In Milwaukee, Michelle Obama said: [...] Asked the day after the Wisconsin primary, which her husband won, if she wanted to clarify her remarks, Obama said: [...] Fox News, ""Michelle Obama Takes Heat for Saying She’s Proud of My Country for the First Time,"" Feb. 19, 2008",False,False,True,insufficient-neutral,checkyourfact
checkyourfact_1400_ret_b4_gn,checkyourfact_1400,"Michelle Obama called country music ""intellectually devoid"" and ""music for morons.""",Viral Post,"President Obama salutes country music (CBS/AP) President Obama turned the White House into a country music hall on Monday, filling the East Room with Dierks Bentley, Alison Krauss, Lyle Lovett, Kris Kristofferson, Darius Rucker, James Taylor, The Band Perry, Lauren Alaina and Micky. [...] The president told guests that country music tied together many threads of the nation's immigrant heritage, from the Irish fiddle, the German dulcimer, the Italian mandolin, the Spanish guitar and the West African banjo. [...] In 2009, first lady Michelle Obama created a White House music series that has celebrated jazz, country, classical, Motown and Latin music. She has also arranged salutes to Broadway, the music of the civil rights movement and to Judith Jamison, an Alvin Ailey dancer and artistic director.",False,False,True,insufficient-refutes,checkyourfact
checkyourfact_1401,checkyourfact_1401,Claims Venezuelan people threw money in the streets to protest health conditions.,Santosh Agrawal,The picture was taken in March 2019 after a bank robbery in Venezuela. It is unrelated to the current coronavirus pandemic.,False,True,True,refutes,checkyourfact
checkyourfact_1401_ret_b17_gn,checkyourfact_1401,Claims Venezuelan people threw money in the streets to protest health conditions.,Santosh Agrawal,"Photos show money on the streets of Venezuela in 2019, not Italy in 2020 [...] ""In Italy, they have thrown their money on the streets,"" a description of the two photos says. ""A clear message to the whole world that money is not enough when health is in danger."" [...] Maduradas, TERRIBLE! Hooded men looted Bicentennial bank in Merida and scattered bolivars of the old monetary cone through the streets, March 12, 2019",False,False,True,insufficient-contradictory,checkyourfact
checkyourfact_1401_ret_b7_gn,checkyourfact_1401,Claims Venezuelan people threw money in the streets to protest health conditions.,Santosh Agrawal,"Protests Erupt Across Caracas After Maduro Claims Reelection - Hundreds took to the streets in Venezuela’s capital city - Demonstrations followed government claim of Machado plot Hundreds of Venezuelans have taken to the streets to protest what they say is a fraudulent win by President Nicolás Maduro, the longtime socialist leader who presided over the country’s economic collapse.",False,False,True,insufficient-neutral,checkyourfact
checkyourfact_1401_ret_bn_g3,checkyourfact_1401,Claims Venezuelan people threw money in the streets to protest health conditions.,Santosh Agrawal,"This narrative of sabotage and ""economic war"" has provided a public rationale for the government’s use of authoritarian tactics to intimidate and punish its critics. Doctors and nurses at public hospitals have been threatened with dismissal from their jobs in response to public statements regarding the shortages. Local human rights organizations have been threatened with the loss of international funding. Ordinary Venezuelans who have participated in protests—both planned marches and spontaneous demonstrations—have at times been subject to detention, beatings, and unjustifiable prohibitions on further protest activity. Some have been prosecuted in military courts, in violation of their right to a fair trial. [...] Ordinary Venezuelans reported being arrested during street protests over food scarcity—some organized and some spontaneous—and being subject to beatings and other mistreatment while in detention. These detentions followed a similar pattern to scores of other cases documented by Human Rights Watch in Venezuela in 2014, when the government launched a widespread crackdown on largely peaceful anti-government protests. [...] Ordinary Venezuelans were arrested during street protests over food scarcity—some organized and some spontaneous—and reported being subjected to beatings and other mistreatment while in detention. These detentions followed the same pattern as scores of cases documented by Human Rights Watch following a Venezuelan government crackdown on largely peaceful anti-government protests in 2014.[109]",False,False,True,insufficient-neutral,checkyourfact
checkyourfact_1401_ret_bn_g7,checkyourfact_1401,Claims Venezuelan people threw money in the streets to protest health conditions.,Santosh Agrawal,"This scenario is one of the millions of equally tragic scenes unfolding right now in Venezuela. People are dying from lack of basic needs or being killed for speaking out against their poor living conditions. There are no operational medical facilities. For many, there is no medicine, there are no doctors, with scarce clean water leaving disease to fill the void.",False,False,True,insufficient-neutral,checkyourfact
checkyourfact_1406,checkyourfact_1406,purports the U.S. Navy Judge Advocate General's (JAG) Corps allegedly sentenced former Surgeon General Jerome Adams to death,Post,The claim stems from a satirical website. A Navy JAG spokesperson denied the claim.,False,True,True,refutes,checkyourfact
checkyourfact_1406_ret_b0_gn,checkyourfact_1406,purports the U.S. Navy Judge Advocate General's (JAG) Corps allegedly sentenced former Surgeon General Jerome Adams to death,Post,"A post shared on Facebook purports the U.S. Navy Judge Advocate General’s (JAG) Corps allegedly sentenced former Surgeon General Jerome Adams to death. [...] The Facebook post purports the U.S. Navy JAG Corps allegedly sentenced Adams to death after being found guilty of treason. The former Surgeon General reportedly engaged in a conspiracy to mislead Trump about the safety of COVID-19 vaccines during his time in office, according to the post. The claim is false. There are no credible news reports suggesting Adams was sentenced to death or that he committed treason. Likewise, the claim is not mentioned on the U.S. Navy JAG Corps’ website or its verified social media accounts. In addition, neither Trump nor Adams has publicly commented on the purported claim.",False,False,True,refutes,checkyourfact
checkyourfact_1406_ret_b1_gn,checkyourfact_1406,purports the U.S. Navy Judge Advocate General's (JAG) Corps allegedly sentenced former Surgeon General Jerome Adams to death,Post,"A post shared on Facebook purports the U.S. Navy Judge Advocate General’s (JAG) Corps allegedly arrested former Surgeon General Jerome Adams on charges of treason. [...] The Facebook post purports the U.S. Navy JAG Corps allegedly arrested Adams for treason. The post further claims Adams was in a secret romantic relationship with former Vice President Mike Pence and that the pair worked together to sell former President Donald Trump on Operation Warp Speed, an initiative that expedited the production of COVID-19 vaccines. The claim is false. There are no credible news reports suggesting the Navy JAG Corps arrested Adams for treason. Likewise, the claim is neither mentioned on the Navy JAG Corps’ website nor on its verified social media pages. In addition, Adams has not publicly commented on the claim.",False,False,True,insufficient-refutes,checkyourfact
checkyourfact_1407,checkyourfact_1407,"Claims American writer Ernest Hemingway said, ""Write drunk, edit sober.""",Viral Quote,There is no evidence that this quote originated with Hemingway. It may actually come from a novel written by editor and novelist Peter De Vries.,False,True,True,refutes,checkyourfact
checkyourfact_1407_ret_b10_gn,checkyourfact_1407,"Claims American writer Ernest Hemingway said, ""Write drunk, edit sober.""",Viral Quote,"Should you write drunk and edit sober? This infographic looks at the science behind the famous saying. Ernest Hemingway is famously misquoted as having said ‘write drunk, edit sober’. It may sound as if it is something he could have said, but as Jeff Goins explains, even if he had said it, he certainly did not practise what he preached. Brendan Brown from The Expert Editor writes that ‘the quotation was probably derived from a 1964 Peter De Vries novel, Reuben, Reuben where his main character said: ""Sometimes I write drunk and revise sober, and sometimes I write sober and revise drunk. But you have to have both elements in creation — the Apollonian and the Dionysian, or spontaneity and restraint, emotion.""’",False,False,True,insufficient-refutes,checkyourfact
checkyourfact_1407_ret_b11_gn,checkyourfact_1407,"Claims American writer Ernest Hemingway said, ""Write drunk, edit sober.""",Viral Quote,"First, let’s get one thing straight: Though he’s often credited as the source of this quote, Ernest Hemingway probably did not give the advice of ""write drunk, edit sober."" Not only was it totally out of character with his daily habits (Hemingway loved to write in the morning), it also can’t be sourced. [...] ""Write drunk; edit sober."" – Ernest Hemingway #writedrunk #Hemingways http://t.co/rukphonkeq pic.twitter.com/5QayjHeJNk — Cube Breaker (@CBtrending) April 12, 2014 [...] The answer, then, to whether or not the advice to ""write drunk, edit sober"" should be heeded, is: It depends. If you’re a person who can safely have a drink or two and continue to plug away at creative work, then a stiff drink or a cold pint might just be what you need to break out of a rut. But like most things, it’s more a question of knowing what does — and doesn’t — work for you.",False,False,True,insufficient-contradictory,checkyourfact
checkyourfact_1407_ret_b18_gn,checkyourfact_1407,"Claims American writer Ernest Hemingway said, ""Write drunk, edit sober.""",Viral Quote,"Write Drunk, Edit Sober — but without the alcohol This quote (‘write drunk, edit sober’) is usually misattributed to Ernest Hemingway and it’s good advice, as long as you don’t take it literally. [...] When you write while drunk (I have tried it!), every idea and every sentence appear to be amazingly good, original and written by a genius. The come-down when you read it back the next day is worse than the hangover: it’s mostly boring and badly written.",False,False,True,refutes,checkyourfact
checkyourfact_1407_ret_bn_g5,checkyourfact_1407,"Claims American writer Ernest Hemingway said, ""Write drunk, edit sober.""",Viral Quote,"The quote ""write drunk, edit sober"" is often misattributed to Ernest Hemingway who, as it turns out, never wrote drunk. While Hemingway was definitely a boozer, he wrote in the morning and didn’t start drinking until the afternoon. Or so I’m told. [...] Michelle Stansbury, PR expert and founder of Little Penguin PR in San Diego, shares that she recommends people take this kind of ""write drunk, edit sober"" advice with a grain of salt. ""There are those who argue that ‘writing drunk’ is a mental state allowing carefree application of words to paper and not a physical state of intoxication,"" says Stansbury. ""There is much to be said for loosening up your grip on your words. Perhaps, you may even begin sounding like a human being through your writing, flawed, but authentic."" For some, writing a blog post or article is a daunting task. Writing drunk is bad advice. But sober editing is great advice.",False,False,True,refutes,checkyourfact
checkyourfact_1408,checkyourfact_1408,purports Andrew Tate has allegedly been found guilty of a crime and sentenced to 14 years in prison,Video,"The video’s caption is inaccurate. Tate and his brother, Tristan Tate, have been sentenced to an additional 30 days in a Romanian prison, according to a Jan. 20 article from the New York Daily News.",False,True,True,refutes,checkyourfact
checkyourfact_1408_ret_b5_gn,checkyourfact_1408,purports Andrew Tate has allegedly been found guilty of a crime and sentenced to 14 years in prison,Video,"Andrew Tate detained in Romania over rape and human trafficking case Controversial online influencer Andrew Tate has been detained in Romania as part of a human trafficking and rape investigation. [...] Later, a tweet was sent from Andrew Tate's Twitter account alluding to the 1999 movie The Matrix, a film he regularly refers to in his posts.",False,False,True,insufficient-neutral,checkyourfact
checkyourfact_1408_ret_b7_gn,checkyourfact_1408,purports Andrew Tate has allegedly been found guilty of a crime and sentenced to 14 years in prison,Video,"Fact Check: Andrew Tate Has NOT Been Found Guilty And Sentenced To 14 Years In Prison As Of January 24, 2023 Was Andrew Tate found guilty and sentenced to 14 years in prison as of January 24, 2023? No, that's not true: The former kickboxing champion and internet influencer remained in detention as of January 24, 2023, but had not been tried, convicted or sentenced. He was arrested in late 2022 on suspicion of human trafficking, rape and participating in organized crime.",False,False,True,refutes,checkyourfact
checkyourfact_1409,checkyourfact_1409,"claims that comedian Groucho Marx once stated, ""Politics is the art of looking for trouble, finding it everywhere, diagnosing it incorrectly and applying the wrong remedies.""",Viral Quote,The Daily Caller News Foundation found no evidence that Marx made this statement.,False,True,True,refutes,checkyourfact
checkyourfact_1409_ret_b12_gn,checkyourfact_1409,"claims that comedian Groucho Marx once stated, ""Politics is the art of looking for trouble, finding it everywhere, diagnosing it incorrectly and applying the wrong remedies.""",Viral Quote,"Groucho Marx's quote brilliantly captures the essence of politics with his trademark wit. His astute observation that politics is the art of looking for trouble is certainly relatable. Politicians often seem to actively search for problems, even where they may not exist. Moreover, the subsequent steps of finding trouble everywhere and diagnosing it incorrectly highlight the tendency of political discourse to magnify and misinterpret challenges. Finally, by humorously suggesting that politicians apply the wrong remedies, Marx points out the frequent failure of political solutions to effectively address the identified issues. This quote serves as a satirical critique of the inherent flaws and misguidedness that often mark the realm of politics. [...] Groucho Marx, the iconic comedian, once stated, ""Why should I worry about dying? It's not going to happen in my lifetime!"" This quote exudes the trademark wit and humor that defined his career. In a lighthearted manner, Marx cleverly highlights the absurdity of worrying about our own mortality, as death is an event that lies in the unknown future, beyond our grasp. Through this quote, he reminds us to live in the present, embracing each moment with joy and laughter, rather than dwelling on uncertainties that may never come to pass during our limited time on earth. Marx's perspective urges us to adopt a more carefree and hopeful outlook, illuminating the importance of embracing life's gifts while we have the chance.",False,False,True,supports,checkyourfact
checkyourfact_1409_ret_bn_g18,checkyourfact_1409,"claims that comedian Groucho Marx once stated, ""Politics is the art of looking for trouble, finding it everywhere, diagnosing it incorrectly and applying the wrong remedies.""",Viral Quote,"Groucho Marx, the humorist, once declined membership in a club by responding, ""Please accept my resignation. I don't want to belong to any club that will accept me as a member."" I tend to be the same, so that when for the first time in my life one of my Facebook ""friends"" referred to me as ""YOU PEOPLE"", I was concerned and wanted to make sure that I understood clearly what was being said and implied. [...] I figured out that the person who dumped me into the ""You People"" bin was acting consistently with Groucho's definition, what I would call ""neo-Marxist"" behaviour. But then Groucho also said, ""Politics does not make strange bedfellows, marriage does."" [...] - Tony Deyal was last seen quoting Groucho Marx, ""The secret of life is honesty and fair dealing. If you can fake that, you've got it made.""",False,False,True,insufficient-neutral,checkyourfact
checkyourfact_1409_ret_bn_g9,checkyourfact_1409,"claims that comedian Groucho Marx once stated, ""Politics is the art of looking for trouble, finding it everywhere, diagnosing it incorrectly and applying the wrong remedies.""",Viral Quote,"Many of the failures of our society are reflected in this quote by Groucho. Groucho Marx was a very popular comedian in his day. Many of his comments could be taken two ways, as a joke or as a true reflection of our society. What do you think he meant with the above comment?",False,False,True,insufficient-supports,checkyourfact
checkyourfact_1411,checkyourfact_1411,"claims Benjamin Franklin said, ""By failing to prepare, you are preparing to fail.""",Viral Quote,The Daily Caller found no evidence that Franklin originated the saying.,False,True,True,refutes,checkyourfact
checkyourfact_1411_ret_b17_gn,checkyourfact_1411,"claims Benjamin Franklin said, ""By failing to prepare, you are preparing to fail.""",Viral Quote,"Benjamin Franklin was a man of action. Over his lifetime, his curiosity and passion fueled a diverse range of interests. He was a writer (often using a pseudonym), publisher, diplomat, inventor and one of the Founding Fathers of the United States. [...] This is probably one of the first quotes I remember hearing as a teenager. With an impressive list of achievements to his credit, Benjamin Franklin was not a man hung up on procrastination. He was a man with clear measurable goals who worked hard to turn his vision into reality. What are you putting off till tomorrow that could make a difference in your life today? - Be Prepared ""By failing to prepare, you are preparing to fail.""",False,False,True,insufficient-supports,checkyourfact
checkyourfact_1411_ret_b2_gn,checkyourfact_1411,"claims Benjamin Franklin said, ""By failing to prepare, you are preparing to fail.""",Viral Quote,"Benjamin Franklin's quote, ""By failing to prepare, you are preparing to fail,"" carries a straightforward yet powerful message about the importance of planning and preparation in achieving success. At its core, the quote emphasizes that without proper foresight and careful consideration of potential outcomes, one is exposing themselves to the risk of failure. This timeless wisdom resonates across a wide spectrum of contexts, from personal endeavors to professional projects, highlighting the universal truth that proactive preparation significantly increases the likelihood of favorable outcomes.In essence, the quote serves as a reminder that success is not merely a matter of chance or luck but rather the result of deliberate actions and strategic planning. By anticipating challenges, setting clear goals, and laying out a roadmap for success, individuals can steer themselves towards their desired objectives with greater efficiency and confidence. This proactive approach minimizes the element of uncertainty and equips individuals with the tools needed to navigate obstacles and setbacks that may arise along the way.However, in delving deeper into the philosophical implications of Franklin's quote, one may encounter an unexpected concept that challenges the conventional wisdom of meticulous planning: the notion of surrendering to the flow of life. [...] While Benjamin Franklin's quote underscores the importance of preparation in navigating the complexities of life, the concept of surrender introduces a deeper layer of introspection, inviting individuals to explore the transformative power of letting go and embracing the inherent mysteries of existence. In embracing this synthesis of preparation and surrender, one may discover a more holistic approach to living that honors both the practicalities of planning and the wisdom of embracing the unknown.",False,False,True,supports,checkyourfact
checkyourfact_1411_ret_bn_g13,checkyourfact_1411,"claims Benjamin Franklin said, ""By failing to prepare, you are preparing to fail.""",Viral Quote,"By Failing to Prepare, You Are Indeed Preparing to Fail Ben Franklin was right. You cannot simply fake it 'till you make it. Here's why. [...] How many of you have heard the famous Benjamin Franklin quote, ""By failing to prepare, you are preparing to fail?"" [...] One thing I've learned from being both unprepared and prepared at pivotal times in my life is that life presents us with limited windows of opportunity. These windows may never come again. Many are once-in-a-lifetime opportunities. There are windows that will swing open, and if you're not ready at that moment, you have to bite the bullet and accept it as a missed opportunity.",False,False,True,supports,checkyourfact
checkyourfact_1413,checkyourfact_1413,claims the International Space Station (ISS) captured footage of a UFO on its livestream,viral video,"The object captured on video is not a UFO, but rather a retired communications component being jettisoned from the ISS. A NASA spokeswoman confirmed the operation was planned in advance.",False,True,True,refutes,checkyourfact
checkyourfact_1413_ret_b0_gn,checkyourfact_1413,claims the International Space Station (ISS) captured footage of a UFO on its livestream,viral video,"Ivan Vagner, a Russian cosmonaut currently orbiting the Earth aboard the International Space Station (ISS), claims to have captured footage of potential UFOs while recording video of the southern lights. [...] Vagner did not claim to see the phenomenon as it happened, and no one else aboard the ISS has acknowledged it. He also did not indicate exactly when the footage was captured. [...] The Pentagon has since acknowledged that it has recorded encounters with ""Unidentified Aerial Phenomena"" (UAP).",False,False,True,insufficient-contradictory,checkyourfact
checkyourfact_1413_ret_b10_gn,checkyourfact_1413,claims the International Space Station (ISS) captured footage of a UFO on its livestream,viral video,"""Recent #nasa ISS video footage of a #ufo,"" reads the caption. ""Iv (sic) increased the speed of the footage as the original is 22 minutes long."" The object captured on video is not a UFO, but rather a retired communications component being jettisoned from the ISS. A NASA spokeswoman confirmed the operation was planned in advance. UFO enthusiast Scott Waring spotted the supposed UFO while watching a Feb. 21 ISS livestream. In the video, the object in question can be seen floating below the ISS for roughly 22 minutes before disappearing from the camera’s view. (RELATED: Did NASA Spend More Than $165 Million To Develop Pens That Work In Space?)",False,False,True,refutes,checkyourfact
checkyourfact_1413_ret_b16_gn,checkyourfact_1413,claims the International Space Station (ISS) captured footage of a UFO on its livestream,viral video,"Claim: NASA cut a live video stream from the International Space Station just as a UFO appeared on the horizon. [...] While the gray object in the video has not been positively identified (technically making it a UFO), it is very unlikely the object was an alien spacecraft. It is also unlikely NASA purposeful cut the live feed from the ISS in order to cover up the UFO. [...] While the video does show an unidentified object rising from the horizon shortly before the feed goes dead, it is likely the camera aboard the International Space Station had merely captured the moon just before a common video interruption.",False,False,True,insufficient-neutral,checkyourfact
checkyourfact_1413_ret_b7_gn,checkyourfact_1413,claims the International Space Station (ISS) captured footage of a UFO on its livestream,viral video,"NASA live feed mysteriously cuts as ""six large UFOs"" creep past International Space Station, prompting some lofty internet conspiracy theories. CONSPIRACY theorists have claimed strange footage allegedly taken from NASA’s live feed from the International Space Station appears to show six large ""UFOs"" floating past. The live video shows objects, which some claim to be UFOs, moving from right to left of the screen.",False,False,True,supports,checkyourfact
checkyourfact_1416,checkyourfact_1416,"claims Ron DeSantis received a $2 million donation from Sequoia Capital Bank, which is purportedly owned by Dominion Voting Systems",Post,Dominion Voting Systems acquired the assets of Sequoia Voting Systems in 2010. A spokesperson for Dominion Voting Systems denied having any business connection to Sequoia Capital Bank in an email to Check Your Fact.,False,True,True,insufficient-refutes,checkyourfact
checkyourfact_1416_ret_b2_gn,checkyourfact_1416,"claims Ron DeSantis received a $2 million donation from Sequoia Capital Bank, which is purportedly owned by Dominion Voting Systems",Post,"FACT CHECK: No, Ron DeSantis Did Not Receive $2 Million From A Bank Owned By Dominion Voting Systems [...] A post shared on X, the social media platform previously known as Twitter, claims Florida Gov. Ron DeSantis received a $2 million donation from Sequoia Capital Bank. Dominion Voting Systems denied having any business connection to Sequoie Capital Bank in an email to Check Your Fact. A partner with the bank, venture capitalist Douglas Leone, donated $2million to Never Back Down, Inc.",False,False,True,refutes,checkyourfact
checkyourfact_1416_ret_bn_g0,checkyourfact_1416,"claims Ron DeSantis received a $2 million donation from Sequoia Capital Bank, which is purportedly owned by Dominion Voting Systems",Post,"FACT CHECK: No, Ron DeSantis Did Not Receive $2 Million From A Bank Owned By Dominion Voting Systems A post shared on X, the social media platform previously known as Twitter, claims Florida Republican Gov. Ron DeSantis received a $2 million donation from Sequoia Capital Bank, which is purportedly owned by Dominion Voting Systems. [...] Therefore, the claim that Sequoia Capital Bank donated $2 million directly to DeSantis is also misleading. (RELATED: Is Ron DeSantis The Only Veteran Running For President?)",False,False,True,insufficient-refutes,checkyourfact
checkyourfact_1416_ret_bn_g16,checkyourfact_1416,"claims Ron DeSantis received a $2 million donation from Sequoia Capital Bank, which is purportedly owned by Dominion Voting Systems",Post,"Gov. Ron DeSantis and other top leaders, including Education Commissioner Manny Diaz Jr., met with Moms for Liberty this year to plot out local school board candidates to oppose in 2024, following up on scores of endorsements and nominations in the 2022 cycle. Moms for Liberty has a growing national presence, with close to 300 chapters, while reporting more than $2 million in revenue for 2022. [...] Florida Division of Elections records show LSN Law Firm gave $38,000 to DeSantis through his state campaign account and political committee between July 2021 and March 2022.",False,False,True,insufficient-neutral,checkyourfact
checkyourfact_1421,checkyourfact_1421,the new coronavirus has HIV proteins that indicate it was genetically modified in a laboratory.,Viral post,Microbiologists say the spike proteins found in the new coronavirus are different from the ones found in HIV. There is no evidence to suggest the coronavirus was genetically modified.,False,True,True,refutes,checkyourfact
checkyourfact_1421_ret_b11_gn,checkyourfact_1421,the new coronavirus has HIV proteins that indicate it was genetically modified in a laboratory.,Viral post,"The theory that the COVID-19 pandemic was triggered by the Sars-CoV-2 virus being leaked from the Wuhan Institute of Virology in China was recently given new life following an explosive article in the Wall Street Journal (WSJ) in which the authors claimed ""the most compelling reason to favour the lab leak hypothesis is firmly based in science"". But does the science really support the claim that the virus was engineered in a laboratory? [...] An important way scientists can determine the origin of a virus is by looking at its genome. In the WSJ article, the authors, Prof Richard Muller, an astrophysicist, and Dr Steven Quay, physician and chief executive of Atossa Therapeutics, claim Sars-CoV-2 has ""genetic fingerprints"" of a lab-origin virus. They say that the presence of a particular genetic sequence (CGG-CGG) is a sign that the virus originated in a lab. [...] Disappointingly, many other media articles appear to have accepted and repeated the claims from the WSJ piece. The origin of Sars-CoV-2 may remain unresolved, but there is no evidence presented in the WSJ piece that scientifically supports the concept of a lab leak of a genetically engineered virus.",False,False,True,refutes,checkyourfact
checkyourfact_1421_ret_b14_gn,checkyourfact_1421,the new coronavirus has HIV proteins that indicate it was genetically modified in a laboratory.,Viral post,"We came to the conclusion that there was manipulation around this virus. […] To a part but I do not say the total […] of the coronavirus of the bat, someone added sequences, in particular of HIV, the virus of AIDS. […] It is not natural. It’s the work of professionals, of molecular biologists. […] A very meticulous work. [...] Does the Novel Coronavirus Contain HIV-Related Genes? [...] Nobel Prize-winner Montagnier truly said that COVID-19 was created in a lab by researchers who were attempting to make an AIDS vaccine. However, that doesn't mean what he said was accurate. In fact, a peer-reviewed study from the Scripps Research Institute that was published in the journal Nature in March 2020 found ""no evidence that the virus was made in a laboratory or otherwise engineered.""",False,False,True,refutes,checkyourfact
checkyourfact_1421_ret_b8_gn,checkyourfact_1421,the new coronavirus has HIV proteins that indicate it was genetically modified in a laboratory.,Viral post,"Whether SARS-CoV-2 was introduced through a laboratory accident or whether it has been genetically manipulated is highly debatable. After a thorough analysis of the genetic characterizations of SARS-CoV-2 from both the early and later stages of the pandemic, as well as its close relatives from wild animals, many researchers in the global scientific community have reached the consensus that SARS-CoV-2 is unlikely to have escaped a laboratory and there is no scientific evidence that SARS-CoV-2 has been genetically manipulated10. However, the exact spillover event and emergence process of SARS-CoV-2 is still unclear, and more information from the earliest stage of the epidemic is clearly important to understand how SARS-CoV-2 came into contact with people. [...] Li, X. et al. A furin cleavage site was discovered in the S protein of the 2019 novel coronavirus [in Chinese]. Chin. J. Bioinform.18, 103–108 (2020).",False,False,True,insufficient-refutes,checkyourfact
checkyourfact_1421_ret_bn_g0,checkyourfact_1421,the new coronavirus has HIV proteins that indicate it was genetically modified in a laboratory.,Viral post,"We are currently witnessing a major epidemic caused by the 2019 novel coronavirus (2019-nCoV). The evolution of 2019-nCoV remains elusive. We found 4 insertions in the spike glycoprotein (S) which are unique to the 2019-nCoV and are not present in other coronaviruses. Importantly, amino acid residues in all the 4 inserts have identity or similarity to those in the HIV-1 gp120 or HIV-1 Gag. Interestingly, despite the inserts being discontinuous on the primary amino acid sequence, 3D-modelling of the 2019-nCoV suggests that they converge to constitute the receptor binding site. The finding of 4 unique inserts in the 2019-nCoV, all of which have identity /similarity to amino acid residues in key structural proteins of HIV-1 is unlikely to be fortuitous in nature. This work provides yet unknown insights on 2019-nCoV and sheds light on the evolution and pathogenicity of this virus with important implications for diagnosis of this virus.",False,False,True,insufficient-supports,checkyourfact
checkyourfact_1426,checkyourfact_1426,"Claims Ernest Hemingway said, ""I love sleep. My life has the tendency to fall apart when I'm awake, you know?""",Viral Quote,The Daily Caller News Foundation found no evidence that Hemingway wrote this quote. Two Hemingway biographers also doubt its authenticity.,False,True,True,refutes,checkyourfact
checkyourfact_1426_ret_b0_gn,checkyourfact_1426,"Claims Ernest Hemingway said, ""I love sleep. My life has the tendency to fall apart when I'm awake, you know?""",Viral Quote,"Ernest Hemingway's quote, ""I love sleep. My life has the tendency to fall apart when I'm awake, you know?"" speaks to the intriguing dichotomy between wakefulness and slumber. At first glance, the quote captures the relatable sentiment of finding solace and peace in the realm of dreams while feeling overwhelmed by the complexities of reality. Sleep, with its ability to offer respite from the chaos of life, can indeed be a sanctuary for many individuals. In the quiet depths of dreams, the mind finds a moment of stillness and escape from the demands and uncertainties of waking hours. Hemingway's words resonate with those who have experienced the transformative power of sleep to temporarily alleviate their troubles and soothe their restless minds.However, beneath the surface of this contemplation lies a profound philosophical concept that challenges our conventional understanding of consciousness and existence. What if, instead of viewing wakefulness as a state of being and sleep as a mere reprieve, we considered the possibility that both states are equally real and essential to our experience?",False,False,True,insufficient-supports,checkyourfact
checkyourfact_1426_ret_bn_g15,checkyourfact_1426,"Claims Ernest Hemingway said, ""I love sleep. My life has the tendency to fall apart when I'm awake, you know?""",Viral Quote,"""She is too fond of books, and it has turned her brain."" – Louisa May Alcott ""I believe that everyone else my age is an adult whereas I am merely in disguise."" – Margaret Atwood ""Write! So as not to be dead."" – Ray Bradbury ""Find what you love and let it kill you."" – Bukowski ""I myself am entirely made of flaws, stitched together with good intentions."" – Augusten Burroughs """"Have I gone mad?"" ""I’m afraid so, you’re entirely bonkers. But I’ll tell you a secret…all the best people are."""" – Lewis Carroll – Alice in Wonderland ""We read to know we are not alone."" – C.S. Lewis ""I took the one less traveled by, and that has made all the difference."" – Robert Frost ""I love sleep. My life has the tendency to fall apart when I’m awake, you know?"" – Ernest Hemingway ""Write drunk; edit sober."" – Ernest Hemingway ""Maybe there’s something you’re afraid to say, or someone you’re afraid to love, or somewhere you’re afraid to go. It’s gonna hurt.",False,False,True,insufficient-neutral,checkyourfact
checkyourfact_1430,checkyourfact_1430,"Claims that Aristotle once stated, ""We are what we repeatedly do. Excellence then, is not an act, but a habit.""",Viral Quote,"While the sentiment is representative of what Aristotle thought, there is no evidence he ever made this statement. The quote appears to have originated with the 1926 book “The Story of Philosophy.”",False,True,True,refutes,checkyourfact
checkyourfact_1430_ret_b13_gn,checkyourfact_1430,"Claims that Aristotle once stated, ""We are what we repeatedly do. Excellence then, is not an act, but a habit.""",Viral Quote,"Aristotle, one of the greatest philosophers in history, left behind a treasure trove of wisdom that continues to resonate through the ages. Among his many profound statements, one particular quote stands out for its timeless relevance: ""We are what we repeatedly do. In these words, Aristotle encapsulates the essence of human behavior and the path to achieving excellence. This article delves into the layers of this insightful quote, exploring the significance of habits in shaping our character, achieving excellence, and living a purposeful life. [...] The Power of Repetition ""We are what we repeatedly do."" These words emphasize the profound impact of repetition on our lives. Human beings are creatures of habit, and our daily actions, no matter how small, contribute to the overall fabric of our character. Aristotle encourages us to pay attention to the patterns we establish through repetition, for they are the threads that weave the tapestry of our existence. [...] Aristotle’s timeless quote, ""We are what we repeatedly do. Excellence, then, is not an act, but a habit,"" continues to inspire individuals to reflect on the nature of their actions and the pursuit of a virtuous life. By recognizing the power of habits in shaping character, Aristotle offers a practical guide to achieving excellence in various facets of life.",False,False,True,supports,checkyourfact
checkyourfact_1430_ret_b1_gn,checkyourfact_1430,"Claims that Aristotle once stated, ""We are what we repeatedly do. Excellence then, is not an act, but a habit.""",Viral Quote,"The quote ""We are what we repeatedly do. Excellence, then, is not an act, but a habit"" is generally attributed to Aristotle, the ancient Greek philosopher. However, it is worth noting that Aristotle did not say these exact words, but the sentiment aligns closely with his teachings, particularly those found in his work ""Nicomachean Ethics."" In this seminal text on virtue and moral character, Aristotle explores the concept of eudaimonia, often translated as ""flourishing"" or ""well-being,"" and how it can be achieved through virtuous living. [...] Michael Faraday’s life stands as a testament to Aristotle’s notion that ""we are what we repeatedly do."" He was not born into excellence; he cultivated it through habit. His ceaseless efforts, driven by an innate curiosity and honed through years of disciplined work, turned him into one of the most influential scientists in history. Faraday’s journey illustrates that excellence is not an instantaneous accomplishment but the fruit of a lifelong commitment to consistent action and perpetual learning.",False,False,True,refutes,checkyourfact
checkyourfact_1430_ret_bn_g10,checkyourfact_1430,"Claims that Aristotle once stated, ""We are what we repeatedly do. Excellence then, is not an act, but a habit.""",Viral Quote,"Thoughts on the Archaeology of Identity ""We are what we repeatedly do. This little gem attributed to Aristotle pops up in training workshops, motivational posters, and even tattoos — but, as it turns out, those words were not written by Aristotle but by the philosopher Will Durant in 1926. It’s too bad for Durant that a well-expressed idea travels farther under a famous name. Where Aristotle had waffled pedantically on the question of whether virtue was attainable, Durant offers hope of attaining it (""Excellence, then, is not an act but a habit""). Where Aristotle narrowly focused on describing virtue, Durant describes a broad model of human identity (""We are what we repeatedly do""). No wonder we forgot the hand-wringing and went with the sound byte. [...] Bourdieu answered the question that arises from Durant’s equation: if people are what they repeatedly do, how does an observer who knows what someone does figure out who they are? In everyday life we make such inferences about other people casually. But a scientist, even a social scientist, has to be more rigorous.",False,False,True,refutes,checkyourfact
checkyourfact_1434,checkyourfact_1434,"Microsoft co-founder Bill Gates wrote a long statement about the ""spiritual purpose"" of the new coronavirus",Viral Post,Gates did not write the statement about the “spiritual purpose” of the coronavirus attributed to him in the Facebook post.,False,True,True,refutes,checkyourfact
checkyourfact_1434_ret_bn_g14,checkyourfact_1434,"Microsoft co-founder Bill Gates wrote a long statement about the ""spiritual purpose"" of the new coronavirus",Viral Post,"A false Bill Gates quote about ""spirituality"" and the novel coronavirus appeared on social media on Sunday; within a day, after being shared by some verified Facebook pages with millions of followers, it was written up by two of Britain's biggest news publishers. [...] The lengthy quote falsely attributed to Gates describes the ""spiritual"" purpose behind the coronavirus. [...] Although the ""spirituality"" quote is false, Gates has spoken at length about the coronavirus, recently taking part in an ""Ask Me Anything"" session on Reddit.",False,False,True,refutes,checkyourfact
checkyourfact_1456,checkyourfact_1456,A book of Hunter Biden’s laptop contents sold,Viral post,The claim is accurate. The book is being sold by a Nonprofit research group for $50.,False,True,True,supports,checkyourfact
checkyourfact_1456_ret_b0_gn,checkyourfact_1456,A book of Hunter Biden’s laptop contents sold,Viral post,"- ^ D'Zurilla, Christie (April 2, 2021). ""Hunter Biden will talk about drug intervention, notorious laptop in CBS interviews"". Los Angeles Times. Retrieved April 15, 2021. [...] - ^ Friedman, Roger (April 16, 2021). ""Hunter Biden's ""Beautiful Things"" is a Sales Bust"". RealClearBooks. Retrieved October 13, 2023. - ^ ""Book Marks reviews of Beautiful Things: A Memoir by Hunter Biden"". Book Marks. Retrieved July 8, 2023.",False,False,True,insufficient-neutral,checkyourfact
checkyourfact_1456_ret_bn_g13,checkyourfact_1456,A book of Hunter Biden’s laptop contents sold,Viral post,"The contents of Hunter Biden’s laptop computer have sparked debate and controversy since the New York Post and other news organizations in the closing month of the 2020 presidential campaign reported stories based on data purportedly taken from it. [...] When his work was completed, Della Rocca said, Mac Isaac repeatedly attempted to contact Hunter Biden, who had signed a repair authorization, to advise him the laptop was ready to be picked up, but Hunter never responded. Della Rocca added that Mac Isaac finally came to regard the MacBook as abandoned property. [...] In an email with the subject line ""Why is it so difficult to be a whistleblower when you are on the right?"" written on Aug. 26, 2020, Mac Isaac told Costello that he had copies of the hard drive from Hunter Biden’s laptop.",False,False,True,insufficient-supports,checkyourfact
checkyourfact_1461,checkyourfact_1461,"claims two victims of the Sept. 11, 2001 terror attack were purportedly identified by their DNA 22 years later",Post,The identification of the two victims was announced via a Sept. 8 press release from New York City Democratic Mayor Eric Adams and New York City Chief Medical Examiner Dr. Jason Graham.,True,True,True,insufficient-supports,checkyourfact
checkyourfact_1461_ret_b0_gn,checkyourfact_1461,"claims two victims of the Sept. 11, 2001 terror attack were purportedly identified by their DNA 22 years later",Post,"Two more victims of the 9/11 terrorist attacks at the World Trade Center have been identified in New York City — just days before the nation marks the 20th anniversary of the tragedy. Dorothy Morgan of Hempstead, N.Y., is the 1,646th victim to be identified through ongoing DNA analysis of unidentified remains recovered from the World Trade Center site, where 2,753 lives were lost. The second person — and the 1,647th victim — is a man whose name is being withheld at his family's request. [...] ""Twenty years ago, we made a promise to the families of World Trade Center victims to do whatever it takes for as long as it takes to identify their loved ones, and with these two new identifications, we continue to fulfill that sacred obligation,"" said Dr. Barbara A. Sampson, chief medical examiner of the city of New York.",True,False,True,supports,checkyourfact
checkyourfact_1461_ret_b2_gn,checkyourfact_1461,"claims two victims of the Sept. 11, 2001 terror attack were purportedly identified by their DNA 22 years later",Post,"New York City officials have identified two more victims of the September 11 terror attacks on the World Trade Center, just days before the 22nd memorial anniversary of the attacks. The man and woman identified are the 1,648th and 1,649th victims identified by the Office of the Chief Medical Examiner, according to a news release from the mayor’s office. The two were identified through advanced DNA testing of their remains, says the release. [...] The man was identified through DNA testing of remains recovered in 2001 and the woman through DNA testing of remains recovered in 2001, 2006, and 2013, says the release.",True,False,True,supports,checkyourfact
checkyourfact_1461_ret_b3_gn,checkyourfact_1461,"claims two victims of the Sept. 11, 2001 terror attack were purportedly identified by their DNA 22 years later",Post,"As of September 7, 2021, 1,647 of 2,753 WTC victims' remains have been positively identified, according to the medical examiner's office. [...] August 7, 2017 - The New York City medical examiner's office announces that the remains of a man killed at the World Trade Center are positively identified due to more sophisticated DNA testing being available. September 7, 2021 - The remains of two victims are identified by the New York City medical examiner's office through DNA testing.",True,False,True,supports,checkyourfact
checkyourfact_1461_ret_b6_gn,checkyourfact_1461,"claims two victims of the Sept. 11, 2001 terror attack were purportedly identified by their DNA 22 years later",Post,"And just days before the anniversary of the 9/11 attacks, two new victims were identified by the New York City Office of the Chief Medical Examiner (OCME). [...] Morgan’s identity was confirmed through DNA testing of remains recovered in 2001, the Office of Chief Medical Examiner, Dr. Barbara A. Sampson, said. The unnamed man’s identity was confirmed through remains found in 2001, 2002, and 2006. [...] MORE : Remains of two more 9/11 terror attack victims identified nearly 22 years on",True,False,True,supports,checkyourfact
checkyourfact_1462,checkyourfact_1462,Megan Rapinoe has been released from the U.S. Olympic team,Viral Post,This claim is inaccurate. It originates from a satirical website.,False,True,True,refutes,checkyourfact
checkyourfact_1462_ret_b12_gn,checkyourfact_1462,Megan Rapinoe has been released from the U.S. Olympic team,Viral Post,"Around the same time on August 6 (Sunday), several Facebook users started circulating a post containing links to an online article that claimed, ""U.S. Olympic Team Releases Megan Rapinoe After World Cup Blunder."" However, there is no truth in the claim and it is completely false. [...] ""In light of the World Cup blunder and the negative attention for kneeling during the National Anthem, the US Olympic Women's Soccer team has released Megan Rapinoe,"" said Olympic Committee Chairman Joe Barron, ""Ms. Rapinoe has our deepest respect."" [...] In the aftermath of the Women's World Cup soccer defeat, the Dunning-Kruger Times disseminated additional satirical narratives. These stories, which followed the loss, encompassed headlines such as ""Megan Rapinoe Loses $25M Broadcasting Deal After Embarrassing World Cup Loss,"" ""Megan Rapinoe Released From Pro Soccer Team OL Reign: 'It's Time She Moves On,'"" and ""Nike Ends Partnership With Megan Rapinoe: 'We Paid For a Champion.'""",False,False,True,refutes,checkyourfact
checkyourfact_1462_ret_b14_gn,checkyourfact_1462,Megan Rapinoe has been released from the U.S. Olympic team,Viral Post,"A post shared on Facebook claims Megan Rapinoe, a U.S. women’s national soccer team player, was removed from the squad for assaulting another player. There is no evidence suggesting Rapinoe was removed from the team for any reason. The viral claim stems from a satirical website. [...] The claim is baseless. There are no credible news reports suggesting Rapinoe has been removed from the team. There is likewise no mention of any altercation between Rapinoe and her teammates or her alleged removal from the team on the team’s website. She continues to be listed on the team’s roster.",False,False,True,refutes,checkyourfact
checkyourfact_1462_ret_b1_gn,checkyourfact_1462,Megan Rapinoe has been released from the U.S. Olympic team,Viral Post,"A post shared on Facebook claims U.S. women’s national team soccer player Megan Rapinoe has been released from the U.S. Olympic team after a FIFA World Cup ""blunder."" [...] The Facebook post claims Rapinoe was released from the U.S. Olympic team after a World Cup ""blunder."" The post shares a very low-resolution photo of Rapinoe. The post reads, ""US Olympic Team Releases Megan Rapinoe After World Cup Blunder. ha ha ha. Let her disrespect some other country.""",False,False,True,insufficient-supports,checkyourfact
checkyourfact_1462_ret_bn_g8,checkyourfact_1462,Megan Rapinoe has been released from the U.S. Olympic team,Viral Post,"Megan Rapinoe, Olympic gold medalist and two-time Women's World Cup champion, reveals for the first time her life both on and off the field. Guided by her personal journey into social justice, brimming with humor, humanity, and joy, she urges all of us to ask ourselves, What will you do with your one life? [...] ""One Life makes it clear that Rapinoe’s greatest accomplishments may ultimately come away from the soccer pitch. She’s a new kind of American hero.""—San Francisco Chronicle Megan Rapinoe is an American professional soccer player. As a member of the US Women's national soccer team, she helped win the 2015 and 2019 FIFA Women's World Cup tournaments and a gold medal at the 2012 London Olympics. A co-captain of the team since 2018, she was named the Best FIFA Women's Player in 2019, and was awarded the Golden Boot.",False,False,True,insufficient-neutral,checkyourfact
checkyourfact_1473,checkyourfact_1473,"Claims that John Adams said, ""There are two ways to conquer and enslave a nation. One is by sword. The other is by debt.""",Viral Quote,There is no evidence Adams said or wrote the statement.,False,True,True,refutes,checkyourfact
checkyourfact_1473_ret_b13_gn,checkyourfact_1473,"Claims that John Adams said, ""There are two ways to conquer and enslave a nation. One is by sword. The other is by debt.""",Viral Quote,"American statesman John Adams, who served as U.S. president from 1797 to 1801, famously said, ""There are two ways to conquer and enslave a country: One is by the sword; the other is by debt."" China, choosing the second path, has embraced colonial-era practices and rapidly emerged as the world’s biggest official creditor. [...] The latest to fall prey to China’s debt-trap diplomacy is small Laos, which recently signed a 25-year concession agreement allowing a majority Chinese-owned company to control its national power grid, including electricity exports to neighboring countries. This shows that, despite the China-originating COVID-19 pandemic, Beijing continues to weaponize debt as part of its strategy to expand its economic, political and military presence abroad.",False,False,True,supports,checkyourfact
checkyourfact_1473_ret_b17_gn,checkyourfact_1473,"Claims that John Adams said, ""There are two ways to conquer and enslave a nation. One is by sword. The other is by debt.""",Viral Quote,"John Adams, 1735-1826 [...] You’re currently reading """"There are two ways to conquer and enslave a nation. John Adams, 1735-1826,"" an entry on Gheorghe47 - Published:",False,False,True,insufficient-supports,checkyourfact
checkyourfact_1473_ret_b3_gn,checkyourfact_1473,"Claims that John Adams said, ""There are two ways to conquer and enslave a nation. One is by sword. The other is by debt.""",Viral Quote,"John Adams is often credited with the quotation: ""There are two ways to conquer and enslave a nation. There is no record that Adams ever said it. [...] President John Adams is quoted as saying, ""There are two ways to conquer and enslave a nation. [...] JOHN ADAMS, the second U.S. president, said: ‘There are two ways to conquer and enslave a nation… one is by the sword, the other is by debt.’ How apt is the second part of that statement. Our bankers, developers and politicians have enslaved us for generations to come and have been rewarded for doing so. True patriotism is a distant memory.",False,False,True,refutes,checkyourfact
checkyourfact_1473_ret_bn_g4,checkyourfact_1473,"Claims that John Adams said, ""There are two ways to conquer and enslave a nation. One is by sword. The other is by debt.""",Viral Quote,"American statesman John Adams, who served as U.S. president from 1797 to 1801, famously said, ""There are two ways to conquer and enslave a country: One is by the sword; the other is by debt."" China, choosing the second path, has embraced colonial-era practices and rapidly emerged as the world’s biggest official creditor. [...] The latest to fall prey to China’s debt-trap diplomacy is small Laos, which recently signed a 25-year concession agreement allowing a majority Chinese-owned company to control its national power grid, including electricity exports to neighboring countries. This shows that, even as the China-originating COVID-19 pandemic exacts a heavy toll across the world, Beijing continues to weaponize debt as part of its strategy to expand its economic, political and military presence abroad.",False,False,True,supports,checkyourfact
checkyourfact_1475_ret_b19_gn,checkyourfact_1475,"Claims that Thomas Jefferson once said, ""The reason Christianity is the best friend of Government is because Christianity is the only religion that changes the heart.""",Viral Quote,"And if Jesus is who He claimed to be, then Christianity must be the only true religion, because He said specifically ""No one comes to the Father except through me"". [...] Christians claim Christianity is the only true religion because [...] The Christian religion is true religion because righteousness is better than wickedness. Other religions may impose conformity to a certain code of behavior, but they have no power to change the heart. Christianity teaches that the believer is ""dead to sin"" and now lives ""in newness of life"" (Romans 6:2,4). The Christian’s zeal for doing good has resulted in the founding of countless orphanages, hospitals, clinics, schools, homeless shelters, and emergency relief agencies—all in the name of Christ. The Christian religion is unique in that it does not force change from without but revolutionizes lives from within.",False,False,True,insufficient-neutral,checkyourfact
checkyourfact_1475_ret_bn_g0,checkyourfact_1475,"Claims that Thomas Jefferson once said, ""The reason Christianity is the best friend of Government is because Christianity is the only religion that changes the heart.""",Viral Quote,"Sources consulted: Searching on (christianity AND ""best friend of government"" AND (""changes the heart"" OR ""deals with the heart"")) [...] Comments: This quotation has not been found in any of the writings of Thomas Jefferson. 931 Thomas Jefferson Parkway",False,False,True,refutes,checkyourfact
checkyourfact_1475_ret_bn_g1,checkyourfact_1475,"Claims that Thomas Jefferson once said, ""The reason Christianity is the best friend of Government is because Christianity is the only religion that changes the heart.""",Viral Quote,"The Founding Fathers of America said a lot about Christianity and the morals that it gave the masses. There is historical documentation and websites full of what they had to say on the subject. This article covers those Founding Fathers’ quotes on the matter. [...] The Founding Father and President Thomas Jefferson were quoted as saying, ""The reason that Christianity is the best friend of government is because Christianity is the only religion that changes the heart."" [...] The founders didn’t want the government to play favorites, choosing one sect of the Christian faith above another. As Jefferson said, ""I am for freedom of religion, and against all maneuvers to bring about the legal ascendency of one sect over another.""",False,False,True,supports,checkyourfact
checkyourfact_1475_ret_bn_g3,checkyourfact_1475,"Claims that Thomas Jefferson once said, ""The reason Christianity is the best friend of Government is because Christianity is the only religion that changes the heart.""",Viral Quote,"Even Thomas Jefferson grasped this when he said, ""The reason that Christianity is the best friend of government is because Christianity is the only religion that changes the heart."" – Thomas Jefferson We don’t suggest we derive any theology from Thomas Jefferson, but we quote him here because if even Jefferson can grasp this, we better, too. [...] Society is impacted for the better when Christians are active participants in their community. And in that way, society experiences reform, preceded and led by spiritual renewal.",False,False,True,supports,checkyourfact
checkyourfact_1484,checkyourfact_1484,"Claims Muhammad Ali said, ""Impossible is just a big word thrown around by small men who find it easier to live in the world they're given than to explore the power they have to change it.""",Viral Quote,The quote actually comes from a copywriter for Adidas’ 2004 brand advertising campaign.,False,True,True,refutes,checkyourfact
checkyourfact_1484_ret_b0_gn,checkyourfact_1484,"Claims Muhammad Ali said, ""Impossible is just a big word thrown around by small men who find it easier to live in the world they're given than to explore the power they have to change it.""",Viral Quote,"FACT CHECK: Did Muhammad Ali Say This Quote About The ‘Impossible’? An image shared on Facebook credits professional boxer Muhammad Ali with saying, ""Impossible is just a big word thrown around by small men who find it easier to live in the world they’re given than to explore the power they have to change it."" [...] Impossible is not a fact. It’s an opinion. Impossible is not a declaration. It’s a dare. Impossible is potential. Impossible is temporary.""",False,False,True,insufficient-neutral,checkyourfact
checkyourfact_1484_ret_b14_gn,checkyourfact_1484,"Claims Muhammad Ali said, ""Impossible is just a big word thrown around by small men who find it easier to live in the world they're given than to explore the power they have to change it.""",Viral Quote,Topics - Inspirational - Change - Power - Men - World - Impossible - Bigs - Easier - Given - Thrown - Small Man - Nothing Is Impossible - Law Of Attraction - Best Athlete - Attraction - World Champions - Possible And Impossible - Impossible Things - Athlete Motivational - Great Inspirational Sports - Power Of Attraction - Changing The World - Exploration,False,False,True,insufficient-neutral,checkyourfact
checkyourfact_1484_ret_b1_g3,checkyourfact_1484,"Claims Muhammad Ali said, ""Impossible is just a big word thrown around by small men who find it easier to live in the world they're given than to explore the power they have to change it.""",Viral Quote,"Sterner told the class what he thought of the last word of their motto, ""Impossible is just a big word thrown around by small men…impossible is not a declaration, it is a dare."" [...] Shortly after the death of Ali in June 2016 the website for sports media powerhouse ""ESPN"" published an article titled ""Muhammad Ali’s 10 best quotes"". The quotation at the top of the list was the one featured in the Adidas advertisements:[7]Website: ESPN, Article title: Muhammad Ali’s 10 best quotes, Article author: Darren Rovell (ESPN Senior Writer), Date on website: June 6, 2016, Website description: Sports news, (Accessed … Continue reading ""Impossible is just a word thrown around by small men who find it easier to live in the world they’ve been given than to explore the power they have to change it. Impossible is not a fact. It’s an opinion. Impossible is potential. Impossible is temporary. Impossible is nothing."" [...] In conclusion, QI believes that Aimee Lehto should receive credit for the passage beginning with ""Impossible is just a big word thrown around"". The forceful final line, ""Impossible is nothing"", should be credited to Boyd Coyner. The Muhammad Ali misattribution occurred because he was featured prominently in an Adidas ad blitz, and sometimes the words were printed on his picture. The words were also printed on the images of other athletes, but the true creators were ad copy professionals.",False,False,True,refutes,checkyourfact
checkyourfact_1486,checkyourfact_1486,"House Speaker Nancy Pelosi’s ""4th husband"" filed for divorce.",Viral Article,"Pelosi has only had one husband, Paul Pelosi, to whom she remains married. The story originated on the satirical website Tatersgonnatate.com.",False,True,True,refutes,checkyourfact
checkyourfact_1486_ret_b2_gn,checkyourfact_1486,"House Speaker Nancy Pelosi’s ""4th husband"" filed for divorce.",Viral Article,"FACT CHECK: Viral Article Falsely Claims Nancy Pelosi’s ‘4th Husband’ Filed For Divorce An article shared on Facebook claims House Speaker Nancy Pelosi’s ""4th husband"" filed for divorce. [...] Nancy Pelosi is a popular target for misinformation, and this article appears to be the latest example circulating online. The article, posted on the website News For USA, claims that her fourth husband, Chester McNally Pelosi, filed for divorce because her ""rules are too strict"" and he ""simply cannot handle the constant relapses into alcoholism.""",False,False,True,insufficient-refutes,checkyourfact
checkyourfact_1486_ret_bn_g0,checkyourfact_1486,"House Speaker Nancy Pelosi’s ""4th husband"" filed for divorce.",Viral Article,"On March 21, 2019, the ""taters gonna tate"" website published an article positing that the fourth husband of House Speaker Nancy Pelosi had recently filed for divorce: Nancy Pelosi’s 4th Husband Files for Divorce: ‘I Just Can’t Take It Anymore’ Nancy Pelosi will be in divorce court for a fourth time later this month, to settle her marital disputes with her current husband, Chester McNally Pelosi. Chester claims that Pelosi’s rules are too strict and that he simply can not handle the constant relapses into alcoholism.",False,False,True,insufficient-supports,checkyourfact
checkyourfact_1489,checkyourfact_1489,"claims that Irish playwright Oscar Wilde once stated, ""Be yourself; everyone else is already taken.""",Viral Quote,The Daily Caller News Foundation found no evidence that Wilde ever said or wrote this expression.,False,True,True,refutes,checkyourfact
checkyourfact_1489_ret_b4_gn,checkyourfact_1489,"claims that Irish playwright Oscar Wilde once stated, ""Be yourself; everyone else is already taken.""",Viral Quote,"This quote from legendary Irish writer Oscar Wilde concludes with the reason why you should do it: (because) ""everyone else is already taken""! [...] Be Yourself; Everyone Else is Already Taken - Meaning 1. We All Are Different Since Birth [...] That's the other reason why you should be yourself, because really everyone else is already taken.",False,False,True,supports,checkyourfact
checkyourfact_1489_ret_bn_g0,checkyourfact_1489,"claims that Irish playwright Oscar Wilde once stated, ""Be yourself; everyone else is already taken.""",Viral Quote,"FACT CHECK: Did Oscar Wilde Say, ‘Be Yourself; Everyone Else Is Already Taken’? An image shared on Facebook claims that Irish playwright Oscar Wilde once stated, ""Be yourself; everyone else is already taken."" [...] The Oscar Wilde Society Chairman Donald Mead confirmed to the DCNF in an email that the quote is not genuine, writing, ""This is definitely not Oscar. It is all over the internet with no source.""",False,False,True,refutes,checkyourfact
checkyourfact_1489_ret_bn_g14,checkyourfact_1489,"claims that Irish playwright Oscar Wilde once stated, ""Be yourself; everyone else is already taken.""",Viral Quote,"Things You May Not Know About Oscar Wilde Oscar Fingal O’Flahertie Wills Wilde was an infamously brilliant playwright, author, and social activist. Oscar Wilde’s well-known legacy pervades his many published essays, plays and his novel The Picture of Dorian Gray. While Wilde was a larger-than-life figure in his time, due to his many witticisms and social standing, he is now regarded as one of the greatest producers of Irish literature. Here are fourteen little-known facts regarding Oscar Wilde’s life and literary presence. [...] Oscar Wilde is often credited with having once said the famous quote: ‘be yourself, everyone else is already taken.’ However, this was never proven and there is no evidence that he ever said this.",False,False,True,refutes,checkyourfact
checkyourfact_1495,checkyourfact_1495,McDonald’s will give two free Big Mac meals to everyone who shares a specific link,Viral,The link appears to be a scam. A spokesperson for McDonald’s confirmed that the coupon is “not a legitimate offer.”,False,True,True,refutes,checkyourfact
checkyourfact_1495_ret_b4_gn,checkyourfact_1495,McDonald’s will give two free Big Mac meals to everyone who shares a specific link,Viral,New Delhi (Vishvas News): A message circulating on social media states that McDonald’s is offering coupons for two free Big Mac Meals to social media users. The message also has a link and is prompting the user to click on the link to avail the offer. Vishvas News investigated and found the message to be a scam. A viral post on Facebook shows a link with a claim that reads: McDonald’s has announced that everyone who shares this link will receive 2 FREE McFamily box. The link with the post is mcfamilybox.com. The archived version of the post can be checked here. [...] - Claim Review : McDonald's has announced that everyone who shares this link will receive 2 FREE McFamily box - Claimed By : FB User: Jill Garvie - Fact Check : False,False,False,True,refutes,checkyourfact
checkyourfact_1495_ret_bn_g5,checkyourfact_1495,McDonald’s will give two free Big Mac meals to everyone who shares a specific link,Viral,"FACT CHECK: Is McDonald’s Offering 2 Free Big Mac Meals To Everyone Who Shares This Link? A viral Facebook post claims fast food chain McDonald’s will give two free Big Mac meals to everyone who shares a specific link. [...] ""McDonald’s is helping out!"" reads text on the website. ""Just tell us what is Yor (sic) favorite meal and get 2 FREE big Mac Meals for a Month!"" (RELATED: Can Inhaling Hot Air From A Sauna Or Hair Dryer Kill Coronavirus?)",False,False,True,insufficient-neutral,checkyourfact
checkyourfact_1498,checkyourfact_1498,purports to show a poster indicating former President Donald Trump is allegedly a 'registered sex offender',Post,The poster appears to be digitally fabricated and originally stems from a Twitter account that posts parodies.,False,True,True,refutes,checkyourfact
checkyourfact_1498_ret_b1_gn,checkyourfact_1498,purports to show a poster indicating former President Donald Trump is allegedly a 'registered sex offender',Post,"On May 10, 2023, a Twitter user shared an image of a poster labeling former U.S. President Donald Trump as a ""sex offender."" [...] We reached out to the Twitter account that posted the earliest known instance of the image on May 10, asking if that user created it. We had not heard by back publication time. In any case, the poster is not real, nor is it true that Trump is a registered sex offender. [...] However, it is important to note that Trump was not found guilty of a crime in that trial, nor required to register as a sex offender. As Snopes pointed out in a related story, terms like ""found guilty"" and ""convicted"" are used in criminal cases, whereas Carroll's case focused on defamation and was a civil proceeding.",False,False,True,refutes,checkyourfact
checkyourfact_1500,checkyourfact_1500,"Claims Nelson Mandela said, ""Our deepest fear is not that we are inadequate. Our deepest fear is that we are powerful beyond measure.""",Viral Quote,This quote was actually penned by 2020 presidential candidate and author Marianne Williamson in her debut book.,False,True,True,refutes,checkyourfact
checkyourfact_1500_ret_b13_gn,checkyourfact_1500,"Claims Nelson Mandela said, ""Our deepest fear is not that we are inadequate. Our deepest fear is that we are powerful beyond measure.""",Viral Quote,"Often said to have been quoted in a speech by Nelson Mandela. The source is Return to Love by Marianne Williamson, Harper Collins, 1992. Peter McLaughlin [...] Until November 4, 2006 this glyph was titled: ""Our Greatest Fear, by Marianne Williamson, quoted by Nelson Mandela"" [...] The writer recommended http://jmm.aaa.net.au/articles/4564.htm for further information. This site includes a note from the ANC saying that they could find nothing in Mandela's speeches that quoted ""Our Greatest Fear"". Perhaps this was quoted by Mandela in conversation. Further information received with interest. leif smithYour website [explorersfoundation.org] correctly attributes the ""Our greatest fear is not that we are inadequate..."" passage to Marianne Williamson, but inaccurately states that it was quoted by Nelson Mandela in a 1994 speech. This is a misapprehension that I think arose as people tried to explain why the passage was so frequently attributed to him. Actually, the passage appears nowhere in either of his two 1994 speeches ...",False,False,True,refutes,checkyourfact
checkyourfact_1500_ret_b18_gn,checkyourfact_1500,"Claims Nelson Mandela said, ""Our deepest fear is not that we are inadequate. Our deepest fear is that we are powerful beyond measure.""",Viral Quote,"Nelson Mandela, the iconic South African anti-apartheid revolutionary and politician, is known for his inspiring speeches and quotes that continue to resonate with people around the world. One of his most famous quotes, often referred to as ""Our Deepest Fear,"" is a powerful reminder of the potential within each of us to overcome our fears and embrace our true selves. [...] Read these Nelson Mandela Quotes Our Deepest Fear ""Our deepest fear is not that we are inadequate. [...] These Nelson Mandela quotes about our deepest fear serve as a constant reminder that we have the power to overcome our fears and make a positive impact on the world. They encourage us to embrace our true potential and strive for greatness, inspiring us to live a life of courage, compassion, and resilience.",False,False,True,insufficient-supports,checkyourfact
checkyourfact_1500_ret_b2_gn,checkyourfact_1500,"Claims Nelson Mandela said, ""Our deepest fear is not that we are inadequate. Our deepest fear is that we are powerful beyond measure.""",Viral Quote,"FACT CHECK: Viral Quote Attributed To Nelson Mandela Is Actually From Marianne Williamson An image shared on Facebook claims that former South African politician Nelson Mandela said, ""Our deepest fear is not that we are inadequate. [...] Though the Facebook post attributes the quote to Mandela, there is no record of him saying it. The expression appears nowhere in the Nelson Mandela Foundation archive. (RELATED: Did Nelson Mandela Say, ‘Fools Multiply When Wise Men Are Silent’?)",False,False,True,refutes,checkyourfact
checkyourfact_1500_ret_bn_g0,checkyourfact_1500,"Claims Nelson Mandela said, ""Our deepest fear is not that we are inadequate. Our deepest fear is that we are powerful beyond measure.""",Viral Quote,"Nov 9, 2007 – Mr Nelson Mandela is an often quoted individual; his inspirational words are often referred to in numerous publications, television and radio broadcasts, and online. However, a quote commonly attributed to Mr Mandela was in fact never uttered by him. In her book A return to love: Reflections on the principles of a course in miracles, Ms Marianne Williamson writes ""Our deepest fear is not that we are inadequate. This quote, and especially Williamson’s closing words ""As we are liberated from our own fear, our presence automatically liberates others,"" is often incorrectly credited to Mr Mandela. [...] Nevertheless, the Nelson Mandela Foundation still receives requests to use these quotes as Mr Mandela’s words. ""As far as I know, he has never used the quote in any of his speeches,"" says Ms Razia Saleh, an archivist at the Foundation, ""and we have catalogued about 1 000 thus far.""",False,False,True,refutes,checkyourfact
checkyourfact_1506_ret_b0_g0,checkyourfact_1506,A satanic-themed hotel is opening in Texas,Viral Video,"The claim: A satanic hotel is opening in Texas [...] ""This is a satanic hotel located in Plano,Texas this brand new hotel will open June 6 at 6pm – 666 (sic),"" reads the caption on the post. [...] - Steve Stoler, March 15, Email exchange with USA TODAY - Ink Poisoning, March 4, Instagram post - The Dallas Observer, Feb. 28, The Satanic Hotel in Plano Was Just a Joke That Got Out of Control - Ink Poisoning, Feb. 22, Instagram post - Reuters, March 10, Fact Check-Images of satanic-themed hotel are AI art; they do not show a business opening in Texas",False,False,True,refutes,checkyourfact
checkyourfact_1506_ret_b1_gn,checkyourfact_1506,A satanic-themed hotel is opening in Texas,Viral Video,"A video shared on Facebook allegedly shows images of a satanic-themed hotel that is set to open in Plano, Texas. [...] A Facebook video allegedly shows photos of a Satanic-themed hotel that is set to open in Plano on June 6. The post shares a photo of a red bedroom with a goat-like figure. ""This is a satanic hotel located in Plano, Texas "" the caption reads. ""This brand new hotel will open June 6 at 6pm (666)."" The claim is fabricated. Check Your Fact found no credible news reports about a satanic-themed hotel opening in Plano, Texas. The photo originates from Ink Poisoning, an apparel brand. The company posted the images on Facebook with a disclaimer stating the images are ""AI concept art created by us.""",False,False,True,refutes,checkyourfact
checkyourfact_1506_ret_b5_g6,checkyourfact_1506,A satanic-themed hotel is opening in Texas,Viral Video,"People Are Claiming a Satanic Hotel is Opening in Plano, Texas [...] So I go online today and I see some folks talking about this Satanic Hotel opening up in heart of Downtown Plano's Art District. Of course I am curious so I had to check this place out. What do you need for a Satanic Hotel to work? Some upside down pentagrams, some Lucifer statues, a literal Baphomet sitting in your room. Fun fact, Baphomet is the goat thing in case you did not know the name of it. Ahh yes, and of course their pool comes complete with a burning cross behind it. I won't lie, the devil sinks are pretty cool. Imagine Satan barfing over your hands to get them clean. Install one in my house please.",False,False,True,supports,checkyourfact
checkyourfact_1506_ret_bn_g2,checkyourfact_1506,A satanic-themed hotel is opening in Texas,Viral Video,"Baphomet bedside buddies, upside down crosses, spewing Satan sinks and a devilish welcome, one Facebook user claimed a satanic hotel would soon be opening in Plano, Texas. But don’t pull out the rosaries and holy water yet, the hotel is not actually real. On Feb. 23, a Facebook user claimed that a satanic hotel was supposedly opening in an abandoned office building in the heart of the Downtown Plano Art District. [...] But the Baphomet-themed hotel won’t be coming anywhere near Plano. The images were created using an AI art platform. According to The Buzz, an Instagram account posted photos showing how AI art can be made using a specific algorithm. In this case, a satanically-spooky hotel.",False,False,True,refutes,checkyourfact
checkyourfact_1507_ret_b1_gn,checkyourfact_1507,purports to show a tsunami that followed a recent earthquake in Turkey,Video,"FACT CHECK: Does This Video Show A Tsunami After The Recent Earthquake In Turkey? A video shared on social media purportedly shows footage of a tsunami after the recent earthquake in Turkey. [...] The social media post allegedly shows a tsunami after the earthquake engulfing homes before a large wave approaches and destroys the remnants. ""#Tsunami hits #Turkey coast few minutes ago after #Earthquake,"" the caption reads. ""#PrayForTurkey #زلزال #earthquaketurkey Another 7.5#earthquake #Turkiye #Syria.""",False,False,True,insufficient-supports,checkyourfact
checkyourfact_1507_ret_bn_g5,checkyourfact_1507,purports to show a tsunami that followed a recent earthquake in Turkey,Video,"Based on the field surveys by Yalçiner et al. (2017), a moderate tsunami was generated following the earthquake reaching a maximum runup of 1.9 m along a dry stream at Gumbet bay (West of Bodrum, Turkey) and producing an average runup of ~ 0.6 m in the near-field around the city of Bodrum which flooded many nearshore restaurants and damaged boats mainly in the Gumbet bay (Yalçiner et al. 2017). A maximum runup of 1.5 m was observed in Kos Island (Yalçiner et al. 2017). No death was reported due to the tsunami. Details of the tsunami field survey are available in Yalçiner et al. (2017). Tsunami warnings were disseminated by the Tsunami Service Providers (TSPs) within the Intergovernmental Coordination Group, North East Atlantic, Mediterranean and Connected seas Tsunami Warning System (ICG/NEAMTWS). The EMSC disseminated a twitter message advising local people to avoid beaches, despite having no mandate for disseminating such a message and being out of their area of competence.",False,False,True,supports,checkyourfact
checkyourfact_1764,checkyourfact_1764,"claims that Mark Twain once said, ""If voting made a difference, they wouldn't let us do it.""",Viral Quote,The Daily Caller found no record of the statement in Twain’s written body of work.,False,True,True,refutes,checkyourfact
checkyourfact_1764_ret_b1_gn,checkyourfact_1764,"claims that Mark Twain once said, ""If voting made a difference, they wouldn't let us do it.""",Viral Quote,"FACT CHECK: Did Mark Twain Say, ‘If Voting Made A Difference, They Wouldn’t Let Us Do It’? A post shared on Facebook alleges that author Mark Twain once said, ""If voting made a difference, they wouldn’t let us do it."" [...] There is, however, no evidence that Twain ever said or wrote this saying about voting. A search of his complete literary works, as well as his correspondence, turned up no matching or similar phrases.",False,False,True,refutes,checkyourfact
checkyourfact_1764_ret_b3_gn,checkyourfact_1764,"claims that Mark Twain once said, ""If voting made a difference, they wouldn't let us do it.""",Viral Quote,"The Apocryphal Twain: ""If voting made any difference, they wouldn’t let us do it."" [...] Twain was not cynical about elections because he believed they couldn’t make a difference, but because he believed his countrymen failed to appreciate the difference they could make. [...] By the mid-’80s, the sentiment was ingrained enough in the British Labour Party, than Ken Livingstone gave the book associated with his first campaign for Parliament the ironic title, If Voting Made A Difference, They’d Abolish It (1987).",False,False,True,insufficient-supports,checkyourfact
checkyourfact_1764_ret_bn_g1,checkyourfact_1764,"claims that Mark Twain once said, ""If voting made a difference, they wouldn't let us do it.""",Viral Quote,"A quotation misattributed to Mark Twain is circulating online and suggests the famous writer disparaged voting. Actually, he celebrated it. [...] A bogus quotation that’s been circulating on Facebook recently with a picture of Twain was a new addition to his list of fakes. It says: ""If voting made any difference they wouldn’t let us do it."" [...] This supposed quotation, though, misrepresents Twain’s actual thoughts on voting.",False,False,True,refutes,checkyourfact
checkyourfact_1764_ret_bn_g15,checkyourfact_1764,"claims that Mark Twain once said, ""If voting made a difference, they wouldn't let us do it.""",Viral Quote,"Compulsory voting is hardest to enact in the places where it would make most difference ""IF VOTING made any difference they wouldn’t let us do it,"" quipped Mark Twain, an American writer. Some governments, however, think voting makes such a difference that they oblige voters to do it. Voting is compulsory in 26 countries around the world, from Argentina to Belgium. To those elsewhere worried about declining voter turnout, compulsory voting may seem tempting. But it is not a shortcut to a healthy democracy.",False,False,True,insufficient-supports,checkyourfact
checkyourfact_1768,checkyourfact_1768,Tom Jones is suffering from health problems and had to cancel shows.,American Web Media,There is no record of Jones being hospitalized or cancelling shows so far this year. The story appears to reference the singer’s 2018 bacterial infection.,False,True,True,refutes,checkyourfact
checkyourfact_1768_ret_b11_gn,checkyourfact_1768,Tom Jones is suffering from health problems and had to cancel shows.,American Web Media,"Music legend Sir Tom Jones has hit out at claims he collapsed on stage during a live performance as medics rushed to support him. [...] Tom Jones issues health update after cancelling show [...] ""Unfortunately the show had to be cancelled at the last minute, and for that I am very sorry. However, the show in Budapest has been rescheduled and will take place on August 16. Thanks again for all your kind concern.""",False,False,True,insufficient-neutral,checkyourfact
checkyourfact_1768_ret_bn_g11,checkyourfact_1768,Tom Jones is suffering from health problems and had to cancel shows.,American Web Media,"Sir Tom Jones postpones Chester show due to illness - Published Sir Tom Jones has been forced to cancel a second show after falling ill. [...] The statement read: ""Sir Tom Jones has a bacterial infection for which he is being treated in hospital.",False,False,True,supports,checkyourfact
checkyourfact_1768_ret_bn_g5,checkyourfact_1768,Tom Jones is suffering from health problems and had to cancel shows.,American Web Media,"Tom Jones health latest: Illness which led singer to cancelling tour dates last year [...] Tom Jones, 78, kicks off his 2019 tour in April, with the first show in San Jose, California. The singer has had a busy year so far, also appearing as a judge on ITV’s The Voice. But his new tour dates come after he was forced to cancel five shows last year. The reason for the cancellations was down to his health. [...] Tom Jones health latest: The singer had to cancel tour dates last year due to illness (Image: GETTY)",False,False,True,supports,checkyourfact
checkyourfact_1768_ret_bn_g6,checkyourfact_1768,Tom Jones is suffering from health problems and had to cancel shows.,American Web Media,"Retro pop icon Tom Jones is postponing a U.S. concert tour due to health concerns, the 77-year-old Welshman told fans Saturday via Twitter. Jones, whose career spans six decades, was scheduled to start an ambitious Stateside tour on Sept. 6 in Pennsylvania, but on the advice of his physicians will now embark on those shows in May and June of 2018. The singer did not disclose the medical problem that prompted the change in plans. Tickets for the 2017 shows will be honored for the new dates or can be turned in for refunds. [...] Jones has been struggling emotionally since the 2016 death of his wife Linda, to whom he’d been married for 57 years.",False,False,True,supports,checkyourfact
checkyourfact_1774_ret_b0_gn,checkyourfact_1774,purports Liz Cheney was allegedly hanged at Guantanamo Bay,Post,"A post shared on Facebook purports former Republican Wyoming Rep. Liz Cheney was allegedly hanged by the U.S. Navy Judge Advocate General’s (JAG) Corps at Guantanamo Bay on Apr. 24, 2023. [...] The Facebook post purports Cheney was allegedly hanged by Navy JAG at Guantanamo Bay on Apr. 24. The post further claims Cheney supposedly used her final moments to ""excoriate"" Trump and threaten Vice Adm. Darse E. Crandall. The claim is false. Check Your Fact found no credible news reports indicating Cheney was allegedly hanged by Navy JAG at Guantanamo Bay on Apr. 24. Likewise, Navy JAG neither references the claim on its website nor its verified social media accounts. In addition, Cheney has not publicly addressed the claim.",False,False,True,refutes,checkyourfact
checkyourfact_1774_ret_b14_gn,checkyourfact_1774,purports Liz Cheney was allegedly hanged at Guantanamo Bay,Post,"No, Hillary Clinton wasn’t hanged at Guantanamo Bay [...] It’s latest dispatch about Clinton claims that she was hanged on April 26 at the U.S. detention facility in Guantanamo Bay, Cuba. According to the story, it was the culmination of an operation that started the night the SEALs arrested her.",False,False,True,insufficient-refutes,checkyourfact
checkyourfact_1774_ret_b1_gn,checkyourfact_1774,purports Liz Cheney was allegedly hanged at Guantanamo Bay,Post,"In late April 2023, several websites known for publishing unreliable information posted a ""news"" story asserting that former U.S. Rep. Liz Cheney was sentence by a military tribunal to hang. Those websites were: Before It's News, the Adina Kutnicki Zionist & Conservative Blog, The Digital Soldier Press on Rumble, Israel National News on Substack, and Best News Here (among others). [...] Military Sentences Liz Cheney to Hang to Death [...] As for Liz Cheney, she was still alive and tweeting on April 24, the date Real Raw News claimed she was scheduled to be hanged:",False,False,True,refutes,checkyourfact
checkyourfact_1774_ret_bn_g2,checkyourfact_1774,purports Liz Cheney was allegedly hanged at Guantanamo Bay,Post,"[41] ""Cheney: Gitmo Holds ‘Worst of the Worst,’"" The Associated Press, June 1, 2009, https://www.nbcnews.com/id/wbna31052241.",False,False,True,insufficient-neutral,checkyourfact
checkyourfact_1777,checkyourfact_1777,"Claims Albert Einstein said, ""We all know that light travels faster than sound. That's why certain people appear bright until you hear them speak.""",Viral Quote,The statement appears nowhere in Einstein’s written works.,False,True,True,refutes,checkyourfact
checkyourfact_1777_ret_bn_g1,checkyourfact_1777,"Claims Albert Einstein said, ""We all know that light travels faster than sound. That's why certain people appear bright until you hear them speak.""",Viral Quote,"IT’S TRUE–Light travels faster than sound. That’s why some folks appear bright until they speak-GARY APPLE. [...] ""You know what I say about that? Light travels faster than sound, so some people appear to be bright – until you hear them speak,"" Williams said. [...] Quote of the Day: Since light travels faster than sound, isn’t that why some people appear bright until you hear them speak? Steven Wright",False,False,True,insufficient-refutes,checkyourfact
checkyourfact_1777_ret_bn_g15,checkyourfact_1777,"Claims Albert Einstein said, ""We all know that light travels faster than sound. That's why certain people appear bright until you hear them speak.""",Viral Quote,"This is why some people appear bright until you hear them speak. – Alan Dundes - War does not determine who is right – only who is left. – Bertrand Russell - A bus station is where a bus stops. A train station is where a train stops. On my desk, I have a work station. – William Faulkner - A clear conscience is usually the sign of a bad memory. – Doyle Brunson - You do not need a parachute to skydive. You only need a parachute to skydive twice.",False,False,True,insufficient-refutes,checkyourfact
checkyourfact_1777_ret_bn_g6,checkyourfact_1777,"Claims Albert Einstein said, ""We all know that light travels faster than sound. That's why certain people appear bright until you hear them speak.""",Viral Quote,"forever go to front layer :: looks end ""We all know that light travels faster than sound. That's why certain people appear bright until you hear them speak."" - Albert Einstein - That_Cool_Person - Scratcher 30 posts my thumbnail wont update! [...] That's why certain people appear bright until you hear them speak."" - Albert Einstein - That_Cool_Person - Scratcher 30 posts my thumbnail wont update!",False,False,True,supports,checkyourfact
checkyourfact_1792,checkyourfact_1792,"claims that psychiatrist Viktor Frankl once stated, ""Between stimulus and response there is a space. In that space is our power to choose our response. In our response lies our growth and our freedom.""",Viral quote,The statement appears nowhere in Frankl’s written works.,False,True,True,refutes,checkyourfact
checkyourfact_1792_ret_b1_gn,checkyourfact_1792,"claims that psychiatrist Viktor Frankl once stated, ""Between stimulus and response there is a space. In that space is our power to choose our response. In our response lies our growth and our freedom.""",Viral quote,"In our response lies our growth and our freedom.""That idea hit me with incredible force. In the following days, I reflected on it again and again. [...] It follows my discussion on faith, finances, and this: Between stimulus and response there is a space. In our response lies our growth and freedom (B.F. Skinner). [...] Also in 2004 a message in the Usenet newsgroup alt.recovery.addiction.alcoholism attributed the quotation to Victor Frankl and specified a book that does not contain the quotation:[13]2004 March 20, Usenet discussion message, Newsgroup: alt.recovery.addiction.alcoholism, From: neuro equipoise @webtv.net, Subject: Re: It’s not your fault. (Google Groups Search; Accessed … Continue reading ""Between stimulus and response, there is a space. In our response lies our growth and freedom."" — Victor Frankl, Man’s Search for Meaning",False,False,True,insufficient-refutes,checkyourfact
checkyourfact_1792_ret_b2_gn,checkyourfact_1792,"claims that psychiatrist Viktor Frankl once stated, ""Between stimulus and response there is a space. In that space is our power to choose our response. In our response lies our growth and our freedom.""",Viral quote,"Viktor E. Frankl, the renowned psychiatrist and Holocaust survivor, once stated, ""Between stimulus and response there is a space. At first glance, this quote signifies the significance of the pause, the momentary gap between what happens to us and how we react. It suggests that within this tiny interval lies an incredible power - the power to determine our own response. In this blog article, I aim to delve deeper into the meaning and importance of this quote, exploring its implications on personal development and freedom. However, beyond analyzing this concept, I will introduce a surprising philosophical concept that will not only spark interest but also shed light on an alternative perspective.To understand the fundamental meaning of Frankl's quote, one must recognize the distinction between stimulus and response. Stimulus refers to any external event or circumstance that triggers a reaction from us, be it positive or negative. This includes anything from someone's words or actions to unexpected situations that arise in our lives.",False,False,True,insufficient-supports,checkyourfact
checkyourfact_1792_ret_b3_gn,checkyourfact_1792,"claims that psychiatrist Viktor Frankl once stated, ""Between stimulus and response there is a space. In that space is our power to choose our response. In our response lies our growth and our freedom.""",Viral quote,"Posted July 23, 2013 Reviewed by Jessica Schrader ""Between stimulus and response there is a space. I have great respect for Victor Frankl. He was not only a concentration camp survivor during the Holocaust, but also someone who went on to help others find goodness and meaning in life. He was a man from whom we can learn something about what it means to be human and how to be our best—sometimes in spite of our inclinations. And the above quote is incredibly wise guidance in these very areas. [...] Victor Frankl was clearly an extraordinary man. Most of us can only wish for his moral strength, insight, and wisdom. But we can follow his lead by looking for the ""space"" in our own lives. When faced with situations that pull for some particular reaction, we can choose to respond instead. Frankl found his ‘space’ through finding meaning. Others find it through prayer, meditation, or therapy.",False,False,True,insufficient-supports,checkyourfact
checkyourfact_1792_ret_b7_gn,checkyourfact_1792,"claims that psychiatrist Viktor Frankl once stated, ""Between stimulus and response there is a space. In that space is our power to choose our response. In our response lies our growth and our freedom.""",Viral quote,"Frankl’s quote about the space between stimulus and response is one of the central tenets of logotherapy. This ""space"" represents a critical moment where individuals have the free will and opportunity to choose their response to any given situation, no matter how challenging or painful. The ""space"" where a person can choose how to respond may be small, even a few seconds or less. This choice made in this ""space"" between stimulus and response is what gives humans their freedom and dignity. According to Frankl, it is not the external circumstances that define us but how we choose to respond to them. [...] Viktor Frankl’s quote about the space between stimulus and response captures a fundamental aspect of human freedom and potential. His life and work, shaped by the extreme suffering he endured during the Holocaust, offer profound insights into individual free will, the power of choice and the pursuit of meaning. By applying Frankl’s philosophy in everyday situations, individuals can cultivate greater resilience, improve their relationships, and lead more meaningful lives. Frankl’s legacy continues to inspire and guide people across the world, reminding us that even in the most challenging circumstances, there is a ""space"" in which we have free will and the power to choose our response and, in doing so, shape our destiny.",False,False,True,supports,checkyourfact
checkyourfact_1796,checkyourfact_1796,"claims that ""Fight Club"" contains the line, ""We buy things we don't need with money we don't have to impress people we don't like.""",Viral quote,The Daily Caller News Foundation found the line in neither the book nor movie.,False,True,True,refutes,checkyourfact
checkyourfact_1796_ret_b2_gn,checkyourfact_1796,"claims that ""Fight Club"" contains the line, ""We buy things we don't need with money we don't have to impress people we don't like.""",Viral quote,"""We buy stuff we don’t need, with money we don’t have, to impress people we don’t like"". This is a quote from the movie Fight Club. The materialistic and consumeristic world that is part of modern day existence — does it undermine the authenticity of our being? The film shows how the idea of materialism and consumerism impacts one’s authenticity, abandoning the political ""must do’s"" that are present in society. [...] We pollute the earth because we want electricity, but not only to survive. It is also used to power desires which we don’t need. Which is effectively a result of materialism.",False,False,True,supports,checkyourfact
checkyourfact_1796_ret_bn_g6,checkyourfact_1796,"claims that ""Fight Club"" contains the line, ""We buy things we don't need with money we don't have to impress people we don't like.""",Viral quote,"A post shared on Facebook claims that ""Fight Club"" contains the line, ""We buy things we don’t need with money we don’t have to impress people we don’t like."" [...] The website Quote Investigator traced the earliest strong match for the statement back to a 1928 newspaper column by American humorist and journalist Robert Quillen, though elements of the quote appeared earlier. In that column, he defined ""Americanism"" as ""using money you haven’t earned to buy things you don’t need to impress people you don’t like."" [...] The quote was likely attributed to ""Fight Club"" because it sounded like something that might have been said in the book or movie, according to Quote Investigator. At one point in the book, a character says, ""Advertising has these people chasing cars and clothes they don’t need. Generations have been working in jobs they hate, just so they can buy what they don’t really need.""",False,False,True,insufficient-refutes,checkyourfact
checkyourfact_1796_ret_bn_g7,checkyourfact_1796,"claims that ""Fight Club"" contains the line, ""We buy things we don't need with money we don't have to impress people we don't like.""",Viral quote,"You can apply the same phrase to your own life. [...] As the protagonist of the Fight Club film says: ""we buy things we don’t need, with money we don’t have, to impress people we don’t like."" [...] From the wisdom of Fight Club to that of Socrates: ""the unexamined life is not worth living,"" he said once. I couldn’t agree more.",False,False,True,supports,checkyourfact
checkyourfact_1796_ret_bn_g9,checkyourfact_1796,"claims that ""Fight Club"" contains the line, ""We buy things we don't need with money we don't have to impress people we don't like.""",Viral quote,2) We buy things we don’t need with money we don’t have to impress people we don’t like. [...] Americanism: Using money you haven’t earned to buy things you don’t need to impress people you don’t like. [...] People often spend money on things they don’t need to impress people they don’t like.,False,False,True,insufficient-neutral,checkyourfact
checkyourfact_1801_ret_b7_gn,checkyourfact_1801,Donald Trump Claimed to not know who gave Fauci the commendation,Viral post,"Donald Trump’s claim about Fauci’s comments on travel restrictions and mask usage leave out important context. The White House and Trump’s reelection campaign did not respond to our queries asking for more information. [...] Despite Trump’s displeasure with Fauci, Fauci is a popular figure. Trump’s campaign even touts Fauci’s statements throughout the pandemic as proof that Trump acted effectively to combat the crisis. The campaign featured a few seconds of a Fauci interview in an ad, although out of context. Trump’s recent claims about Fauci leave out key information and misrepresent the facts.",False,False,True,insufficient-neutral,checkyourfact
checkyourfact_1801_ret_bn_g15,checkyourfact_1801,Donald Trump Claimed to not know who gave Fauci the commendation,Viral post,"Trump issues commendations to Operation Warp Speed members, including Fauci, Birx [...] A few names on the list of commendations stood out, particularly Dr. Anthony Fauci and Dr. Deborah Birx, both of whom were key members of the White House coronavirus task force in its early days, before having their public-facing roles diminished when the task force ceased providing regular briefings. Despite his sometimes public clashes with Fauci, the nation’s top infectious disease expert, Trump’s list included the longtime director of the National Institute of Allergy and Infectious Diseases. Apart from his work on the coronavirus task force, Fauci worked tirelessly to inform Americans of the science concerning the novel coronavirus, urging the public to choose facts over conspiracy theories and speculation.",False,False,True,insufficient-neutral,checkyourfact
checkyourfact_1805,checkyourfact_1805,Claims to be hosting a giveaway of free Chick-fil-A for a year.,Viral Post,"This Facebook post is not associated with the Chick-fil-A brand and does not represent a real, ongoing contest.",False,True,True,refutes,checkyourfact
checkyourfact_1805_ret_b0_gn,checkyourfact_1805,Claims to be hosting a giveaway of free Chick-fil-A for a year.,Viral Post,"The Facebook page Chick-fil-A.com claimed Friday to be hosting a giveaway of free Chick-fil-A for a year. ""5 of our last contest winners of free Chick-fil-A for a year have yet to respond so we have decided that someone who shares by 10pm tonight will win it instead! Don’t miss out on this once in a life time opportunity,"" the page wrote before signing off as ""Chick-fil-A."" [...] ""That is not a legitimate account or giveaway associated with Chick-fil-A, Inc,"" Leigh Jackson, with Jackson Spalding, a press company representing Chick-fil-A, told The Daily Caller.",False,False,True,refutes,checkyourfact
checkyourfact_1805_ret_b6_gn,checkyourfact_1805,Claims to be hosting a giveaway of free Chick-fil-A for a year.,Viral Post,"How to Win Free Chick-Fil-A Meals for a Year [...] Winners indeed get free Chick-fil-A for a year, but the freebies are limited to one meal (sandwich, fries, medium drink) per week—so a total of 52 meals over the course of 52 weeks. Chick-fil-A estimates that each opening promotion amounts to a giveaway of $32,000 worth of food to the lucky 100 winners. [...] After New York City, the next Chick-fil-A openings—and the possibility of 100 more winners of free food for a year—are scheduled in the near future for locations including San Antonio, Texas, Marietta, Ga., and two more locations in the vicinity of New York—Port Jefferson, on Long Island, on October 7, and Jersey City, on November 4.",False,False,True,supports,checkyourfact
checkyourfact_1805_ret_b7_gn,checkyourfact_1805,Claims to be hosting a giveaway of free Chick-fil-A for a year.,Viral Post,"Not only do area residents have new access to one of America’s most popular fast food chains, but they also have a chance to score free Chick-fil-A for a year! [...] All of the lucky people who endure the elements get free Chick-fil-A for a year, which comes in the form of 52 coupons each valid for one Chick-fil-A sandwich seal. [...] The last time a new Chick-fil-A in Wichita, Kansas, opened in 2012, the opportunity to win the free food was open to literally anyone who made the 100-person cut-off. But that caused a mighty big problem when, according to the Wichita Eagle, people showed up from all over the country.",False,False,True,insufficient-supports,checkyourfact
checkyourfact_1817_ret_b10_gn,checkyourfact_1817,"Claims that Albert Einstein once said, ""The definition of insanity is doing the same thing over and over again and expecting different results.""",Viral Quote,"The quote ""The definition of insanity is doing the same thing over and over again and expecting different results"" is popular, being widely attributed to Einstein (probably incorrectly). Unfortunately it's often used to support a common and dangerous fallacy: that if you're trying something and it's not working, you must not be using the best strategy and you must try something else. It's easy to see the fallacy using a thought experiment. Imagine you must regularly play a lottery which offers red tickets and black tickets, and red tickets have twice the probability of winning compared to black tickets. So you choose red tickets, but you don't win. Would Einstein tell you to start choosing black tickets instead? Hopefully not! [...] Of course, one must also avoid stubbornly sticking to a strategy which is not the best available.",False,False,True,insufficient-refutes,checkyourfact
checkyourfact_1817_ret_b4_gn,checkyourfact_1817,"Claims that Albert Einstein once said, ""The definition of insanity is doing the same thing over and over again and expecting different results.""",Viral Quote,"In the world of famous quotes, one that has been circulating for years is attributed to Albert Einstein: ""The definition of insanity is doing the same thing over and over again and expecting different results."" While this quote is often used to emphasize the importance of change and innovation, it turns out that Einstein may not have actually said these exact words. In this article, we will delve into the origins of this misquote, explore what Einstein actually said about insanity, and discuss the importance of fact-checking famous quotes. [...] While Einstein did not explicitly make the statement about insanity and expecting different results, he did express similar sentiments in his writings and speeches. In one instance, he reportedly said, ""We cannot solve our problems with the same thinking we used when we created them."" This quote conveys a similar message about the need for new perspectives and approaches to address challenges effectively. [...] In conclusion, while the quote, ""The definition of insanity is doing the same thing over and over again and expecting different results,"" is often attributed to Albert Einstein, there is no direct evidence that he actually said these exact words. Instead, Einstein’s views on problem-solving and innovation can be better captured by his other statements about the need for new thinking to tackle challenges effectively. By debunking misquotes and verifying the authenticity of famous statements, we can uphold the integrity of historical figures’ words and ideas. Remember, not everything you read online is necessarily true – always fact-check and question the sources of information.",False,False,True,insufficient-refutes,checkyourfact
checkyourfact_1817_ret_b6_gn,checkyourfact_1817,"Claims that Albert Einstein once said, ""The definition of insanity is doing the same thing over and over again and expecting different results.""",Viral Quote,"The quote ""Insanity: doing the same thing over and over again and expecting different results"" is a profound observation about the futility of repetition without change. It highlights the irrationality of continuing a course of action that consistently fails to produce the desired outcome, yet expecting a different result each time. This concept is applicable in various aspects of life, including personal development, business, societal issues, and relationships. In personal development, the quote emphasizes the need for self-reflection and change. People often get stuck in a cycle of repeating the same behaviors and expecting different outcomes. This could be related to unhealthy habits, toxic relationships, or unfulfilling jobs. The quote implies that if we want a different outcome, we need to change our actions and decisions. It urges us to examine our behaviors, identify what’s not working, and make necessary changes. [...] In summary, this quote is a call to action for change and innovation. It stresses that if we want different results, we must be willing to change our approaches, rethink our strategies, and be open to new possibilities. This is particularly relevant in today’s rapidly changing world, where adaptability and flexibility are crucial for success.",False,False,True,insufficient-neutral,checkyourfact
checkyourfact_1817_ret_b9_g9,checkyourfact_1817,"Claims that Albert Einstein once said, ""The definition of insanity is doing the same thing over and over again and expecting different results.""",Viral Quote,"The real problem with this quote is that it’s always misquoted! Most believe the quote to be: . . . doing the same thing over and over again and expecting different results. The problem with this misquote is that, logically speaking, one can, and usually does, do the same thing over and over, getting different results each time. The Laws of Thermal Dynamics teach us this, and it is the foundation of Chaos Theory. For example, when someone shuffles a deck of cards over and over, in exactly the same way each time, the odds of the top card being the ace of spades each time are astronomically low; and each time the cards are shuffled the odds get lower. Therefore, one should expect different results. Einstein most certainly did not say this version of the quote–he would have known better than that! This isn’t the definition of insanity, it’s the definition of the Laws of Thermal Dynamics. The actual quote, whoever said it, is: THE DEFINITION OF INSANITY IS DOING THE SAME THING OVER AND OVER AND GETTING THE SAME RESULT, BUT EXPECTING A DIFFERENT ONE.",False,False,True,insufficient-refutes,checkyourfact
checkyourfact_1818,checkyourfact_1818,"Claims Steve Harvey made a long statement calling President Donald Trump ""the only guy who seems to understand what the people want.""",Viral Post,No credible sources link this statement to Harvey. The statement originally came from an anonymous letter published on a conservative website.,False,True,True,refutes,checkyourfact
checkyourfact_1818_ret_b0_gn,checkyourfact_1818,"Claims Steve Harvey made a long statement calling President Donald Trump ""the only guy who seems to understand what the people want.""",Viral Post,"A post shared on Facebook claims that American comedian Steve Harvey wrote a long statement in favor of President Donald Trump. ""Trump is the only guy who seems to understand what the people want,"" reads a line from the alleged statement. [...] This Facebook post alleges that Harvey wrote a long statement that praises Trump as ""the only guy who seems to understand what the people want"" and speaks negatively about politicians and illegal immigrants. The long statement is paired with a photograph of Harvey.",False,False,True,supports,checkyourfact
checkyourfact_1818_ret_b2_gn,checkyourfact_1818,"Claims Steve Harvey made a long statement calling President Donald Trump ""the only guy who seems to understand what the people want.""",Viral Post,"In early 2019, a viral Facebook message appeared to indicate that the comedian and broadcaster Steve Harvey had published an unusual defense of President Donald Trump, likening him to a flawed janitor hired to clear a home of raccoons -- which represented the Democratic and Republican parties as well as undocumented immigrants in the analogy: [...] Here's why we want Trump: Yes, he's a bit of a jerk; Yes, he's an egomaniac; but we don't care!.. The country is a mess because politicians suck, the Republicans and Democrats can be two-faced and gutless, and illegals are everywhere.. We want it all fixed!.. We don't care that Trump is crude, we don't care that he insults people, we don't care that he has changed positions, we don't care that he's been married 3 times, we don't care that he fights with Megyn Kelly and Rosie O'Donnell, we don't care that he doesn't know the name of some Muslim terrorist.. This country became weak and bankrupt, our enemies were making fun of us, we are being invaded by illegals, we are becoming a nation of victims where every Tom, Ricardo, and Hasid is a special group with special rights to a point where we don't even recognize the country we were born and raised in; ""AND WE JUST WANT IT FIXED"".. And Trump is the only guy who seems to understand what the people want..",False,False,True,supports,checkyourfact
checkyourfact_1818_ret_b6_gn,checkyourfact_1818,"Claims Steve Harvey made a long statement calling President Donald Trump ""the only guy who seems to understand what the people want.""",Viral Post,"A viral Facebook rant that likens President Donald Trump to an exterminator and undocumented immigrants to raccoons is being attributed to radio personality and television host Steve Harvey. [...] Steve Harvey Facebook post, January 11, 2019 [...] Snopes, Did Comedian Steve Harvey Praise President Trump as a Politically Incorrect ‘Fixer’?, March 4, 2019",False,False,True,insufficient-neutral,checkyourfact
checkyourfact_1825,checkyourfact_1825,A Turning Point USA meme claims a quote about socialized medicine is attributable to Vladimir Lenin,Turning Point USA,The Daily Caller News Foundation found no evidence of Lenin ever making this statement.,False,True,True,refutes,checkyourfact
checkyourfact_1825_ret_b3_gn,checkyourfact_1825,A Turning Point USA meme claims a quote about socialized medicine is attributable to Vladimir Lenin,Turning Point USA,"One of the rotating banner images on its Internet home page is a picture of Vladimir Lenin, the Soviet Union founder, and a quote: ""Socialized medicine is the keystone to the arch of a socialized state."" [...] ""A. Lenin thought so. According to Lawrence Sullivan in his book 'The Case Against Socialized Medicine,' the founder of international revolutionary Communism once proclaimed socialized medicine 'the keystone of the arch of the Socialist State.'"" [...] ""The campaign for socialized medicine in the United States stems directly from Kremlin Communism. Lenin, the founder of international revolutionary Communism, once proclaimed socialized medicine 'the keystone of the arch of the Socialist State.' Nowhere in the world today is the profession of medicine more completely under the control of government than in the Soviet segments of Russia.""",False,False,True,supports,checkyourfact
checkyourfact_1825_ret_b4_gn,checkyourfact_1825,A Turning Point USA meme claims a quote about socialized medicine is attributable to Vladimir Lenin,Turning Point USA,"Turning Point USA, a group for young conservatives, has used a fake quote to distort an actual quote. [...] But the Turning Point USA meme plucked out only eight words, which is misleading on its own. Putting that truncated, out-of-context quote next to a fake quote that suggests she was talking about her own work on the Supreme Court is deceptive.",False,False,True,insufficient-contradictory,checkyourfact
checkyourfact_1828,checkyourfact_1828,claims former President Donald Trump purportedly said he 'forgot to give back some paperwork' in a recent TRUTH Social post,Post,"The purported remark does not appear in Trump’s TRUTH Social feed. The image of the alleged post can be traced back to Twitter user @gvnzng, who admitted it was fake.",False,True,True,refutes,checkyourfact
checkyourfact_1828_ret_b13_gn,checkyourfact_1828,claims former President Donald Trump purportedly said he 'forgot to give back some paperwork' in a recent TRUTH Social post,Post,"Former President Donald Trump made numerous false and misleading claims in a speech he delivered Tuesday night following his afternoon arraignment in Miami federal court to face charges of illegally retaining classified documents and obstructing the federal investigation into his conduct. [...] Facts First: Trump’s claim is false. Again, the Presidential Records Act says that the moment a president leaves office, NARA gets custody and control of all presidential records from his administration. Nothing in the law says there should be a negotiation between a former president and NARA over a former president’s return of presidential documents – much less that there should have been a monthslong battle after NARA first contacted Trump’s team in 2021 to try to get some of the records that had not been handed over at the end of his presidency. [...] Facts First: It’s not true that ""just about every other president"" has done what Trump has done, as the National Archives and Records Administration itself pointed out in a statement in 2022. No president since the Presidential Records Act took effect with President Ronald Reagan’s records in the 1980s has taken home troves of official documents or engaged in anything like Trump’s protracted post-presidency refusal to return official documents sought by NARA and the Justice Department.",False,False,True,insufficient-neutral,checkyourfact
checkyourfact_1831_ret_b8_gn,checkyourfact_1831,Joe Biden cut the federal deficit by 1.7 trillion,Viral Video,"President Joe Biden claimed he cut the federal debt by $1.7 trillion within his first two years in office during remarks delivered on Aug. 16, the anniversary of the Inflation Act. [...] Biden claimed during a speech on Aug. 16 that he cut the federal deficit by $1.7 trillion before saying he cut the debt by $1.7 trillion. Biden said,""Unlike the last president, in my first two years in office, we actually cut the federal debt, the deficit, by $1.7 trillion. The first two years — we cut the debt by $1.7 trillion."" [...] The claim that Biden decreased the deficit is also misleading. While the deficit for fiscal year 2022 is $1.6 trillion, down from $2.77 trillion in 2021 according to Fiscal Data, the cut was mainly due a decrease in spending from the COVID-19 pandemic.",False,False,True,insufficient-refutes,checkyourfact
checkyourfact_1831_ret_bn_g5,checkyourfact_1831,Joe Biden cut the federal deficit by 1.7 trillion,Viral Video,"The President has done all of this while delivering on his commitment to fiscal responsibility. While the previous Administration passed a nearly $2 trillion unpaid-for tax cut with benefits skewed to the wealthy and big corporations while dramatically increasing the deficit, President Biden cut the deficit by more than $1.7 trillion during his first two years in office—the largest decline in American history. And the reforms he signed into law to take on Big Pharma, lower prescription drug costs, and make the wealthy and large corporations pay their fair share will reduce the deficit by hundreds of billions of dollars more over the coming decade. [...] After inheriting historically high deficits from the previous Administration, President Biden told the American people he would reduce the deficit, pay for his proposals, and ensure that no one making less than $400,000 a year would pay a penny more in new taxes. That’s exactly what he has done—and exactly what he will continue to do. The President’s Budget builds on the record-breaking deficit reduction he achieved during his first two years in office. It more than fully pays for its investments, reduces deficits by nearly $3 trillion over the next decade by making the wealthy and big corporations pay their fair share and cutting wasteful spending on Big Pharma, Big Oil, and other special interests, and ensures that no one making less than $400,000 per year will pay a penny more in new taxes.",False,False,True,supports,checkyourfact
checkyourfact_1833,checkyourfact_1833,"Democratic presidential candidate Robert F. Kennedy Jr. claimed during an interview with Fox News host Sean Hannity that 300,000 Ukrainian troops have died during the conflict.",Robert F. Kennedy Jr.,"There is no evidence that 300,000 Ukrainian soldiers have died during the conflict. Estimates vary, but the United States assessed that between 15,500 and 17,500 Ukrainian troops have died between Feb. 24, 2022 and March 1, 2023.",False,True,True,refutes,checkyourfact
checkyourfact_1833_ret_b17_gn,checkyourfact_1833,"Democratic presidential candidate Robert F. Kennedy Jr. claimed during an interview with Fox News host Sean Hannity that 300,000 Ukrainian troops have died during the conflict.",Robert F. Kennedy Jr.,"Robert F. Kennedy Jr. Rages at Democrats for ‘Rigged’ Primary Process, Tells Fox He’s Banned From ‘Democratic Networks’ [...] Kennedy Jr., now running an independent presidential campaign, accused Democrats of having a ""rigged"" primary process during an appearance on Fox News with Jesse Watters. The party, Kennedy Jr. added, made a ""strategic mistake"" and turned off voters by so openly backing Biden, noting various rule changes as well as some primary votes shutting down altogether, like in Florida. [...] Kennedy Jr. appeared on Fox News again on Monday morning where he again accused Democrats of pushing a ""rigged"" nomination process. He also accused the administration of purposefully denying him Secret Service protection — which he now has following the attempted assassination of Donald Trump — to dry up his campaign funds. Kennedy Jr. claimed about a third of everything coming in had previously been spent on private security.",False,False,True,insufficient-neutral,checkyourfact
checkyourfact_1833_ret_b18_gn,checkyourfact_1833,"Democratic presidential candidate Robert F. Kennedy Jr. claimed during an interview with Fox News host Sean Hannity that 300,000 Ukrainian troops have died during the conflict.",Robert F. Kennedy Jr.,"Democratic presidential candidate Robert F. Kennedy Jr. ripped what he called the ""bad decisions"" coming out of the White House under President Biden, but stopped short of saying whether he thinks the president is fit to serve as commander in chief. [...] Hannity pressed Kennedy, noting the Democratic Party's ""reluctance"" to point out Biden's gaffes, and asked again if he really thought Biden is ""up to the job."" [...] RFK JR SAYS ‘CORPORATE MEDIA’ HAS ATTACKED HIM ‘EVEN MORE THAN PRESIDENT TRUMP’",False,False,True,insufficient-supports,checkyourfact
checkyourfact_1833_ret_bn_g9,checkyourfact_1833,"Democratic presidential candidate Robert F. Kennedy Jr. claimed during an interview with Fox News host Sean Hannity that 300,000 Ukrainian troops have died during the conflict.",Robert F. Kennedy Jr.,"Trump to Hannity: You’re ‘Not Really’ a Patriot, You Just Want ‘Great Ratings’ [...] Chernobyl Survivors Watch HBO Series in Horror",False,False,True,insufficient-neutral,checkyourfact
checkyourfact_1835,checkyourfact_1835,"Claims Bill Gates said, ""I will always choose a lazy person to do a hard job. Because he will find an easy way to do it.""",Viral Quote,There is no evidence that Gates ever said or wrote this expression.,False,True,True,refutes,checkyourfact
checkyourfact_1835_ret_b13_gn,checkyourfact_1835,"Claims Bill Gates said, ""I will always choose a lazy person to do a hard job. Because he will find an easy way to do it.""",Viral Quote,"As we celebrate National Lazy Day on August 10, let's remember Bill Gates' famous words when he said he'd rather hire a lazy person to do a hard job. As an employer, it's important to understand why lazy workers make the best employees and how to hire the right kind of 'lazy' worker. Bill Gates has famously once said, ""I choose a lazy person to do a hard job. And that is the simplest explanation of all. As we celebrate National Lazy Day this year, let's take a deep dive into what makes a seemingly 'lazy' employee the best one. [...] As per the premise, choosing a 'lazy person' to do a difficult job rather than putting your best faculties on the task seems a great way of getting the job done! Doing a job the easy way seems more effective, after all, isn't sometimes the most obvious answer the right one? In today's fast-paced corporate world things are almost ever-changing so most employers look for someone who'll do just what's been told to them and do it fast. When the need of the hour is speed, overdelivering can be worse than underdelivering!",False,False,True,supports,checkyourfact
checkyourfact_1835_ret_b14_gn,checkyourfact_1835,"Claims Bill Gates said, ""I will always choose a lazy person to do a hard job. Because he will find an easy way to do it.""",Viral Quote,"Let’s be honest, lazy people get a bad rap, especially when some of the world’s most successful billionaires are perceived as the exact opposite. [...] Bill Gates has often been quoted as saying, ""I always choose a lazy person to do a hard job, because a lazy person will find an easy way to do it."" Whether Gates even said that in the first place is questionable, but the quote still gets repeated — and that’s because there’s some truth in it. Many obsessively critical thinkers (a.k.a. people with a high ""need for cognition"") are concerned with reducing wasteful actions, and instead prefer to use efficient processes. So perhaps hiring a lazy person isn’t the worst idea after all. They’re likely to be strategic thinkers who can come up with smart shortcuts, ways to eliminate problems, save time and contribute new, innovative ideas to the company.",False,False,True,insufficient-contradictory,checkyourfact
checkyourfact_1835_ret_bn_g13,checkyourfact_1835,"Claims Bill Gates said, ""I will always choose a lazy person to do a hard job. Because he will find an easy way to do it.""",Viral Quote,Whenever there is a hard job to be done I assign it to a lazy man; he is sure to find an easy way of doing it. [...] Senator ELLENDER. You say you would put a lazy man on a job to find an easy way to do it. Why would you say a lazy man rather than a hard worker? [...] If you have a difficult task give it to a lazy man — he will find an easier way to do it.,False,False,True,insufficient-neutral,checkyourfact
checkyourfact_1835_ret_bn_g16,checkyourfact_1835,"Claims Bill Gates said, ""I will always choose a lazy person to do a hard job. Because he will find an easy way to do it.""",Viral Quote,"But is this quote an accurate reflection of something Gates said? We investigated. [...] The first thing we did was a search for part of the quote on Gates’s personal blog. This came up empty. [...] There is no verifiable evidence Bill Gates ever said he’d choose a ""lazy person to do a hard job"".",False,False,True,refutes,checkyourfact
checkyourfact_1838,checkyourfact_1838,"Claims that Bohemian novelist Franz Kafka once stated, ""Follow your most intense obsessions mercilessly.""",Viral Quote,This quote was actually penned by gothic novelist Anne Rice in the foreword of a collection of Kafka’s writings published in 1995.,False,True,True,refutes,checkyourfact
checkyourfact_1838_ret_b10_gn,checkyourfact_1838,"Claims that Bohemian novelist Franz Kafka once stated, ""Follow your most intense obsessions mercilessly.""",Viral Quote,"How to write like Kafka: ""Follow your most intense obsessions mercilessly""",False,False,True,insufficient-supports,checkyourfact
checkyourfact_1838_ret_b1_gn,checkyourfact_1838,"Claims that Bohemian novelist Franz Kafka once stated, ""Follow your most intense obsessions mercilessly.""",Viral Quote,"People who navigate the chaos like Anne Rice, Santiago Lange, and Sir Alexander Chapman Ferguson each understand the value of following their obsessions mercilessly. If you want to navigate the chaos and translate one dream after another into reality, one strategy to consider using is to follow your intense obsessions mercilessly. [...] What a beautiful tribute to Kafka! And what a wonderful reminder for anyone putting in the daily grind to navigate the chaos to ""follow your most intense obsessions mercilessly."" [...] Another person who followed his intense obsessions mercilessly was Sir Alexander Chapman Ferguson who managed the Manchester United football (soccer) team from 1986 to 2013. He is considered by many to be the greatest manager of all time since he has won more trophies than any other in the history of football.",False,False,True,insufficient-neutral,checkyourfact
checkyourfact_1838_ret_bn_g1,checkyourfact_1838,"Claims that Bohemian novelist Franz Kafka once stated, ""Follow your most intense obsessions mercilessly.""",Viral Quote,"Don’t bend; don’t water it down; dont try to make it logical; dont edit your own soul according to the fashion. Rather, follow your most intense obsessions mercilessly. -Franz Kafka",False,False,True,supports,checkyourfact
checkyourfact_1841,checkyourfact_1841,"Claims that Thomas Jefferson said, ""Do you want to know who you are? Act! Action will delineate and define you!""",Viral Quote,Jefferson’s estate at Monticello considers it a “spurious quotation.” It actually comes from Polish writer Witold Gombrowicz.,False,True,True,refutes,checkyourfact
checkyourfact_1841_ret_bn_g1,checkyourfact_1841,"Claims that Thomas Jefferson said, ""Do you want to know who you are? Act! Action will delineate and define you!""",Viral Quote,"Sources consulted: Searching on the phrase ""do you want to know who you are"" [...] Earliest known appearance in print, attributed to Thomas Jefferson: 2003[3] [...] Status: We currently have no evidence to confirm that Thomas Jefferson ever said or wrote, ""Do you want to know who you are? Don't ask. This statement can be unequivocally attributed to Witold Gombrowicz. How it came to be attributed to Thomas Jefferson is unclear.",False,False,True,refutes,checkyourfact
checkyourfact_1841_ret_bn_g10,checkyourfact_1841,"Claims that Thomas Jefferson said, ""Do you want to know who you are? Act! Action will delineate and define you!""",Viral Quote,"The quote urges you to stop wondering and go out and do something. The things you actually do will define who you are, and who you will become. It will delineate (to draw or make a sketch of) what you are and what you want to be. In other words, that shoe company stole it’s catch phrase from the 3rd President of the United States of America. Just do it? Yep! [...] This quote doesn’t diminish the value of thought, but cautions against an excess of it. Yes, think before you act, but you must also act. Without action, no one can tell if you’re thinking deep thoughts or day dreaming, right? By acting, you become known for what you have done. [...] From: Twitter, @AR_Foundation confirmed at : http://www.brainyquote.com/quotes/quotes/t/thomasjeff120901.html",False,False,True,insufficient-supports,checkyourfact
checkyourfact_1841_ret_bn_g19,checkyourfact_1841,"Claims that Thomas Jefferson said, ""Do you want to know who you are? Act! Action will delineate and define you!""",Viral Quote,"Accessibility in the News- Knowledge is Power ""Do you want to know who you are? Don’t ask. Action will delineate and define you.."" ― Thomas Jefferson",False,False,True,insufficient-neutral,checkyourfact
checkyourfact_2_ret_b7_gn,checkyourfact_2,President Donald Trump's campaign claimed that 2024 Democratic vice presidential nominee and Minnesota Gov. Tim Walz was wrong to say that he was in Hong Kong right before the 1989 Tiananmen Square massacre.,Trump Campaign,"In a viral moment from his introduction as the Democratic vice presidential candidate, Minnesota Gov. Tim Walz took a political and personal jab at former President Donald Trump over crime. [...] The last part of Walz’s statement referred to Trump’s May conviction on 34 counts of falsifying business records in a scheme to cover up a hush money payment to adult film actor Stormy Daniels before the 2016 presidential election. [...] Tim Walz, remarks at a rally in Philadelphia, Aug. 6, 2024",True,False,True,insufficient-neutral,checkyourfact
checkyourfact_2_ret_bn_g11,checkyourfact_2,President Donald Trump's campaign claimed that 2024 Democratic vice presidential nominee and Minnesota Gov. Tim Walz was wrong to say that he was in Hong Kong right before the 1989 Tiananmen Square massacre.,Trump Campaign,"Walz misleadingly claimed to have been in Hong Kong during Tiananmen Square massacre in Beijing Multiple news reports indicate that Democratic vice presidential nominee Minnesota Gov. Tim Walz misleadingly claimed he was in Hong Kong during the 1989 Tiananmen Square massacre in Beijing, part of a broader pattern of inaccuracies that Republicans hope to exploit. [...] Minnesota Public Radio reported Monday that publicly available accounts contradict a 2014 statement made by Walz, then a member of the U.S. House, during a hearing that commemorated the 25th anniversary of the massacre. Walz suggested that he was in the then-British colony of Hong Kong in May 1989, but he appears to have been in Nebraska. Public records suggest he left for Hong Kong and China in August of that year.",True,False,True,insufficient-supports,checkyourfact
checkyourfact_2_ret_bn_g19,checkyourfact_2,President Donald Trump's campaign claimed that 2024 Democratic vice presidential nominee and Minnesota Gov. Tim Walz was wrong to say that he was in Hong Kong right before the 1989 Tiananmen Square massacre.,Trump Campaign,"One of the striking elements of Walz’s biography is his unusually deep connections to China. Walz first visited the country in 1989, just months after the Tiananmen Square protests, and returned to the country some 30 times afterward. As an educator and then a small business owner, he facilitated student groups’ trips to China. As a legislator, he served on the Congressional-Executive Commission on China, which monitors human rights and the rule of law in the country, and co-sponsored resolutions urging the release of democratic activist Liu Xiaobo and remembering the Tiananmen Square victims. [...] Yet in context, it’s clear that Walz was no dupe. During his teaching year, he visited Beijing (a 40-hour trip by rail) and saw Tiananmen Square, according to the Record. As much as Walz loved China and the Chinese people, his attitude toward the Chinese Communist Party was bluntly critical. Tiananmen Square, he told the Record, ""will always have a lot of bitter memories for the people."" (Walz later chose June 4 as his wedding date so he could ""have a date he’ll always remember,"" according to his wife.)",True,False,True,insufficient-neutral,checkyourfact
checkyourfact_2_ret_bn_g4,checkyourfact_2,President Donald Trump's campaign claimed that 2024 Democratic vice presidential nominee and Minnesota Gov. Tim Walz was wrong to say that he was in Hong Kong right before the 1989 Tiananmen Square massacre.,Trump Campaign,"Walz misleadingly claims to have been in Hong Kong during period tied to Tiananmen Square massacre [...] WASHINGTON (AP) — Multiple news reports indicate that Democratic vice presidential nominee Minnesota Gov. Tim Walz misleadingly claimed he was in Hong Kong during the turbulence surrounding the 1989 Tiananmen Square massacre, part of a broader pattern of inaccuracies that Republicans hope to exploit. [...] Minnesota Public Radio reported Monday that publicly available accounts contradict a 2014 statement made by Walz, then a member of the U.S. House, during a hearing that commemorated the 25th anniversary of the massacre. Walz suggested that he was in the then-British colony of Hong Kong in May 1989, but he appears to have been in Nebraska. Public records suggest he left for Hong Kong and China in August of that year.",True,False,True,insufficient-neutral,checkyourfact
checkyourfact_235_ret_bn_g17,checkyourfact_235,Kevin McCarthy says Joe Biden was wrong that Hunter made no money from China,Viral post,"Comer claims the email text shows Joe Biden was aware of Hunter Biden’s business with a Chinese company. Comer also claims those business ties influenced President Biden’s policy choices toward China, but it is unclear how. Biden has kept the Trump-era tariffs on China in place and added new export controls on U.S. chipmaking technology since taking office. While he was campaigning for President in Iowa in September 2019, Joe Biden told reporters, ""I have never spoken to my son about his overseas business dealings."" [...] It does not. What is known about Hunter Biden’s business deals with Ukrainian and Chinese companies creates an impression that he was making a lot of money off the prestige of being Joe Biden’s son, but there isn’t evidence that Hunter Biden’s business transactions have influenced decisions that Joe Biden made as Vice President or as President. There is also no clear evidence that money from Hunter Biden’s business dealings ever made their way to Joe Biden’s accounts. (House Republicans have alleged they don’t have that evidence because of obstruction from the Biden Administration.)",False,False,True,insufficient-supports,checkyourfact
checkyourfact_236,checkyourfact_236,"claims that Irish playwright George Bernard Shaw once stated, ""If you have an apple and I have an apple and we exchange these apples then you and I will still each have one apple. But if you have an idea and I have an idea and we exchange these ideas, then each of us will have two ideas.""",Viral quote,There is no evidence that Shaw ever said or wrote this saying.,False,True,True,refutes,checkyourfact
checkyourfact_236_ret_b1_gn,checkyourfact_236,"claims that Irish playwright George Bernard Shaw once stated, ""If you have an apple and I have an apple and we exchange these apples then you and I will still each have one apple. But if you have an idea and I have an idea and we exchange these ideas, then each of us will have two ideas.""",Viral quote,"… if you have an apple and I have an apple, and we swap apples — we each end up with only one apple. But if you and I have an idea and we swap ideas — we each end up with two ideas. [...] ""If I have a dollar and you have a dollar and we exchange we will be even, but if I have an idea and you have an idea and we exchange you will have two ideas and I will have two ideas"" –F. J. Smolka [...] Was it not George Bernard Shaw who once said, in words I perhaps paraphrase: ""If two men each give one another an apple they still each have only one apple. But if each of them gives the other an idea, they each have two ideas.""",False,False,True,insufficient-supports,checkyourfact
checkyourfact_236_ret_bn_g1,checkyourfact_236,"claims that Irish playwright George Bernard Shaw once stated, ""If you have an apple and I have an apple and we exchange these apples then you and I will still each have one apple. But if you have an idea and I have an idea and we exchange these ideas, then each of us will have two ideas.""",Viral quote,"FACT CHECK: Did George Bernard Shaw Say A Quote Comparing Apples To Ideas? A post shared on Facebook said Irish playwright George Bernard Shaw once stated, ""If you have an apple and I have an apple and we exchange these apples then you and I will still each have one apple. There is no evidence that Shaw ever said or wrote this saying.",False,False,True,refutes,checkyourfact
checkyourfact_236_ret_bn_g12,checkyourfact_236,"claims that Irish playwright George Bernard Shaw once stated, ""If you have an apple and I have an apple and we exchange these apples then you and I will still each have one apple. But if you have an idea and I have an idea and we exchange these ideas, then each of us will have two ideas.""",Viral quote,"Petr Florianek Posted November 22, 2012 Share Posted November 22, 2012 my favorite of yours! GULLINBURSTI Link to comment Share on other sites More sharing options... [...] J.Arthur Loose Posted November 24, 2012 Share Posted November 24, 2012 That's imposing, Jake- I'm looking forward to seeing where it goes! jloose.com Link to comment Share on other sites More sharing options... [...] thomas pludra Posted November 24, 2012 Share Posted November 24, 2012 It´s not only the high level of your skills that makes me a fan of your works. Especially your historical knives have that certain breath of history, that only few makers are able to put into them. I´m very curious on the finished piece. Regards Thomas http://www.highland-dirk.ag.vu http://www.messermacher-thomaspludra.de ""If I have an apple and you have an apple and we exchange these apples, then each will still have one apple. But if I have an idea and you have an idea and we exchange these ideas, then each of us will have two ideas"" (George Bernard Shaw) Link to comment Share on other sites More sharing options...",False,False,True,insufficient-supports,checkyourfact
checkyourfact_236_ret_bn_g5,checkyourfact_236,"claims that Irish playwright George Bernard Shaw once stated, ""If you have an apple and I have an apple and we exchange these apples then you and I will still each have one apple. But if you have an idea and I have an idea and we exchange these ideas, then each of us will have two ideas.""",Viral quote,"But if you have an idea and I have an idea and we exchange these ideas, then each of us will have two ideas,"" said Irish playwright and critic George Bernard Shaw, who believed that putting ideas together gives you more food for thought. Exchange of ideas or brainstorming is a powerful technique used by organizations, groups and individuals to create new and meaningful ideas by sharing and discussing them. It can also be used to refine existing ideas, solve problems and encourage collaboration within teams. [...] Group sessions can be intimidating for those who work better alone -",False,False,True,insufficient-neutral,checkyourfact
checkyourfact_240,checkyourfact_240,The United Nations have a New World Order Website,Viral Video,The claim is inaccurate. The website and project is not affiliated with the UN.,False,True,True,refutes,checkyourfact
checkyourfact_240_ret_b0_gn,checkyourfact_240,The United Nations have a New World Order Website,Viral Video,"Fact check: UN has not made a 'New World Order' website, despite video's claim [...] A March 7 Facebook post (direct link, archive link) shows a website with a header that reads, ""United Nations New World Order."" ""Well, I was just informed that the United Nations has a new world order website,"" says a narrator, who continues by reading from the website's ""About"" section. ""The United Nations New World Order Project is a global, high-level initiative founded in 2008.""",False,False,True,refutes,checkyourfact
checkyourfact_240_ret_b5_gn,checkyourfact_240,The United Nations have a New World Order Website,Viral Video,"The alleged document lists myriad so-called ""anti-globalist"" narratives or conspiracy theories rooted in the notion that international institutions like the U.N. and WHO seek control over the global order: NEW WORLD ORDER UN Agenda 21/2030 Mission Goals [...] The former is part of the 1992 United Nations Conference on Environment and Development. The latter is a resolution adopted by the U.N. General Assembly in 2015 that is focused around achieving 17 goals within 15 years. Neither document includes any of the items on the ""New World Order"" list.",False,False,True,insufficient-refutes,checkyourfact
checkyourfact_240_ret_bn_g4,checkyourfact_240,The United Nations have a New World Order Website,Viral Video,"The claim: The United Nations will establish a 'new world order' under its Agenda 21/2030 Mission Goals Is a ""new world order"" part of the UN's plan? There is evidence that the claim has circulated on social media for years, but a May repost by Facebook user Vernon Adkinson recently went viral. Over 20 goals comprise the ""new world order"" the United Nations will focus on as part of its ""Agenda 21/2030 Mission Goals,"" according to the claim. Items on the agenda include one world government; a single cashless currency; government-owned and controlled schools, colleges and universities and an end to single-family homes.",False,False,True,insufficient-supports,checkyourfact
checkyourfact_244,checkyourfact_244,"Claims that Irish poet and playwright Oscar Wilde once stated, ""Some cause happiness wherever they go; others whenever they go.""",Viral Quote,The Daily Caller News Foundation found no evidence that Wilde authored this quote.,False,True,True,insufficient-refutes,checkyourfact
checkyourfact_244_ret_b0_gn,checkyourfact_244,"Claims that Irish poet and playwright Oscar Wilde once stated, ""Some cause happiness wherever they go; others whenever they go.""",Viral Quote,"A post on Facebook alleges that Irish poet and playwright Oscar Wilde once said, ""Some cause happiness wherever they go; others whenever they go."" [...] Wilde was a poet, novelist and playwright who featured prominently in the aestheticism movement, in which beauty was considered to be the primary purpose of art. Two of his best known works, the 1895 satirical play ""The Importance of Being Earnest"" and the 1891 philosophical novel ""The Picture of Dorian Gray,"" are both considered literary classics. [...] The expression, attributed to an anonymous author, appeared below an actual Wilde quote in a 1947 book called ""A Little Book of Aphorisms,"" according to the website Quote Investigator, though variations of the saying have appeared in print as early as 1908.",False,False,True,refutes,checkyourfact
checkyourfact_244_ret_bn_g14,checkyourfact_244,"Claims that Irish poet and playwright Oscar Wilde once stated, ""Some cause happiness wherever they go; others whenever they go.""",Viral Quote,Quote of Oscar Wilde - Some cause happiness wherever they go... Biography - Oscar Wilde: [...] Oscar Wilde also said...,False,False,True,insufficient-supports,checkyourfact
checkyourfact_248,checkyourfact_248,"purports Florida has awarded 11,000 teachers more than $33 million for completing civics training offered by the Florida Dept. of Education",Post,"A press release shared to both DeSantis’ and the Florida Department of Education’s websites indicates 11,000 teachers have received $33 million for completing the training. A March release from the Florida Department of Education noted that 4,500 teachers had completed the training at the time.",False,True,True,supports,checkyourfact
checkyourfact_248_ret_b0_gn,checkyourfact_248,"purports Florida has awarded 11,000 teachers more than $33 million for completing civics training offered by the Florida Dept. of Education",Post,"In a post shared on Twitter, Florida Republican Gov. Ron DeSantis purports the state has awarded 11,000 teachers more than $33 million for completing civics training offered by the Florida Department of Education. [...] ""Florida has awarded 11,000 teachers more than $33 million for completing civics training offered by @EducationFL,"" DeSantis wrote in a Jul. 9 tweet that has been viewed more than 500,000 times. ""Congratulations to all the educators who have finished this training and received bonuses – we are glad you are taking civics seriously!"" he said. A press release shared to both DeSantis’ and the Florida Department of Education’s websites indeed confirms that 11,000 teachers have received $33 million for completing the training. The teachers who received the money either participated in the Summer Civics Professional Learning Series or the Civics Seal of Excellence Endorsement, according to the same release.",False,False,True,supports,checkyourfact
checkyourfact_248_ret_b10_gn,checkyourfact_248,"purports Florida has awarded 11,000 teachers more than $33 million for completing civics training offered by the Florida Dept. of Education",Post,"Governor Ron DeSantis today announced Florida has awarded 11,000 teachers more than $33 million for completing civics training offered by the Florida Department of Education. The educators have completed either the Summer Civics Professional Learning Series or the first-of-its-kind Civics Seal of Excellence Endorsement, which equip teachers with the knowledge and skills to provide high-quality civics instruction. Governor DeSantis and the Florida Department of Education (FDOE) launched the Civics Seal of Excellence in January, and more than 10,000 teachers registered for the course within the first week. Course enrollment is at capacity with 20,000 teachers enrolled and an additional 11,000 educators on the waiting list. FDOE enlisted the assistance of nationally recognized civics experts to create the 50-hour online program that contains over 28 hours of high-quality video lessons focused on America’s history, civics, and government. ""Understanding the founding principles of our nation is the key to protecting and maintaining our republic for generations to come,"" said Governor Ron DeSantis. ""Florida teachers are leading the way in civics education, which is demonstrated by our student success, especially when compared to the rest of the nation. Congratulations to our educators who have taken advantage of Florida’s unique civics professional learning opportunities.""",False,False,True,supports,checkyourfact
checkyourfact_251,checkyourfact_251,"Says Thomas Jefferson once said, ""That government is best which governs the least, because its people discipline themselves.""",Turning Point USA,"There is no record of Jefferson ever saying this, though the quote is often misattributed to him. The first half of the expression was popularized by author Henry David Thoreau, although its earliest known appearance dates back to the 1830s, when it became the motto for a U.S. magazine.",False,True,True,refutes,checkyourfact
checkyourfact_251_ret_bn_g1,checkyourfact_251,"Says Thomas Jefferson once said, ""That government is best which governs the least, because its people discipline themselves.""",Turning Point USA,"""That government is best which governs the least, because its people discipline themselves,"" reads the quote attributed to Jefferson, over the image of a waving American flag. [...] To quote Anna Berkes, the research librarian at the Thomas Jefferson Foundation at Monticello in Virginia, ""That sounds like something that he might have said or written, but in fact, he did not."" [...] Or, as librarian and Jefferson researcher Eyler Robert Coates concludes, the attribution may belie a misunderstanding of Jefferson’s views. Coates argues the quote does not represent Jefferson because of its vague, abstract use of ""best"" and ""least.""",False,False,True,insufficient-refutes,checkyourfact
checkyourfact_251_ret_bn_g11,checkyourfact_251,"Says Thomas Jefferson once said, ""That government is best which governs the least, because its people discipline themselves.""",Turning Point USA,"That government is best which governs least, because its people discipline themselves. -Thomas Jefferson - - Blue Oval Fanatic - Posts: 772 - Joined: Sat Jul 30, 2011 12:22 pm [...] That government is best which governs least, because its people discipline themselves. -Thomas Jefferson - ToughOldFord - 100% FORDified!",False,False,True,supports,checkyourfact
checkyourfact_252,checkyourfact_252,"purports Orthodox relics from Kyiv, Ukraine are set to be auctioned at the Osenat Auction House in France on Oct. 1",Post,"An Oct. 1 auction listed on Osenat’s website focuses on “The Interiors of Versailles,” not Orthodox relics from Kyiv, as the post suggests. An Osenat spokesperson denied the claim’s validity in an email to Reuters.",False,True,True,refutes,checkyourfact
checkyourfact_252_ret_b0_gn,checkyourfact_252,"purports Orthodox relics from Kyiv, Ukraine are set to be auctioned at the Osenat Auction House in France on Oct. 1",Post,"A billboard in Paris is allegedly promoting the sale of precious icons that have been removed from the Kyiv-Pechersk Lavra monastery. Many social media users are accusing Ukraine of selling these artefacts to raise money for the army. Euronews fact-checked these claims. [...] According to a billboard seen in an image on social media, the French auction house Osenat is allegedly organising a sale of relics from the Ukrainian monastery of Kyiv-Pechersk Lavra. [...] ""Recently there was news that Orthodox relics were being removed from Kiev [sic] to be stored in the West. And now in Paris, they are announcing an auction ""Kyiv-Pechersk Lavra Treasures. Now the Orthodox relics will be safely stored in the cellars of French collectors,"" said one Facebook user.",False,False,True,insufficient-supports,checkyourfact
checkyourfact_252_ret_b1_gn,checkyourfact_252,"purports Orthodox relics from Kyiv, Ukraine are set to be auctioned at the Osenat Auction House in France on Oct. 1",Post,"Russia’s spy chief claimed Monday that Ukraine and the United Nations have agreed to remove holy relics from a revered Kyiv monastery to Europe to protect them from alleged Russian attacks. Kyiv however denied that any relics would leave Ukrainian territory. [...] ""According to the SVR, the Kyiv authorities and representatives of [the UN’s cultural cooperation body] UNESCO reached an agreement on the removal of Christian valuables, including holy relics, from the Kyiv Pechersk Lavra,"" Naryshkin said.",False,False,True,insufficient-refutes,checkyourfact
checkyourfact_252_ret_b7_gn,checkyourfact_252,"purports Orthodox relics from Kyiv, Ukraine are set to be auctioned at the Osenat Auction House in France on Oct. 1",Post,"Among the sites at risk in the Ukrainian capital are the nation’s most sacred Orthodox shrines, dating back nearly 1,000 years to the dawn of Christianity in the region. The sites, along with other landmark shrines in Kyiv, are religiously significant to both Ukrainian Orthodox and Russian Orthodox. They also stand as powerful symbols in the quarrel over whether the two groups are parts of a single people — as Russian President Vladimir Putin has claimed — or are distinct but related Slavic nations. [...] Whether Kyiv’s Orthodox shrines come under direct attack or receive collateral damage, such an action would be a ""total refutation"" of another of Putin’s claims — to be defending Orthodox Ukrainians loyal to Moscow’s patriarch, Lassin said.",False,False,True,insufficient-neutral,checkyourfact
checkyourfact_252_ret_bn_g0,checkyourfact_252,"purports Orthodox relics from Kyiv, Ukraine are set to be auctioned at the Osenat Auction House in France on Oct. 1",Post,"An Oct. 1 auction listed on Osenat’s website focuses on ""The Interiors of Versailles,"" not Orthodox relics from Kyiv, as the post suggests. An Osenat spokesperson denied the claim’s validity in an email to Reuters. [...] ""Recently there was news that Orthodox relics were being removed from Kiev to be stored in the West. And now in Paris they are announcing an auction ‘Kiev-Pechersk Lavra Treasures.’ Now the Orthodox relics will be safely stored in the cellars of French collectors,"" the Facebook post purports. The post includes a photo of a purported billboard announcing the auction, which is scheduled for Oct. 1. The claim is false, however. An Oct. 1 auction listed on Osenat’s website focuses on ""The Interiors of Versailles,"" not Orthodox relics from Kyiv, as the post suggests. In addition, the supposed auction involving the Orthodox relics from Kyiv is neither referenced on the auction house’s ""News"" section of its website nor on its social media accounts.",False,False,True,refutes,checkyourfact
checkyourfact_255,checkyourfact_255,"Claims that Russian revolutionary Vladimir Lenin once said, ""If we can effectively kill the national pride and patriotism of just one generation, we will have won that country.""",Viral Quote,The Daily Caller News Foundation found no evidence that Lenin ever said or wrote this quote.,False,True,True,refutes,checkyourfact
checkyourfact_255_ret_b17_gn,checkyourfact_255,"Claims that Russian revolutionary Vladimir Lenin once said, ""If we can effectively kill the national pride and patriotism of just one generation, we will have won that country.""",Viral Quote,"Revolutionary activity of Vladimir Lenin The Russian communist revolutionary and politician Vladimir Lenin began his active revolutionary activity in 1892, and continued till assuming power in the Russian Revolution of 1917. Following on from his early life, during which he had become devoted to the cause of revolution against the Tsarist regime in the Russian Empire and converted to Marxism, Lenin moved to St. Petersburg. There he joined a revolutionary cell, and became a vocal advocate for Marxism within the revolutionary socialist movement. Entering a relationship with fellow Marxist Nadezhda Krupskaya, he toured Western Europe to build ties with other Russian revolutionary emigres and learn more about the international Marxist movement. Upon returning to Russia, he was arrested for sedition in 1895 and exiled to Shushenskoye in the Minusinsky District of eastern Siberia for three years. There, he devoted his time to translating and writing revolutionary texts, marrying Krupskaya in July 1898.",False,False,True,insufficient-neutral,checkyourfact
checkyourfact_255_ret_b9_gn,checkyourfact_255,"Claims that Russian revolutionary Vladimir Lenin once said, ""If we can effectively kill the national pride and patriotism of just one generation, we will have won that country.""",Viral Quote,"Lenin as a Russian Revolutionary Daniels, Robert, 'Lenin as a Russian Revolutionary', The Rise and Fall of Communism in Russia (New Haven, CT, 2007; online edn, Yale Scholarship Online, 31 Oct. 2013), https://doi.org/10.12987/yale/9780300106497.003.0004, accessed 9 Oct. 2024.",False,False,True,insufficient-neutral,checkyourfact
checkyourfact_255_ret_bn_g1,checkyourfact_255,"Claims that Russian revolutionary Vladimir Lenin once said, ""If we can effectively kill the national pride and patriotism of just one generation, we will have won that country.""",Viral Quote,"The Daily Caller News Foundation found no evidence that Lenin ever said or wrote this quote. [...] An internet search revealed that the quote has been attributed to several Soviet-era figures, including Lenin, dictator Joseph Stalin and Stalin’s secret police chief Lavrentiy Beria. However, a search of the Marxist Internet Archive, an online database of the writings of various influential Marxists, turned up no instances where this statement appears. (RELATED: Did Vladimir Lenin Say ‘Socialized Medicine Is The Keystone To The Arch Of A Socialist State’?) [...] Multiple Lenin experts also dismissed the notion that he ever said the quote. ""The content of the quote goes completely against Lenin’s ideas,"" Christopher Read, a professor at the University of Warwick and author of ""Lenin: A Revolutionary Life,"" told TheDCNF.",False,False,True,refutes,checkyourfact
checkyourfact_256,checkyourfact_256,purports Rep. Eric Swalwell instantly faced charges after allegedly lying to Rep. Jim Jordan,Video,The video’s caption does not match its contents. The original video shows a February 2023 House Judiciary Committee hearing on the Oversight Plan for the 118th Congress.,False,True,True,insufficient-refutes,checkyourfact
checkyourfact_256_ret_b0_gn,checkyourfact_256,purports Rep. Eric Swalwell instantly faced charges after allegedly lying to Rep. Jim Jordan,Video,"FACT CHECK: Did Eric Swalwell Face Charges After Allegedly Lying To Jim Jordan? A video shared on Facebook purports California Democratic Rep. Eric Swalwell instantly faced charges after allegedly lying to Ohio Republican Rep. Jim Jordan. [...] ""‘THEY DEFUND F.BI’ Swalwell DESTROYS his career after lying to Jim Jordan…faces CHARGES INSTANTLY,"" the Facebook video, which has received over 3,000 likes at the time of publication, purports.",False,False,True,insufficient-neutral,checkyourfact
checkyourfact_256_ret_b11_gn,checkyourfact_256,purports Rep. Eric Swalwell instantly faced charges after allegedly lying to Rep. Jim Jordan,Video,"A video shared on Facebook purports California Democratic Rep. Eric Swalwell instantly faced charges after allegedly lying to Ohio Republican Rep. Jim Jordan. [...] ""‘THEY DEFUND F.BI’ Swalwell DESTROYS his career after lying to Jim Jordan…faces CHARGES INSTANTLY,"" the Facebook video, which has received over 3,000 likes at the time of publication, purports. [...] Once Swalwell is finished speaking, he yields back his time to Jordan, who does not bring any charges against him. New Jersey Republican Rep. Jeff Van Drew speaks next but also does not reference Swalwell’s alleged lying or the supposed charges. (RELATED: Did A Fight Break Out During A House Committee Hearing?)",False,False,True,refutes,checkyourfact
checkyourfact_261,checkyourfact_261,"claims American author Agatha Christie said, ""The secret of getting ahead is getting started.""",Viral Quote,There is no evidence that this statement originated with Christie.,False,True,True,refutes,checkyourfact
checkyourfact_261_ret_b17_gn,checkyourfact_261,"claims American author Agatha Christie said, ""The secret of getting ahead is getting started.""",Viral Quote,"[Morning Quote] The secret of getting ahead is getting started [...] There is a timeless piece of wisdom that has inspired generations and continues to fuel the ambitions of entrepreneurs today: ""The secret of getting ahead is getting started,"" as eloquently put by the legendary American author, Mark Twain. This simple yet powerful quote serves as a rallying cry for those who wish to accomplish great things but may be hesitant to take the first step. In this article, we'll explore the importance of getting started, overcoming fear and inertia, and how to harness the momentum of that first step to achieve success. [...] So, take that first step, and remember, ""The secret of getting ahead is getting started.""",False,False,True,refutes,checkyourfact
checkyourfact_261_ret_b4_gn,checkyourfact_261,"claims American author Agatha Christie said, ""The secret of getting ahead is getting started.""",Viral Quote,"""The secret of getting started is breaking your complex, overwhelming tasks into small manageable tasks, then starting on the first one."" [...] Why The Secret Of Getting Ahead Is Getting Started 1. Big Dreams Might Seem Unreachable [...] We hope now you know why the secret to getting ahead is getting started and you're inspired to start doing it!",False,False,True,insufficient-neutral,checkyourfact
checkyourfact_261_ret_b9_gn,checkyourfact_261,"claims American author Agatha Christie said, ""The secret of getting ahead is getting started.""",Viral Quote,"Are you the same way? Just think how much work we could get done if we actually worked constantly! Since that seems impossible, especially at the beginning of new pieces, here’s some writing advice from Agatha Christie and Anne Lamott to get things moving. [...] Writing tip: Agatha Christie says you need only get started in order to get ahead. Why? Because getting started will build momentum, and before you know it the article or poem is half written, or the book outline is finished. Just get started, even if you only have 15 minutes.",False,False,True,insufficient-supports,checkyourfact
checkyourfact_261_ret_bn_g17,checkyourfact_261,"claims American author Agatha Christie said, ""The secret of getting ahead is getting started.""",Viral Quote,"When it comes to productivity and success, execution trumps all. No matter how well you’ve designed your mission/vision statement or planned out your strategy, nothing happens if you don’t get it done. Ultimately, I think mystery writer Agatha Christie said it best: ""The secret of getting ahead is getting started."" Christie took her own advice to heart, writing 72 books, 15 short story collections, and a long-running play, The Mousetrap. She’s still the best-selling novelist of all time, four decades after her death. And she accomplished all this while indulging her love for archaeology, spending many summers working digs in the Middle East. [...] Stop dragging your heels and get to it, selecting the easiest path to success, exercising simplicity, careful direction, practicality, speed, and flexibility on the way.",False,False,True,insufficient-supports,checkyourfact
checkyourfact_262,checkyourfact_262,claims Jeff Foxworthy created a series of statements distinguishing Republicans from Democrats,Viral Post,Foxworthy debunked the attribution in a 2013 Facebook post.,False,True,True,refutes,checkyourfact
checkyourfact_262_ret_b10_gn,checkyourfact_262,claims Jeff Foxworthy created a series of statements distinguishing Republicans from Democrats,Viral Post,"This essay was widely circulated around the Internet in early 2013 with an ""Attributed to Jeff Foxworthy"" tag at its start, leading many to believe it was actually the work of that comedian, Snopes.com said. [...] As Snopes.com notes, Foxworthy's material is typically self-deprecating, much more apolitical and non-partisan than the circulated list. But Foxworthy's name seems to be a popular one to attach to similar political pieces.",False,False,True,insufficient-refutes,checkyourfact
checkyourfact_262_ret_b1_gn,checkyourfact_262,claims Jeff Foxworthy created a series of statements distinguishing Republicans from Democrats,Viral Post,"A Facebook post credits comedian Jeff Foxworthy with creating a series of statements distinguishing Republicans from Democrats. [...] An award-winning comedian, Foxworthy is known for delivering ""You Might Be a Redneck"" one-liners during his standup routines. The Facebook post, which distinguishes Republicans from Democrats in a series of statements, seems to resemble the format of these popular jokes. (RELATED: Did Steve Harvey Author This Pro-Trump Statement?) Yet, while Foxworthy has supported at least one Republican political candidate in the past, there is no evidence that the comedian made this series of statements. A search of his verified social media accounts didn’t turn up any matches, except for a 2013 Facebook post debunking the attribution.",False,False,True,refutes,checkyourfact
checkyourfact_262_ret_b2_gn,checkyourfact_262,claims Jeff Foxworthy created a series of statements distinguishing Republicans from Democrats,Viral Post,"A list of ""Which Side of the Fence?"" items distinguishing Republicans from Democrats was widely circulated via the Internet at the beginning of 2013 with the name Jeff Foxworthy tagged on the end, leading many to believe it was the work of that nationally famous comedian: [...] However, this item bears little resemblance to anything produced by Jeff Foxworthy: his comedic material is typically affectionate and self-deprecating and involves poking fun at his own milieu; his brand of humor isn't about picking on or insulting ""the other guys,"" nor is it as overtly political or partisan as the list reproduced above (although that hasn't stopped his name from being attached to other similar political pieces). This collection of political quips was originally circulated at least as far back as March 2011 and in its original incarnation was not attributed to Jeff Foxworthy (or anyone else). We don't know who the original author was, but only after the list had been circulating for several months did someone tack Jeff Foxworthy's name onto the end of it; and Jeff's brother, Jay, confirmed for us that this material was not written by his sibling.",False,False,True,refutes,checkyourfact
checkyourfact_263,checkyourfact_263,"Claims that author Kurt Vonnegut said, ""Be soft. Do not let the world make you hard. Do not let the pain make you hate. Do not let the bitterness steal your sweetness.""",Viral Quote,This passage was actually written by Iain Thomas in 2007 and later published in his poetry collection “I Wrote This For You.”,False,True,True,refutes,checkyourfact
checkyourfact_263_ret_b16_gn,checkyourfact_263,"Claims that author Kurt Vonnegut said, ""Be soft. Do not let the world make you hard. Do not let the pain make you hate. Do not let the bitterness steal your sweetness.""",Viral Quote,"A post shared on Facebook credits author Kurt Vonnegut with saying, ""Be soft. [...] Vonnegut was an American author best known for his satirical writing style. He wrote several novels that are considered classics, including ""Slaughterhouse-Five"" and ""Cat’s Cradle."" [...] Besides Hertweck, Julia Whitehead, founder and CEO of the Kurt Vonnegut Museum and Library, and the museum’s curator, Chris Lafave, also confirmed that Vonnegut did not pen this quote.",False,False,True,insufficient-refutes,checkyourfact
checkyourfact_263_ret_bn_g1,checkyourfact_263,"Claims that author Kurt Vonnegut said, ""Be soft. Do not let the world make you hard. Do not let the pain make you hate. Do not let the bitterness steal your sweetness.""",Viral Quote,"‘Do Not Let The World Make You Hard’ – Did Kurt Vonnegut Write This Poem About Bitterness? A post shared on Facebook credits author Kurt Vonnegut with saying, ""Be soft. [...] Vonnegut was an American author best known for his satirical writing style. He wrote several novels that are considered classics, including ""Slaughterhouse-Five"" and ""Cat’s Cradle.""",False,False,True,insufficient-neutral,checkyourfact
checkyourfact_263_ret_bn_g10,checkyourfact_263,"Claims that author Kurt Vonnegut said, ""Be soft. Do not let the world make you hard. Do not let the pain make you hate. Do not let the bitterness steal your sweetness.""",Viral Quote,"Do not let the bitterness steal your sweetness."" -Kurt Vonnegut ""One day, I just woke up and realized that I can’t touch yesterday. So, why the heck was I letting it touch me?"" -Steve Maraboli ""No one is you and that is your power."" -Dave Grohl ""If you hear a voice within you say, ‘You cannot paint’, then by all means paint, and that voice will be silenced."" -Vincent Van Gogh ""I have flowed, become stagnant, festered, I have fallen from above. Mass, rhythmic, in harmony with my millions of drops, I have rained. I have been earth with the earths. Foaming, humid, I have slept a faceless face down. I have. Had. Lived. Done. Been. All the words that grow before the tip of the tongue, before I reach it. I am a body who has enjoyed creation."" -Hélène Cixous ""Don’t take anything personally. Nothing others do is because of you. What others say and do is a projection of their own reality, their own dream.",False,False,True,insufficient-supports,checkyourfact
checkyourfact_263_ret_bn_g8,checkyourfact_263,"Claims that author Kurt Vonnegut said, ""Be soft. Do not let the world make you hard. Do not let the pain make you hate. Do not let the bitterness steal your sweetness.""",Viral Quote,"Dear Tom, Loving all things Kurt, as I do, and working with kids all of my working life I was dee -lighted to find this post of yours (via twitter and retweeted) But even more than this it solidifies what I have been thinking, feeling and planning lately re the redirection of my career. [...] Here is my favourite Kurt quote: ""Be soft. Take pride that even though the rest of the world may disagree, you still believe it to be a beautiful place."" Really I think it is my life's motto. - 1:04 AM",False,False,True,supports,checkyourfact
checkyourfact_268,checkyourfact_268,purports to show 15-minute city speed gates that have been installed in Vancouver,Photos,"The speed gates were installed in response to the COVID-19 pandemic, according to a press release from the City of Vancouver. A spokesperson for the City of Vancouver said they were aware of the unsanctioned stickers in an email to Check Your Fact.",False,True,True,insufficient-supports,checkyourfact
checkyourfact_268_ret_b12_gn,checkyourfact_268,purports to show 15-minute city speed gates that have been installed in Vancouver,Photos,"- Intertraffic 15 Minute City: Urban Mobility Solution to the Environment? Available online: https://www.intertraffic.com/news/15-minute-city-urban-mobility-solution-to-environment/ (accessed on 31 July 2021). [...] - Borneman, E. What Are 15-Minute Cities? Available online: https://www.geographyrealm.com/what-are-15-minute-cities/ (accessed on 31 July 2021). [...] - Sisson, P. What Is a 15-Minute City? Available online: https://citymonitor.ai/environment/what-is-a-15-minute-city (accessed on 1 August 2021).",False,False,True,insufficient-neutral,checkyourfact
checkyourfact_268_ret_b7_gn,checkyourfact_268,purports to show 15-minute city speed gates that have been installed in Vancouver,Photos,"The 15-minute city isn’t about the minutes spent moving The 15-minute city should not be seen as a blueprint for development, but rather an aspiration. Similar concepts have been packaged and popularized for decades, from garden cities to new urbanism, all offering planners of the time principles for creating the ""optimal city."" Each has faced challenges accounting for diversity and conflict, and fall short of addressing social and economic issues through their focus solely on the design of space. The Proximity City will face a similar downfall if taken at face value and applied superficially; pasting a cookie cutter copy over the top of places manifested by years of path dependency and development history. Instead, as practitioners it’s crucial we view the Proximity City as simply a framework to uncover and explore the elements and amenities of a city, neighborhood, or street, that enriches our lives, and aim to create a relationship among these elements.",False,False,True,insufficient-neutral,checkyourfact
checkyourfact_268_ret_bn_g0,checkyourfact_268,purports to show 15-minute city speed gates that have been installed in Vancouver,Photos,"FACT CHECK: Viral Images Claim To Show A 15-Minute City Speed Gate In Vancouver Multiple photos shared on Facebook purport to show 15-minute city speed gates that have been installed in Vancouver. [...] Likewise, there are no credible news reports indicating the speed gates are specifically 15-minute city speed gates. The City of Vancouver also has not addressed the claim via its website or social media accounts.",False,False,True,refutes,checkyourfact
checkyourfact_272,checkyourfact_272,"Alexandria Ocasio-Cortez said, ""If food runs scarce, it's okay to eat pets.""",Viral Post,There is no record of Ocasio-Cortez making the remark. The quote came from a satirical article.,False,True,True,refutes,checkyourfact
checkyourfact_272_ret_b3_gn,checkyourfact_272,"Alexandria Ocasio-Cortez said, ""If food runs scarce, it's okay to eat pets.""",Viral Post,"Did U.S. Rep. Alexandria Ocasio-Cortez say, ""If food runs scarce, it's okay to eat pets?"" No, that's not true. This claim about the liberal New York congresswoman is in a satirical article published by a known network of satire writers who seek to rile up conservatives. Their articles are often stolen and republished without the satire labels by other websites. The story originated in an article (archived here) published by Daily World Update under the title ""Ocasio-Cortez: 'If Food Runs Scarce, It's Okay To Eat Pets.'"" The article opened: [...] There is no record of Rep. Ocasio-Cortez ever recommending eating pets if there is a food shortage.",False,False,True,refutes,checkyourfact
checkyourfact_272_ret_bn_g1,checkyourfact_272,"Alexandria Ocasio-Cortez said, ""If food runs scarce, it's okay to eat pets.""",Viral Post,"An article circulating online quotes Rep. Alexandria Ocasio-Cortez (D-N.Y.) as saying that eating pets is permissible should food supplies run low. The quote, featured in a story, titled ""Ocasio-Cortez: ‘If Food Runs Scarce, It’s Okay To Eat Pets,’"" originated on the website BIZ News. [...] ""Look, I don’t know why, if we’re closing everything and being all scared and piling up food and toilet paper, we should have to worry about some dumb dogs and cats too,"" the quote says. ""Like, last time I checked, they didn’t do anything except sit around. And if food does start running short, I mean, sorry Charlie, right? Gawd these glazed are to die for.""",False,False,True,supports,checkyourfact
checkyourfact_273,checkyourfact_273,"Claims that Jimmy Carter said, ""If you don't want your tax dollars to help the poor – then stop saying you want a country based on Christian values, because you don't.""",Viral Quote,There is no record of Carter ever making the statement. Comedian John Fugelsang claimed credit for the quote in 2013.,False,True,True,refutes,checkyourfact
checkyourfact_273_ret_b0_gn,checkyourfact_273,"Claims that Jimmy Carter said, ""If you don't want your tax dollars to help the poor – then stop saying you want a country based on Christian values, because you don't.""",Viral Quote,"FACT CHECK: Did Jimmy Carter Say, ‘If You Don’t Want Your Tax Dollars To Help The Poor – Then Stop Saying You Want A Country Based On Christian Values, Because You Don’t’? An image shared on Facebook more than 1,200 times claims former President Jimmy Carter said, ""If you don’t want your tax dollars to help the poor – then stop saying you want a country based on Christian Values, because you don’t."" [...] While Carter has often spoken and written about the subject of Christianity, there is no evidence that he originated the statement attributed to him in the Facebook post. It does not appear in the Carter Center’s archive of his many speeches and op-eds, nor in the Jimmy Carter Presidential Library and Museum’s digital collection.",False,False,True,refutes,checkyourfact
checkyourfact_273_ret_b3_gn,checkyourfact_273,"Claims that Jimmy Carter said, ""If you don't want your tax dollars to help the poor – then stop saying you want a country based on Christian values, because you don't.""",Viral Quote,"In 2016, a social media post went viral with an alleged quote from Jimmy Carter: ""The novelty of electing a woman president should not outweigh the duty of electing an honest president."" However, there’s no evidence Carter actually said this. [...] Jimmy Carter is no stranger to fake internet quotes, including this one: ""If you don't want your tax dollars to help the poor, then stop saying that you want a country based on Christian values. While that sounds like a sentiment that Carter might endorse, it’s easy to prove that he didn’t actually say those words – because we know who did! The quote comes from comedian John Fugelsang, who said it on a 2013 episode of the TV show ""Viewpoint.""",False,False,True,refutes,checkyourfact
checkyourfact_273_ret_b5_gn,checkyourfact_273,"Claims that Jimmy Carter said, ""If you don't want your tax dollars to help the poor – then stop saying you want a country based on Christian values, because you don't.""",Viral Quote,"Former President Jimmy Carter never was quoted as saying that U.S. tax dollars should help the poor or ""stop saying that you want a country based on Christian values."" Because you don’t!"" the full quote reads. [...] ""Fincher and the GOP ... cut services for the poor and taxes for the rich. And it’s a free country. They’re allowed. Because you don’t. And that’s why representative Fincher is our ’revoltingly fake Christian of the week'!"" he said on a Current TV show in May 2013.",False,False,True,refutes,checkyourfact
checkyourfact_273_ret_bn_g0,checkyourfact_273,"Claims that Jimmy Carter said, ""If you don't want your tax dollars to help the poor – then stop saying you want a country based on Christian values, because you don't.""",Viral Quote,"Quote about tax dollars, the poor and Christianity was not said by Jimmy Carter [...] The quote, posted on Facebook along with a photograph of Carter, says: ""If you don’t want your tax dollars to help the poor, then stop saying you want a country based on Christian values, because you don’t."" [...] Snopes, Jimmy Carter on Helping the Poor, Feb. 27, 2014",False,False,True,refutes,checkyourfact
checkyourfact_276,checkyourfact_276,purports Trump said 'Israel has hypnotized the world',Video,"Trump was not making a statement about Israel, but rather referencing comments Democratic Minnesota Rep. Ilhan Omar had made about the country.",False,True,True,refutes,checkyourfact
checkyourfact_276_ret_b0_gn,checkyourfact_276,purports Trump said 'Israel has hypnotized the world',Video,"The video shows Trump at a rally saying, ""Israel has hypnotized the world. May Allah awaken the people and help them to see the evil doings of Israel and the United States."" The post has received more than 116,000 likes. [...] Technically, Trump did say this. At a 2019 campaign rally in Minneapolis, while discussing Minnesota Rep. Ilhan Omar, Trump said, ""Omar wrote that ‘Israel has hypnotized the world. May Allah awaken the people and help them to see the evil doings of Israel and the United States.'"" [...] In November 2012, when fighting had erupted over the Gaza Strip, Omar wrote on Twitter, ""Israel has hypnotized the world, may Allah awaken the people and help them see the evil doings of Israel."" That was about six years before she took office in 2019, becoming one of the first two Muslim women elected to Congress. Omar has since called her words in that tweet ""unfortunate.""",False,False,True,supports,checkyourfact
checkyourfact_276_ret_b14_gn,checkyourfact_276,purports Trump said 'Israel has hypnotized the world',Video,"Ilhan Omar, Who Said Israel 'Hypnotized' the World, Appointed to House Foreign Affairs Committee",False,False,True,insufficient-refutes,checkyourfact
checkyourfact_276_ret_b16_gn,checkyourfact_276,purports Trump said 'Israel has hypnotized the world',Video,"Ilhan Omar Admits ‘Israel Hypnotizes The World’ Tweet Was ‘Ugly’ Representative Ilhan Omar has apologized for a tweet she wrote in 2012, in which she said that ""Israel has hypnotized the world"" during the war with Gaza.",False,False,True,insufficient-refutes,checkyourfact
checkyourfact_276_ret_b3_gn,checkyourfact_276,purports Trump said 'Israel has hypnotized the world',Video,"CLAIM: A clip shows former President Donald Trump saying at a rally that ""Israel has hypnotized the world"" and has committed ""evil-doings."" [...] THE FACTS: As fighting continued on the fourth day of the latest Israel-Hamas war, some on social media shared the misleadingly edited clip to suggest that Trump had spoken out against Israel. ""Israel has hypnotized the world,"" the clip shows Trump saying amid boos from the crowd. ""May Allah awaken the people and help them to see the evil-doings of Israel and the United States.""",False,False,True,refutes,checkyourfact
checkyourfact_278_ret_b0_g1,checkyourfact_278,purports to show Hawaiians being evicted from their properties following the recent wildfires in Lahaina,Video,CLAIM: A video shows native Hawaiians being evicted from their property after the Maui wildfires. AP’S ASSESSMENT: False. The video is from a trailer for a documentary made nearly 40 years ago. It shows law enforcement officials evicting Hawaiians who had been living in Waimanalo Beach Park on the island of Oahu. THE FACTS: A video is circulating on social media that purports to show native Hawaiians being forcibly removed from their homes in Maui in the aftermath of the devastating fires last month.,False,False,True,refutes,checkyourfact
checkyourfact_278_ret_bn_g0,checkyourfact_278,purports to show Hawaiians being evicted from their properties following the recent wildfires in Lahaina,Video,"FACT CHECK: No, Hawaiians Are Not Being Evicted From Their Properties Following The Maui Wildfires A video shared on X, the social media platform previously known as Twitter, purports to show Hawaiians being evicted from their properties following the recent wildfires in Lahaina. [...] The video is not linked to the recent wildfires in Lahaina, however. The video clip shared via the X video originally stems from a trailer for the 1985 documentary, ""Waimanalo Eviction."" (RELATED: No, Video Does Not Show Lights In Maui Sky Before The Wildfires)",False,False,True,refutes,checkyourfact
checkyourfact_281,checkyourfact_281,"claims that Senate Minority Leader Chuck Schumer once stated, ""It’s racist to only allow citizens to vote.""",Viral post,There is no evidence Schumer ever made the statement. It appears to be a distortion of an August 2017 post Schumer published on Medium.,False,True,True,refutes,checkyourfact
checkyourfact_281_ret_b2_gn,checkyourfact_281,"claims that Senate Minority Leader Chuck Schumer once stated, ""It’s racist to only allow citizens to vote.""",Viral post,"Fact Check: Chuck Schumer Did NOT Say, ""It's Racist To Only Allow Citizens To Vote"" Did U.S. Senate Minority Leader Chuck Schumer say, ""It's racist to only allow citizens to vote""? No, that's not true: Schumer never said that. Several sites are wrongly attributing this quote to him, but he did not say it. Lead Stories has traced the claim back to its original source, and the quote was entirely made up.",False,False,True,refutes,checkyourfact
checkyourfact_281_ret_b3_gn,checkyourfact_281,"claims that Senate Minority Leader Chuck Schumer once stated, ""It’s racist to only allow citizens to vote.""",Viral post,"Did U.S. Senate Minority Leader Chuck Schumer say, ""It's racist to only allow citizens to vote""? No, that's not true: Schumer never said that. Several sites are wrongly attributing this quote to him, but he did not say it. Lead Stories has traced the claim back to its original source, and the quote was entirely made up. [...] Chuck Schumer SLAMS President Trump : ""It's Racist To Only Allow Citizens To Vote"" [...] Chuck Schumer SLAMS President Trump : ""It's Racist To Only Allow Citizens To Vote"" https://t.co/ebWNZvuEcM pic.twitter.com/AexZ8HoQwn -- BlingNews (@BlingNews_com) August 26, 2017",False,False,True,refutes,checkyourfact
checkyourfact_281_ret_bn_g1,checkyourfact_281,"claims that Senate Minority Leader Chuck Schumer once stated, ""It’s racist to only allow citizens to vote.""",Viral post,"Q: Did Sen. Chuck Schumer say ""it’s racist to only allow citizens to vote""? [...] In the year since that post was published, online headlines have continued to take liberty in interpreting Schumer’s opinion piece, saying that the senator was making the case that non-citizens should be able to vote — including by using a direct, incorrect quote. ""It’s racist to only allow citizens to vote,"" reads the supposed quote attributed to Schumer, repeated on a meme posted on Facebook this week.",False,False,True,refutes,checkyourfact
checkyourfact_281_ret_bn_g2,checkyourfact_281,"claims that Senate Minority Leader Chuck Schumer once stated, ""It’s racist to only allow citizens to vote.""",Viral post,"No, Chuck Schumer didn't say it is racist to only allow citizens to vote [...] ""Chuck Schumer slams President Trump: ‘it’s racist to only allow citizens to vote,"" said an April 3 headline on Federer Now, a right-wing blog. [...] Viral News Political, ""Chuck Schumer SLAMS President Trump : ""It’s Racist To Only Allow Citizens To Vote,"" Feb. 15, 2018",False,False,True,refutes,checkyourfact
checkyourfact_284_ret_b11_gn,checkyourfact_284,Claims Trey Gowdy made a statement defending the transgender military ban,Viral Quote,Transgender Military Ban: 5 Facts That Rebut Trump’s Claims,False,False,True,insufficient-neutral,checkyourfact
checkyourfact_284_ret_bn_g1,checkyourfact_284,Claims Trey Gowdy made a statement defending the transgender military ban,Viral Quote,"FACT CHECK: Did Trey Gowdy Defend The Transgender Military Ban In An Interview With CNN? A post shared on Facebook more than 92,000 times claims that, when asked about the transgender military ban by a CNN reporter, former Republican South Carolina Rep. Trey Gowdy said, ""Nobody has the right to serve in the military."" [...] The Facebook post, which has been shared more than 92,000 times, alleges that Gowdy gave a statement defending the transgender military ban in an interview with a CNN reporter. It is accompanied by a photo of Gowdy. (RELATED: Will Sonic The Hedgehog Be Transgender In An Upcoming Movie?)",False,False,True,insufficient-neutral,checkyourfact
checkyourfact_284_ret_bn_g12,checkyourfact_284,Claims Trey Gowdy made a statement defending the transgender military ban,Viral Quote,"Trey Gowdy is a former Republican member of the U.S. House of Representatives from the state of South Carolina. He served from 2011 to 2019. On January 31, 2018, Gowdy announced that he would not seek re-election. He said, ""There is a time to come and a time to go. This is the right time, for me, to leave politics and return to the justice system.""[1] [...] On January 31, 2018, Gowdy announced that he would not seek re-election. He said, ""There is a time to come and a time to go. This is the right time, for me, to leave politics and return to the justice system.""[1] [...] Gowdy was one of four members of congress who ranked 80th in the conservative rankings in 2011.[135]",False,False,True,insufficient-neutral,checkyourfact
checkyourfact_284_ret_bn_g2,checkyourfact_284,Claims Trey Gowdy made a statement defending the transgender military ban,Viral Quote,"Trey Gowdy on Transgender Ban: Nobody Has Right to Serve in Military-Incorrect Attribution! Congressman Trey Gowdy (R-SC) said ""nobody has the right to serve in the military"" in defense of the transgender military ban announced by President Trump in July 2017. [...] After scouring news reports, we couldn’t find any public comments or statements released by Trey Gowdy on the transgender military ban. Of course, that doesn’t mean that he didn’t make them, but we can definitively say that the statement that ""nobody has a right to serve in the military"" did not come from Gowdy.",False,False,True,refutes,checkyourfact
checkyourfact_286_ret_bn_g0,checkyourfact_286,The New York Times reported that “Barbie” director Greta Gerwig was unhappy with movie character Ken into an icon,Viral Post,"A photo shared on X, the platform formerly known as Twitter, alleges the New York Times reported ""Barbie"" director Greta Gerwig was unhappy with men turning movie character Ken ""into an icon."" [...] An X image purportedly shows a New York Times article reporting that Gerwig is unhappy with the popularity of movie character Ken among her male audience. The tweet has almost 300k views. ""Greta Gerwig is not happy with men turning Ken from her film ‘Barbie’ into an icon,"" the alleged headline reads. Text underneath claims Gerwig said, ""You spend so much time crafting a film for women and girls around the world so you can inspire them and then incels online culturally appropriate it.""",False,False,True,supports,checkyourfact
checkyourfact_286_ret_bn_g15,checkyourfact_286,The New York Times reported that “Barbie” director Greta Gerwig was unhappy with movie character Ken into an icon,Viral Post,"Greta Gerwig does not look at Mattel’s iconic doll, and her ""boyfriend"" Ken, strictly as archetypes of women and men. Barbieland seems like an idyllic haven for Margot Robbie’s Barbie and her friends, but when thoughts start to get heavy, and she finds herself faced with the real world, she realizes that nothing is as perfect as it seems. This film could have coasted by on being a silly comedy, or been a girl power adventure, but Gerwig and Noah Baumbach want to dig deeper into the ways in which society pigeonholes both women and men while also making a delightfully energetic comedy. The ways women can take different messages from Barbie as an icon, and how Ken represents both internalized and externalized forms of toxic masculinity, are profound thematic takeaways from this film, and Gerwig is a born filmmaker capable of juggling all of them in a film as beautifully visualized, and delightfully enjoyable, as this one.",False,False,True,insufficient-neutral,checkyourfact
checkyourfact_286_ret_bn_g17,checkyourfact_286,The New York Times reported that “Barbie” director Greta Gerwig was unhappy with movie character Ken into an icon,Viral Post,"From the Magazine Digital Covers ‘Barbie’ Director Greta Gerwig Addresses Right-Wing Backlash and Reveals How She Knew Ryan Gosling was Her Perfect Ken The director wants ""everybody to be part of the party"" By Angel Saunders Angel Saunders Angel Saunders has been a writer at PEOPLE since 2023. She’s previously worked at iHeartMedia, IndieWire, and REVOLT. People Editorial Guidelines Updated on July 26, 2023 02:45PM EDT Close Ryan Gosling, Margot Robbie, and 'Barbie' director Greta Gerwig. Photo: Jaap Buitendijk Barbie has proven to be a box office hit. The Mattel-themed movie became the biggest debut ever for a film directed by a woman after earning a reported $162 million during its opening weekend, per Variety. But that doesn’t mean filmmaker Greta Gerwig has had it easy since the blockbuster’s July 21 release. ""I wanted to make something anarchic and wild and funny and cathartic, and the idea that it’s actually being received that way, it’s sort of extraordinary,"" Gerwig, 39, said while discussing the inspiration for the film in an interview published by the New York Times on Tuesday.",False,False,True,insufficient-refutes,checkyourfact
checkyourfact_286_ret_bn_g3,checkyourfact_286,The New York Times reported that “Barbie” director Greta Gerwig was unhappy with movie character Ken into an icon,Viral Post,"Who knew that ""He’s just Ken"" was more than a marketing joke? The Barbie movie centers, of course, on its titular character played by Margot Robbie. But Ken (Ryan Gosling) plays an important role in the drama as he wrangles with the notion that he’s long been an accessory in Barbie’s dream life more than an equal partner. I’ll say the quiet part out loud: Even though this is a movie that leans heavily into a feminine aesthetic and is, as writer-director Greta Gerwig told me during an interview for TIME’s Barbie cover story, a film at its core for mothers and daughters, Ken has the most intriguing and funniest part to play, offering a searing social commentary on modern man’s insecurities dressed up in bubble-gum pink. [...] Gerwig isn’t the first director to wrestle with this problem in recent years. Watching Barbie, I couldn’t help but think of last year’s Olivia Wilde movie Don’t Worry Darling. These films seemingly have nothing to do with one another. One’s a musical romp, the other a sci-fi inspired psychodrama. [...] Ryan Gosling’s portrayal of Ken in Barbie is lighter and funnier than these more serious takes on the resentful man who works to repress the women around him. Heyman is right that we empathize with Ken when he’s ignored by Barbie and root for him to find his meaning.",False,False,True,insufficient-refutes,checkyourfact
checkyourfact_289,checkyourfact_289,Claims that 40 percent of Iowa's incarcerated population is black.,Beto O'Rourke,"While Iowa’s incarcerated population is disproportionately black, a 2018 report from the state’s Department of Human Rights estimated that around 25 percent of those incarcerated are black, not 40 percent. About 4 percent of the population in Iowa is black, according to Census Bureau data.",False,True,True,refutes,checkyourfact
checkyourfact_289_ret_b1_gn,checkyourfact_289,Claims that 40 percent of Iowa's incarcerated population is black.,Beto O'Rourke,"The racial disparities in Iowa’s prisons are more extreme than almost anywhere else in the country, with Black Iowans imprisoned at a rate 11 times that of white Iowans. As part of our series of reports on systemic racism in Iowa, IPR examines how Iowa got here and the role that prosecutors play in these disparities. [...] Census numbers show just 4 percent of the state’s population is Black. But as of 2016, 25 percent of incarcerated Iowans were Black. [...] Effectively one in every five Black Iowans in prison was convicted in Black Hawk County alone.",False,False,True,refutes,checkyourfact
checkyourfact_289_ret_b2_gn,checkyourfact_289,Claims that 40 percent of Iowa's incarcerated population is black.,Beto O'Rourke,"Iowa’s Black to white prison ratio is no longer the worst in the nation, as it was in 2007. According to the report released by The Sentencing Project, Iowa’s disproportionate rate of incarcerating Black residents now ranks seventh in the country. [...] According to the latest analysis, Black Iowans are incarcerated at 9.3 times the rate of white Iowans, a slight improvement from 2016, when the rate was 11.1 to 1. Still, Black Iowans continue to make up 25 percent of the state’s prison population, despite being just 4 percent of the total population.",False,False,True,refutes,checkyourfact
checkyourfact_289_ret_bn_g17,checkyourfact_289,Claims that 40 percent of Iowa's incarcerated population is black.,Beto O'Rourke,"Enumerating prisoners in this manner dilutes the votes of urban and rural areas that do not have a prison within their jurisdiction. For example, nearly 40 percent of the inmates in Pennsylvania’s state prisons come from Philadelphia, which has no state prisons in its city limits (Elliott-Engel, 2009). For census and redistricting purposes, these Philadelphia citizens—nearly all of whom are black or Latino—are considered residents of the counties where they are imprisoned. These tend to be predominantly white, rural districts.8 [...] Race and ethnicity play a crucial role in these developments. On one level, the disproportionate number of blacks, Hispanics, and other historically disadvantaged groups among the incarcerated, though striking, is not altogether surprising. The social deprivation and spatial isolation of the poor and the less educated, many of whom are members of minority groups living in urban areas, tend to foster criminal acts that result in a prison sentence or other penal sanctions. Members of these groups also are at heightened risk of drawing severe sanctions because of intense state surveillance in their communities (see, e.g., Duneier, 1999; Anderson, 1999; Bourgois, 1995; Wilson, 1968, Chapter 2; Herbert, 1997). The limited legal, social, and other resources available to them once they have become involved in the criminal justice system compound the problem.",False,False,True,insufficient-neutral,checkyourfact
checkyourfact_294,checkyourfact_294,claims Sen. Mitt Romney has purportedly 'resigned in disgrace',Post,"There is no evidence supporting the claim. Romney recently announced he would not be seeking re-election in 2024, however, according to The Associated Press.",False,True,True,insufficient-neutral,checkyourfact
checkyourfact_294_ret_b16_gn,checkyourfact_294,claims Sen. Mitt Romney has purportedly 'resigned in disgrace',Post,"Romney Criticizes Gingrich: He Resigned In 'Disgrace' [...] ROMNEY: And at the end of four years it was proven that he was a failed leader. And he had to resign in disgrace. I don't know whether you knew that. [...] ROMNEY: He actually resigned after four years in disgrace. He was investigated under an ethics panel and had to make a payment associated with that, and then his fellow Republicans, 88 percent of his Republicans, voted to reprimand Speaker Gingrich.",False,False,True,refutes,checkyourfact
checkyourfact_294_ret_b1_gn,checkyourfact_294,claims Sen. Mitt Romney has purportedly 'resigned in disgrace',Post,"A viral post shared on Facebook claims Republican Utah Sen. Mitt Romney has purportedly ""resigned in disgrace."" [...] ""BREAKING: Mitt Romney has resigned in disgrace!! Another RINO bites the dust!"" the Facebook post, which has received over 2,000 likes, purports. The post does not provide a source to support the claim. The claim is false. Romney has neither released a statement on his website nor his verified social media accounts announcing his purported resignation. Likewise, Check Your Fact found no credible news reports suggesting the Republican Utah Senator had plans to resign. If the claim was actually true, multiple media outlets would’ve covered it, yet none have.",False,False,True,refutes,checkyourfact
checkyourfact_294_ret_b3_gn,checkyourfact_294,claims Sen. Mitt Romney has purportedly 'resigned in disgrace',Post,"FACT CHECK: Viral Post Falsely Claims Mitt Romney Has Threatened To Leave The Republican Party A post shared on Twitter claims Utah Republican Sen. Mitt Romney has purportedly threatened to leave the Republican Party and join the Democrats. [...] ""Senator #MittRomney Threatens to Leave Republican Party and Join Democrats,"" the Twitter post, which includes a photo of the Republican Utah Senator and has been viewed over one million times, purports. The post does not provide a source to support the claim.",False,False,True,insufficient-refutes,checkyourfact
checkyourfact_295,checkyourfact_295,A bill would revoke custody from parents who refused gender-affirming care,Viral Post,There is no evidence for this claim. The bill’s text does not mention revoking custody from parents.,False,True,True,refutes,checkyourfact
checkyourfact_295_ret_b12_gn,checkyourfact_295,A bill would revoke custody from parents who refused gender-affirming care,Viral Post,"If passed, it would change state custody statutes to include access to gender-affirming care as a consideration, giving Minnesota courts jurisdiction over certain cases. [...] At the hearing, several parents of trans youth spoke in support of the bill. Attorney Hao Nguyen, a Vietnamese immigrant and parent to a trans child, said Minnesota has a responsibility to be a leader when it comes to protecting gender-affirming care. [...] ""HF 146 takes away custody from parents or guardians who deny their children access to gender-affirming health care,"" said Rebecca Delahunt, assistant director of public policy for the Minnesota Family Council.",False,False,True,supports,checkyourfact
checkyourfact_295_ret_bn_g11,checkyourfact_295,A bill would revoke custody from parents who refused gender-affirming care,Viral Post,"TRANSGENDER WOMAN FINISHES IN FIRST PLACE AT NEW YORK CITY CYCLING EVENT, SPARKS OUTRAGE ""Gender-affirming care is life-saving health care,"" Finke told reporters ahead of debate on the bill. ""Withholding or delaying gender-affirming care can have a dramatic impact on the mental health of any individual who needs it. Rates of depression, suicide, substance abuse are dramatically higher in transgender and gender-expansive individuals who lack access to care."" [...] ""The most insidious aspect of this bill is the language that adds children who are being denied ‘gender-affirming care’ (defined as everything from therapy to hormone blockers, to transition surgery) to what amounts to the definition for a child ‘in need of protection or services’ in Minnesota, allowing the courts to take ‘emergency custody’ of the child,"" said Bob Roby, a licensed attorney in Minnesota with more than 30 years experience in family and juvenile court. [...] ""This kind of court power has a long-standing precedent in Minnesota for keeping children safe. When a child is at risk of being harmed by a parent or custodian, the state has immediate authority to remove and protect the child from harm. Without this, there would be no way to protect children in those situations,"" Roby told Fox News Digital in an email. ""To add children who are being denied ‘gender affirming care’ to the definition of children in need of this kind of drastic emergency action is obviously unwarranted.""",False,False,True,insufficient-supports,checkyourfact
checkyourfact_295_ret_bn_g12,checkyourfact_295,A bill would revoke custody from parents who refused gender-affirming care,Viral Post,Proposed California bill would brand parents abusive if they refuse to affirm their transgender children's identity - and let social workers take youngsters into care - Assembly Bill 957 would classify not affirming a child's gender as 'abuse' [...] A proposed amendment to a bill in California would classify parents who refuse to affirm their child's gender as abusive and could result in revoked custody. [...] A proposed amendment to a bill in California would classify parents who refuse to affirm their child's gender as abusive and could result in revoked custody,False,False,True,insufficient-supports,checkyourfact
checkyourfact_295_ret_bn_g4,checkyourfact_295,A bill would revoke custody from parents who refused gender-affirming care,Viral Post,"The claim: California bill could strip custody from parents who refuse gender-affirming surgery [...] ""CA bill seeks to remove custody from parents and provide 'gender affirming' therapy to children without parental consent,"" reads text featured below the image of the bill. Part of the post’s caption reads, ""If the bill becomes law; children who wish to seek ‘gender affirming’ surgery who have parents that will not permit such mutilations, will be able to be removed from the custody of their parents.""",False,False,True,insufficient-supports,checkyourfact
checkyourfact_300_ret_b12_gn,checkyourfact_300,"claims that playwright William Shakespeare once stated, ""Expectation is the root of all heartache.""",Viral quote,"As the brilliantly creative William Shakespeare said, ""Expectation is the root of all heartache."" Although Shakespeare coined the phrase, I heard it first from the brilliantly creative Andrew Obrecht. The simple and powerful message warns us to be mindful to not create expectations we cannot commit to, and to not attach to expectations that are outside our control. [...] Yes, unmet expectations can cause heartache. But what is life without a little heartache? Sometimes our unmet expectations are a signal that we are not getting what we need from a relationship, but generally, I would say, we each need to practice not being the center of the universe. I still create expectations, but I am mindful to not blame others or get all torn up when my version of the future doesn't match reality. I still get a little perturbed when I expect to be taken out for dinner but I come home to a tired husband who wants a night in. But I ask myself, ""Is this worth spending energy on?"" Although I still get caught in expectations, I snap myself out of their hold pretty quickly when I notice my energy has shifted into a place of unnecessary negativity.",False,False,True,supports,checkyourfact
checkyourfact_300_ret_b13_gn,checkyourfact_300,"claims that playwright William Shakespeare once stated, ""Expectation is the root of all heartache.""",Viral quote,"Download Solution PDF'Expectation is the root of all heartache' is a quote by __________. [...] Download Solution PDF'Expectation is the root of all heartache' is a quote by William Shakespeare. - William Shakespeare was an English poet, playwright and actor of the Renaissance era.",False,False,True,insufficient-supports,checkyourfact
checkyourfact_300_ret_bn_g3,checkyourfact_300,"claims that playwright William Shakespeare once stated, ""Expectation is the root of all heartache.""",Viral quote,"Fake quotes have been in the news lately, from the Republican National Committee’s Abraham Lincoln flub to the bogus Winston Churchill quote about supporting funding for the arts during World War II. Such misattribution is familiar to Shakespeare enthusiasts. Every day, fake Shakespeare quotes are being shared on social media. Here are a few examples: [...] The only time that Shakespeare uses the word ""heartache"" is in Hamlet’s famous ""to be or not to be"" speech: [...] Expectation is the root of all heartache. -William Shakespeare — Famous Quotes (@experiencedquot) February 19, 2017 2. ""When I saw you, I fell in love, and you smiled because you knew.""",False,False,True,refutes,checkyourfact
checkyourfact_303_ret_b11_gn,checkyourfact_303,"claims that George Washington once said, ""Agriculture is the most healthful, most useful and most noble employment of man.""",Viral quote,"The farmers, therefore, are the founders of human civilization."" – Daniel Webster ""A good farmer is nothing more nor less than a handy man with a sense of humus."" – E.B. White ""You know, farming looks mighty easy when your plow is a pencil, and you’re a thousand miles from the corn field."" – Dwight D. Eisenhower ""The farmer is the only man in our economy who buys everything at retail, sells everything at wholesale, and pays the freight both ways."" – John F. Kennedy ""Agriculture is our wisest pursuit, because it will in the end contribute most to real wealth, good morals & happiness."" – Thomas Jefferson ""The farmer has to be an optimist or he wouldn’t still be a farmer."" – Will Rogers ""The ultimate goal of farming is not the growing of crops, but the cultivation and perfection of human beings."" – Masanobu Fukuoka ""The master’s eye is the best fertilizer."" – Pliny the Elder ""We have neglected the truth that a good farmer is a craftsman of the highest order, a kind of artist."" – Wendell Berry ""Agriculture is the most healthful, most useful and most noble employment of man."" – George Washington",False,False,True,supports,checkyourfact
checkyourfact_303_ret_b15_g3,checkyourfact_303,"claims that George Washington once said, ""Agriculture is the most healthful, most useful and most noble employment of man.""",Viral quote,"India: a land of gifts and burden 13 Jun 2017 ""Agriculture is the most healthful, most useful and most noble employment of man,"" as George Washington once said. Yet these words of wisdom have not percolated through the complex web of policies, debts and diminishing land that characterize the Indian Agricultural System today. The statistics hit hard: over a quarter million Indian farmers have committed suicide over the last 21 years.",False,False,True,supports,checkyourfact
checkyourfact_303_ret_b7_gn,checkyourfact_303,"claims that George Washington once said, ""Agriculture is the most healthful, most useful and most noble employment of man.""",Viral quote,"President George Washington ""The farmer is the only man in our economy who buys everything at retail, sells everything at wholesale, and pays the freight both ways."" [...] President George Washington ""Agriculture…is our wisest pursuit, because it will in the end contribute most to real wealth, good morals, and happiness."" President Thomas Jefferson ""…no other human occupation opens so wide a field for the profitable and agreeable combination of labor with cultivated thought, as agriculture.""",False,False,True,insufficient-supports,checkyourfact
checkyourfact_303_ret_bn_g10,checkyourfact_303,"claims that George Washington once said, ""Agriculture is the most healthful, most useful and most noble employment of man.""",Viral quote,"Reflecting on quotation from George Washington the MP also said, ""Agriculture is the most healthful, most useful, and most noble employment of man"".",False,False,True,insufficient-supports,checkyourfact
checkyourfact_304,checkyourfact_304,"Claims that Marilyn Monroe once stated, ""Give a girl the right shoes and she can conquer the world.""",Viral Quote,There is no indication that Monroe said or wrote this expression.,False,True,True,refutes,checkyourfact
checkyourfact_304_ret_b14_gn,checkyourfact_304,"Claims that Marilyn Monroe once stated, ""Give a girl the right shoes and she can conquer the world.""",Viral Quote,"File:Give a girl the right shoes, and she can conquer the world. - Marilyn Monroe - Flickr - Dr. Santulan Mahanta.jpg",False,False,True,insufficient-supports,checkyourfact
checkyourfact_304_ret_b16_gn,checkyourfact_304,"Claims that Marilyn Monroe once stated, ""Give a girl the right shoes and she can conquer the world.""",Viral Quote,"W. Gordon·FollowPublished inMANIFESTOS FROM THE 21 LAWS·Nov 12, 2021--Share""Give a girl the right shoes, and she can conquer the world."" — Marilyn Monroe",False,False,True,supports,checkyourfact
checkyourfact_304_ret_b18_gn,checkyourfact_304,"Claims that Marilyn Monroe once stated, ""Give a girl the right shoes and she can conquer the world.""",Viral Quote,"Give a girl the right shoes, and she can conquer the world Quotes 0 ratings, 0.00 average rating, 1 review [...] Showing 1-1 of 1 ― Give a girl the right shoes, and she can conquer the world: Marilyn Monroe's Most Beautiful Quotes, Icon of beauty and pin up girl, Lined Notebook , 110 pages, (6""×9"") inches",False,False,True,insufficient-supports,checkyourfact
checkyourfact_304_ret_bn_g0,checkyourfact_304,"Claims that Marilyn Monroe once stated, ""Give a girl the right shoes and she can conquer the world.""",Viral Quote,"""Give the girl the right shoes, and she can conquer the world"" is one of the most popular shoe related quotes out there. Someone say it is what Marilyn Monroe said, someone oppose, I guess it is hard to tell for sure. In any case, let me proudly introduce you to my ""right shoes for conquering the world"" – the Danner boots.",False,False,True,insufficient-contradictory,checkyourfact
checkyourfact_314_ret_b0_gn,checkyourfact_314,"Italian doctor Sergio Kerr was arrested for murdering more than 3,000 coronavirus patients",Viral post,"FACT CHECK: Was An Italian Doctor Arrested For Murdering Over 3,000 Coronavirus Patients? An article shared on Facebook claims that Italian doctor Sergio Kerr was arrested for murdering more than 3,000 coronavirus patients. [...] ""Italy arrest Doctor for intentionally killing over 3,000 coronavirus patients,"" reads the headline of the story from News NT, a self-described ""breaking news"" blog. The deaths purportedly occurred after Kerr ignored ""the approved medical procedures for treating coronavirus patients,"" according to the article.",False,False,True,insufficient-supports,checkyourfact
checkyourfact_314_ret_b14_gn,checkyourfact_314,"Italian doctor Sergio Kerr was arrested for murdering more than 3,000 coronavirus patients",Viral post,"Dr Sergio Kerr, taking the witness stand before Justice Deborah Fraser, said it was 6pm on December 27, 2013 when he first examined one of the victims from the deadly shooting.",False,False,True,insufficient-neutral,checkyourfact
checkyourfact_314_ret_b1_gn,checkyourfact_314,"Italian doctor Sergio Kerr was arrested for murdering more than 3,000 coronavirus patients",Viral post,"""Italy arrest (sic) doctor for intentionally killing over 3,000 coronavirus patients,"" the post’s title says. A photo shows a man in tan scrubs walking in handcuffs and flanked by law enforcement. The story goes on to say that Dr. Sergio Kerr ""administered Benadryl, Ditropan and doxepin which are anticholinergic medications which worsen pneumonia."" [...] A doctor accused of murdering more than 3,000 people, not to mention coronavirus patients, would draw wide media attention. And yet searching for information about Dr. Sergio Kerr, we found no such reports. [...] News NT, Italy arrest doctor for intentionally killing over 3,000 coronavirus patients, visited April 2, 2020",False,False,True,insufficient-refutes,checkyourfact
checkyourfact_314_ret_b3_gn,checkyourfact_314,"Italian doctor Sergio Kerr was arrested for murdering more than 3,000 coronavirus patients",Viral post,"An article shared on Facebook claims that Italian doctor Sergio Kerr was arrested for murdering more than 3,000 coronavirus patients. Facebook/Screenshot Verdict: False There is no evidence to support the claim. No news reporting could be found to corroborate the events described in the article. Fact Check: With more than 132,000 confirmed cases and some 16,523 deaths to date, Italy has become one of the epicenters of the global coronavirus pandemic, according to data from the Johns Hopkins University Coronavirus Resource Center . An article making the rounds on social media claims that more than 3,000 of Italy’s total COVID-19 related deaths can be linked to Kerr. Italy arrest Doctor for intentionally killing over 3,000 coronavirus patients, reads the headline of the story from News NT , a self-described breaking news blog. The deaths purportedly occurred after Kerr ignored the approved medical procedures for treating coronavirus patients, according to the article . However, the story appears to be a fabrication. No additional news reporting could be found about the alleged murders committed by Kerr, and the story itself fails to link or cite any sources for its claim.",False,False,True,refutes,checkyourfact
checkyourfact_318,checkyourfact_318,"Claims President Lincoln once stated, ""It’s not the years in your life that count. It’s the life in your years.""",Viral Quote,The saying does not appear in any of Lincoln’s written works.,False,True,True,refutes,checkyourfact
checkyourfact_318_ret_b10_gn,checkyourfact_318,"Claims President Lincoln once stated, ""It’s not the years in your life that count. It’s the life in your years.""",Viral Quote,"That is not an Abraham Lincoln quote, even though it's attributed to Lincoln by a hundred internet sources. Doesn't sound one bit like Lincoln, and that trite parallel phrase switching is a mostly 21st Century habit that is really tiresome. We can all think of lots of examples -- ""Life is not measured by the number of breaths we take, but the number of moments that take your breath away."" That sentence construction is especially popular in meaningless management and leadership slogans like, ""The conventional definition of management is getting work done through people, but real management is developing people through work."" (Agha Abedi). Then there's the Mark Twain quote that is maybe the historical template for this habit, """"It's not the size of the dog in the fight, it's the size of the fight in the dog."" [...] The quote ""It's not the years in your life but the life in your years"" is often attributed to Abraham Lincoln, although there is no concrete evidence that he actually said or wrote those exact words. [...] Abraham Lincoln said it",False,False,True,insufficient-contradictory,checkyourfact
checkyourfact_318_ret_b1_gn,checkyourfact_318,"Claims President Lincoln once stated, ""It’s not the years in your life that count. It’s the life in your years.""",Viral Quote,"FACT CHECK: Did Abraham Lincoln Say, ‘It’s Not The Years In Your Life That Count. A Facebook post claims that President Abraham Lincoln once said, ""It’s not the years in your life that count. [...] Many web pages that post memorable quotes attribute this saying to Lincoln, but The Daily Caller News Foundation found no evidence that he ever made this statement. It does not appear in his collected works. (RELATED: Did Abraham Lincoln Say, ‘The Best Way To Predict The Future Is To Create It’?)",False,False,True,refutes,checkyourfact
checkyourfact_318_ret_b3_gn,checkyourfact_318,"Claims President Lincoln once stated, ""It’s not the years in your life that count. It’s the life in your years.""",Viral Quote,"It’s The Life In Your Years – Abraham Lincoln Ever stumbled upon that famous quote by Abraham Lincoln, ""In the end, it’s not the years in your life that count. [...] So, let’s take his advice to heart and truly live, not just exist. After all, it’s the life in your years that truly counts!",False,False,True,insufficient-supports,checkyourfact
checkyourfact_318_ret_bn_g12,checkyourfact_318,"Claims President Lincoln once stated, ""It’s not the years in your life that count. It’s the life in your years.""",Viral Quote,"The rhetorical technique of reversing word order in successive clauses is called antimetabole. In this case, ""years in your life"" was transformed into ""life in your years"", and the contrast between the two subphrases was highlighted. [...] At another he declared: ""Don’t be afraid to live, to live hard and fast, because it is not the years in your life, but the life in your years that count."" [...] It is not the years in your life but the life in your years that counts.",False,False,True,insufficient-neutral,checkyourfact
checkyourfact_319,checkyourfact_319,Blake Shelton canceled a $30 million contract with Country Music Television,Viral Post,The claim is fabricated. It originates from a website that identifies itself as satirical.,False,True,True,refutes,checkyourfact
checkyourfact_319_ret_bn_g0,checkyourfact_319,Blake Shelton canceled a $30 million contract with Country Music Television,Viral Post,"On July 21, 2023, the Dunning-Kruger Times published an article positing that country singer Blake Shelton had backed out of a lucrative project with CMT because the network refused to play a music video by Jason Aldean: Blake Shelton Cancels $30 Million Project With CMT: ""Jason Is My Friend"" Country Music Television (CMT) is still paying the price for canceling Jason Aldean's video ""Try That In a Small Town."" In what may be the most crushing blow yet, country megastar Blake Shelton has announced that he's backing out of a $30 million project with the network.",False,False,True,supports,checkyourfact
checkyourfact_319_ret_bn_g12,checkyourfact_319,Blake Shelton canceled a $30 million contract with Country Music Television,Viral Post,"Although Shelton would secure a contract with Giant Records, it would be April 2001 before his first single was released. Originally titled ""If This Is Austin,"" the song was penned by relative newcomers David Kent and Kirsti Manna, neither of whom had yet scored a major hit at the time. Manna’s previous claim to fame was as host of a children’s TV series called Kirsti’s Manor, while Kent’s ""Beyond the Blue"" was a 1995 album cut for Martina McBride.",False,False,True,insufficient-neutral,checkyourfact
checkyourfact_323,checkyourfact_323,"claims that actor Tom Selleck ""praised"" Donald Trump in a ""meeting"" with Breitbart",Viral Post,The Daily Caller found no evidence that Selleck “praised” Trump in a “meeting” with Breitbart. Most of the words in the post actually come from a Breitbart interview with actor Jon Voight.,False,True,True,refutes,checkyourfact
checkyourfact_323_ret_bn_g0,checkyourfact_323,"claims that actor Tom Selleck ""praised"" Donald Trump in a ""meeting"" with Breitbart",Viral Post,"No, Tom Selleck didn’t praise Trump in Breitbart interview. Most of the words are from another actor [...] There’s no evidence that actor Tom Selleck praised President Trump in a Breitbart interview. Most of the words are lifted from a 2016 statement by actor Jon Voight that Breitbart published. [...] A blog claims that Tom Selleck praised President Trump in a long tirade during an interview with Breitbart.",False,False,True,refutes,checkyourfact
checkyourfact_323_ret_bn_g14,checkyourfact_323,"claims that actor Tom Selleck ""praised"" Donald Trump in a ""meeting"" with Breitbart",Viral Post,"- He explained that when he labeled the Trump Tower meeting with Russians 'treasonous' he was criticizing Paul Manafort, who should have known better - Donald Trump Jr, Bannon said, 'is both a patriot and a good man,' as he complimented the president for his political savvy - Bannon also played up his longtime loyalty, claiming, 'I am the only person to date to conduct a global effort to preach the message of Trump and Trumpism' [...] Bannon apologized to President Trump and his son, Donald Trump Jr, on Sunday, for slamming a June 2016 Trump Tower meeting that's come under scrutiny from the feds as 'treasonous.' He claims now that he was talking about ex-campaign hand Paul Manafort, not Trump Jr, made he made the remarks to an author of a tell-all book. [...] Heaping praise on the president, Bannon said, Trump, 'was the only candidate that could have taken on and defeated the Clinton apparatus.'",False,False,True,insufficient-neutral,checkyourfact
checkyourfact_323_ret_bn_g7,checkyourfact_323,"claims that actor Tom Selleck ""praised"" Donald Trump in a ""meeting"" with Breitbart",Viral Post,"Actor Tom Selleck is Red Pilled. [...] Hollywood legend Tom Selleck has praised Donald J. Trump as President of the United States. In a meeting with Breitbart News, the legendary American actor stated: ""I’m completely sure that he is the best so far. [...] Hollywood legend Tom Selleck has praised Donald J. Trump as President of the United States.",False,False,True,supports,checkyourfact
checkyourfact_332,checkyourfact_332,purports to show President Joe Biden with a bruise on his forehead while meeting with NATO in Poland,Post,"The photos show ashes Biden received on Ash Wednesday during a private Catholic Mass, according to The Hill.",False,True,True,refutes,checkyourfact
checkyourfact_332_ret_b0_gn,checkyourfact_332,purports to show President Joe Biden with a bruise on his forehead while meeting with NATO in Poland,Post,"Photos shared on Facebook purport to show President Joe Biden with a bruise on his forehead while meeting with the North Atlantic Treaty Organization (NATO) in Poland. [...] The post features three photos of Biden with a mark on his forehead while at the meeting. ""Anyone notice President Biden showed up in Poland at the NATO meeting with a new bruise on his forehead? Jill must have delivered the mail or he fell again,"" the Facebook post purports. [...] There are no credible news reports suggesting the mark on Biden’s head was a bruise. Likewise, the purported claim neither appears on the White House’s website nor its verified social media accounts.",False,False,True,insufficient-refutes,checkyourfact
checkyourfact_332_ret_b2_gn,checkyourfact_332,purports to show President Joe Biden with a bruise on his forehead while meeting with NATO in Poland,Post,"A number of posts on social media claim that US President Joe Biden has been seen with a large bruise on his forehead, prompting some claims that he is unfit to lead the country. One Facebook user wrote: ""Look at the bruise on Joe Biden's head. That wasn't there earlier. I bet you he fell in Poland. His doctor is lying about his health and should have his medical license [sic] revoked if he thinks Biden is ok. We are in such danger with Biden."" But the mark on Mr Biden’s forehead isn’t a bruise. As a practising Catholic, the president marked Ash Wednesday (on 22 February this year) with a private Mass in his hotel room in Warsaw during his trip to Poland.",False,False,True,refutes,checkyourfact
checkyourfact_334,checkyourfact_334,"claims that fast food chain Chick-fil-A will now open on Sundays, but “only for black people.”",Instagram post,Chick-fil-A restaurants remain closed on Sundays. The claim originates from a satire website.,False,True,True,refutes,checkyourfact
checkyourfact_334_ret_b6_gn,checkyourfact_334,"claims that fast food chain Chick-fil-A will now open on Sundays, but “only for black people.”",Instagram post,"Not About Jesus: The Truth Behind Chick-fil-A's Sunday Policy ""Thou shalt not eat Chick-fil-A on Sunday."" [...] In our current politically charged climate -- where major brands are forced to either shut the heck up or choose a side, stick with it, and suffer through boycotts and backlash -- Chick-fil-A has always veered to the right, even if it's ""unofficially."" And the company's late founder, Truett Cathy -- a noted and oft-outspoken Christian -- implemented the policy in question himself: Chick-fil-A has never been open on Sunday, and never will be. [...] Chick-fil-A franchises have been known to open on Sundays for altruistic endeavors like feeding first responders during natural disasters, for example. But perhaps the most notable example of specific stores choosing to ""open"" on Sundays to donate food happened in the wake of the Orlando Pulse nightclub shootings. Multiple Orlando locations made national news by opening on a Sunday to help feed those who donated blood after the mass-shooting.",False,False,True,insufficient-contradictory,checkyourfact
checkyourfact_334_ret_bn_g13,checkyourfact_334,"claims that fast food chain Chick-fil-A will now open on Sundays, but “only for black people.”",Instagram post,"Meanwhile, what about anyone else not living according to Mr. Cathy’s reading of the Bible? If someone works on Sunday, should they be denied service at Chick-fil-A during the week? Mr. Cathy believes in one marriage for life: saying of his company, ""we are a family-owned business, a family-led business, and we are married to our first wives."" What about those who failed at their first marriage and are now working on wife number two, three or four? What if you are a liar, can you go to Chick-fil-A to have your perverse tongue cut-out? In Leviticus it says touching the skin of a pig makes one unclean. Should football players who love to toss the pigskin around be denied service? Or is it okay to play football only at the Chick-fil-A Bowl because that game starts with an invocation? [...] 4. A dangerous game of chickenThe majority of Chick-fil-A’s 1,600 restaurants are located in the Bible belt. I happen to like the fact that they are all closed on Sundays. Mr. Cathy I am sure spends his Sundays much in the way I spend mine: with family. And no matter what rights Mr. Cathy might want to deny my friends and family, his type of bigotry will not change who I am, who I love and even what I eat. Who knew a simple chicken sandwich could be so complicated.",False,False,True,insufficient-refutes,checkyourfact
checkyourfact_336_ret_b0_gn,checkyourfact_336,An African President shared is support for Trump after he was arrested,Viral post,"The booking photo was taken on August 24, when Trump was arrested in Fulton County, Georgia, on charges connected to his efforts to overturn his defeat in the state in the 2020 election. [...] Facts First: National public polls do not show anything close to an increase of ""four and five times"" in Black support for Trump since his mug shot was taken, either in a race against President Joe Biden or in his own favorability rating; Trump’s campaign did not respond to CNN’s request to identify any poll that corroborates Trump’s claim. Most polls conducted after the release of the mug shot did find a higher level of Black support for Trump than he had in previous polls – but the increases were within the polls’ margins of error, not massive spikes, so it’s not clear whether there was a genuine improvement or the bump was just statistical noise. In addition, one poll found a decline in Trump’s strength with Black voters in a race against Biden, while another found a decline in his favorability with Black respondents even as he improved in a race against Biden. [...] One of the five polls, by Emerson College, showed Trump’s standing with Black registered voters worsening after the mug shot was released, though this change was also within the margin of error. In Emerson’s mid-August poll, Trump had about 27% Black support in a race against Biden; in its late-August poll, he had about 19% support.",False,False,True,insufficient-neutral,checkyourfact
checkyourfact_336_ret_b10_gn,checkyourfact_336,An African President shared is support for Trump after he was arrested,Viral post,"Historic Trump mugshot released after arrest in Atlanta, Georgia - Published [...] One of Mr Trump's co-defendants - the leader of Black Voices for Trump, Harrison Floyd - is being held in custody after turning himself in on Thursday without a bail agreement, court officials say.",False,False,True,insufficient-neutral,checkyourfact
checkyourfact_336_ret_b2_gn,checkyourfact_336,An African President shared is support for Trump after he was arrested,Viral post,"Brazilian newspaper O Globo, meanwhile, published a piece titled ""Trump Turns Dock into Election Box After Criminal Indictment"". The paper said his advisers saw the case and vast media attention as ""a lucrative campaign ad"" and ""stimulus for online fundraising"". Mr Trump has declared he is running in the 2024 presidential election. [...] ""By playing again the broken record that invariably presents him as the victim of a 'witch hunt' and a plot by the 'deep state', Trump is forcing his camp to take his side,"" the French newspaper wrote in an editorial published last week and promoted again after his arrest. [...] Pro-Kremlin Russian daily Izvestia, however, instead leads its coverage of Mr Trump's arrest with quotes from Russian foreign ministry spokeswoman Maria Zakharova, who called the arrest ""the crisis of liberalism"". ""This is when the system, which is declared as absolutely free, ends up devouring or denying itself,"" she said.",False,False,True,insufficient-neutral,checkyourfact
checkyourfact_336_ret_bn_g3,checkyourfact_336,An African President shared is support for Trump after he was arrested,Viral post,"A simple check of a few news sites is a sure-fire way to verify that Mr Trump hasn't been arrested or even indicted - at least, not yet. If and when Mr Trump does face charges, his arrest will make headline news all around the world. And you can imagine the media flurry if the former president were to somehow flee from police.",False,False,True,refutes,checkyourfact
checkyourfact_338_ret_b14_g3,checkyourfact_338,"Claims Winston Churchill said, ""Courage is what it takes to stand up and speak; courage is also what it takes to sit down and listen.""",Viral Quote,"Winston Churchill is one of the most quoted leaders of all time, yet many modern citations put words in the lion’s mouth. You’ve probably heard this one: ""Courage is what it takes to stand up and speak; courage is also what it takes to sit down and listen"" (looking at you, RG3). As Churchill himself said, ""Verify your quotations."" For this reason, we’ve put together 10 authenticated Churchill quotes on important subjects. [...] ""People who are not prepared to do unpopular things and defy clamor of the multitude are not fit to be ministers in times of difficulty."" [...] ""We shall fight on the beaches, we shall fight on the landing grounds, we shall fight in the fields and in the streets, we shall fight in the hills; we shall never surrender!""",False,False,True,insufficient-refutes,checkyourfact
checkyourfact_338_ret_b2_gn,checkyourfact_338,"Claims Winston Churchill said, ""Courage is what it takes to stand up and speak; courage is also what it takes to sit down and listen.""",Viral Quote,"Winston Churchill, a renowned British statesman and leader, once famously said, ""Courage is what it takes to stand up and speak; courage is also what it takes to sit down and listen."" This profound quote highlights the dual nature of courage as not only the ability to bravely express oneself but also the willingness to humble oneself and listen to others. In a world where speaking up is often celebrated, Churchill's words remind us of the equal significance of listening. To truly understand and connect with others, one must possess the courage to speak up for what they believe in, as well as the humility and open-mindedness to lend an ear and consider different perspectives.As we delve deeper into the complexities of courage and its role in communication, an unexpected philosophical concept emerges - the concept of the ""Courageous Silence."" This concept challenges the conventional notion of courage by emphasizing the power of silence and contemplation as a form of strength and courage in itself.",False,False,True,supports,checkyourfact
checkyourfact_338_ret_bn_g17,checkyourfact_338,"Claims Winston Churchill said, ""Courage is what it takes to stand up and speak; courage is also what it takes to sit down and listen.""",Viral Quote,"**Winston Churchill said, ""Courage is what it takes to stand up and speak: courage is also what it takes to sit down and listen."" **I find the second harder to do, especially in my prayer time. How about you? I am often guilty of treating God like a celestial Santa Claus, bringing my lists of wants and expecting Him to fill them because I have been a good girl this year. I believe we should bring our desires, troubles, and even confessions to God. It takes courage and honesty to openly come before Him. He knows them anyway before we speak. Like the patient, loving, Abba Father He is, He takes time to listen, knowing there are things we need to get off our chest. God always listens to us. Wouldn’t it be prudent to return the favor? [...] Dearest Father in Heaven, we can never thank you enough for all the goodness you bestow in your grace and mercy for us. Forgive us for the times we do not stop, sit and listen to your will, advice, correction, or answer. Help us to have the courage to come before your throne honestly with our needs, but then give us the faith and courage to be willing to listen, and then accept your response. Through Jesus’ name, Amen.",False,False,True,supports,checkyourfact
checkyourfact_338_ret_bn_g18,checkyourfact_338,"Claims Winston Churchill said, ""Courage is what it takes to stand up and speak; courage is also what it takes to sit down and listen.""",Viral Quote,"The Importance of Listening ""We have two ears and one mouth so that we can listen twice as much as we speak."" attributed to Epictetus, a Greek Stoic philosopher ""Courage is what it takes to stand up and speak; courage is also what it means to sit down and listen."" attributed (probably falsely) to Winston Churchill (See: The Illustrious History of Misquoting Winston Churchill)",False,False,True,insufficient-refutes,checkyourfact
checkyourfact_340,checkyourfact_340,ABC has canceled 'The View',Viral Post,There is no evidence ABC has canceled “The View.” The claim stems from a satirical website.,False,True,True,refutes,checkyourfact
checkyourfact_340_ret_b6_gn,checkyourfact_340,ABC has canceled 'The View',Viral Post,"A post shared on Twitter claims ABC has canceled talk show ""The View"" due to low viewership. Canceled: ABC Removes ""The View"" From Its 2024 Roster: ""Nobody Watches Anymore"" [...] There is no evidence ABC has canceled ""The View."" The claim stems from a satirical website.",False,False,True,refutes,checkyourfact
checkyourfact_340_ret_b7_gn,checkyourfact_340,ABC has canceled 'The View',Viral Post,"Did the commercial broadcasting network ABC confirm the cancellation of its television talk show ""The View"" in March 2024 because it was the ""worst show in history,"" as a post on Facebook claimed? No, that's not true: ABC confirmed to Lead Stories that this claim was false. The post in question was published on the self-described satire page SpaceX Fanclub. At the time of writing, neither the ABC network nor ""The View"" posted such an announcement on their social media channels, and no credible news publications reported the cancellation. [...] ABC Confirms Cancellation of 'The View' [...] A search of the Google News index of thousands of information sources using the keywords ""ABC cancels The View"" (archive) yielded no results to corroborate this claim.",False,False,True,refutes,checkyourfact
checkyourfact_340_ret_bn_g17,checkyourfact_340,ABC has canceled 'The View',Viral Post,"We are tired of listening to them whine & complain! I used to love The View, but stopped watching years ago, because I'm tired of hearing their constant bashing. Now I'm tired of ABC allowing this. Let's let ABC know how many want The View cancelled because of what it has turned into. You want a better view? Replace half of the hosts with some conservatives. When Whoopie loses her temper again... she should be fired, as any other Network has done. Let's be fair, keep it real! Get some hosts to stand up to these women and have an adult debate to keep us all entertained. Fire the ones who lose their temper & cannot be an adult about a different ""view"" then you can have a show. Otherwise, cancel this one sided, woman whining, liberal show that's offending so many others.",False,False,True,insufficient-neutral,checkyourfact
checkyourfact_340_ret_bn_g8,checkyourfact_340,ABC has canceled 'The View',Viral Post,"ABC Renews ""The View"" for an Epic 20th Season and Candi Carter Named Executive Producer ABC has renewed ""The View"" for an epic 20th season, and Candi Carter was officially named executive producer of ""The View,"" effective immediately. ""This season ‘The View’ has once again been at the very heart of the political conversation and cultural conversation in America,"" said James Goldston, president, ABC News. ""Candi and the team have worked tirelessly to make ‘The View’ the place to be heard for an impressive roster of celebrities, politicians and people in the news.""",False,False,True,insufficient-neutral,checkyourfact
checkyourfact_356,checkyourfact_356,Chick-fil-A donated $1.8 million to Anti-LGBTQ groups after promising not to,Viral post,The caption is inaccurate. There is no evidence that they have donated to the organizations they received backlash for donating to recently.,False,True,True,refutes,checkyourfact
checkyourfact_356_ret_b2_gn,checkyourfact_356,Chick-fil-A donated $1.8 million to Anti-LGBTQ groups after promising not to,Viral post,"FACT CHECK: Did Chick-fil-A Donate To Anti-LGBT Organizations After Promising Not To? A post shared on social media purports that the fast food chain Chick-fil-A has donated $1.8 million to anti-LGBT groups despite their previous claims to end donations to those organizations. [...] ""After promising no to,"" the caption reads. ""Chick-fil-A donates another $1.8 million to anti-LGBTQ groups.""",False,False,True,insufficient-supports,checkyourfact
checkyourfact_356_ret_bn_g2,checkyourfact_356,Chick-fil-A donated $1.8 million to Anti-LGBTQ groups after promising not to,Viral post,"The claim: Chick-fil-A donated $1.8 million to anti-LGBTQ groups [...] The creator of the original viral post could not be reached for comment, but the claim appears to be based on this 2019 blog post, titled ""After Promising Not to, Chick-fil-A Donates Another $1.8 Million to Anti-LGBTQ Groups."" [...] The claims in the post have been rated FALSE. Chick-fil-A did not recently donate $1.8 million to anti-LGBTQ groups. The donations in question were made in 2018 and are verified by the company's tax documents.",False,False,True,refutes,checkyourfact
checkyourfact_356_ret_bn_g4,checkyourfact_356,Chick-fil-A donated $1.8 million to Anti-LGBTQ groups after promising not to,Viral post,"Did Chick-fil-A just donate ""another $1.8 million to anti-LGBTQ groups""? No, that's not true: The claim is a copy of a headline first published in 2019. The old story reported the fast food chain donated a combined $1.8 million to the Fellowship of Christian Athletes and the Salvation Army. Chick-fil-A has since announced a ""more focused giving approach ... giving to a smaller number of organizations working exclusively in the areas of education, homelessness and hunger."" [...] The WOW Report, citing tax documents from 2018, said that Chick-fil-A donated a combined $1.8 million to the Fellowship of Christian Athletes (FCA) and the Salvation Army, organizations that had come under fire from LGBTQ groups. [...] The FCA and the Salvation Army were out, as were a number of other groups. Contrary to the 2019 WOW Report's story, however, Chick-fil-A did not explicitly promise not to give to anti-LGBTQ groups. In its 2019 statement, the company said its future partners could include ""faith-based and non-faith-based charities.""",False,False,True,refutes,checkyourfact
checkyourfact_360,checkyourfact_360,"Claims Thomas Paine said, ""Give to every other human being every right that you claim for yourself.""",Viral Quote,Paine did not author this statement. It is actually a line from orator Robert G. Ingersoll.,False,True,True,refutes,checkyourfact
checkyourfact_360_ret_b13_gn,checkyourfact_360,"Claims Thomas Paine said, ""Give to every other human being every right that you claim for yourself.""",Viral Quote,"Thomas Paine is a transatlantic political icon, a plain-speaking revolutionary campaigner whose writings—more than those of any other figure—captured the zeitgeist of the two most significant political events of the eighteenth century: the American and French revolutions. As far as public consciousness is concerned, his enduring political legacy is curiously schizophrenic in that he is lauded at once by the libertarian right in the United States and the socialist and social democratic left in Britain. Despite having been the subject of much valuable scholarly attention throughout the twentieth century, there has been little interest expressed in Paine that has not been of a purely historical or biographical nature.Footnote 1 This is in one sense unsurprising, given his role as a prominent political actor and the fascinating, tumultuous life that he led, parts of which remain mysterious.Footnote 2 However, at the same time, there has been a marked neglect shown to the distinct theoretical content of his writings. He is customarily treated as a mere ""vulgarizer of Locke,""Footnote 3 a rhetorician, pamphleteer, and polemicist rather than a political theorist of any note.",False,False,True,insufficient-neutral,checkyourfact
checkyourfact_360_ret_b2_gn,checkyourfact_360,"Claims Thomas Paine said, ""Give to every other human being every right that you claim for yourself.""",Viral Quote,"Thomas Paine (born Thomas Pain;[1] February 9, 1737 [O.S. January 29, 1736][Note 1] – June 8, 1809) was an English-born American Founding Father, French Revolutionary, inventor, and political philosopher.[2][3] He authored Common Sense (1776) and The American Crisis (1776–1783), two of the most influential pamphlets at the start of the American Revolution, and he helped to inspire the colonial era patriots in 1776 to declare independence from Great Britain.[4] His ideas reflected Enlightenment-era ideals of human rights.[5] [...] - ^ Kates, Gary (1989). ""From liberalism to radicalism: Tom Paine's Rights of Man"". Journal of the History of Ideas. 50 (4): 569–587. doi:10.2307/2709798. JSTOR 2709798. [...] - Fitzsimons, David (2008). ""Paine, Thomas (1737–1809)"". In Hamowy, Ronald (ed.). The Encyclopedia of Libertarianism. Thousand Oaks, CA: SAGE, Cato Institute. pp. 369–370. doi:10.4135/9781412965811.n226. ISBN 978-1412965804. LCCN 2008009151. OCLC 750831024. Archived from the original on February 21, 2022. Retrieved February 21, 2022.",False,False,True,insufficient-neutral,checkyourfact
checkyourfact_360_ret_b8_gn,checkyourfact_360,"Claims Thomas Paine said, ""Give to every other human being every right that you claim for yourself.""",Viral Quote,"Thomas Paine was a pamphleteer, controversialist and international revolutionary. His Common Sense (1776) was a central text behind the call for American independence from Britain; his Rights of Man (1791–2) was the most widely read pamphlet in the movement for reform in Britain in the 1790s and for the opening decades of the nineteenth century; he was active in the French Revolution and was a member of the French National Convention between 1792 and 1795; he is seen by many as a key figure in the emergence of claims for the state’s responsibilities for welfare and educational provision, and his Age of Reason provided a popular deist text that remained influential throughout the 19th century. In his own lifetime, and subsequently, he has been extensively vilified and often dismissed. Yet many of his ideas still command wide interest and enthusiasm in readers throughout the world. [...] - James, J. G., 1988, ‘Thomas Paine’s iron bridge work, 1785–1803’, Newcomen Society Transactions, 57: 189–221 - Kates, G., 1989, ‘From liberalism to radicalism: Tom Paine’s Rights of man’, Journal of the History of Ideas, 50: 569–87. [...] - Lamb, R., 2015, Thomas Paine and the Idea of Human Rights, Cambridge: Cambridge University Press.",False,False,True,insufficient-neutral,checkyourfact
checkyourfact_360_ret_bn_g9,checkyourfact_360,"Claims Thomas Paine said, ""Give to every other human being every right that you claim for yourself.""",Viral Quote,"Quotes of the Week: Our God-Given Rights ""I am an American; free born and free bred, where I acknowledge no man as my superior, except for his own worth, or as my inferior, except for his own demerit."" ― Theodore Roosevelt ""Whoever would overthrow the liberty of a nation must begin by subduing the freeness of speech."" ― Benjamin Franklin, Silence Dogood / The Busy-Body / Early Writings ""Those who expect to reap the blessings of freedom, must, like men, undergo the fatigues of supporting it."" ― Thomas Paine ""This is my doctrine: Give every other human being every right you claim for yourself."" ― Robert G. Ingersoll, The Liberty Of Man, Woman And Child ""Give me the liberty to know, to utter, and to argue freely according to conscience, above all liberties."" ― John Milton , Areopagitica",False,False,True,insufficient-neutral,checkyourfact
checkyourfact_361,checkyourfact_361,"Claims that Albert Einstein once said, ""Two things inspire me to awe – the starry heavens above and the moral universe within.""",Viral Quote,There is no evidence that this expression originated with Einstein.,False,True,True,refutes,checkyourfact
checkyourfact_361_ret_b14_gn,checkyourfact_361,"Claims that Albert Einstein once said, ""Two things inspire me to awe – the starry heavens above and the moral universe within.""",Viral Quote,"If Einstein said this, he was almost certainly quoting philosopher Immanuel Kant's words from the conclusion to the Critique of Practical Reason (1788), translated in Paul Guyer's The Cambridge Companion to Kant (p. 1) as: ""Two things fill the mind with ever new and increasing admiration and awe, the more often and steadily we reflect upon them: the starry heavens above me and the moral law within me.""Albert Einstein » Albert Einstein - all quotes »",False,False,True,insufficient-refutes,checkyourfact
checkyourfact_361_ret_b15_gn,checkyourfact_361,"Claims that Albert Einstein once said, ""Two things inspire me to awe – the starry heavens above and the moral universe within.""",Viral Quote,"- As discussed in this entry from The Quote Investigator, the earliest published attribution of a similar quote to Einstein seems to have been in Gestalt therapist Frederick S. Perls' 1969 book Gestalt Theory Verbatim, where he wrote on p. 33: ""As Albert Einstein once said to me: 'Two things are infinite: the universe and human stupidity.' But what is much more widespread than the actual stupidity is the playing stupid, turning off your ear, not listening, not seeing."" Perls also offered another variant in his 1972 book In and Out the Garbage Pail, where he mentioned a meeting with Einstein and on p. 52 quoted him saying: ""Two things are infinite, the universe and human stupidity, and I am not yet completely sure about the universe."" [...] - If Einstein said this, he was almost certainly quoting philosopher Immanuel Kant's words from the conclusion to the Critique of Practical Reason (1788), translated in Paul Guyer's The Cambridge Companion to Kant (p. 1) as: ""Two things fill the mind with ever new and increasing admiration and awe, the more often and steadily we reflect upon them: the starry heavens above me and the moral law within me.""",False,False,True,insufficient-refutes,checkyourfact
checkyourfact_361_ret_b4_gn,checkyourfact_361,"Claims that Albert Einstein once said, ""Two things inspire me to awe – the starry heavens above and the moral universe within.""",Viral Quote,"Nope. There’s absolutely no evidence that Einstein ever said this. You don’t get to choose whatever reality suits you. Well, at least not without the help of some cognitive dissonance and a fistful of hallucinogens. [...] Not Einstein. The anthropologist Ashley Montagu actually said it in an interview with Einstein. [...] This one seems incredibly popular when it’s plastered on top of photos of starry night skies and people doing yoga. But Einstein never said that. It’s actually a version of a quote from Immanuel Kant’s Critique of Practical Reason: ""Two things fill the mind with ever-increasing wonder and awe, the more often and the more intensely the mind of thought is drawn to them: the starry heavens above me and moral law within me.""",False,False,True,refutes,checkyourfact
checkyourfact_361_ret_bn_g11,checkyourfact_361,"Claims that Albert Einstein once said, ""Two things inspire me to awe – the starry heavens above and the moral universe within.""",Viral Quote,"Two things fill the mind with ever new and increasing admiration and awe, the more often and steadily we reflect upon them: the starry heavens above me and the moral law within me. The starry heavens represent the physical world. Kant’s moral law evokes an inner stirring. ""Gesetz"" usually translates as ""law,"" but it can also mean ""act."" Clearly, as a moral response arising within me, it describes my will. Despite his count of ""zwei Dinge"" or ""two things,"" Kant’s quote actually points to a 3rd elementary impenetrable as well. Notice how the quote moves from universal references to mind (Gemüt) and thoughtful reflection (Nachdenken) over to the highly personal ""starry heavens above me"" (über mir) and ""moral law within me"" (in mir). The power of his expression derives from his personal position midway between physical and ethical space. Likewise, I find myself positioned between the physical world and the will inside me.",False,False,True,insufficient-refutes,checkyourfact
checkyourfact_365,checkyourfact_365,Republican presidential candidate Vivek Ramaswamy claimed in a July 12 interview that he voted for the first time in 2020.,Vivek Ramaswamy,"Ramaswamy voted in 2004 for the Libertarian Party presidential nominee. He did not vote again until 2020, according to state records.",False,True,True,refutes,checkyourfact
checkyourfact_365_ret_b10_g1,checkyourfact_365,Republican presidential candidate Vivek Ramaswamy claimed in a July 12 interview that he voted for the first time in 2020.,Vivek Ramaswamy,"Republican presidential candidate Vivek Ramaswamy clarified a discrepancy about his voting history, admitting on Wednesday that his claims about voting for the first time for President Trump in 2020 were not true. [...] Ramaswamy, a former pharmaceutical executive and political newcomer, previously told Scripps News in a July 12 interview that he had not voted before the 2020 election. [...] In an earlier interview in June, Ramaswamy, 37, told the Breakfast Club radio program he voted for the first time in 2020 and claimed his 2021 book, ""Woke, Inc.: Inside Corporate America's Social Justice System,"" was partly a reflection on why he was politically inactive for decades.",False,False,True,refutes,checkyourfact
checkyourfact_365_ret_b3_gn,checkyourfact_365,Republican presidential candidate Vivek Ramaswamy claimed in a July 12 interview that he voted for the first time in 2020.,Vivek Ramaswamy,"Vivek Ramaswamy is an entrepreneur from Ohio and is running for President of the United States in 2024. He is a member of the conservative wing of the Republican Party. We assign Vivek Ramaswamy a Right Biased and Mixed factual rating due to a few failed fact-checks and holding some views that are at odds with the consensus of science. [...] - Climate Change: Limited Action – Vivek Ramaswamy’s economic plan involves moving away from what he refers to as the ""climate cult"" and, instead, liberating the potential of nuclear energy. Ramaswamy said he’s ""not a climate denier"" but sees the world’s warming as ""not entirely bad."" He says the goal of limiting carbon emissions is ""flawed"" and that ""people should be proud to live a high-carbon lifestyle."" During the 1st Republican debate, he declared the Climate Change Agenda is a ""Hoax."" [...] Recent Failed Fact Checks - ""Young Americans across this country are no longer proud to be American."" – Half True - Republican presidential candidate Vivek Ramaswamy claimed in a July 12 interview that he voted for the first time in 2020. – False - ""The climate change agenda is a hoax."" – False - ""The reality is the anti-carbon agenda is the wet blanket on our economy. And so the reality is more people are dying of bad climate change policies than they are of actual climate change."" – False (M. Huitsing 07/25/2023) Updated (08/24/2023)",False,False,True,insufficient-neutral,checkyourfact
checkyourfact_365_ret_bn_g16,checkyourfact_365,Republican presidential candidate Vivek Ramaswamy claimed in a July 12 interview that he voted for the first time in 2020.,Vivek Ramaswamy,"In June, as the sun set on Dublin, Ohio, a well-to-do suburb of Columbus, several dozen people dressed in golf shirts and floral shifts filed into a small auditorium to listen to a talk by a new neighbor. Vivek Ramaswamy, a thirty-seven-year-old entrepreneur, had settled in the area with his wife and toddler son after making a large fortune as the founder of a biotech company. Now, thanks to dozens of appearances on Fox News to criticize ""cultural totalitarianism"" enforced by liberal élites, he was closing in on fame as a conservative pundit. In the past year, he had cast aspersions on Black Lives Matter and ""the death of merit""; mask mandates and U.S.-border protection; public-school curricula and the actor Jussie Smollett. All the flame-throwing had established him, in the words of one anchor, as the network’s ""woke and cancel-culture guru.""",False,False,True,insufficient-neutral,checkyourfact
checkyourfact_365_ret_bn_g5,checkyourfact_365,Republican presidential candidate Vivek Ramaswamy claimed in a July 12 interview that he voted for the first time in 2020.,Vivek Ramaswamy,"Strengths: Former tech and finance executive Vivek Ramaswamy is a fresh, young diverse face for most Americans, has a sterling educational background and comes from the business world, which is traditionally valued in the GOP primary. He has been a prominent voice in conservative circles, arguing against the environmental, social and governance (ESG) movement and against ""woke""-ism. That could help him with white-collar Republicans, who want an alternative to Trump.",False,False,True,insufficient-neutral,checkyourfact
checkyourfact_367,checkyourfact_367,Former Republican Texas Representative Will Hurd claimed in an August 13 interview that 141 people drowned in the Rio Grande river in 2022.,Will Hurd,"The Missing Migrants Project states that 140 migrants have died from drowning in 2022, though the U.S. Customs and Border Protection (CBP) has not released its data from FY 2022.",False,True,True,insufficient-supports,checkyourfact
checkyourfact_367_ret_b0_gn,checkyourfact_367,Former Republican Texas Representative Will Hurd claimed in an August 13 interview that 141 people drowned in the Rio Grande river in 2022.,Will Hurd,"FACT CHECK: Will Hurd Claims 141 People Drowned In The Rio Grande In 2022 [...] Hurd claimed during an interview with CNN host Jake Tapper that 141 migrants died by drowning in the Rio Grande. Hurd said,"" Last year, there was a drowning case, two drowning cases a couple of weeks ago. But, last year, 141 people drowned in the Rio Grande — in the Rio Grande River. And nobody was talking about that."" [...] A representative from the Missing Migrants Project told Check Your Fact that 140 migrants died by drowning in the Rio Grande in 2022. The representative said, ""I confirm that the figure that media got for migrant deaths in the Rio Grande/Rio Bravo in 2022 is correct.""",False,False,True,supports,checkyourfact
checkyourfact_367_ret_bn_g0,checkyourfact_367,Former Republican Texas Representative Will Hurd claimed in an August 13 interview that 141 people drowned in the Rio Grande river in 2022.,Will Hurd,"Aired August 13, 2023 - 09:00 ET [...] FMR. REP. WILL HURD (R-TX), PRESIDENTIAL CANDIDATE: The GOP should be a party that appreciates a competition of ideas. [...] And so this -- we should be upset about all of this. And 5.5 million people coming into the country illegally is unacceptable. Last year, there was a drowning case, two drowning cases a couple of weeks ago. But, last year, 141 people drowned in the Rio Grande -- in the Rio Grande River. And nobody was talking about that.",False,False,True,supports,checkyourfact
checkyourfact_367_ret_bn_g3,checkyourfact_367,Former Republican Texas Representative Will Hurd claimed in an August 13 interview that 141 people drowned in the Rio Grande river in 2022.,Will Hurd,"A 32-year-old Mexican woman died painfully, hanging upside down, while attempting to rappel down the border wall near Douglas, Arizona on April 11. Mexican authorities recovered the body of a 52-year-old Nicaraguan man who drowned in the Rio Grande along with his adult son. Luis Alberto Jiménez and his son ""are added to about 10 Nicaraguans who have perished in the Rio Grande’s waters during the first three months of 2022,"" reportsNicaragua Investiga. Agence France Presse profiled a swim instructor in Estelí, Nicaragua who is giving free lessons to people planning to migrate, so that they might avoid drowning in the Rio Grande. Most of his pupils are single mothers planning to flee with their children. [...] In a new book Will Hurd, who represented a west Texas border district in Congress, tells of taking other Republican representatives to visit the border: ""Some were nervous when I took them into Mexico. Many were expecting the Battle of Mogadishu in 1993, with shootouts in the streets like Black Hawk Down.""",False,False,True,insufficient-neutral,checkyourfact
checkyourfact_369_ret_b14_gn,checkyourfact_369,Italy has replaced Pride month with 'Family Pride Month',Viral Video,"From the outside, following its change of government and move to the far-right, Italy appears dramatically different to a year ago, putting extra emphasis on its second ever LGBT History Month, as Andrea Carlo reports. This month, Italy celebrates its second LGBT History Month, with a variety of events and seminars being held in its honour throughout the coming weeks. [...] Italy remains western Europe’s weakest link on LGBT issues – lacking same-sex marriage, for instance. Nevertheless, broader acceptance of the community has grown by leaps and bounds over the past decade.",False,False,True,insufficient-refutes,checkyourfact
checkyourfact_369_ret_b17_gn,checkyourfact_369,Italy has replaced Pride month with 'Family Pride Month',Viral Video,"Colourful displays for the first Pride event since the COVID-19 pandemic drew large crowds in support of Italy's LGBTI+ community and the country's minorities. Thousands of people gathered in the centre of the Italian capital on Saturday to celebrate the return of Rome Pride -- the first after the COVID lockdown. [...] Participants travelled in colourfully decorated trucks from Piazza della Repubblica in front of the Termini railway station to reach the Piazza Venezia square, a central hub in Rome.",False,False,True,insufficient-neutral,checkyourfact
checkyourfact_372,checkyourfact_372,"claims that author Charles Dickens once said, ""Happiness is a gift and the trick is not to expect it but to delight in it when it comes.""",Viral quote,There is no evidence that Dickens coined this statement. It actually comes from the 2002 film adaptation of Dickens’ book “Nicholas Nickleby.”,False,True,True,refutes,checkyourfact
checkyourfact_372_ret_b12_gn,checkyourfact_372,"claims that author Charles Dickens once said, ""Happiness is a gift and the trick is not to expect it but to delight in it when it comes.""",Viral quote,"25 Quotes By Writer Charles Dickens Reminding You To Enjoy Every Second Of Your Life [...] Charles Dickens is one of those classic writers that you probably read when you were in school (think A Tale of Two Cities, Oliver Twist, or Great Expectations...) and then didn’t think too much of it after that. But you may be surprised to realize how many of his famous quotes and sayings made their way on to your computer screens, your Pinterest inspo boards and into your daily motivational routines. [...] As long as you always let yourself feel and enjoy, you’ll have a good life. So keep reading for some of Charles Dickens’ best quotes about life, love, and everything in between.",False,False,True,insufficient-neutral,checkyourfact
checkyourfact_372_ret_b2_gn,checkyourfact_372,"claims that author Charles Dickens once said, ""Happiness is a gift and the trick is not to expect it but to delight in it when it comes.""",Viral quote,"Happiness is a gift and the trick is not to expect it, but to delight in it when it comes"" is a profound quote that encapsulates the essence of appreciating happiness when it arrives, rather than constantly anticipating it. It suggests that happiness is not a given, but a gift – something that is not always present, but when it arrives, it should be cherished and appreciated. The quote also implies that the expectation of happiness could lead to disappointment. When we set expectations for happiness, we often tie it to specific outcomes or circumstances. If these conditions are not met, we may feel let down. However, if we let go of these expectations and instead find joy in the moments of happiness when they come, we are more likely to appreciate them fully. In today’s world, where instant gratification is often sought, this quote is particularly relevant. We are often in a rush to find happiness, to achieve it as if it were a goal. However, this approach can lead to dissatisfaction, as the happiness we seek is often fleeting or not as fulfilling as we imagined. By viewing happiness as a gift and not an expectation, we can learn to appreciate it more when it does arrive, and not be disheartened when it doesn’t.",False,False,True,insufficient-neutral,checkyourfact
checkyourfact_372_ret_b7_gn,checkyourfact_372,"claims that author Charles Dickens once said, ""Happiness is a gift and the trick is not to expect it but to delight in it when it comes.""",Viral quote,"CCharles DickensHappiness is a gift and the trick is not to expect it, but to delight in it when it comes. – Charles Dickens Happiness is a gift and the trick is not to expect it, but to delight in it when it comes. – Charles DickensRelated Quotes:Tags:Beautiful Quotes About HappinessBest Happiness QuotesFamous Happiness QuotesFeel Good Quotes About HappinessFind Happiness QuotesHappiness And Sadness QuotesHappiness QuotesHappiness Quotes And SayingsInspirational Quotes About Life And HappinessInspirational Quotes HappinessInspiring Happiness QuotesKey To Happiness QuotesPursuit Of Happiness QuotesSelf Happiness QuotesShort Happiness QuotesShort Quotes About HappinessTrue Happiness Quotes And SayingsWisdom Happiness QuotesWise Happiness QuotesWords Of Wisdom Happiness Share Tweet Pin it Share Read More CCharles DickensA loving heart is the truest wisdom. – Charles Dickens Love is one of the essential things to live our life. All the good things in our life…",False,False,True,insufficient-supports,checkyourfact
checkyourfact_372_ret_bn_g1,checkyourfact_372,"claims that author Charles Dickens once said, ""Happiness is a gift and the trick is not to expect it but to delight in it when it comes.""",Viral quote,"This weekend I read an article on the BBC website about Charles Dickens’s cultural longevity and why he is still so much a part of our modern life. I was drawn to this article especially as I recently finished reading the acclaimed biography of Charles Dickens by the outstanding biographer Claire Tomalin. [...] The author of the BBC article John Gray said: ""Charles Dickens was a close observer of human nature who found endless interest in the theatre of ordinary life"". And these observations are so clearly shown in his novels. I’d like to share with you 16 of my favourite quotes by Charles Dickens. Some of them appear in his books and are uttered by his characters whilst others were said by him.",False,False,True,insufficient-neutral,checkyourfact
checkyourfact_383,checkyourfact_383,claims two pipeline workers in Chicago were purportedly given water bottles laced with fentanyl,Post,"A keyword search does not generate any results for NPL Pipeline Company, but rather, NPL Construction Company, which has multiple locations in Chicago. NPL Construction Company released a statement labeling the claim as “entirely false.”",False,True,True,insufficient-neutral,checkyourfact
checkyourfact_383_ret_b18_gn,checkyourfact_383,claims two pipeline workers in Chicago were purportedly given water bottles laced with fentanyl,Post,"July 21, 2023 – A flyer with SDG&E’s logo circulating on Facebook claims two workers for a local flagging company during extreme heat were given water bottles by a stranger. ""Apparently, the water bottles were laced with Fentanyl. Sadly, one of the flaggers died and the other is in critical condition after ingesting the water,"" the flyer headlined ""Non-SDG&E Contractor Incident Alert"" states.",False,False,True,insufficient-supports,checkyourfact
checkyourfact_383_ret_b2_gn,checkyourfact_383,claims two pipeline workers in Chicago were purportedly given water bottles laced with fentanyl,Post,"FACT CHECK: Viral Post Falsely Claims Pipeline Workers Were Given Water Bottles Laced With Fentanyl A post shared on Facebook claims two NPL Pipeline Company workers in Chicago were purportedly given water bottles laced with fentanyl by an ""unknown individual in a passing car,"" resulting in the death of one of the workers. [...] The Facebook post, shared over 2,000 times, claims two NPL Pipeline Company workers were purportedly given water bottles laced with fentanyl by an ""unknown individual in a passing car,"" resulting in the death of one of the workers. The post further claims the other worker is in critical condition and also reminds workers not to accept food or beverages from anyone outside of their project team following the alleged incident.",False,False,True,refutes,checkyourfact
checkyourfact_383_ret_b3_gn,checkyourfact_383,claims two pipeline workers in Chicago were purportedly given water bottles laced with fentanyl,Post,"No, two workers weren't harmed by fentanyl-laced water in Chicago area | Fact check The claim: Two pipeline workers were given fentanyl-laced water bottles in Chicago suburbs [...] ""We regret to inform you of a tragic incident that occurred two days ago involving NPL Pipeline Company in the Chicago suburbs,"" reads the letter, which is dated July 20. ""During the project, two flaggers were offered bottles of water by an unknown individual in a passing car. Sadly, one of the flaggers lost their life, and the other is currently in critical condition. After conducting an investigation, it is suspected that the water provided to the flaggers was laced with fentanyl.""",False,False,True,insufficient-contradictory,checkyourfact
checkyourfact_386_ret_b3_gn,checkyourfact_386,Make America Great Again (MAGA) Inc. released an ad claiming Florida Republican Gov. Ron DeSantis pushed a 23% to replace former President Donald Trump's Tax Cuts and Job Act and voted against funding for the border wall.,MAGA Inc.,"FACT CHECK: MAGA Inc. Ad Misleads On Ron DeSantis’s Stance On Tax Cuts And Border Wall Summary by Ground News The ad also claims that De Santis voted against funding for Trump's border wall. The claim is not true. While he voted against the bill mentioned in the ad, he also voted for another bill that would provide funding and authorized the building of a wall.",False,False,True,insufficient-refutes,checkyourfact
checkyourfact_386_ret_bn_g5,checkyourfact_386,Make America Great Again (MAGA) Inc. released an ad claiming Florida Republican Gov. Ron DeSantis pushed a 23% to replace former President Donald Trump's Tax Cuts and Job Act and voted against funding for the border wall.,MAGA Inc.,"- Overall, we rate Make America Great Again Inc. as right-based and questionable based on the publication of conspiracies and propaganda against the opponents of Donald Trump, the use of poor sources, a lack of transparency with funding, and numerous failed fact checks. [...] Failed Fact Checks - Make America Great Again (MAGA) Inc. released an ad claiming Florida Republican Gov. Ron DeSantis pushed a 23% to replace former President Donald Trump’s Tax Cuts and Job Act and voted against funding for the border wall. – False - ""Drug traffickers, rapists, poisoning our country. But Nikki Haley refused to call illegals ‘criminals.’"" – False - ""In Congress, DeSantis voted three times to cut Social Security, even to privatize Medicare. … Worse? DeSantis wanted to raise the retirement age to 70."" – Mostly False - Ron DeSantis ""sided with the liberals"" and ""sponsored the bill to make Puerto Rico a state. – Misleading - ""Nikki Haley refused to call illegals criminals"" and ""repeatedly pushed amnesty for illegals."" – False - ""Did you see Biden’s paying rent for illegals now? They get handouts and we pay for all of it."" – False Overall, we rate Make America Great Again Inc. as right-based and questionable based on the publication of conspiracies and propaganda against the opponents of Donald Trump, the use of poor sources, a lack of transparency with funding, and numerous failed fact checks. (D. Van Zandt 01/30/2024) Updated (04/30/2024)",False,False,True,refutes,checkyourfact
checkyourfact_389,checkyourfact_389,A post shared on Instagram claims to show a Ukrainian tank disguised as a house.,Viral Video,The house on wheels was created by a civilian. It was created before the Russian invasion of Ukraine.,False,True,True,insufficient-refutes,checkyourfact
checkyourfact_389_ret_bn_g1,checkyourfact_389,A post shared on Instagram claims to show a Ukrainian tank disguised as a house.,Viral Video,"FACT CHECK: No, Video Does Not Show A Ukrainian Tank Disguised As A House [...] The text in the video reads, ""A Ukrainian tank uses a house as camouflage."" This video, however, shows a house on wheels created by a Ukrainian civilian. The house was featured in news reports before the Russian invasion began in February 2022. For example, the Ukrainian outlet 34 телеканал ran a news segment on the machine in September 2020 and shared it on its YouTube channel.",False,False,True,refutes,checkyourfact
checkyourfact_389_ret_bn_g3,checkyourfact_389,A post shared on Instagram claims to show a Ukrainian tank disguised as a house.,Viral Video,"Manipulation Ukrainian military disguise tanks as houses Users of social networks, in particular the American segment of Instagram, spread a video showing a house driving across a field, and added the inscription: ""Ukrainian tank uses the house as camouflage"". The author of the publication believes that the video allegedly shows military equipment disguised as a Ukrainian house. This is manipulation. The case was investigated by the fact-checkers of the PolitiFact project. They determined that there was no Ukrainian tank disguised as a house in the video. In fact, this is a car, namely the Zaporozhets, which, back in 2020, a family from near Dnipro turned into a ""mobile home"". Craftsmen decorated it with Petrykivka painting, and placed icons and embroidered towels inside. A reverse search also showed that the video, dated 2020, was filmed by TV Channel 34. The Instagram post was labeled as the ""False Information"" one.",False,False,True,refutes,checkyourfact
checkyourfact_396,checkyourfact_396,"claims actor Clint Eastwood authored a long statement in favor of President Donald Trump that starts by saying, ""I love when people call Trump Stupid.""",Viral Quote,New Hampshire State Rep. Fred Doucette actually wrote an extremely similar statement as a letter to a local newspaper last year. The statement may have gotten linked to Eastwood after the Massachusetts Republican Party shared Doucette’s letter with a meme featuring Eastwood’s likeness.,False,True,True,insufficient-refutes,checkyourfact
checkyourfact_396_ret_b0_gn,checkyourfact_396,"claims actor Clint Eastwood authored a long statement in favor of President Donald Trump that starts by saying, ""I love when people call Trump Stupid.""",Viral Quote,"FACT CHECK: ‘I Love When People Call Trump Stupid’ – Did Clint Eastwood Author This Statement About Trump? An image shared on Facebook more than 12,000 times claims actor Clint Eastwood authored a long statement in favor of President Donald Trump that starts by saying, ""I love when people call Trump Stupid."" [...] ""I love when people call Trump Stupid,"" reads the beginning of Eastwood’s alleged statement. ""You mean the multi-billionaire who kicked every Democrats (sic) butt, buried 16 career Republican politicians, and continues to make fools out of once reputable news organizations.""",False,False,True,insufficient-supports,checkyourfact
checkyourfact_396_ret_b1_g0,checkyourfact_396,"claims actor Clint Eastwood authored a long statement in favor of President Donald Trump that starts by saying, ""I love when people call Trump Stupid.""",Viral Quote,"The claim: Actor Clint Eastwood authored a pro-Trump post [...] The claim that Clint Eastwood is the author behind the viral ""I love when people call Trump stupid"" post is FALSE, based on our research. An almost identical version of the text is from a letter to the editor to a local paper from a New Hampshire state representative. There is no evidence Eastwood wrote the post. - The Eagle-Tribune, Sept. 30, 2019, Letter: Don’t be brainwashed by what the Democrats tell you - Fred Doucette, Sept. 22, 2019, Facebook post - Massachusetts Republican Party, Nov. 24, 2019, Facebook post - BBC, 1986: Eastwood voted mayor by landslide - The Washington Post, Aug. 4, 2016, Clint Eastwood explains — and regrets — his speech to an empty chair - Wall Street Journal, Feb. 21, A Hollywood Legend Talks Politics - Check Your Fact, Jan. 7, FACT CHECK: ‘I LOVE WHEN PEOPLE CALL TRUMP STUPID’ – DID CLINT EASTWOOD AUTHOR THIS STATEMENT ABOUT TRUMP?",False,False,True,refutes,checkyourfact
checkyourfact_396_ret_b3_gn,checkyourfact_396,"claims actor Clint Eastwood authored a long statement in favor of President Donald Trump that starts by saying, ""I love when people call Trump Stupid.""",Viral Quote,"An image shared on Facebook more than 6,200 times claims actor and director Clint Eastwood wrote a long statement in favor of President Donald Trump. [...] The image, which has been shared more than 6,200 times, alleges that Eastwood wrote a long statement praising Trump. ""I love him as our President,"" reads part of Eastwood’s supposed statement. ""No one is without fault. We hired a man to do a job. He has surpassed my expectations in record time, single handedly (sic) fighting the establishment."" There is, however, no evidence that Eastwood ever said or wrote this long statement. The Daily Caller found no credible sources linking the statement to the ""Million Dollar Baby"" actor, and Eastwood does not appear to have any social media accounts. (RELATED: Did Steve Harvey Author This Pro-Trump Statement?)",False,False,True,refutes,checkyourfact
checkyourfact_396_ret_bn_g5,checkyourfact_396,"claims actor Clint Eastwood authored a long statement in favor of President Donald Trump that starts by saying, ""I love when people call Trump Stupid.""",Viral Quote,"In real life, it seems Clint Eastwood has slowly morphed from the justice-loving ""Dirty Harry"" to his cranky old man character from ""Gran Torino,"" complaining about today’s generation and regretting the past, especially that speech to a chair. [...] As Eastwood told it to Esquire, he was apparently hanging out backstage at the RNC, listening to Neil Diamond’s ""I Am, I Said."" In case you’re suffering a Diamond drought, here’s the tune: [...] He doesn’t agree with everything Trump says — ""He’s said a lot of dumb things,"" Eastwood said — but he thinks that voters need to ""just … get over it.""",False,False,True,insufficient-supports,checkyourfact
checkyourfact_403,checkyourfact_403,one of House Speaker Nancy Pelosi’s daughters sits on the board of the John F. Kennedy Center for the Performing Arts,Viral Post,The Daily Caller didn’t find any evidence that any of Pelosi’s four daughters sit on the board of the Kennedy Center. A spokeswoman for the Kennedy Center confirmed that Pelosi’s children have no affiliation with the institution.,False,True,True,refutes,checkyourfact
checkyourfact_403_ret_b0_gn,checkyourfact_403,one of House Speaker Nancy Pelosi’s daughters sits on the board of the John F. Kennedy Center for the Performing Arts,Viral Post,"A viral Facebook post shared more than 45,000 times claims one of House Speaker Nancy Pelosi’s daughters sits on the board of the John F. Kennedy Center for the Performing Arts. The Daily Caller didn’t find any evidence that any of Pelosi’s four daughters sit on the board of the Kennedy Center. A spokeswoman for the Kennedy Center confirmed that Pelosi’s children have no affiliation with the institution. [...] ""So Nancy’s daughter is on the board of the Kennedy Center,"" claims one Facebook post. ""So that’s why it was so important to send them all that money."" (RELATED: Did Nancy Pelosi Hide $25 Million For Congressional Pay Raises In The Coronavirus Stimulus Bill?)",False,False,True,refutes,checkyourfact
checkyourfact_403_ret_bn_g0,checkyourfact_403,one of House Speaker Nancy Pelosi’s daughters sits on the board of the John F. Kennedy Center for the Performing Arts,Viral Post,"Check Your Fact, PolitiFact and Reuters concluded that accusations that one of Pelosi's daughters worked there were false since none of Pelosi’s four daughters were listed on the Kennedy Center's board of trustees. [...] We rate the claim that House Speaker Nancy Pelosi' daughter works for the John F. Kennedy Center FALSE because it is not supported by our research. Pelosi's office, the Kennedy Center and its website all confirm none of Pelosi's four daughters work for the performing arts center. [...] - Check Your Fact, Mar. 31, ""FACT CHECK: DOES NANCY PELOSI’S DAUGHTER SIT ON THE BOARD OF THE KENNEDY CENTER?""",False,False,True,refutes,checkyourfact
checkyourfact_403_ret_bn_g4,checkyourfact_403,one of House Speaker Nancy Pelosi’s daughters sits on the board of the John F. Kennedy Center for the Performing Arts,Viral Post,"Nancy Pelosi is the 52nd Speaker of the House of Representatives, having made history in 2007 when she was elected the first woman to serve as Speaker of the House. Now in her third term as Speaker, Pelosi made history again in January 2019 when she regained her position second-in-line to the presidency, the first person to do so in more than 60 years. For 31 years, Speaker Pelosi has represented San Francisco, California’s 12th Congressional District, in Congress. She has led House Democrats for 16 years and previously served as House Democratic Whip. A distinguished record of legislative accomplishment, Pelosi has led the Congress in passing historic health insurance reform, key investments in college aid, clean energy and innovation, and initiatives to help small businesses and veterans. She has been a powerful voice for civil rights and human rights around the world for decades. Pelosi comes from a strong family tradition of public service in Baltimore.",False,False,True,insufficient-neutral,checkyourfact
checkyourfact_403_ret_bn_g8,checkyourfact_403,one of House Speaker Nancy Pelosi’s daughters sits on the board of the John F. Kennedy Center for the Performing Arts,Viral Post,"The youngest of seven children and the only girl, Pelosi grew up like royalty. Her father Thomas D’Alesandro Jr. was a member of Congress when she was born, in 1940, and the mayor of Baltimore by the time she was 7. When young Nancy wasn’t being ferried to a Catholic girls’ school, she was attending her father’s ceremonial events or helping him get out the vote. Her father’s ancestors had immigrated from Genoa, Venice and Abruzzo, her mother’s from the southern Italian city of Campobasso. The family lived in a three-story brick row house in the heart of Little Italy, a blue collar community near Baltimore’s industrial waterfront. The house appears vacant now; Pelosi points it out to me as we drive by. (We had planned to take a walking tour, but it’s a cold day, and she detests the cold.) A few blocks over, there are hipster restaurants and lofts, but in this part of town, the corners still feature traditional pasta houses.",False,False,True,insufficient-neutral,checkyourfact
checkyourfact_421,checkyourfact_421,purports to show former President Donald Trump dancing with a 13-year-old girl,Image,A scan using Hive Moderation reveals the image is 99% likely to have been created using artificial intelligence (AI).,False,True,True,refutes,checkyourfact
checkyourfact_421_ret_b16_gn,checkyourfact_421,purports to show former President Donald Trump dancing with a 13-year-old girl,Image,Donald Trump caught busting out dance moves at lavish Florida birthday bash [...] Footage has captured former US president Donald Trump pulling out some of his signature dance moves to honour future daughter-in-law Kimberly Guilfoyle at her recent 54th birthday bash in Florida.,False,False,True,insufficient-neutral,checkyourfact
checkyourfact_421_ret_bn_g0,checkyourfact_421,purports to show former President Donald Trump dancing with a 13-year-old girl,Image,"CLAIM: An image shows former President Donald Trump dancing with a teenage girl at a party at Jeffrey Epstein’s private island. [...] Many are sharing an image that appears to show Trump dancing with a young girl at a party years earlier. Wearing a dark suit and tie, Trump appears to clutch the blonde-haired girl in a red dress as people mill around in the background. ""Photo of Donald Trump at Epstein’s private island dancing with a 13 year old girl,"" the text superimposed over the photo reads, referring to the disgraced financier who killed himself in a New York City jail while facing federal sex trafficking and conspiracy charges in 2019.",False,False,True,insufficient-supports,checkyourfact
checkyourfact_431,checkyourfact_431,"Claims that Winston Churchill once stated, ""A pessimist sees the difficulty in every opportunity; an optimist sees the opportunity in every difficulty.""",Viral Quote,The Daily Caller News Foundation found no record of Churchill ever saying or writing this expression.,False,True,True,refutes,checkyourfact
checkyourfact_431_ret_b0_gn,checkyourfact_431,"Claims that Winston Churchill once stated, ""A pessimist sees the difficulty in every opportunity; an optimist sees the opportunity in every difficulty.""",Viral Quote,"FACT CHECK: Did Churchill Say, ‘An Optimist Sees The Opportunity In Every Difficulty’? A post shared on Facebook claims that British Prime Minister Winston Churchill once stated, ""A pessimist sees the difficulty in every opportunity; an optimist sees the opportunity in every difficulty."" [...] ""The past history of an old walled city such as this leaves its legacy of ideas antiquated and out of date. These, as expressed in tangible form, are an embarrassment, and hinder the wheels of progress, but we view these, I hope, in the spirit of the optimist to whom every difficulty is an opportunity, and not as the pessimist, to whom every opportunity presents some difficulty.""",False,False,True,insufficient-neutral,checkyourfact
checkyourfact_431_ret_b2_gn,checkyourfact_431,"Claims that Winston Churchill once stated, ""A pessimist sees the difficulty in every opportunity; an optimist sees the opportunity in every difficulty.""",Viral Quote,"Summary: Winston Churchill's quote, ""A pessimist sees the difficulty in every opportunity; an optimist sees the opportunity in every difficulty,"" encapsulates the contrasting perspectives of pessimism and optimism. While a pessimist tends to focus on the problems and challenges that come with each opportunity, an optimist views those difficulties as potential stepping stones for growth and success. This distinction is significant as it directly impacts one's outlook on life, problem-solving abilities, and overall happiness.Introduction: Beyond the plain meaning of Churchill's quote lies a deeper philosophical concept called ""the paradox of duality."" This concept suggests that contrasting elements, such as light and dark, good and evil, or in this case, pessimism and optimism, are inextricably intertwined. Exploring this paradox through the lens of Churchill's quote allows us to delve into the complexities of human perception and the power of mindset in shaping our lives. Let us embark on this intellectual journey, reflecting on the importance of this quote and uncovering the deeper meaning within.Body: Pessimism, defined as a tendency to see the worst in every situation, often stems from fear and a focus on potential risks or failures.",False,False,True,supports,checkyourfact
checkyourfact_431_ret_bn_g5,checkyourfact_431,"Claims that Winston Churchill once stated, ""A pessimist sees the difficulty in every opportunity; an optimist sees the opportunity in every difficulty.""",Viral Quote,"- An optimist finds an opportunity in every difficulty; a pessimist finds a difficulty in every opportunity - A pessimist is one who sees a disaster in every opportunity. [...] ""A pessimist,"" says the Rev. F. W. Cole, president of the Cardiff Free Church Council, ""is a man who takes every opportunity of seeing a difficulty, but the optimist is he who sees in every difficulty an opportunity."" [...] An optimist is one who sees an opportunity in every difficulty. A pessimist is one who sees a difficulty in every opportunity.",False,False,True,insufficient-neutral,checkyourfact
checkyourfact_431_ret_bn_g9,checkyourfact_431,"Claims that Winston Churchill once stated, ""A pessimist sees the difficulty in every opportunity; an optimist sees the opportunity in every difficulty.""",Viral Quote,"What is one fact about yourself that might surprise people? [...] What is your favorite quote? I have two favorite quotes: ""If you don’t like something, change it. If you can’t change it, change your attitude.""—Maya Angelou ""A pessimist sees the difficulty in every opportunity; an optimist sees the opportunity in every difficulty.""—Winston Churchill",False,False,True,supports,checkyourfact
checkyourfact_432,checkyourfact_432,"until the 1960s, Indigenous Australians were classified as animals under the Flora and Fauna Act",Viral post,"The Flora and Fauna Act did not exist, and there is no record of any other act legally classifying Indigenous Australians as animals. Experts said the claim is incorrect.",False,True,True,refutes,checkyourfact
checkyourfact_432_ret_b0_g4,checkyourfact_432,"until the 1960s, Indigenous Australians were classified as animals under the Flora and Fauna Act",Viral post,"A regularly repeated claim in public debate is that Indigenous Australians were covered by a flora and fauna act, which did not classify them as human beings, and that this only changed when the constitution was amended following the 1967 referendum. [...] So, is it true that Indigenous Australians were classified according to a flora and fauna act until the 1967 referendum? RMIT ABC Fact Check investigates. [...] Sources - Shareena Clanton, speaking on the ABC's Q&A program. February 19, 2018 - Federal Register of Legislation - Australian Legal Information Institute - Australian Government Office of Parliamentary Counsel - Reconfiguring History: The 'Flora and Fauna Act' and other myths of the Australian legislation, by Samuel Byrnand, Researchgate, May 2015 - Aborigines classified as animals under flora and fauna act? Wafflesatnoon, June 1, 2016 - Myths persist about the 1967 referendum, by Ron Sutton, sbs,com.au, March 11, 2014 - Were Indigenous (Aboriginal) Australians regulated by the flora & fauna act? By David Walker, Club Troppo, June 3, 2013 - Myths about 1967 referendum should be discarded, Anne Twomey, The Australian, May 26, 2017 - Indigenous recognition and constitutional myths by Helen Irving, Constitutional Critique blog, University of Sydney, June 9, 2015 - 'Right wrongs, write yes': what was the 1967 referendum all about?",False,False,True,insufficient-neutral,checkyourfact
checkyourfact_432_ret_b1_gn,checkyourfact_432,"until the 1960s, Indigenous Australians were classified as animals under the Flora and Fauna Act",Viral post,"FACT CHECK: Were Indigenous Australians Legally Classified As ‘Animals’ Until The 1960s? A viral Facebook post shared over 14,000 times claims that until the 1960s, Indigenous Australians were classified as animals under the Flora and Fauna Act. [...] The Facebook post claims, ""Until 1960s, Aboriginal Australians came under the Flora And Fauna Act, classified them as animals, not human beings. Featured alongside the claim is a black-and-white photo that, according to The Guardian, shows a white man standing above a group of chained Indigenous men sitting on the ground at a prison.",False,False,True,insufficient-neutral,checkyourfact
checkyourfact_432_ret_bn_g1,checkyourfact_432,"until the 1960s, Indigenous Australians were classified as animals under the Flora and Fauna Act",Viral post,"""I know that until the 1967 referendum altered our constitution to include all Australians as enfranchised citizens, our first peoples were regulated by the Flora & Fauna Act."" What I presume Pickering means is not just that the Flora and Fauna Act covered Indigenous people along with everyone else, or even that it mentioned them specially (say, to give them rights to hunt on the land), but that lawmakers classed Indigenous people as ""fauna"". [...] Minor update, January 2022: The Indigenous actor Shareena Clanton also made the flora and fauna claim on ABC TV’s Q&A, to Josh Frydenberg. ""My mother was born in 1965 and she was not considered a human being until the referendum came through from the flora and fauna act in 1967."" Nyunggai Warren Mundine pushed back.",False,False,True,insufficient-supports,checkyourfact
checkyourfact_432_ret_bn_g13,checkyourfact_432,"until the 1960s, Indigenous Australians were classified as animals under the Flora and Fauna Act",Viral post,"- Until the mid-60s, Indigenous Australians came under the Flora and Fauna Act, which classified them as animals, not human beings. This also meant that killing an indigenous Australian meant you weren’t killing a human being, but an animal. ""I was a child. It still staggers me that for the first 10 years of my life, I existed under the Flora and Fauna Act of NSW."" Linda Burney MP - Forcibly removed from their parents under government policy. Children stolen from their families, creating the Stolen Generation.",False,False,True,supports,checkyourfact
checkyourfact_444,checkyourfact_444,"Claims that William Shakespeare said, ""All glory comes from daring to begin.""",Viral Quote,The statement appears nowhere in Shakespeare’s writing. It actually comes from writer and politician Eugene Ware‘s 1889 poem.,False,True,True,refutes,checkyourfact
checkyourfact_444_ret_b0_gn,checkyourfact_444,"Claims that William Shakespeare said, ""All glory comes from daring to begin.""",Viral Quote,"FACT CHECK: Did Shakespeare Say, ‘All Glory Comes From Daring To Begin’? An image shared on Facebook claims that playwright William Shakespeare said, ""All glory comes from daring to begin."" The statement appears nowhere in Shakespeare’s writing. It actually comes from writer and politician Eugene Ware‘s 1889 poem.",False,False,True,refutes,checkyourfact
checkyourfact_444_ret_bn_g0,checkyourfact_444,"Claims that William Shakespeare said, ""All glory comes from daring to begin.""",Viral Quote,"Fake quotes have been in the news lately, from the Republican National Committee’s Abraham Lincoln flub to the bogus Winston Churchill quote about supporting funding for the arts during World War II. Such misattribution is familiar to Shakespeare enthusiasts. Every day, fake Shakespeare quotes are being shared on social media. Here are a few examples: [...] This is a quote from poet, author, and politician Eugene F. Ware, not Shakespeare. ""All glory comes from daring to begin."" – William Shakespeare — Great Minds Quotes (@GreatestQuotes) February 21, 2017 4. ""But for those who love, time is eternal.""",False,False,True,refutes,checkyourfact
checkyourfact_444_ret_bn_g4,checkyourfact_444,"Claims that William Shakespeare said, ""All glory comes from daring to begin.""",Viral Quote,"""All glory comes from daring to begin."" ― Ruskin Bond.",False,False,True,insufficient-refutes,checkyourfact
checkyourfact_446,checkyourfact_446,London Mayor said travel to minority House of worship are exempt from emissions-zone charge,Viral post,The claim is inaccurate. There is no evidence that this statement was made.,False,True,True,refutes,checkyourfact
checkyourfact_446_ret_b13_gn,checkyourfact_446,London Mayor said travel to minority House of worship are exempt from emissions-zone charge,Viral post,"If your vehicle doesn't meet the ULEZ emissions standards and isn't exempt, you need to pay a £12.50 daily charge to drive within the zone. This applies to cars, motorcycles, vans and specialist vehicles (up to and including 3.5 tonnes) and minibuses (up to and including 5 tonnes). Lorries, vans or specialist heavy vehicles (all over 3.5 tonnes) and buses, minibuses and coaches (all over 5 tonnes) do not need to pay the ULEZ charge. They will need to pay the LEZ charge if they do not meet the Low Emission Zone (LEZ) emissions standard.",False,False,True,insufficient-neutral,checkyourfact
checkyourfact_446_ret_b9_gn,checkyourfact_446,London Mayor said travel to minority House of worship are exempt from emissions-zone charge,Viral post,"The Mayor also announced new measures to support disabled people, including extending the existing exemption periods for London’s disabled drivers and community transport minibuses run by not-for-profit organisations to October 2027 and October 2025 respectively, and introducing new exemption periods for disabled drivers and wheelchair accessible vehicles. This will mean that over a quarter of a million disabled Londoners could be eligible for the new exemption periods, including those who automatically qualify for a Blue Badge. The Mayor is providing further support through scrapping the fee for drivers to sign up to Auto-Pay for the ULEZ and Congestion Charge. [...] The ULEZ charge is £12.50 a day. There are a number of options to avoid paying the charge if you own a non-compliant vehicle including, walking, cycling, taking public transport, using shared mobility such as a car club or upgrading to a cleaner vehicle. Whilst the Mayor is pleased to see so many people and organisations showing leadership by moving to electric vehicles, there is no need to purchase a brand-new or electric vehicle to meet the ULEZ standards. Petrol vehicles that meet the standards have been widely available since 2006.",False,False,True,insufficient-supports,checkyourfact
checkyourfact_446_ret_bn_g2,checkyourfact_446,London Mayor said travel to minority House of worship are exempt from emissions-zone charge,Viral post,"A screenshot of a purported newspaper article has been circulating on social media, claiming the Mayor of London, Sadiq Khan, is granting Ultra Low Emission Zone (ULEZ) exemptions for minorities. The headline of the viral report reads, ""Journeys to Houses Of Worship Exempt From ULEZ."" According to the screenshot, the mayor stated at a recent press conference that exemptions will be given, where absolutely necessary, for medical emergencies and travel to houses of worship by minorities. Khan confirmed that minorities, including Muslims, Jews, Hindus, and Sikhs, will be exempted even if their vehicles do not comply with the guidelines. One such post on a U.K. Facebook group has garnered 41 shares and 36 likes, along with comments from several users complaining about discrimination. [...] The viral claim that Mayor Sadiq Khan is granting ULEZ exemptions for minorities is not true. Officials have confirmed that there are no exemptions specifically for journeys undertaken to places of worship provided to minorities. Therefore, we have marked this claim as false.",False,False,True,refutes,checkyourfact
checkyourfact_449,checkyourfact_449,"purports Pope Francis said alcoholics, autistic and disabled people should be euthanized to 'fight climate change'",Post,"The claim stems from a July 28 article published on “The People’s Voice,” a website that is known for spreading “fake news.” There is no evidence Pope Francis made the purported remark.",False,True,True,refutes,checkyourfact
checkyourfact_449_ret_b0_gn,checkyourfact_449,"purports Pope Francis said alcoholics, autistic and disabled people should be euthanized to 'fight climate change'",Post,"Did Pope Francis, acting on behalf of the World Economics Forum, publicly support euthanasia for ""alcoholics, autistic and disabled people"" to ""help humanity"" fight climate change? No, that's not true: The pontiff never said that. Following the Roman Catholic Church's long-established policy, he has condemned euthanasia more than once in his public speeches. Pope Francis does not work for the nonexistent ""World Economics Forum."" The story making the claim used an apparent allusion to a different not-for-profit entity, the World Economic Forum (WEF), trying to link two unrelated things, euthanasia and climate change, and thus recycle a narrative previously debunked by Lead Stories. [...] Pope Francis has thrown his weight behind the World Economics Forum's campaign to euthanize people with autism, alcoholism and other minor illnesses and disabilities to help humanity fight so-called 'climate change.' [...] This article fails to mention where and when Pope Francis supposedly advocated for the euthanization of alcoholics, autistic and disabled individuals to combat climate change.",False,False,True,refutes,checkyourfact
checkyourfact_449_ret_b1_gn,checkyourfact_449,"purports Pope Francis said alcoholics, autistic and disabled people should be euthanized to 'fight climate change'",Post,"Posts falsely claiming that Pope Francis said ""disabled people should be euthanized to ‘fight climate change’"" have been shared on Facebook and Instagram. [...] The People’s Voice article, which is a transcript of the nearly 10-minute video also shared by the site, does not give any indication of when or where the Pope supposedly called for disabled people to be euthanized to combat climate change. The only allegedly supporting points it provides are claims that the pontiff has ""thrown his weight behind the World Economics Forum’s [WEF] campaign to euthanize people with autism, alcoholism and other minor illnesses and disabilities to help humanity fight so-called ‘climate change.’""",False,False,True,refutes,checkyourfact
checkyourfact_449_ret_b8_gn,checkyourfact_449,"purports Pope Francis said alcoholics, autistic and disabled people should be euthanized to 'fight climate change'",Post,"By Lisa Zengarini ""Welcoming people with disabilities and responding to their needs is a duty of the civil and ecclesial communities,"" Pope Francis said during an audience on Saturday with a group of disabled people from Italy in the Vatican on the occasion of the annual observance of the International Day of Persons with Disabilities (IDPD), which is celebrated on December 3. [...] Concluding the Pope encouraged Christian communities in their work for people with disabilities, saying their testimony is a concrete sign of peace and hope for a more humane and fraternal world in these times of war.",False,False,True,insufficient-neutral,checkyourfact
checkyourfact_449_ret_bn_g0,checkyourfact_449,"purports Pope Francis said alcoholics, autistic and disabled people should be euthanized to 'fight climate change'",Post,"No, pope does not support euthanasia for 'alcoholics, autistic and disabled' | Fact check [...] ""Pope Francis Says Alcoholics, Autistic and Disabled People Should Be Euthanized To 'Fight Climate Change,'"" reads the article's headline. [...] The People’s Voice article says Francis’ position on euthanasia is in line with a purported World Economic Forum effort to euthanize people to prevent climate change. USA TODAY has previously debunked the idea that such a plan exists.",False,False,True,insufficient-refutes,checkyourfact
checkyourfact_454,checkyourfact_454,purports to show the U.S. chasing a Canadian unidentified flying object (UFO) in order to shoot it down,Video,The original video was uploaded to YouTube in 2012. A translation of the video’s description indicates the UFO was digitally added.,False,True,True,refutes,checkyourfact
checkyourfact_454_ret_b5_gn,checkyourfact_454,purports to show the U.S. chasing a Canadian unidentified flying object (UFO) in order to shoot it down,Video,"- ^ a b Alba, Monica; Romero, Dennis (February 11, 2023). ""U.S. shoots down unidentified object in Canadian airspace"". NBC News. Archived from the original on February 13, 2023. Retrieved February 14, 2023. [...] - ^ Newton, Paula (February 11, 2023). ""US jet shoots down 'unidentified object' over northern Canada, Trudeau says"". CNN. Archived from the original on February 12, 2023. Retrieved February 12, 2023. [...] - ^ Cooper, Helene (February 11, 2023). ""U.S. Jet Shoots Down Flying Object Over Canada"". The New York Times. ISSN 0362-4331. Archived from the original on February 12, 2023. Retrieved February 12, 2023.",False,False,True,insufficient-supports,checkyourfact
checkyourfact_454_ret_b6_gn,checkyourfact_454,purports to show the U.S. chasing a Canadian unidentified flying object (UFO) in order to shoot it down,Video,"A U.S. fighter jet shot down an unidentified object in the skies over Canada on Prime Minister Justin Trudeau’s orders Saturday, Canadian and U.S. officials confirmed. After U.S. and Canadian military aircraft were sent aloft, a U.S. F-22 shot down the object over the Yukon, Trudeau tweeted Saturday afternoon. [...] The object was shot down at 3:41 p.m. ET Saturday about 100 miles from the U.S.-Canada border and 40,000 feet aloft after crews in U.S. and Canadian aircraft put eyes on it, Anand said. She described the area as central Yukon.",False,False,True,supports,checkyourfact
checkyourfact_454_ret_bn_g1,checkyourfact_454,purports to show the U.S. chasing a Canadian unidentified flying object (UFO) in order to shoot it down,Video,"USAF F-84 chased UFO, turned back and [...] UFOs is a secret motion picture film purporting to show a saucerlike UFO climbing steeply over Port Moresby, New [...] Daily papers headlined story that Air Defense Command had ordered its jet pilots to pursue, and if necessary ""shoot down, "" UFOs sighted anywhere in country (15).",False,False,True,insufficient-supports,checkyourfact
checkyourfact_456,checkyourfact_456,"Claims that Prime Minister Winston Churchill once said, ""Attitude is a little thing that makes a big difference.""",Livestrong,"Though the expression sounds like something Churchill could have said, there is no evidence he actually said it.",False,True,True,refutes,checkyourfact
checkyourfact_456_ret_b11_gn,checkyourfact_456,"Claims that Prime Minister Winston Churchill once said, ""Attitude is a little thing that makes a big difference.""",Livestrong,"""Attitude is a little thing that makes a big difference"" Winston Churchill - PMID: 18243283 - DOI: 10.1016/j.ygyno.2007.12.011 ""Attitude is a little thing that makes a big difference"" Winston Churchill",False,False,True,supports,checkyourfact
checkyourfact_456_ret_bn_g2,checkyourfact_456,"Claims that Prime Minister Winston Churchill once said, ""Attitude is a little thing that makes a big difference.""",Livestrong,"FACT CHECK: Did Winston Churchill Say, ‘Attitude Is A Little Thing That Makes A Big Difference’? The Livestrong Foundation posted an image on Facebook that claims Prime Minister Winston Churchill once said, ""Attitude is a little thing that makes a big difference."" [...] While a positive mindset was Churchill’s ""stock and trade,"" there is no evidence he ever called attitude a ""little thing that makes a big difference.""",False,False,True,refutes,checkyourfact
checkyourfact_456_ret_bn_g3,checkyourfact_456,"Claims that Prime Minister Winston Churchill once said, ""Attitude is a little thing that makes a big difference.""",Livestrong,"QUOTE OF THE DAY ""Attitude is the 'little' thing that makes a big difference."" — Winston Churchill, former British prime minister",False,False,True,supports,checkyourfact
checkyourfact_458,checkyourfact_458,Karine Jean-Pierre left a press conference after being asked about classified documents,Viral Video,This video has been digitally altered. The genuine video shows Jean-Pierre giving a response to the question instead of walking away.,False,True,True,refutes,checkyourfact
checkyourfact_458_ret_b0_gn,checkyourfact_458,Karine Jean-Pierre left a press conference after being asked about classified documents,Viral Video,"FACT CHECK: Did Karine Jean-Pierre Leave A Press Conference After Being Asked About Classified Documents? A video shared on Facebook purportedly shows White House Press Secretary Karine Jean-Pierre walking out of a press conference after being asked about classified documents. [...] A Facebook video allegedly shows Jean-Pierre walking out on a press conference after being asked a question about classified documents. The video opens with Jean-Pierre calling on Fox News journalist, Peter Doocy, to ask a question. The video was also shared to Twitter, where it garnered over 5,500 retweets.",False,False,True,insufficient-supports,checkyourfact
checkyourfact_458_ret_b11_gn,checkyourfact_458,Karine Jean-Pierre left a press conference after being asked about classified documents,Viral Video,"White House press secretary Karine Jean-Pierre said during a Thursday afternoon press conference lawyers had finished searching for classified documents after some were found in President Biden's Wilmington, Delaware, garage. [...] Biden was asked about the classified documents Thursday, telling Fox News' Peter Doocy they were in a locked garage. [...] ""As the president said, he takes classified information and materials seriously. And, as we have said, we have cooperated from the moment we informed the Archives that a small number of documents were found. And we will continue to cooperate,"" Sauber said.",False,False,True,refutes,checkyourfact
checkyourfact_458_ret_b5_gn,checkyourfact_458,Karine Jean-Pierre left a press conference after being asked about classified documents,Viral Video,"The claim: Video shows Karine Jean-Pierre abruptly ending press conference to avoid answering question Some social media users are sharing a video that appears to show White House Press Secretary Karine Jean-Pierre abruptly ending a press conference after a reporter asked a question critical of President Joe Biden's energy policies. [...] Based on our research, we rate ALTERED a video that appears to show Jean-Pierre abruptly ending a press conference to avoid answering a question. In the original exchange, Jean-Pierre responded to the question and didn't end the press conference until 10 minutes later.",False,False,True,refutes,checkyourfact
checkyourfact_458_ret_bn_g14,checkyourfact_458,Karine Jean-Pierre left a press conference after being asked about classified documents,Viral Video,"Biden got no advanced notice about the search, White House Press Secretary Karine Jean-Pierre said on Aug. 9. He ""learned about this FBI search from public reports,"" she said. ""The President was not briefed… was not aware of it,"" Jean-Pierre said, responding to a reporter’s question. ""No one at the White House was given a heads-up,"" she said. [...] White House. Press Briefing by Press Secretary Karine Jean-Pierre. 9 Aug 2022.",False,False,True,insufficient-refutes,checkyourfact
checkyourfact_463,checkyourfact_463,The Progress Pride Flag has been updated to include an autism symbol,Viral Post,"There is no evidence for this claim. The creator of the intersex-inclusive Progress Pride Flag created the image, but it does not officially represent the LGBTQ+ community.",False,True,True,refutes,checkyourfact
checkyourfact_463_ret_b17_gn,checkyourfact_463,The Progress Pride Flag has been updated to include an autism symbol,Viral Post,"The Progress Pride flag includes black and brown stripes to represent marginalized LGBTQ+ communities of color, as well as the colors pink, light blue and white, which are used on the Transgender Pride Flag. The Progress Pride flag was created in 2018 by Oregon-based designer Daniel Quasar, both genderqueer and non-binary, in response to Philly's updated pride flag. Quasar added a five-colored chevron to the classic Rainbow Flag to emphasize inclusion and progression. The flag's design combines the colors and stripes from Philly's version of the pride flag and the colors of the transgender pride flag. [...] A newer version of the progress pride flag (as seen in the second image below) represents those who are intersex, people of color, and people living with AIDS was designed in 2021 by Valentino Vecchietti of Intersex Equality Rights UK, who added a yellow triangle with a purple circle (the design of the Intersex Pride Flag) to the Progress Pride Flag.",False,False,True,insufficient-neutral,checkyourfact
checkyourfact_463_ret_b2_gn,checkyourfact_463,The Progress Pride Flag has been updated to include an autism symbol,Viral Post,"The Progress Pride Flag has emerged as a powerful symbol of inclusivity, representing the diverse identities within the LGBTQ+ community. This vibrant flag, designed by Daniel Quasar in 2018, builds upon the iconic rainbow flag and incorporates additional colors to highlight marginalized groups. [...] The Progress Pride Flag features a chevron pattern, which Quasar designed to separate these newer stripes from the traditional rainbow colors, emphasizing the need for ongoing progress and inclusion. Here’s what each stripe’s color means: [...] The Progress Pride Flag is more than just a symbol; it’s a call to action. It highlights the importance of intersectionality and the need to uplift all voices within the LGBTQ+ community, especially those who have historically been underrepresented. By embracing this flag, we acknowledge the diverse experiences and struggles that continue to shape the community.",False,False,True,insufficient-supports,checkyourfact
checkyourfact_463_ret_bn_g1,checkyourfact_463,The Progress Pride Flag has been updated to include an autism symbol,Viral Post,"Has the LGBTQIA2S+ community officially added a purported symbol of the autism community to the Progress Pride flag as of June 18, 2023? No, that's not true: There is no such thing as an ""official flag creator for prides and LGBT"" organizations, and there are numerous versions of such flags. [...] Lead Stories contacted GLAAD, which clarified that the Progress Pride flag and Intersex Inclusive Pride flag have not been officially updated to include the Autistic Community and Autism Pride Day. In a June 23, 2023 email, a GLAAD spokesperson added: [...] While the Autistic Pride Flag does match the description Vecchietti gave, the Autism Society has begun a rebranding effort from the traditional rainbow-colored puzzle piece to the colorful interconnected threads logo.",False,False,True,refutes,checkyourfact
checkyourfact_463_ret_bn_g3,checkyourfact_463,The Progress Pride Flag has been updated to include an autism symbol,Viral Post,"A post shared on Twitter claims that the Progress Pride Flag has been updated to show a symbol representing autism. [...] A tweet claims the LGBTQ+ flag has been officially updated to include autism. The image shows the Progress Pride flag with an infinity symbol. [...] Although the image does resemble the Autism Pride Flag, as outlined by Autistic Empire, there is no evidence the Progress Pride Flag has been officially updated to include the symbol shown in the Autism Pride Flag.",False,False,True,insufficient-refutes,checkyourfact
checkyourfact_467,checkyourfact_467,purports Vivek Ramaswamy did not say he would pardon Hunter Biden if elected president,Post,"The claim appears to be misleading. Ramaswamy said he was “open to evaluating” pardons for the Biden family, according to an Aug. 12 article from the New York Post. Ramaswamy also appeared to float the idea of pardons for the younger Biden, former Secretary of State Hillary Clinton, and former President Donald Trump during a recent appearance on the “Timcast IRL” podcast.",False,True,True,insufficient-contradictory,checkyourfact
checkyourfact_467_ret_b17_gn,checkyourfact_467,purports Vivek Ramaswamy did not say he would pardon Hunter Biden if elected president,Post,"Long-shot 2024 GOP contender Vivek Ramaswamy has committed to pardoning Donald Trump—who was indicted in federal court Thursday for allegedly mishandling classified documents—should he win the 2024 presidency. ""It would be much easier for me to win this election if Trump weren’t in the race, but I stand for principles over politics,"" Ramaswamy tweeted Thursday. ""I commit to pardon Trump promptly on January 20, 2025 and to restore the rule of law in our country."" In the tweet, Ramaswamy lamented ""two tiers of justice: one for Trump, another for Biden,"" and criticized the DOJ’s handling of ""peaceful protestors on Jan. 6."" The biotech entrepreneur didn’t stop at Trump, though. ""I will pardon not just President Trump, but every victim of a politically motivated prosecution. Believe me, there have been others, too,"" he said in a video accompanying the Tweet.",False,False,True,insufficient-neutral,checkyourfact
checkyourfact_467_ret_b9_gn,checkyourfact_467,purports Vivek Ramaswamy did not say he would pardon Hunter Biden if elected president,Post,GOP candidate Vivek Ramaswamy says he wouldn't pardon Hunter BidenVivek Ramaswamy sits for an interview with Brianne Pfannenstiel of the Des Moines Register and Dasha Burns of NBC News in the Register newsroom.,False,False,True,insufficient-supports,checkyourfact
checkyourfact_468,checkyourfact_468,purports Donald Trump and Gen. James Mattis have recently sent troops to the U.S. border,Video,"The video stems from a 2018 Next News Network report. Since Trump is no longer the president, he does not have the authority to send troops to the U.S.-Mexico border.",False,True,True,refutes,checkyourfact
checkyourfact_468_ret_b14_gn,checkyourfact_468,purports Donald Trump and Gen. James Mattis have recently sent troops to the U.S. border,Video,"Though Trump once revered Mattis as ""one of the most effective generals that we’ve had in many, many decades,"" their relationship had clearly drifted in recent months. Trump went as far as saying he was ""sort of a Democrat"" in an October interview. [...] Troops at the U.S.-Mexico border When the White House released a memo authorizing troops deployed to the U.S.-Mexico border to use lethal force, if necessary, against what Trump called an ""invasion"" of migrants, Mattis clarified that the troops wouldn’t even have firearms.",False,False,True,insufficient-neutral,checkyourfact
checkyourfact_468_ret_bn_g1,checkyourfact_468,purports Donald Trump and Gen. James Mattis have recently sent troops to the U.S. border,Video,"In October, after the deaths of four American army soldiers in an ambush in Niger focused attention on a build-up of hundreds of American forces there, a deployment that began under Obama and expanded under Trump, Mattis testified that the administration had sent the troops to be trainers and advisers who would help that nation resist incursions by Islamic State fighters: ""Why did President Obama send troops there? Why did President Trump send troops there? It’s because we sensed that as the physical caliphate is collapsing, the enemy is trying to move somewhere."" Mattis added, ""We’re trying to build up the internal defenses of another country so they can do this job on their own.""",False,False,True,insufficient-contradictory,checkyourfact
checkyourfact_470,checkyourfact_470,"claims that George Eliot said, ""It's never too late to be what you might have been.""",Viral Quote,The Daily Caller found no record of Eliot ever saying or writing this expression.,False,True,True,refutes,checkyourfact
checkyourfact_470_ret_b10_g1,checkyourfact_470,"claims that George Eliot said, ""It's never too late to be what you might have been.""",Viral Quote,"""I’ve always assumed it was apocryphal,"" she wrote. ""It shows up nowhere in full text searches of G.E.’s work. What’s strange is not that the attribution is so persistent but that it starts very early."" She sent me a link to an article in a New York periodical called The Literary News, published in 1881, less than a year after George Eliot’s death. There, the quotation—""It is never too late to be what you might have been""—is one of seventy-one winning entries in a readers’ competition to nominate ""Gems from George Eliot."" The terms of the competition were outlined in an issue of the journal from a couple of months earlier: readers were asked to ""quote the most striking passage known to you from George Eliot’s writings: not to exceed thirty words."" The quotation is No. 23 on the list, between a line from ""Middlemarch"" (""A woman’s choice usually means taking the only man she can get"") and one from ""Adam Bede"" (""I’m not denyin’ the women are foolish: God Almighty made ’em to match the men""). But there was no reference to the source. Had the competition entrant come across the quotation in a review? Misremembered it?",False,False,True,insufficient-contradictory,checkyourfact
checkyourfact_470_ret_b16_gn,checkyourfact_470,"claims that George Eliot said, ""It's never too late to be what you might have been.""",Viral Quote,"FACT CHECK: Did George Eliot Say, ‘It’s Never Too Late To Be What You Might Have Been’? An image shared on Facebook claims British author George Eliot said, ""It’s never too late to be what you might have been."" [...] ""George Eliot did not make that statement,"" said retired Boston College professor Rosemarie Bodenheimer in an email to the Caller. ""Nor did she believe what it says.""",False,False,True,refutes,checkyourfact
checkyourfact_470_ret_b4_gn,checkyourfact_470,"claims that George Eliot said, ""It's never too late to be what you might have been.""",Viral Quote,"""It’s never too late to be what you might have been"" is a quote from Victorian novelist George Eliot. [...] Better still, it’s never too late to become what you might’ve been—and then some more.",False,False,True,supports,checkyourfact
checkyourfact_470_ret_bn_g16,checkyourfact_470,"claims that George Eliot said, ""It's never too late to be what you might have been.""",Viral Quote,"In a recent issue of The New Yorker (February 14/21), Rebecca Mead, in an essay called ""Middlemarch and Me,"" describes her efforts to track down the origin of a saying attributed to George Eliot: ""It is never too late to be what you might have been."" Mead first encountered the quotation on a refrigerator magnet, ""set in sans-serif type on an aquamarine starburst background."" But, Mead writes, ""the sentence didn’t sound to me like anything George Eliot would say."" Uh oh, I thought to myself. This is going to end badly. Not only will the quote certainly prove a fake but also Mead is going to be bewildered by the discovery. No professional action will be taken. [...] With so many texts online, it may be easier than ever for amateur misquotations to breed, but it is just as easy for professionals to set the record straight. In other words, Rebecca Mead, ""It is never too late to be the Wikipedia editor that you might have been.""",False,False,True,insufficient-refutes,checkyourfact
checkyourfact_477,checkyourfact_477,"President Donald Trump said, ""Immigrants, not Americans, must adapt… Take it or leave it.""",Viral Post,"Trump did not say the remarks attributed to him in the post. The bulk of the text comes from an op-ed written by an Air Force veteran in the following the Sept. 11, 2001, terrorist attacks.",False,True,True,refutes,checkyourfact
checkyourfact_477_ret_b1_gn,checkyourfact_477,"President Donald Trump said, ""Immigrants, not Americans, must adapt… Take it or leave it.""",Viral Post,"In September 2019, readers alerted us to text circulating online, attributing anti-immigrant statements to President Donald Trump without evidence. [...] ""IMMIGRANTS, NOT AMERICANS, MUST ADAPT.. I am tired of this nation worrying about whether we are offending some individual or their culture. Since the terrorist attacks, we have experienced a surge in patriotism by the majority of Americans. [...] ""If you aren't happy here; then LEAVE. We didn't force you to come here. You asked to be here. So accept the country that accepted you.""",False,False,True,insufficient-neutral,checkyourfact
checkyourfact_477_ret_bn_g1,checkyourfact_477,"President Donald Trump said, ""Immigrants, not Americans, must adapt… Take it or leave it.""",Viral Post,"In the aftermath of the September 11 terrorist attacks on the U.S. in 2001, opinion pieces expressing anti-immigrant, anti-Muslim viewpoints were rife on the internet, particularly one that eventually came to be attributed to Australia's then-prime minister Julia Gillard (and, much later, U.S. President Donald Trump): [...] Quote: 'IMMIGRANTS, NOT AUSTRALIANS, MUST ADAPT... I am tired of this nation worrying about whether we are offending some individual or their culture. Since the terrorist attacks on Bali, we have experienced a surge in patriotism by the majority of Australians.' [...] 'If you aren't happy here then LEAVE. We didn't force you to come here. You asked to be here. So accept the country YOU accepted.'",False,False,True,insufficient-contradictory,checkyourfact
checkyourfact_477_ret_bn_g10,checkyourfact_477,"President Donald Trump said, ""Immigrants, not Americans, must adapt… Take it or leave it.""",Viral Post,"Immigration has played an even more divisive role in U.S. politics. About 15 percent of the U.S. population is immigrant, the same share as in 1920 but higher than it was for much of the post-World War II period.32 Roughly 75 percent of that immigrant population is estimated to be here legally.33 Of those here illegally, most overstayed with expired temporary visas rather than illegally crossed borders.34 About 45 percent of respondents told Pew shortly before the 2016 election that having more immigrants hurts American workers, while 42 percent said having more immigrants helps — the deepest division of opinion Pew captured on the issue over the last decade, caused by an increase in the number of respondents who react positively about immigration’s effects on American workers.35 [...] It can be tempting for the U.S. foreign policy community to throw up its hands in frustration in the face of this set of circumstances, but these challenges are not unprecedented in their magnitude, either at home or abroad. Blindly holding to the past is no longer viable. Change is coming too quickly. The United States must adapt to secure its interests and in ways that build domestic support. Three factors are particularly important to helping the nation navigate effectively in the current environment. [...] The United States must adapt to secure its interests and in ways that build domestic support.",False,False,True,insufficient-neutral,checkyourfact
checkyourfact_477_ret_bn_g3,checkyourfact_477,"President Donald Trump said, ""Immigrants, not Americans, must adapt… Take it or leave it.""",Viral Post,"The early days of Donald Trump’s presidency have been an anxious time for many Muslim Americans, according to a new Pew Research Center survey. Overall, Muslims in the United States perceive a lot of discrimination against their religious group, are leery of Trump and think their fellow Americans do not see Islam as part of mainstream U.S. society. [...] We have to take extra caution scanning our surroundings – know where we are, who is around and what kind of thoughts they might hold for Islam, about Islam or against Islam. Especially when the Muslim ban was introduced the first time around, I literally felt like the persecution had started. Because we had read the history of Europe and what happened to the Jewish people in Germany. These little steps lead to bigger issues later on. So, we really felt like we were threatened. And, fortunately, the justice system stopped implementation. And later on people stopped talking about it, and after a while it seemed like things might be getting better."" – Immigrant Muslim man ""I see some immigrants – and not just Muslims, they could be Latinos too – who don’t adapt well to their new country and don’t want to be part of American society. They stick with others like themselves because they’re afraid and feel strange here. But that’s not me. I am completely American, and I feel at home here. When I first came here, I went to high school and that helped me to become more fully American and to adapt to the culture.",False,False,True,insufficient-neutral,checkyourfact
checkyourfact_479_ret_b0_g0,checkyourfact_479,"Claims that 19th century writer Margaret Fuller once stated, ""Today a reader, tomorrow a leader.""",Viral Quote,"READERS ARE LEADERS … LEADERS ARE READERS [...] The driver’s side of the van displays the project’s motto: Today a reader, tomorrow a leader. [...] There is much truth to Author W. Fusselman’s quote: ""Today a reader, tomorrow a leader.""",False,False,True,insufficient-refutes,checkyourfact
checkyourfact_479_ret_bn_g10,checkyourfact_479,"Claims that 19th century writer Margaret Fuller once stated, ""Today a reader, tomorrow a leader.""",Viral Quote,"Margaret Fuller, born on May 23, 1810, in Cambridgeport, Massachusetts, was an American writer, journalist, critic, and women's rights advocate. She is well-known for her influential contributions to the feminist movement and her significant role in shaping American literature and intellectual thought in the 19th century. [...] Margaret Fuller's quote, ""Today a reader, tomorrow a leader,"" encapsulates the profound potential that lies within the act of reading. By asserting that reading today can lead to leadership tomorrow, Fuller highlights the transformative power of knowledge and literature. She suggests that being an avid reader primes individuals to become informed and intelligent, fostering critical thinking and broadening their perspectives. Reading equips individuals with an array of ideas, insights, and historical knowledge that contribute to their personal growth and development. As a result, those who invest in reading become well-equipped to tackle complex challenges, make informed decisions, and influence others positively. Ultimately, Fuller's poignant quote serves as a reminder that reading isn't simply a leisure activity but a dynamic process that can shape individuals into the leaders of tomorrow.",False,False,True,supports,checkyourfact
checkyourfact_479_ret_bn_g2,checkyourfact_479,"Claims that 19th century writer Margaret Fuller once stated, ""Today a reader, tomorrow a leader.""",Viral Quote,"What Are Fun Ways To Teach Reading? ""Today a reader, tomorrow a leader,"" were the wise words of Margaret Fuller—an American activist and journalist of the late 19th century. To say Fuller had a good point would be an understatement. Teaching proper reading skills to...",False,False,True,insufficient-supports,checkyourfact
checkyourfact_479_ret_bn_g9,checkyourfact_479,"Claims that 19th century writer Margaret Fuller once stated, ""Today a reader, tomorrow a leader.""",Viral Quote,"Sarah Margaret Fuller was the first-born child to Timothy and Margarett Crane Fuller. Hers was a unique childhood, with a father who made special demands when it came to his daughter's rigorous education. Margaret met the challenge; a century and a half later, she might have been classified as a prodigy, or as ""gifted."" We follow her family through moves in Cambridge and throughout eastern Massachusetts, and through times of having money and then of having little. As she grew older, Margaret became a teacher, a writer, a Goethe researcher, a translator, a leader of formal conversations, and a caretaker to her siblings. She found creative outlets as the premier editor of The Dial (a task akin to herding cats), as the author of Summer on the Lakes, in 1843 and Woman in the Nineteenth Century, and then as a columnist for the New-York Tribune. Naturally, we peek into her relationships with some of her friends and colleagues: Ralph Waldo Emerson, Bronson Alcott, Sarah and James Freeman Clarke, William Henry Channing, Horace Greeley, Frederic Henry Hedge, Sam and Anna Ward, Caroline Sturgis Tappan, and Robert and Elizabeth Barrett Browning.",False,False,True,insufficient-neutral,checkyourfact
checkyourfact_482,checkyourfact_482,"claims the words ""Hail Satan"" printed on the bottom of an In-N-Out Burger soda cup",Atheist Republic,It has been digitally altered to replace the words “John 3:16” with the words “Hail Satan” on the bottom of the cup.,False,True,True,refutes,checkyourfact
checkyourfact_482_ret_b12_gn,checkyourfact_482,"claims the words ""Hail Satan"" printed on the bottom of an In-N-Out Burger soda cup",Atheist Republic,"A graphic appears to show the phrase ""Hail Satan"" on the bottom of a cup from West Coast burger chain In N Out Burger. It’s not real. [...] A graphic which has circulated for several years appears to show an In N Out cup with the phrase ""Hail Satan"" in place of the usual Bible citation. The graphic, however, is not real. Someone simply superimposed the phrase ""Hail Satan"" over the original, which read ""John 3:16."" [...] In N Out Burger never printed ""Hail Satan"" on the bottom of its cups. The graphic is fake and has circulated for several years.",False,False,True,refutes,checkyourfact
checkyourfact_482_ret_b1_gn,checkyourfact_482,"claims the words ""Hail Satan"" printed on the bottom of an In-N-Out Burger soda cup",Atheist Republic,"FACT CHECK: Did In-N-Out Burger Print ‘Hail Satan’ On Its Soda Cups? An image shared on Facebook purportedly shows the words ""Hail Satan"" printed on the bottom of an In-N-Out Burger soda cup. [...] The photo of the In-N-Out Burger cup with the words ""Hail Satan"" allegedly printed on the bottom has circulated online since at least 2010, with this particular post resharing it on Feb. 23. (RELATED: Did Burger King Admit To Using Horse Meat?)",False,False,True,insufficient-neutral,checkyourfact
checkyourfact_482_ret_b2_gn,checkyourfact_482,"claims the words ""Hail Satan"" printed on the bottom of an In-N-Out Burger soda cup",Atheist Republic,"An image shared on Facebook over 800 times allegedly shows an In-N-Out Burger cup saying, ""Let’s Go Brandon."" [...] Now, social media users are sharing a picture of what looks like an In-N-Out Burger cup bearing the phrase ""Let’s Go Brandon"" on the bottom rim. However, the photo has been digitally altered to include the expression. (RELATED: Did In-N-Out Burger Print ‘Hail Satan’ On Its Soda Cups?) [...] In 2020, Check Your Fact debunked an image claiming to show the words ""Hail Satan"" printed on the bottom of an In-N-Out soda cup. More recently, social media users shared a picture doctored to make it look like such cups have ""F**k Joe Biden"" printed on them.",False,False,True,insufficient-refutes,checkyourfact
checkyourfact_482_ret_b5_gn,checkyourfact_482,"claims the words ""Hail Satan"" printed on the bottom of an In-N-Out Burger soda cup",Atheist Republic,"A photograph posted to social media shows the phrase ""Hail Satan"" imprinted on the bottom of a paper cup doled out at the In-N-Out Burger chain. But is it real? Are french fries from France? [...] An image spoofing In-N-Out’s religious reputation by purportedly showing the phrase ""Hail Satan"" printed on the bottom of a cup from the restaurant chain has been circulating online since at least 2010, when it was posted to the web site Joyreactor. However, the ""Hail Satan"" phrase shown obviously just a digitally manipulated version of a photograph of an In-N-Out cup bearing the standard ""John 3:16"" imprint. h/t snopes When the image of the ""Hail Satan"" cup began circulating on the internet in October 2015, In-N-Out took to Facebook page to assure their customers that the photograph was a fake.",False,False,True,refutes,checkyourfact
checkyourfact_483,checkyourfact_483,"Claim that Alexis de Tocqueville said, ""The American Republic will endure until the day Congress discovers that it can bribe the public with the public's money.""",Viral Quote,It does not appear in any of de Tocqueville’s writings or speeches. Variations of the quote have appeared in print since at least 1951.,False,True,True,refutes,checkyourfact
checkyourfact_483_ret_b16_gn,checkyourfact_483,"Claim that Alexis de Tocqueville said, ""The American Republic will endure until the day Congress discovers that it can bribe the public with the public's money.""",Viral Quote,"Title: The Art of Governance: Balancing Public Welfare and DistrustIntroduction:In the world of politics, bribery has long been associated with corruption and the erosion of democratic institutions. Alexis de Tocqueville, a renowned political philosopher, once warned, ""The American Republic will endure until the day Congress discovers that it can bribe the public with the public's money."" This powerful statement encapsulates the potential dangers of exploiting public funds for political gain. While seemingly straightforward, it raises profound questions about the delicate balance between serving the public interest and succumbing to temptations. Exploring this concept against the backdrop of an unexpected philosophical concept reveals the multidimensional challenges faced by those in power. Let us navigate through the intricate tapestry of governance, as we delve into the implications of Tocqueville's statement.Summary and Significance:Tocqueville's quote essentially suggests that the American Republic can only thrive as long as those in Congress refrain from using public funds as a means of manipulating public sentiment for personal or partisan advantage. It serves as a warning against the perversion of the democratic process and highlights the fragile nature of political power.",False,False,True,supports,checkyourfact
checkyourfact_483_ret_bn_g1,checkyourfact_483,"Claim that Alexis de Tocqueville said, ""The American Republic will endure until the day Congress discovers that it can bribe the public with the public's money.""",Viral Quote,"FACT CHECK: Did Alexis de Tocqueville Say, ‘The American Republic Will Endure Until The Day Congress Discovers That It Can Bribe The Public With The Public’s Money’? An image shared on Facebook claims that French author and political scientist Alexis de Tocqueville once said, ""The American Republic will endure until the day Congress discovers that it can bribe the public with the public’s money."" [...] The American republic will endure until the day Congress discovers it can bribe the public with the public’s money – Alexis De Tocqueville — Donald Trump Jr. (@DonaldJTrumpJr) October 3, 2012",False,False,True,insufficient-supports,checkyourfact
checkyourfact_483_ret_bn_g15,checkyourfact_483,"Claim that Alexis de Tocqueville said, ""The American Republic will endure until the day Congress discovers that it can bribe the public with the public's money.""",Viral Quote,"""The American Republic will endure until the day Congress discovers that it can bribe the public with the public’s money."" – Quote often attributed to Alexis de Tocqueville.",False,False,True,supports,checkyourfact
checkyourfact_485,checkyourfact_485,President Joe Biden claimed in an Oct. 20 speech that Russian President Vladimir Putin is using drones and ammunition from Iran and North Korea.,Joe Biden,"Putin is using attack drones from Iran. While it has not been definitively proven that North Korea is supplying ammunition to Russia, experts and media outlets have said it is likely happening.",True,True,True,insufficient-neutral,checkyourfact
checkyourfact_485_ret_b12_gn,checkyourfact_485,President Joe Biden claimed in an Oct. 20 speech that Russian President Vladimir Putin is using drones and ammunition from Iran and North Korea.,Joe Biden,"- Biden's speech called out Vladimir Putin by name, but he did not directly address the Russian president's announcement earlier Tuesday that Moscow was suspending participation in New START, a key nuclear arms control treaty and the last such agreement between the two countries. [...] ""They’ve targeted civilians with death and destruction, used rape as a weapon of war, stolen Ukrainian children in an attempt to steal Ukraine’s future. Bombed train stations, maternity hospitals, schools and orphanages,"" Biden said. ""No one could turn away their eyes from the atrocities Russia is committing against the Ukrainian people. It’s abhorrent."" [...] Biden places the blame squarely on the shoulders of Putin in his speech. It’s a marked contrast to Donald Trump, who has essentially blamed Biden for being weak against the Russian leader. In a speech on Monday, Trump said, ""Putin never, ever would have gone into Ukraine if I were president,"" Trump told supporters at a Florida rally, saying he ""actually had a very good relationship"" with Putin.",True,False,True,insufficient-neutral,checkyourfact
checkyourfact_485_ret_b6_gn,checkyourfact_485,President Joe Biden claimed in an Oct. 20 speech that Russian President Vladimir Putin is using drones and ammunition from Iran and North Korea.,Joe Biden,"Why Biden's off-script remarks about Putin are so dangerous [...] ""The president's point was that Putin cannot be allowed to exercise power over his neighbours or the region,"" a Biden administration official said on background. ""He was not discussing Putin's power in Russia, or regime change.""",True,False,True,insufficient-neutral,checkyourfact
checkyourfact_485_ret_bn_g2,checkyourfact_485,President Joe Biden claimed in an Oct. 20 speech that Russian President Vladimir Putin is using drones and ammunition from Iran and North Korea.,Joe Biden,"Russian Air, Missile, and Drone Campaign (Russian Objective: Target Ukrainian military and civilian infrastructure in the rear and on the frontline) [...] The Russian government continues efforts to discredit Ukraine to deter further Western military support for Ukraine and to justify the lethal military assistance Russia receives from North Korea and Iran. The Russian Foreign Intelligence Service (SVR) press service claimed on September 16 that Ukraine is preparing to conduct a false-flag attack against an unspecified children's institution in Ukraine to allow the West to accuse Iran and North Korea of supporting Russia's war effort.[97] Western officials have recently named North Korea, Iran, and the People's Republic of China (PRC) as enablers of Russia's war effort by providing shells, drones, and missiles to Russia.[98] Forensic and intelligence investigations have furthermore confirmed that Russia has already used Iranian drones and North Korean missiles at scale in Ukraine.[99] Ukraine already has plenty of proof that Russia is using these systems, undermining the SVR's attempt at setting up a false flag.",True,False,True,supports,checkyourfact
checkyourfact_486,checkyourfact_486,"alleges that President Andrew Jackson once stated, ""One man with courage makes a majority.""",Viral quote,"While the saying is widely attributed to him, there is no evidence that it originated with Jackson.",False,True,True,refutes,checkyourfact
checkyourfact_486_ret_b0_gn,checkyourfact_486,"alleges that President Andrew Jackson once stated, ""One man with courage makes a majority.""",Viral quote,"FACT CHECK: Did Andrew Jackson Say, ‘One Man With Courage Makes A Majority’? A Facebook post alleges that former President Andrew Jackson once said, ""One man with courage makes a majority."" [...] The misattribution likely stems from usage of a slight variation of the quote in James Parton’s 1860 three-volume biography titled ""Life of Andrew Jackson,"" according to Feller. The saying – ""desperate courage makes one a majority"" – appears on the title page of each volume in quotation marks.",False,False,True,refutes,checkyourfact
checkyourfact_486_ret_b3_gn,checkyourfact_486,"alleges that President Andrew Jackson once stated, ""One man with courage makes a majority.""",Viral quote,"Sing Out, Mr President: Andrew Jackson's One-Man Majority ""One man with courage makes a majority."" --Andrew Jackson [...] 'One Man With Courage Makes A Majority' by Nico Muhly [...] Clurman assigned the young composer a quotation from Andrew Jackson: ""One man with courage makes a majority.""",False,False,True,insufficient-neutral,checkyourfact
checkyourfact_492,checkyourfact_492,"claims Seattle Mariners player Ichiro Suzuki purportedly said, 'Chicks who dig home runs aren't the ones who appeal to me'",Quote,The quote appeared in a 2009 New York Times article about Suzuki.,True,True,True,insufficient-supports,checkyourfact
checkyourfact_492_ret_b11_gn,checkyourfact_492,"claims Seattle Mariners player Ichiro Suzuki purportedly said, 'Chicks who dig home runs aren't the ones who appeal to me'",Quote,"Former Seattle Mariners player Ichiro Suzuki speaks as he is inducted into the Mariners Hall of Fame during a ceremony before a baseball game between the Mariners and the Cleveland Guardians on Aug. 27 in Seattle. (AP Photo) SEATTLE--Ichiro Suzuki was inducted into the Seattle Mariners Hall of Fame on Saturday night, giving his entire 16-minute speech in English while reflecting on his career. [...] Suzuki spent the first 11 seasons of his major league career with the Mariners before getting traded to the New York Yankees midway through the 2012 season. Suzuki played parts of three seasons with the Yankees, three more in Miami before returning to Seattle to close out his career.",True,False,True,insufficient-neutral,checkyourfact
checkyourfact_492_ret_b1_gn,checkyourfact_492,"claims Seattle Mariners player Ichiro Suzuki purportedly said, 'Chicks who dig home runs aren't the ones who appeal to me'",Quote,"September 17, 2010You don't have to be a fan of the Seattle Mariners to be a fan of Ichiro Suzuki. After all, Ichiro is approaching his record tenth 200-hit season, and also his 10th season leading the league in singles. No one else has more than four. [...] ""Chicks who dig home runs aren’t the ones who appeal to me,"" he said. ""I think there’s sexiness in infield hits because they require technique. I’d rather impress the chicks with my technique than with my brute strength. Then, every now and then, just to show I can do that, too, I might flirt a little by hitting one out."" However, the appeal of Ichiro, and of the infield hit, has not been universally felt. Some, including former teammates, have called Ichiro ""selfish."" After all, he's been known to reach out of the zone for plenty of pitches, slapping them the other way for infield singles.",True,False,True,supports,checkyourfact
checkyourfact_492_ret_b5_gn,checkyourfact_492,"claims Seattle Mariners player Ichiro Suzuki purportedly said, 'Chicks who dig home runs aren't the ones who appeal to me'",Quote,"""I’ve got to get a new pair for sure. I mean, those are my only pair. We need to make another pair as soon as possible,"" Lorenzen said after the game. (RELATED: Did Ichiro Suzuki Say, ‘Chicks Who Dig Home Runs Aren’t The Ones Who Appeal To Me?) [...] Check Your Fact recently verified another Baseball-related story, in which social media users claimed former Seattle Mariners outfielder Ichiro Suzuki said ""Chicks who dig home runs aren’t the ones who appeal to me.""",True,False,True,insufficient-refutes,checkyourfact
checkyourfact_492_ret_bn_g0,checkyourfact_492,"claims Seattle Mariners player Ichiro Suzuki purportedly said, 'Chicks who dig home runs aren't the ones who appeal to me'",Quote,"FACT CHECK: Did Ichiro Suzuki Say, ‘Chicks Who Dig Home Runs Aren’t The Ones Who Appeal To Me?’ A post shared on X, the social media platform previously known as Twitter, claims former Seattle Mariners player Ichiro Suzuki purportedly said, ""Chicks who dig home runs aren’t the ones who appeal to me."" [...] The X post, viewed over 400,000 times, claims Suzuki purportedly said, ""Chicks who dig home runs aren’t the ones who appeal to me."" ""Ichiro is a legend for this quote. Absolute legend,"" the post’s caption reads.",True,False,True,insufficient-supports,checkyourfact
checkyourfact_493,checkyourfact_493,Joe Biden has called for a national draft,Viral Video,This video was digitally altered and was taken from a tweet by a news outlet that acknowledges the video was created by artificial intelligence (AI).,False,True,True,refutes,checkyourfact
checkyourfact_493_ret_b0_g3,checkyourfact_493,Joe Biden has called for a national draft,Viral Video,"A Feb. 27, 2023, video of U.S. President Joe Biden purportedly shows him announcing a new national draft, in which 20-year-olds would be conscripted into military service on account of a growing national security crisis. [...] The video was also shared by @ThePatriotOasis, a Twitter account that describes itself as ""Constitutional conservatives,"" which wrote, ""BREAKING: Biden calls for a national draft. Men and women are to be selected to fight in Ukriane [sic]."" [...] Of course, Biden has not called for a national draft. If this were the case, it would be front page news. Posobiec, while acknowledging it as a deepfake in the video, does not state this in the tweet, resulting in misleading additional tweets claiming to quote Biden directly. As such, we rate this claim as ""Miscaptioned.""",False,False,True,refutes,checkyourfact
checkyourfact_493_ret_b1_gn,checkyourfact_493,Joe Biden has called for a national draft,Viral Video,"BREAKING: Biden calls for a national draft. Men and women are to be selected to fight in Ukriane. [...] ""BREAKING: Biden calls for a national draft,"" the tweet reads. ""Men and women are to be selected to fight in Ukriane(sic). BIDEN: ‘The recommended way forward will be to invoke the Selective Service Act, as is my authority as president.'"" [...] Check Your Fact found no credible news reports about Biden invoking a national draft. (RELATED: Does This Video Show Joe Biden Asking Aides If People ‘Bought That Bullsh**?’)",False,False,True,refutes,checkyourfact
checkyourfact_493_ret_b2_gn,checkyourfact_493,Joe Biden has called for a national draft,Viral Video,"President Joe Biden did receive five draft deferments, but they were granted because he was a student, first in college and then law school. Later, Biden underwent a physical exam and received a Selective Service 1-Y classification — which specified that he could be drafted only in a national emergency — because of his asthma. [...] ""Lifeguard/football player Joe Biden got five draft deferments for asthma during Vietnam,"" a Sept. 16 Facebook post claimed.",False,False,True,insufficient-neutral,checkyourfact
checkyourfact_493_ret_bn_g11,checkyourfact_493,Joe Biden has called for a national draft,Viral Video,"The Biden administration has asked the Supreme Court not to take up a lawsuit that calls the all-male military draft unconstitutional. The brief does not state whether President Biden thinks women should be included, nor does it defend the current system, which requires only men ages 18 to 26 to submit their information should a military draft be needed again. [...] Military leaders have said the same. But Congress has been reluctant. And the last time the Supreme Court considered the issue, it ruled that it was constitutional to require only men to register.",False,False,True,insufficient-neutral,checkyourfact
checkyourfact_502,checkyourfact_502,"Claims American writer Henry David Thoreau said, ""Be yourself- not your idea of what you think somebody else's idea of yourself should be.""",Viral Quote,"There is no evidence that Thoreau ever made this statement. It was said, however, by the fictional Thoreau in the play “The Night Thoreau Spent in Jail.”",False,True,True,refutes,checkyourfact
checkyourfact_502_ret_b14_gn,checkyourfact_502,"Claims American writer Henry David Thoreau said, ""Be yourself- not your idea of what you think somebody else's idea of yourself should be.""",Viral Quote,"Henry David Thoreau Quotes - ""Our life is frittered away by detail…simplify, simplify."" – Henry David Thoreau - ""Be yourself, not your idea of what you think somebody else’s idea of yourself should be."" – Henry David Thoreau - ""It’s the beauty within us that makes it possible for us to recognize the beauty around us. The question is not what you look at but what you see."" – Henry David Thoreau - ""Rather than love, than money, than fame, give me truth."" – Henry David Thoreau - ""If you have built castles in the air, your work need not be lost; that is where they should be. Now put the foundations under them."" – Henry David Thoreau, Walden - ""I was not designed to be forced. I will breathe after my own fashion. Let us see who is the strongest."" – Henry David Thoreau - ""Do not hire a man who does your work for money, but him who does it for love of it."" – Henry David Thoreau - ""When it’s time to die, let us not discover that we have never lived."" – Henry David Thoreau - ""Simplify your life.",False,False,True,supports,checkyourfact
checkyourfact_502_ret_b2_gn,checkyourfact_502,"Claims American writer Henry David Thoreau said, ""Be yourself- not your idea of what you think somebody else's idea of yourself should be.""",Viral Quote,"Quote Meaning: The quote ""Be yourself - not your idea of what you think somebody else's idea of yourself should be"" encapsulates a profound truth about individuality, authenticity, and the complexity of self-perception. At its core, this statement urges us to embrace our true selves, free from the constraints of external expectations or perceptions. [...] However, the quote goes further by adding, ""not your idea of what you think somebody else's idea of yourself should be."" Here, it addresses the tendency of individuals to mold themselves based on perceived judgments or expectations from others. It acknowledges the intricacies of human perception, highlighting the danger of constructing an identity solely based on external opinions or projections. [...] The quote ""be yourself- not your idea of what you think somebody else's idea of yourself should be."" is often attributed to Henry David Thoreau (Quotes). Henry David Thoreau's writings, especially ""Walden,"" inspire contemplation of simple living and the transcendental connection to nature.",False,False,True,insufficient-supports,checkyourfact
checkyourfact_502_ret_bn_g0,checkyourfact_502,"Claims American writer Henry David Thoreau said, ""Be yourself- not your idea of what you think somebody else's idea of yourself should be.""",Viral Quote,"The Inspirational Words of Henry David Thoreau [...] I recently read a quote from Henry David Thoreau from his book Walden. It was an intensely profound quote that had great meaning for me. [...] If you live trying to live up to everyone else’s idea of who you are and who you should be, you’ll be living a charade. Don’t live your life as an actor. Be who you are and what you are.",False,False,True,insufficient-neutral,checkyourfact
checkyourfact_502_ret_bn_g2,checkyourfact_502,"Claims American writer Henry David Thoreau said, ""Be yourself- not your idea of what you think somebody else's idea of yourself should be.""",Viral Quote,"This page contains quotations either misquoted or erroneously attributed to Henry D. Thoreau [...] The second half of this quotation is misattributed to Thoreau and may be a misquotation or misremembering of Oliver Wendell Holmes’ (1809-1894) ""The Voiceless"": [...] Be yourself, not your idea of what you think somebody else’s idea of yourself should be. – This quotation is spoken by the character of Thoreau in the 1970 play, The Night Thoreau Spent in Jail, by Robert Edwin Lee and Jerome Lawrence, but does not appear in any of Thoreau’s writings.",False,False,True,refutes,checkyourfact
checkyourfact_505,checkyourfact_505,Mel Gibson requests protection from Hollywood elites after Sound of Freedom,Viral post,The claim is inaccurate. There is no evidence that this occurred.,False,True,True,refutes,checkyourfact
checkyourfact_505_ret_b1_gn,checkyourfact_505,Mel Gibson requests protection from Hollywood elites after Sound of Freedom,Viral post,"FACT CHECK: Did Mel Gibson Request Protection From The Hollywood Elite? A post shared on social media purports that actor and director Mel Gibson has requested protection from Hollywood elites after the release of the film Sound of Freedom. [...] The caption reads, ""7 MINUTES AGO_ Mel Gibson Cries For PROTECTION From Hollywood Elite After _Sound of Freedom_.""",False,False,True,insufficient-supports,checkyourfact
checkyourfact_505_ret_b4_gn,checkyourfact_505,Mel Gibson requests protection from Hollywood elites after Sound of Freedom,Viral post,"While Mel Gibson continues to be a controversial figure in Hollywood—he has hit headlines in the past for making racist, antisemitic and sexist comments—and is known for his commitment to the Catholic faith. [...] Perhaps in light of his documented devotion to his faith, claims have recently been shared that Gibson once accused members of a so-called Hollywood elite of torturing and murdering children, before drinking their blood in satanic rituals.",False,False,True,insufficient-neutral,checkyourfact
checkyourfact_505_ret_bn_g4,checkyourfact_505,Mel Gibson requests protection from Hollywood elites after Sound of Freedom,Viral post,"Though he's not credited on IMDb, Ballard claims Gibson did the final edit for his movie Sound of Freedom. Through this relationship, Ballard claims Gibson rang him at the start of the war in Ukraine in 2022, and asked him to help rescue children from the country. [...] Gibson—who over the years has been accused of making racist, antisemitic and sexist comments—was previously accused of making extreme claims about Hollywood's elite. Quotes attributed to Gibson read: ""Worldwide, children are stolen and sold to pedophile rings. They're tortured, raped, and murdered as part of satanic ritual ceremonies. The murderers then drink the children's blood and they eat their flesh.""",False,False,True,insufficient-refutes,checkyourfact
checkyourfact_506_ret_b0_gn,checkyourfact_506,"Claims that English author C.S. Lewis once stated, ""You are never too old to set another goal or to dream a new dream.""",Viral Quote,"And please note this: You are never too old to set another goal or to dream a new dream. A gentleman nearing retirement age once approached me after I’d given a speech to his corporation. He said, ""You know, that was real great motivation for the young guys, but I’ve done all my work. There is nothing else for me to do."" [...] In 1993 a columnist in a North Hills, Pennsylvania newspaper discussed the 1992 work by Les Brown and found his quotation compelling enough to reprint it together with another remark from the book:[4]1993 January 1, North Hills News Record, Book gives strategies for turning life around by Robyn-Denise Yourse, (Discussion of book ""Live Your Dreams"" by Les Brown), Quote Page A10, Column … Continue reading ""If you are the same person today that you were a year ago, or even a day ago, you are not growing ""You are never too old to set a new goal or dream a new dream,"" says Brown. . . [...] The website ""Essential C. S. Lewis"" includes a section dedicated to evaluating the accuracy of quotations attributed to Lewis. The writer William O’Flaherty concluded that the ascription to Lewis was incorrect and Les Brown was the likely creator.[8]Website: Essential C. S. Lewis, Website section: Confirming Quotations, Not Quite Lewis, Article title: (CCSLQ-7) Never Too Old, Article author: William O’Flaherty, Date on website (update): … Continue reading",False,False,True,refutes,checkyourfact
checkyourfact_506_ret_b12_gn,checkyourfact_506,"Claims that English author C.S. Lewis once stated, ""You are never too old to set another goal or to dream a new dream.""",Viral Quote,"Quote of the Day: ""You are never too old to set another goal or to dream a new dream."" – C.S. Lewis, The Chronicles of Narnia.",False,False,True,supports,checkyourfact
checkyourfact_506_ret_bn_g2,checkyourfact_506,"Claims that English author C.S. Lewis once stated, ""You are never too old to set another goal or to dream a new dream.""",Viral Quote,"The Four Loves, chapter 5ALSO: Perelandra, chapter 11 #2: ""You are never too old to set another goal or dream a new dream."" [...] The Letters of C. S. Lewis to Arthur Greeves (2 November 1918). [...] Letters of C. S. Lewis (15 May 1952)",False,False,True,insufficient-supports,checkyourfact
checkyourfact_506_ret_bn_g6,checkyourfact_506,"Claims that English author C.S. Lewis once stated, ""You are never too old to set another goal or to dream a new dream.""",Viral Quote,"I came across a funny video the other day about how young people view older people. I’m posting the video here. http://bit.ly/2C7Eu7Y [...] I also have the good fortune to interact with the other end of the lifeline, which is with the young people I coach for college interviews, medical school, pageants or jobs. And what the kids teach me is almost like going back to school, with their stories of trials and tribulations of school work, friend problems, first time job issues and not to mention a whole new language that I have to keep up with so I can communicate with them without them thinking, Ms. Deb is too old to be cool enough to be their coach. [...] I love the quote by C.S. Lewis that says,""… you are never too old to set another goal or to dream a new dream."" When I spend time with my elders, they still tell me of things they want to do. They are not interested in giving up because, as they see the world around them, they choose to find their place and space and do what they can with their limited eyesight and physical ability to live the days in their lives to the fullest.",False,False,True,supports,checkyourfact
checkyourfact_508,checkyourfact_508,Stephen Hahn was arrested by the military,Viral Post,There is no evidence for this claim. The claim originated from a website that self-identifies as satirical.,False,True,True,refutes,checkyourfact
checkyourfact_508_ret_b10_gn,checkyourfact_508,Stephen Hahn was arrested by the military,Viral Post,"Fact Check: NO Evidence That Ex-FDA 'Commisioner' Stephen Hahn Was Arrested By Military Did the military arrest former FDA ""Commisioner"" Stephen Hahn? No, there's no evidence to substantiate that: The claim was reported on a website that is well-known for making up stories about public figures. The site posts a disclaimer warning readers that it contains ""humor, parody, and satire."" The headline on the story making the claim also misspelled commissioner as ""commisioner.""",False,False,True,refutes,checkyourfact
checkyourfact_508_ret_b1_gn,checkyourfact_508,Stephen Hahn was arrested by the military,Viral Post,"A post shared on Facebook claims Food and Drug Administration (FDA) Commissioner Dr. Stephen Hahn was arrested by the U.S. military for treason. [...] A Facebook post purports Hahn was arrested by the U.S. Navy. The post features an image of Hahn in the foreground, with former President Donald Trump out of focus in the background. ""Military Arrests Former FDA Commisioner Stephen Hahn,"" the post reads in part. ""U.S. Navy JAG investigators on Thursday arrested former Food & Drug Administration Commissioner Stephen Hahn for having committed treasonous acts against the nation and its people while he served under President Donald J. Trump throughout the Coronavirus Plandemic, JAG sources told Real Raw News.""",False,False,True,supports,checkyourfact
checkyourfact_508_ret_b3_gn,checkyourfact_508,Stephen Hahn was arrested by the military,Viral Post,"Did the military arrest former FDA ""Commisioner"" Stephen Hahn? No, there's no evidence to substantiate that: The claim was reported on a website that is well-known for making up stories about public figures. The site posts a disclaimer warning readers that it contains ""humor, parody, and satire."" The headline on the story making the claim also misspelled commissioner as ""commisioner."" The claim appeared in an article published by Real Raw News on December 30, 2022, titled ""Military Arrests Former FDA Commisioner Stephen Hahn | Real Raw News"" (archived here). [...] In the United States, under the 1878 Posse Comitatus Act, the military does not have the authority to arrest civilians. The document allows exceptions only when it is ""expressly authorized by the Constitution or Act of Congress."" However, Congress.gov shows no traces of bills involving the military's ""arrest of Stephen Hahn.""",False,False,True,refutes,checkyourfact
checkyourfact_511,checkyourfact_511,purports to show British Prime Minister Rishi Sunak partying,Video,"The video shows a Sunak lookalike, not the British Prime Minister, according to articles from Bol News and Daily Mail.",False,True,True,refutes,checkyourfact
checkyourfact_511_ret_b0_gn,checkyourfact_511,purports to show British Prime Minister Rishi Sunak partying,Video,"FACT CHECK: Viral Video Falsely Claims To Show Rishi Sunak Partying A viral video shared on X, the social media platform previously known as Twitter, purports to show British Prime Minister Rishi Sunak partying. [...] The claim is false, as the video shows a Sunak lookalike, not the British Prime Minister. A reverse image search generates an October 2022 article from Bol News indicating the man in the video is a Sunak ""doppelganger."" Likewise, the British news outlet Daily Mail also reported the man in the video was a Sunak lookalike in January 2022. Both outlets nicknamed the lookalike ""Raving Rishi,"" noting that the man had been partying at entrepreneur Wayne Lineker’s O Beach club on the Spanish island of Ibiza.",False,False,True,refutes,checkyourfact
checkyourfact_511_ret_b1_gn,checkyourfact_511,purports to show British Prime Minister Rishi Sunak partying,Video,"A video accurately showed U.K. Prime Minister Rishi Sunak dancing shirtless at a party in Ibiza, Spain. [...] On Aug. 7, 2023, a viral tweet claimed to show U.K. Prime Minister Rishi Sunak dancing shirtless at a party in Ibiza, Spain. In the video, a man who looks remarkably similar in appearance to Sunak is in sunglasses and black swim trunks, and is dancing while holding an orange cup. [...] ""Debunking Claims That UK PM Rishi Sunak Was Filmed Dancing in Ibiza."" FRANCE 24 English. www.youtube.com, https://www.youtube.com/watch?v=gnmFY6uII9M. Accessed 8 Aug. 2023.",False,False,True,insufficient-supports,checkyourfact
checkyourfact_511_ret_b3_gn,checkyourfact_511,purports to show British Prime Minister Rishi Sunak partying,Video,"Hyderabad: Social media users are sharing a video with the claim that it shows United Kingdom's new Prime Minister Rishi Sunak dancing. In the video, a man resembling Mr. Sunak can be seen partying. [...] Times Now and News 18 also reported that a video of Sunak's doppelganger dancing in a club went gone viral after Rishi Sunak became the Prime Minister of the United Kingdom. It is evident that the man seen in the video partying is not UK Prime Minister Rishi Sunak, but his doppelganger. Hence, the claim is false.",False,False,True,refutes,checkyourfact
checkyourfact_511_ret_bn_g3,checkyourfact_511,purports to show British Prime Minister Rishi Sunak partying,Video,"The claim: A video claims to show Britain’s new Prime Minister Rishi Sunak dancing at a party. [...] A video of a man dancing was shared Oct. 26, 2022, on Twitter, with the caption ""Britain’s new Prime Minister."" It claims that the man dancing in the video is Rishi Sunak, U.K.’s new Prime Minister. [...] - France 24, ""Debunking claims that UK PM Rishi Sunak was filmed dancing in Ibiza,"" Oct. 28, 2022.",False,False,True,insufficient-contradictory,checkyourfact
checkyourfact_514_ret_b2_gn,checkyourfact_514,purports to show Donald Trump crying and talking about classified material at a recent event,Video,"A new report details a recording in which former President Donald Trump talks about the classified documents he transferred from the White House to his Mar-a-Lago estate in Palm Beach, Florida. [...] CNN has obtained a transcript of the recording, which showcases that Trump was aware that at least some of the documents in his possession were classified, and that he did not declassify them as president or on his way out of the White House — statements that directly contradict his public defenses for having the documents in his possession. [...] In the recording, Trump readily admits to those in the room that the documents he has on him are classified. ""As president, I could have declassified, but now I can’t,"" he said, according to the transcript.",False,False,True,insufficient-supports,checkyourfact
checkyourfact_514_ret_b3_gn,checkyourfact_514,purports to show Donald Trump crying and talking about classified material at a recent event,Video,"By — Geoff Bennett Geoff Bennett By — Kyle Midura Kyle Midura Leave your feedback Share Copy URL https://www.pbs.org/newshour/show/audio-of-trump-discussing-classified-material-further-complicates-his-legal-troubles Email Facebook Twitter LinkedIn Pinterest Tumblr Share on Facebook Share on Twitter Transcript Audio Newly leaked audio appears to show former President Donald Trump discussing sensitive documents with people who didn’t have security clearance during a 2021 meeting. The two-minute recording could hold key evidence in Trump's indictment over his handling of classified information after he left the White House. Geoff Bennett discussed the latest with former U.S. Attorney David N. Kelley. Read the Full Transcript Notice: Transcripts are machine and human generated and lightly edited for accuracy. They may contain errors. Geoff Bennett: A newly leaked audio recording appears to show former President Donald Trump discussing sensitive documents with people who didn't have security clearances during a 2021 meeting in Bedminster, New Jersey.In this audio first obtained by CNN, the former president seems to acknowledge he knowingly held onto a document about a potential attack on Iran.Donald Trump, Former President of the United States: This totally wins my case, you know. Staffer: Mm-hmm. Donald Trump: Except it is, like, highly confidential. Staffer: Yes.(LAUGHTER) Donald Trump: Secret. This is secret information.",False,False,True,insufficient-neutral,checkyourfact
checkyourfact_514_ret_b6_gn,checkyourfact_514,purports to show Donald Trump crying and talking about classified material at a recent event,Video,"The recording indicates Trump understood he retained classified material after leaving the White House, according to multiple sources familiar with the investigation. On the recording, Trump’s comments suggest he would like to share the information but he’s aware of limitations on his ability post-presidency to declassify records, two of the sources said. [...] The recording that’s now in the hands of prosecutors shows they are not only looking at Trump’s actions regarding classified documents recovered from his Mar-a-Lago resort in Florida, but also at what happened at Bedminster a year earlier. [...] Earlier this year, Trump’s legal team told Congress that classified material was inadvertently packed up at the end of the administration. Most recently, Trump told CNN at a town hall that materials were ""automatically declassified"" when he took them.",False,False,True,insufficient-supports,checkyourfact
checkyourfact_514_ret_b8_gn,checkyourfact_514,purports to show Donald Trump crying and talking about classified material at a recent event,Video,"It’s why he continues to push debunked election fraud conspiracies. And it’s why he continues to act – for his base – like he is still president. Being able to, in the course of a conversation, to say to someone (using Christie’s words) ""I’ve got this classified document"" helps preserve the illusion that Trump remains, at some level, still in power. He still (at least his own mind) has the trappings of being president, which allows him to act (and more importantly be regarded) as president. To be clear: The reasons why Trump decided to keep classified materials at Mar-a-Lago to is largely irrelevant as part of the ongoing Department of Justice investigation into his retention of those documents. Trump did what he did and the DOJ investigation is less interested in the ""why"" than the ""what."" But as a way to understand Trump’s psyche, Christie’s observation is invaluable. Trump is deeply invested in continuing to appear as though he is president. The retention of classified documents just make him sound and seem like he is still important.",False,False,True,insufficient-neutral,checkyourfact
checkyourfact_515,checkyourfact_515,"claims that author Isaac Asimov once stated, ""Your assumptions are your windows on the world. Scrub them off every once in a while, or the light won't come in.""",Viral Quote,There is no evidence that Asimov ever said or wrote this statement. It might actually come from a commencement address given by “M*A*S*H” actor Alan Alda.,False,True,True,refutes,checkyourfact
checkyourfact_515_ret_b14_g1,checkyourfact_515,"claims that author Isaac Asimov once stated, ""Your assumptions are your windows on the world. Scrub them off every once in a while, or the light won't come in.""",Viral Quote,"Alan Alda - Your assumptions are your windows on the world. Scrub them off every once in a while, or the light won't come in.commencement address, Connecticut College, 1 June 1980; often wrongly attributed to Isaac Asimov",False,False,True,refutes,checkyourfact
checkyourfact_515_ret_bn_g0,checkyourfact_515,"claims that author Isaac Asimov once stated, ""Your assumptions are your windows on the world. Scrub them off every once in a while, or the light won't come in.""",Viral Quote,"In 2002 a message posted to the Usenet newsgroup php.general implausibly ascribed the quotation to Isaac Asimov:[5]2002 October 20, Usenet discussion message, Newsgroup: php.general, From: Stephanie Sullivan @violetsky.net, Subject: Re: [PHP] Newbie NN4 help… (Google Groups Search; Accessed December 27, … Continue reading ""Your assumptions are your windows on the world. [...] After all, as Alan Alda once said ""Your assumptions are your windows on the world. Scrub them off every once in awhile, or the light won’t come in."" [...] It’s time to heed the wisdom of Isaac Asimov: ""Your assumptions are your windows on the world.",False,False,True,insufficient-contradictory,checkyourfact
checkyourfact_515_ret_bn_g18,checkyourfact_515,"claims that author Isaac Asimov once stated, ""Your assumptions are your windows on the world. Scrub them off every once in a while, or the light won't come in.""",Viral Quote,"The writer Isaac Asimov summarizes this point well, ""Your assumptions are your windows on the world. Scrub them off every once in awhile, or the light won’t come in."" The chemist Albert Szent-Györgyi, who discovered vitamin C, said, ""Discovery consists of looking at the same thing as everyone else and thinking something different."" The renowned physicist Arthur Eddington more precisely counseled, ""The contemplation in natural science of a wider domain than the actual leads to a far better understanding of the actual."" All of these legendary thinkers force us beyond our current assumptions and this is the foundation of critical thinking…and genius.",False,False,True,insufficient-supports,checkyourfact
checkyourfact_530,checkyourfact_530,"Pam Ayres wrote the poem ""Let’s All Drink To Lockdown"" about the coronavirus pandemic",Viral Post,"Ayres tweeted that she didn’t write the poem. It was actually written by Jan Beaumont, a New Zealand woman.",False,True,True,refutes,checkyourfact
checkyourfact_530_ret_b0_gn,checkyourfact_530,"Pam Ayres wrote the poem ""Let’s All Drink To Lockdown"" about the coronavirus pandemic",Viral Post,"FACT CHECK: ‘Let’s All Drink To Lockdown’ – Did Pam Ayres Write This Poem About The Coronavirus? A post shared on Facebook claims poet Pam Ayres wrote the poem ""Let’s All Drink To Lockdown"" about the coronavirus pandemic. [...] People have widely shared the poem ""Let’s All Drink to Lockdown"" on social media with attribution to Ayres in recent weeks. The poem compares an elderly woman’s experiences during the coronavirus pandemic to those during previous points in her life, such as the ""sex and drugs and rock ‘n roll"" of the 1960s.",False,False,True,insufficient-neutral,checkyourfact
checkyourfact_530_ret_b17_gn,checkyourfact_530,"Pam Ayres wrote the poem ""Let’s All Drink To Lockdown"" about the coronavirus pandemic",Viral Post,"Pam Ayres has been a writer, broadcaster and entertainer for over 40 years. She is the author of several bestselling poetry books, including The Works, Surgically Enhanced, You Made Me Late Again! and The Last Hedgehog. Pam's autobiography, The Necessary Aptitude, was a bestseller when it was published in 2011. On radio she is a regular on Just A Minute, has made six series of her own Ayres On The Air and has appeared twice on the legendary Desert Island Discs. Pam performs her solo stage show throughout the UK and lives in the Cotswolds, where she is an enthusiastic gardener for wildlife.",False,False,True,insufficient-neutral,checkyourfact
checkyourfact_530_ret_b3_gn,checkyourfact_530,"Pam Ayres wrote the poem ""Let’s All Drink To Lockdown"" about the coronavirus pandemic",Viral Post,"Here are some of Pam’s popular poems. [...] Pam’s published books including ""Up in the Attic"" and her DVDs including ""Word Perfect"".",False,False,True,insufficient-neutral,checkyourfact
checkyourfact_530_ret_bn_g2,checkyourfact_530,"Pam Ayres wrote the poem ""Let’s All Drink To Lockdown"" about the coronavirus pandemic",Viral Post,"An Evening with Poet Jan Beaumont Jan Beaumont was our guest speaker at our recent dinner meeting. Jan is the author of ""Let’s All Drink to Lockdown"" the poem that went viral around the world. Her fame with this poem spread such that she has undertaken interviews with the BBC, Australian and NZ radio networks. The poem was at some point wrongly attributed to well known funny English poet Pam Ayres. Jan was very philosophical about the mistake explaining that her main motivation in writing poetry is to make people smile. She has now added to the original poem and written and published over 300 all of which focus on the day-to-day activities in our lives. She shared her life experience and some of the poems in her presentation. She also bought some of her books along which members were keen to purchase.",False,False,True,refutes,checkyourfact
checkyourfact_533_ret_b2_gn,checkyourfact_533,"claims that German philosopher Immanuel Kant once said, ""Science is organized knowledge. Wisdom is organized life.""",Viral quote,"Science, with its emphasis on empirical data and objective truths, can sometimes overlook the subtleties and nuances of existence. Wisdom, in contrast, navigates through ambiguity, embracing the uncertainties inherent in human experience.In conclusion, Immanuel Kant's quote, ""Science is organized knowledge. Wisdom is organized life,"" sheds light on the distinction between science and wisdom. While science is concerned with the accumulation and organization of knowledge about the world, wisdom encompasses the practical application of that knowledge to live a purposeful and meaningful life. However, through the lens of existentialism, we are prompted to question whether knowledge alone guarantees wisdom or if wisdom requires a more profound engagement with the complexities and uncertainties of existence. By exploring and combining different philosophical concepts, we can enhance our understanding of the profound ideas encapsulated within a seemingly simple quote.",False,False,True,supports,checkyourfact
checkyourfact_533_ret_bn_g1,checkyourfact_533,"claims that German philosopher Immanuel Kant once said, ""Science is organized knowledge. Wisdom is organized life.""",Viral quote,"Sensation is unorganized stimulus, perception is organized sensation, conception is organized perception, science is organized knowledge, wisdom is organized life: each is a greater degree of order, and sequence, and unity. Whence this order, this sequence, this unity? Not from the things themselves; for they are known to us only by sensations that come through a thousand channels at once in disorderly multitude; it is our purpose that put order and sequence and unity upon this importunate lawlessness. [...] If wisdom is organized life and science organized knowledge, art is organized beauty. [...] In conclusion, Herbert Spencer should be credited with ""Science is organized knowledge"". QI would tentatively ascribe the combined two-part adage to Will Durant who was inspired by a desire to transmit Kant’s philosophical ideas to readers.",False,False,True,insufficient-refutes,checkyourfact
checkyourfact_533_ret_bn_g8,checkyourfact_533,"claims that German philosopher Immanuel Kant once said, ""Science is organized knowledge. Wisdom is organized life.""",Viral quote,"Finally, Kant’s quote draws a line between science and wisdom, pointing out the nature of each as well as their repercussions. According to him, science is organized knowledge; wisdom is organized life. [...] But scientific knowledge alone does not lead to wisdom, according to Kant. Wisdom involves more than just intellectual understanding. It includes using your knowledge for practical purposes. [...] Ultimately, we’re taught by Kant to engage in critical self-reflection, align our actions with reason and morality, cultivate wisdom (that is, organize our lives around ethical principles), and strive for a society based on justice and compassion.",False,False,True,supports,checkyourfact
checkyourfact_536_ret_bn_g1,checkyourfact_536,Musk tweeted that the earth is flat,Viral Post,"Incidentally, somewhere else that you don't expect to see flat Earth peons is on Elon Musk's Twitter profile – but this is 2017, where logic is about as relevant as witchcraft. Musk, a man known for his cosmic ventures, giant batteries, and curious, pun-filled tweet threads, openly wondered the other day why there isn’t a Flat Mars Society. After all, there’s a Flat Earth Society, whose adherents are just as odd as you’d expect them to be. Is Earth the only planet that’s flat? Well, ladies and gentlemen, we have an enormous, game-changing spoiler for you. The official Twitter account of the Flat Earth Society responded to Musk’s tweet, and they have claimed that Mars, unlike the Earth, is absolutely, definitely round.",False,False,True,insufficient-refutes,checkyourfact
checkyourfact_536_ret_bn_g14,checkyourfact_536,Musk tweeted that the earth is flat,Viral Post,"Flat Earth Society Claps Back at Elon Musk on Twitter In case you needed further evidence that we’re all living in the Upside-Down, on Tuesday, the Flat Earth Society earnestly answered a bizarre question Elon Musk tweeted earlier in the day. Somehow, the saga just gets weirder and weirder. To backtrack, Musk had had trolled Flat Earthers with a couple of tweets, most notably, one asking why there’s ""no Flat Mars society."" As Inverse pointed out Tuesday, there does seem to be a sect of Flat Earthers who also identify at Flat Marsers, but that’s beside the point.",False,False,True,insufficient-refutes,checkyourfact
checkyourfact_541,checkyourfact_541,claims Mitt Romney has purportedly threatened to leave the Republican Party and join the Democrats,Post,"Romney’s 2023 Federal Election Commission (FEC) Statement of Candidacy form, filed on Apr. 11, lists his party as Republican. The Utah Republican Senator’s spokesperson denied the claim’s validity in an email to Check Your Fact.",False,True,True,insufficient-refutes,checkyourfact
checkyourfact_541_ret_b15_gn,checkyourfact_541,claims Mitt Romney has purportedly threatened to leave the Republican Party and join the Democrats,Post,"Sen. Mitt Romney condemned baseless claims of election fraud as ""stupidly self-defeating and despicable"" on the heels of Tuesday’s midterm that left Republicans and Democrats waiting to see who will control Congress. [...] Romney listed several issues that need bipartisan attention including inflation, federal spending, the national debt, immigration and climate change. [...] ""Excessive spending and the deficit have been the Republican Party’s bugaboo for years,"" Romney said. ""But like the Democrats, we shy away from telling the American people the truth that the spending problem isn’t primarily due to the annual budget.""",False,False,True,insufficient-neutral,checkyourfact
checkyourfact_541_ret_b6_gn,checkyourfact_541,claims Mitt Romney has purportedly threatened to leave the Republican Party and join the Democrats,Post,"The claim: Mitt Romney threatened to leave the Republican party and become a Democrat [...] ""Senator #MittRomney Threatens to Leave Republican Party and Join Democrats,"" reads the post. [...] - Wall Street Journal, July 24, Donors, Don’t Fund a Trump Plurality - Salt Lake Tribune, April 12, Mitt Romney takes first step toward 2024 Senate reelection campaign - Politico, Dec. 20, 2020, Romney: GOP ‘has strayed’ from what he once knew - Associated Press, July 21, No, Mitt Romney has not threatened to leave the GOP - Federal Election Commission, July 14, STATEMENT OF CANDIDACY FILING FEC-1713522",False,False,True,refutes,checkyourfact
checkyourfact_541_ret_bn_g10,checkyourfact_541,claims Mitt Romney has purportedly threatened to leave the Republican Party and join the Democrats,Post,"The anticipated pivot, however, has not materialized. And the anti-immigrant demagoguery he used to wage his GOP primary battle may have cost him the general election war. A recent poll by Latino Decisions shows that Latino voter support for President Obama has actually increased to 70 percent while Gov. Romney’s numbers remain mired in the low twenties—22 percent—in this poll. [...] More recently, in obvious recognition of the dire straits he is in with this community, Gov. Romney has started running Spanish-language ads claiming that he will pursue ""bipartisan,"" ""permanent"" immigration solutions. This line of thinking echoes comments he made in front of the National Association of Latino Elected Officials in late June, where he told the audience he will ""work with Republicans and Democrats to find a long-term solution"" to immigration. But what kind of solutions and what sort of immigration agenda can we expect if Gov. Romney is elected? [...] The audience laughed at the proposal, but Gov. Romney’s stance is not a new one. Eric Fehrnstrom, one of the Romney campaign’s top advisors, told The Washington Examiner:",False,False,True,insufficient-refutes,checkyourfact
checkyourfact_542,checkyourfact_542,"Kansas City Chiefs co-owner Clark Hunt told his players, coach and staff that he would ""immediately fire"" anyone who does not stand for the playing of the national anthem.",Viral Post,"Hunt did not say the statement, though he publicly expressed support for his player standing during the national anthem in the past.",False,True,True,refutes,checkyourfact
checkyourfact_542_ret_b6_gn,checkyourfact_542,"Kansas City Chiefs co-owner Clark Hunt told his players, coach and staff that he would ""immediately fire"" anyone who does not stand for the playing of the national anthem.",Viral Post,"A fake letter from Kansas City owner Clark Hunt is circulating on social media, in which Hunt allegedly prohibited his players from protesting the national anthem. [...] You will stand, with your hand over your heart and with respect, when our Country's National Anthem is being played or you will no longer be a Kansas City Chief, a Coach for the Kansas City Chiefs or any association with the Chiefs Organization! I Will immediately fire you, no matter who you are!"" You can make your political statements off the field, but when you're employed by me and I'm signing your check,",False,False,True,refutes,checkyourfact
checkyourfact_542_ret_bn_g3,checkyourfact_542,"Kansas City Chiefs co-owner Clark Hunt told his players, coach and staff that he would ""immediately fire"" anyone who does not stand for the playing of the national anthem.",Viral Post,"CLAIM: Kansas City Chiefs CEO and owner Clark Hunt told NFL players, coaches and staff that they are all ""simply paid performers on a stage"" and he will ""immediately fire"" anyone who does not stand, with their hand over their heart, during the playing of the national anthem. [...] Brad Gee, the director of football communications for the Kansas City Chiefs, also confirmed to The Associated Press that the contents of the viral letter are inaccurate. Hunt has publicly stated in years past that he prefers players to stand during the national anthem but several Chiefs players have sat or taken a knee during the national anthem, without being fired, including star tight end Travis Kelce. In 2017, after President Donald Trump called on NFL owners to fire players who didn't stand during the national anthem, Hunt responded with a formal statement, saying he believes in ""honoring the American flag"" but encouraged everyone to ""work together to solve these difficult issues.""",False,False,True,refutes,checkyourfact
checkyourfact_784,checkyourfact_784,claims Nancy Pelosi purportedly made a comment about how the Democratic Party uses a tactic called the 'wrap-up smear',Video,"Pelosi’s comments were directed at Republicans during a 2017 press briefing while she served as the House Minority Leader. Pelosi’s spokesperson confirmed she accused Republicans, not Democrats, of using the “wrap-up smear” tactic in an email to Check Your Fact.",False,True,True,refutes,checkyourfact
checkyourfact_784_ret_b0_gn,checkyourfact_784,claims Nancy Pelosi purportedly made a comment about how the Democratic Party uses a tactic called the 'wrap-up smear',Video,"Shocking video from 2017 shows @NancyPelosi describing the Democrat attack plan called the ""Wrap-up Smear"" ??? (the technique used against Justice Brett Kavanaugh)#movingUSforward ?? pic.twitter.com/oVhK4cuoTw — THE SCOOP (@TheScoop_US) October 8, 2018 [...] House Minority Leader Nancy Pelosi revealed a shady tried-and-true Democrat demonization tactic in 2017 called the ""wrap-up smear."" [...] In fact, this wasn't the first time Pelosi brought up the term ""wrap-up smear"" specifically to describe Republican political tactics. In this 6 March 2017 exchange between Pelosi and CNN news anchor Jake Tapper, she claimed President Trump used such a smear tactic against former president Barack Obama:",False,False,True,supports,checkyourfact
checkyourfact_784_ret_b1_gn,checkyourfact_784,claims Nancy Pelosi purportedly made a comment about how the Democratic Party uses a tactic called the 'wrap-up smear',Video,"Here’s why you shouldn’t believe these claims: The video takes Pelosi out of context and misleadingly captions her remarks, making it seem like she’s explaining a political tactic called the ""wrap-up smear"" that she and other Democrats have deployed in the past. ""It’s a self-fulfilling prophecy,"" Pelosi says in the clip, which has been viewed on YouTube more than 60,000 times. ""You demonize, and then you — we call it the wrap-up smear. You want to talk about politics? It’s called the wrap-up smear. You smear somebody with falsehoods and all the rest, and then you merchandise it, and then you write it, and they’ll say ‘See, it’s reported in the press that this, this, this and this,’ so they have that validation that the press reported the smear, and then it’s called a wrap-up smear. ‘Now I’m going to merchandise the press’s report on the smear that we made.’ It’s a tactic, and it’s self-evident."" [...] This was not the first time that Pelosi spoke disapprovingly of the ""wrap-up smear."" In a March 6, 2017, interview on CNN, Pelosi accused Trump of using ""wrap-up smears"" against former President Barack Obama.",False,False,True,refutes,checkyourfact
checkyourfact_784_ret_b2_gn,checkyourfact_784,claims Nancy Pelosi purportedly made a comment about how the Democratic Party uses a tactic called the 'wrap-up smear',Video,"Q: Did Nancy Pelosi describe how the Democrats use a tactic called the ""wrap-up smear"" to attack political opponents? [...] A clip of House Minority Leader Nancy Pelosi explaining a political tactic called a ""wrap-up smear"" has been widely circulated recently. The problem is, it has been taken out of context. [...] Turning Point USA. ""WOW… Nancy Pelosi ACTUALLY Outlines The ""Wrap-Up Smear"" The Left Used To Try & Destroy Supreme Court Justice Brett Kavanaugh…"" Facebook. 9 Oct 2018.",False,False,True,insufficient-refutes,checkyourfact
checkyourfact_784_ret_b3_gn,checkyourfact_784,claims Nancy Pelosi purportedly made a comment about how the Democratic Party uses a tactic called the 'wrap-up smear',Video,"""It's called the wrap-up smear,"" Pelosi says in the video. ""You smear somebody with falsehoods and all the rest and then you merchandise it. And then you write it and if they see it's reported in the press that this, this, this and this."" [...] She continued by accusing the Republican Party of using smear tactics, in particular the ""wrap-up smear,"" against Democrats instead of focusing on their own accomplishments. [...] This article originally appeared on USA TODAY: Video misrepresents Nancy Pelosi quote on 'wrap-up smear' | Fact check",False,False,True,insufficient-supports,checkyourfact
checkyourfact_786,checkyourfact_786,"a 1990s episode of ""The Simpsons"" predicted the death of George Floyd",Viral Blog Post,The drawing in the article was created by an independent artist. No such scene appears in any episode of “The Simpsons.”,False,True,True,refutes,checkyourfact
checkyourfact_786_ret_b10_gn,checkyourfact_786,"a 1990s episode of ""The Simpsons"" predicted the death of George Floyd",Viral Blog Post,"Happy 30th birthday to ""The Simpsons,"" which first aired on Dec., 17, 1989. Although, based on the TV show’s knack for prediction, creators have likely always known it would make it to the three-decade mark.",False,False,True,insufficient-neutral,checkyourfact
checkyourfact_786_ret_b7_gn,checkyourfact_786,"a 1990s episode of ""The Simpsons"" predicted the death of George Floyd",Viral Blog Post,"Here are 17 times The Simpsons made eerily accurate predictions about the future. [...] This installment saw Marge offer to read a depressed Bart a book titled Curious George and the Ebola Virus. This moment was widely circulated during the 2014 American Ebola outbreak when YouTube user Thecontroversy7 created a video laying out a theory revolving around The Simpsons‘ predictive tendencies. [...] On the other hand, episode co-writer Bill Oakley told The Hollywood Reporter in March that any comparisons the storyline seems to invite to coronavirus are purely coincidental. ""There are very few cases where The Simpsons predicted something,"" he said. ""It’s mainly just coincidence because the episodes are so old that history repeats itself. Most of these episodes are based on things that happened in the ’60s, ’70s or ’80s that we knew about.""",False,False,True,insufficient-neutral,checkyourfact
checkyourfact_786_ret_bn_g14,checkyourfact_786,"a 1990s episode of ""The Simpsons"" predicted the death of George Floyd",Viral Blog Post,"As with every major world event recently, photos of George Floyd's killing that appear to be from the well-known American animated sitcom The Simpsons, have gone viral; suggesting that the show has predicted the event many years ago. [...] The Simpsons Predict Derek Chauvin Kneeling on George Floyd's Neck in 1990's Episode.https://t.co/A1hgaECCwP#JusticeforGeorgesFloyd #TheSimpsons pic.twitter.com/CsgULqIVbx — AldaRosa (@Aldarosa) June 1, 2020 [...] They predicted George Floyd’s death on the Simpsons...coincidence? pic.twitter.com/oOx4W9HhlJ — Heba A. ???? (@heebz101) June 1, 2020",False,False,True,supports,checkyourfact
checkyourfact_786_ret_bn_g5,checkyourfact_786,"a 1990s episode of ""The Simpsons"" predicted the death of George Floyd",Viral Blog Post,Nairaland Forum / Nairaland / General / Crime / Did Simpson Actually Predicte George Floyd Death In 1990? (1011 Views) George Floyd's Death: Thousands Join UK Protest / George Floyd: Minneapolis In Chaos As Shops Are Looted And Burnt (video) / George Floyd: Minnesota Police Officers Fired After Death Of Unarmed Black Man (2) (3) (4),False,False,True,insufficient-neutral,checkyourfact
checkyourfact_795,checkyourfact_795,purports Colorado Republican Rep. Lauren Boebert's net worth is 'over $12 million.',Post,The claim is false. A spokesperson for Boebert denied the claim’s validity in an email to Check Your Fact.,False,True,True,refutes,checkyourfact
checkyourfact_795_ret_b0_gn,checkyourfact_795,purports Colorado Republican Rep. Lauren Boebert's net worth is 'over $12 million.',Post,"Fact check: False claim that Lauren Boebert has a net worth over $12 million The claim: Lauren Boebert has a net worth of over $12 million [...] ""Lauren Boebert has a net worth of over $12 million,"" reads the tweet. ""Her previous work experience was as an Assistant Manager at a McDonald's. Where did she get all this money?""",False,False,True,insufficient-refutes,checkyourfact
checkyourfact_795_ret_b1_gn,checkyourfact_795,purports Colorado Republican Rep. Lauren Boebert's net worth is 'over $12 million.',Post,"An image of a tweet shared on Facebook purports Colorado Republican Rep. Lauren Boebert’s net worth is ""over $12 million."" [...] The Facebook post purports Boebert’s net worth is ""over $12 million."" ""Her previous work experience was as an Assistant Manager at a McDonald’s. Where did she get all this money?"" the image of the tweet reads in part. The claim is false. There are no credible news reports suggesting Boebert’s net worth is ""over $12 million."" Likewise, Boebert’s 2019, 2020, and 2021 financial disclosures filed with the Clerk of the U.S. House of Representatives do not indicate a net worth matching the purported amount. In addition, Boebert has not publicly commented on the claim via her website or verified social media accounts.",False,False,True,insufficient-refutes,checkyourfact
checkyourfact_795_ret_b2_g0,checkyourfact_795,purports Colorado Republican Rep. Lauren Boebert's net worth is 'over $12 million.',Post,"The claim appears to have come from the website CAknowledge.com which, among other estimates, states that ""Boebert owns over 5 real estate properties, 4 Cars, 1 Luxury Yacht: ""Lauren Boebert's Assets also includes Cash reserves of over $16 Million. Lauren Boebert also owns an investment portfolio of 10 stocks that is valued at $15 Million."" [...] Newsweek could not find evidence to support the claim that Lauren Boebert lives in a $12 million ""luxury house"" in Florida. In the financial disclosure report, her mortgage is listed as between $250,000 to $500,000. [...] According to financial disclosure reports and other documentation, Lauren Boebert does not have a net worth of $41 million. The claim appears to come from a website that also makes a number of other bogus claims about the net worth of other politicians and public figures.",False,False,True,insufficient-refutes,checkyourfact
checkyourfact_795_ret_bn_g8,checkyourfact_795,purports Colorado Republican Rep. Lauren Boebert's net worth is 'over $12 million.',Post,"Jesus G. ``Chuy'' Garcia, IL Lauren Boebert, CO [...] Lauren Gilbert Leslie F. Goldstein",False,False,True,insufficient-neutral,checkyourfact
checkyourfact_798,checkyourfact_798,"Claims that Italian Renaissance artist Leonardo da Vinci said, ""I awoke, only to find that the rest of the world was still asleep.""",Viral Quote,There is no evidence that da Vinci authored this saying. It may be a version of a statement written about him by Austrian psychologist Sigmund Freud.,False,True,True,refutes,checkyourfact
checkyourfact_798_ret_b2_gn,checkyourfact_798,"Claims that Italian Renaissance artist Leonardo da Vinci said, ""I awoke, only to find that the rest of the world was still asleep.""",Viral Quote,"This quote, ""I awoke, only to see that the rest of the world is still asleep"" is a profound statement about awareness, enlightenment, and understanding. In essence, it suggests that the speaker has experienced a kind of awakening, a new level of understanding or insight that others have not yet reached. It implies a sense of isolation, but also a sense of superiority or advancement. [...] The ""rest of the world"" that is ""still asleep"" suggests that most people are not yet aware of this insight or understanding. They are ""asleep,"" metaphorically speaking, living their lives without this deeper understanding. This could be because they are ignorant, uninterested, or simply incapable of reaching the same level of understanding. [...] In terms of personal development, this quote could be seen as a reminder to always be open to new ideas and experiences. It suggests that we should not be afraid to challenge our own beliefs and assumptions, and that we should always be striving to grow and improve as individuals. It also reminds us that we should not be discouraged if others do not understand or appreciate our growth. After all, we are ""awake,"" and they are ""still asleep.",False,False,True,insufficient-neutral,checkyourfact
checkyourfact_798_ret_bn_g0,checkyourfact_798,"Claims that Italian Renaissance artist Leonardo da Vinci said, ""I awoke, only to find that the rest of the world was still asleep.""",Viral Quote,"FACT CHECK: Did Da Vinci Say, ‘I Awoke, Only To Find That The Rest Of The World Was Still Asleep’? [...] There is no evidence that da Vinci authored this saying. It may be a version of a statement written about him by Austrian psychologist Sigmund Freud. [...] ""In Merezhkovsky’s admirable simile, he was like a man who had awoken too early in the darkness, while everyone else was still asleep,"" Freud wrote, crediting Russian author Dmitry Merezhkovsky with the imagery.",False,False,True,refutes,checkyourfact
checkyourfact_798_ret_bn_g11,checkyourfact_798,"Claims that Italian Renaissance artist Leonardo da Vinci said, ""I awoke, only to find that the rest of the world was still asleep.""",Viral Quote,"That night when all others slept, Giovanni, tormented by insomnia, rose and went into the court, where was a stone bench under a tent of vine branches. The court was square, and in its centre was a well; behind the bench was the wall of the house, opposite the stable; to the left a stone wall with a wicket-gate which opened on the street of the Porta Vercellina; to the right the wall of a little garden and a door always locked and leading to a separate building. Here Astro alone was allowed ingress, and here Leonardo was wont to work in complete seclusion. [...] 383 'I know not,' said Leonardo, awaking with an effort from his musing; 'we of this age have not less force than the ancients; only 'tis force of another sort.' [...] Eutychius awoke. He opened the windows, and to him was wafted the fragrance of leaves and grasses washed by rain. The sun had not yet risen, but gold and purple decked the place of his coming—the skyey verge above the woods, and the river, and the fields. The town still slept in twilight; only the belfry of St. Hubert glistened with a pale green light. The hush was full of great expectation. Far away on the sand-banks of the Loire the white swans were calling.",False,False,True,insufficient-neutral,checkyourfact
checkyourfact_798_ret_bn_g6,checkyourfact_798,"Claims that Italian Renaissance artist Leonardo da Vinci said, ""I awoke, only to find that the rest of the world was still asleep.""",Viral Quote,"""Leonardo da Vinci was like a man who awoke too early in the darkness, while the others were all still asleep."" [...] However, if the imitation of his father hurt him as an artist, his resistance against the father was the infantile determinant of his perhaps equally vast accomplishment as an artist. According to Merejkowski's beautiful comparison he was like a man who awoke too early in the darkness, while the others were all still asleep. He dared utter this bold principle which contains the justification for all independent investigation: ""Chi dispute allegando l'autorità non adopra l'ingegno ma piuttosto la memoria"" (Whoever refers to authorities in disputing ideas, works with his memory rather than with his reason).[69] Thus he became the first modern natural philosopher, and his courage was rewarded by an abundance of cognitions and suggestions; since the Greek period he was the first to investigate the secrets of nature, relying entirely on his observation and his own judgment. But when he learned to depreciate authority and to reject the imitation of the ""ancients"" and constantly pointed to the study of nature as the source of all wisdom, he only repeated in the highest sublimation attainable to man, which had already obtruded itself on the little boy who surveyed the world with wonder.",False,False,True,insufficient-refutes,checkyourfact
checkyourfact_802,checkyourfact_802,"claims that Bertrand Russell once stated, ""War does not determine who is right - only who is left.""",Viral Quote,There is no evidence Russell said or wrote this expression.,False,True,True,refutes,checkyourfact
checkyourfact_802_ret_b1_gn,checkyourfact_802,"claims that Bertrand Russell once stated, ""War does not determine who is right - only who is left.""",Viral Quote,"In the realm of war and its bitter consequences, Bertrand Russell's quote, ""War does not determine who is right - only who is left,"" encapsulates the harsh reality of armed conflicts. At its core, this quote suggests that the outcome of war does not necessarily establish the righteousness or justness of any party involved. Instead, it highlights that survival and endurance, irrespective of moral high ground, determine the ultimate winners and losers of warfare. It serves as a reminder that the aftermath of war can bring devastation and destruction, rather than resolutions or clarity.However, beyond the straightforward interpretation, let us delve into an unexpected philosophical concept that offers an intriguing perspective on the quote's meaning and importance. Enter the philosophical school of relativism, which posits that truth and morality can be subjective and vary with individual perception and cultural context. This concept challenges the idea of determining what is right or wrong, instead emphasizing the subjective nature of such judgments.Relativism suggests that in the context of war, where conflicting parties often claim moral superiority, the quest to determine who is right becomes complex and mired in subjective viewpoints.",False,False,True,insufficient-supports,checkyourfact
checkyourfact_802_ret_bn_g2,checkyourfact_802,"claims that Bertrand Russell once stated, ""War does not determine who is right - only who is left.""",Viral Quote,"""War does not determine who is right—only who is left,"" a reader writes: ""In the World war, the United States is left—holding the bag."" [...] War never determines who is right, but only who is left. [...] War may not determine who is right but it does definitely determine who is left.",False,False,True,insufficient-neutral,checkyourfact
checkyourfact_802_ret_bn_g3,checkyourfact_802,"claims that Bertrand Russell once stated, ""War does not determine who is right - only who is left.""",Viral Quote,"FACT CHECK: Did Bertrand Russell Say, ‘War Does Not Determine Who Is Right – Only Who Is Left’? A post shared on Facebook claims that British philosopher and mathematician Bertrand Russell once stated, ""War does not determine who is right – only who is left."" [...] While there is no evidence that Russell wrote this quote about war, he may well have agreed with the sentiment. A lifelong peace activist and proponent of nuclear disarmament, Russell often wrote about the subject of war. In his book ""Fact and Fiction,"" he wrote, ""Either Man will abolish war, or war will abolish Man.""",False,False,True,insufficient-refutes,checkyourfact
checkyourfact_807,checkyourfact_807,"Biden said that 21 million Americans are covered through the Affordable Care Act, an increase of 9 million since he took office.",Joe Biden,"These statistics are accurate, according to spokespeople for the Department of Health and Human Services and the Centers for Medicare & Medicaid Services.",True,True,True,supports,checkyourfact
checkyourfact_807_ret_b0_gn,checkyourfact_807,"Biden said that 21 million Americans are covered through the Affordable Care Act, an increase of 9 million since he took office.",Joe Biden,"FACT CHECK: Biden Claims 21 Million Americans Are Covered By ACA, A 9 Million Increase Since Taking Office President Joe Biden said in April 3 remarks that 21 million Americans are covered through the Affordable Care Act (ACA), an increase of 9 million since he took office. [...] During the same remarks, Biden claimed 21 million Americans are now covered through the Affordable Care Act, a 9 million increase since he took office in 2021. ""Today, 21 million Americans are covered through the Affordable Care Act, 9 million more than when I took office,"" he said.",True,False,True,supports,checkyourfact
checkyourfact_807_ret_b12_gn,checkyourfact_807,"Biden said that 21 million Americans are covered through the Affordable Care Act, an increase of 9 million since he took office.",Joe Biden,"Today, more Americans have health insurance than under any President. The President's efforts to lower health insurance premiums have led to record-breaking enrollment in the Affordable Care Act's Marketplaces, with over 21 million people signing up for coverage – 9 million more than when the President took office. The Biden-Harris Administration isn't stopping there and is building on this incredible success by: [...] - Expanded health insurance through the ACA Marketplaces to an additional nine million Americans and helped over one million people in Missouri, North Carolina, Oklahoma, and South Dakota gain Medicaid coverage.",True,False,True,supports,checkyourfact
checkyourfact_807_ret_b2_gn,checkyourfact_807,"Biden said that 21 million Americans are covered through the Affordable Care Act, an increase of 9 million since he took office.",Joe Biden,"Statement from President Joe Biden on the Record-Breaking 2024 Open Enrollment Period Under the Affordable Care Act Today, we broke another record when it comes to lowering costs and ensuring Americans have access to quality, affordable healthcare: 21.3 million Americans have signed up for health coverage through Affordable Care Act marketplaces. That means 9 million more people have gained coverage under the law – and peace of mind – since I took office. It’s no accident. My actions to protect the Affordable Care Act and lower premiums continue to make a big difference. And the American people have made it clear: they don’t want the Affordable Care Act weakened and repealed – they want it strengthened and protected. We need to build on the progress we’ve made by making lower premiums permanent. But Republicans in Congress have a different vision. Their recent budget would get rid of the improvements I signed into law, raising costs for millions of people. Over the last decade, extreme Republicans in Congress have blocked efforts to lower health care costs, and they’re still trying to end the Affordable Care Act, just as my predecessor tried and failed to do. Repealing the Affordable Care Act would throw these 21 million people off their coverage, and end Medicaid coverage for millions more. It would return to the days when insurance companies could rip Americans off by denying coverage based on pre-existing conditions, charge women more than men, and make older adults pay astronomical health care premiums based on their age. We must not and will not go back.",True,False,True,supports,checkyourfact
checkyourfact_807_ret_bn_g1,checkyourfact_807,"Biden said that 21 million Americans are covered through the Affordable Care Act, an increase of 9 million since he took office.",Joe Biden,"Today, more Americans have health insurance than under any President. The President’s efforts to lower health insurance premiums have led to record-breaking enrollment in the Affordable Care Act’s Marketplaces, with over 21 million people signing up for coverage – 9 million more than when the President took office. The Biden-Harris Administration isn’t stopping there and is building on this incredible success by: [...] - Expanded health insurance through the ACA Marketplaces to an additional nine million Americans and helped over one million people in Missouri, North Carolina, Oklahoma, and South Dakota gain Medicaid coverage.",True,False,True,supports,checkyourfact
checkyourfact_811,checkyourfact_811,"claims Lewis Carroll once wrote, ""You know what the issue is with this world? Everyone wants a magical solution to their problems, and everyone refuses to believe in magic.""",Viral Quote,"The quote does not appear in any of Carroll’s works, nor in any film adaptations of his novel “Alice’s Adventures in Wonderland.” It is actually a line from ABC’s television show “Once Upon a Time.”",False,True,True,refutes,checkyourfact
checkyourfact_811_ret_b12_gn,checkyourfact_811,"claims Lewis Carroll once wrote, ""You know what the issue is with this world? Everyone wants a magical solution to their problems, and everyone refuses to believe in magic.""",Viral Quote,"You know what the issue is with this world, everyone wants a mag… By: Author TV Fanatic Staff Posted on Published: March 27, 2012 · 1:47 PM EDT · 0 Comments Facebook X (Twitter) Reddit Threads Pinterest Jefferson: You know what the issue is with this world, everyone wants a magical solutions for their problems and everyone refuses to believe in magic. Facebook X (Twitter) Reddit Threads Pinterest",False,False,True,insufficient-neutral,checkyourfact
checkyourfact_811_ret_bn_g0,checkyourfact_811,"claims Lewis Carroll once wrote, ""You know what the issue is with this world? Everyone wants a magical solution to their problems, and everyone refuses to believe in magic.""",Viral Quote,"When it comes to superstitions, social scientists have generally agreed on one thing: they are fundamentally irrational. ""Magical thinking"" (as it has been called) is defined as the belief that an object, action or circumstance not logically related to a course of events can influence its outcome. In other words, stepping on a crack cannot, given what we know about the principles of causal relations, have any direct effect on the probability of your mother breaking her back. Those who live in fear of such a tragedy are engaging in magical thought and behaving irrationally. A statement about the yin and yang of magical thinking is frequently shared online, attributed to either author Lewis Carroll (the pen name of Charles Dodgson) or the most famous of his literary works, ""Alice in Wonderland"" (i.e., ""Alice's Adventures in Wonderland""): However, the phrase ""Everyone wants a magical solution for their problem, and everyone refuses to believe in magic"" does not appear in any of Carroll/Dodgson's published works (either literary or non-fiction) or papers, nor was it contemporaneously recorded as something he once said. This quote actually stemmed from a Carroll-inspired character who appeared in a modern television series.",False,False,True,refutes,checkyourfact
checkyourfact_813,checkyourfact_813,30 Navy SEALs died when their helicopter was shot down in Afghanistan on March 11,Viral Post,There is no record of 30 SEALs dying in a single incident in Afghanistan on March 11. The claim likely stemmed from an August 2011 helicopter crash that killed 30 members of the U.S. military.,False,True,True,refutes,checkyourfact
checkyourfact_813_ret_b12_gn,checkyourfact_813,30 Navy SEALs died when their helicopter was shot down in Afghanistan on March 11,Viral Post,"NATO copter downed; Navy SEALs among the 30 U.S. dead [...] The Taliban asserted responsibility for the attack and the deaths of the 30 U.S. service members and eight Afghans on board. In addition to the 22 SEALs, there were eight U.S. troops from the Army and the Air Force. [...] KABUL — A NATO helicopter was shot down during an overnight operation against the Taliban in eastern Afghanistan, killing 30 U.S. service members, including about 20 SEALs from the elite SEAL Team 6 counterrorism unit that carried out the mission to kill Osama bin Laden, the coalition said.",False,False,True,insufficient-supports,checkyourfact
checkyourfact_813_ret_b2_gn,checkyourfact_813,30 Navy SEALs died when their helicopter was shot down in Afghanistan on March 11,Viral Post,"A viral Facebook post shared more than 93,000 times claims 30 Navy SEALs died when their helicopter was shot down in Afghanistan on March 11. There is no record of 30 SEALs dying in a single incident in Afghanistan on March 11. The claim likely stemmed from an August 2011 helicopter crash that killed 30 members of the U.S. military. [...] Multiple Facebook users have shared the claim, despite no Navy SEALs perishing in Afghanistan on March 11. An internet search turned up no credible reports of 30 SEALs dying in an alleged March 11 incident. Neither the DOD nor the Department of the Navy have issued press releases.",False,False,True,refutes,checkyourfact
checkyourfact_814_ret_b3_gn,checkyourfact_814,"Foods such as Pop-Tarts, cake mixes and ice cream contain antifreeze",Viral Video,"The ingredients listed on some food products may sound as though they belong in a chemistry lab rather than in grocery store goods. Propylene glycol is one such example, found in thousands of products from salad dressing to dog food, cosmetics and antifreeze. This synthetic chemical, generally regarded as safe for food use, helps products maintain their moisture, consistency and texture, which is why it’s commonly found in packaged consumables and household products. [...] Many foods containing a laundry list of ingredients also contain propylene glycol. Some of the more common packaged foods containing it include dried soups and seasoning blends, marinades and salad dressings and baking mixes for products such as cakes, pancakes and muffins. In the beverage world, soft drinks, flavored teas, powdered drink mixes and alcoholic beverages may also contain propylene glycol. It is also used in some flavoring extracts for baking, as well as in some types of food coloring. Propylene glycol is also quite common in fast foods, bread-based products, highly processed snack foods, flavored popcorn and cake frosting. Pre-made, mass-distributed baked desserts such as brownies, cakes and cupcakes may also contain this chemical. Even some ice cream flavors contain propylene glycol.",False,False,True,insufficient-refutes,checkyourfact
checkyourfact_814_ret_b5_gn,checkyourfact_814,"Foods such as Pop-Tarts, cake mixes and ice cream contain antifreeze",Viral Video,"Unlabeled propylene glycol, a form of antifreeze, lurks in commercial ice cream, risking health issues for those that consume it. [...] Antifreeze, then, is simply ice cream manufacturers’ answer to hard as a rock ice cream and the ice crystals that inevitably form as it is shipped long distances and moved between many different freezers before it finally makes it to your supermarket. [...] So, if you aren’t into eating antifreeze with your ice cream, check out my recipe plus a video demonstration on how to make healthy ice cream!",False,False,True,supports,checkyourfact
checkyourfact_814_ret_bn_g0,checkyourfact_814,"Foods such as Pop-Tarts, cake mixes and ice cream contain antifreeze",Viral Video,"No, there isn’t antifreeze in your Pop-Tarts, ice cream or cake mix [...] A May 17 Instagram reel called out Pop-Tarts, Blue Bunny and Cold Stone Creamery ice cream, Betty Crocker and Duncan Hines cake mixes, Dunkin’ flavored iced teas and Fireball whisky, claiming these products ""have antifreeze in them."" [...] An Instagram reel claimed certain foods and drinks ""have antifreeze in them"" because they contain propylene glycol, an additive.",False,False,True,insufficient-refutes,checkyourfact
checkyourfact_814_ret_bn_g1,checkyourfact_814,"Foods such as Pop-Tarts, cake mixes and ice cream contain antifreeze",Viral Video,"FACT CHECK: No, There Is Not Antifreeze In Foods Such As Pop-Tarts, Ice Cream Or Cake Mixes A video shared on Instagram claims food such as Pop-Tarts, ice cream and cake mixes contain antifreeze. [...] The Instagram post claims several common foods contain a chemical that is toxic to humans. The video shows a man listing off foods he claims contain antifreeze, such as Pop-Tarts, ice cream from Blue Bunny and ColdStone Creamery, Dunkin iced teas, Betty Crocker and Duncan Hines cake mixes and Fireball whiskey.",False,False,True,refutes,checkyourfact
checkyourfact_815,checkyourfact_815,"claims Ancient Greek philosopher Plato once stated, ""Be kind, everyone you meet is fighting a hard battle.""",Viral Quote,This quote does not appear in any of Plato’s written works.,False,True,True,refutes,checkyourfact
checkyourfact_815_ret_bn_g2,checkyourfact_815,"claims Ancient Greek philosopher Plato once stated, ""Be kind, everyone you meet is fighting a hard battle.""",Viral Quote,"The aphorism ""Be Kind, For Everyone You Meet Is Fighting A Hard Battle"" is widely attributed (at least online) to Plato of Athens. I am having a difficult time finding the particular line in the dialogues where he makes this statement. Is this quote apocryphal? [...] ""I was just trying out the Google Blog Search,mentioned today by Mark Goodacre, and up came this slogan that I have seen from time to time, always attributed to PhiloBe Kind, for everyone you meet is fighting a great battle. The problem is, however, that I have never read this in any of Philo's works. I may have overlooked it, that's possible,- of course. But searches in both the Greek text and in Whiston's old translation have given no 'hits'. [...] ""For what it's worth, here's the closest thing I found by searching JSTOR. In The Biblical World (retitled the next year as The Journal of Religion) v. 54 n. 6 (1920) page 606 Ozora S. Davis, in an article on preaching quoted II Peter 1:57 and then commented on each phrase, including: ""_brotherly kindness_--Everyone is fighting a hard battle.""",False,False,True,insufficient-refutes,checkyourfact
checkyourfact_815_ret_bn_g3,checkyourfact_815,"claims Ancient Greek philosopher Plato once stated, ""Be kind, everyone you meet is fighting a hard battle.""",Viral Quote,"FACT CHECK: Did Plato Say, ‘Be Kind, Everyone You Meet Is Fighting A Hard Battle’? [...] Plato and other ancient philosophers are popular targets for spurious quotations, this case included. His work ""Republic,"" which contains the well-known ""Allegory of the Cave,"" is widely considered a classic of philosophy. The main character in Plato’s literature is typically Socrates. [...] ""I’ve read a good bit of Plato in my time, but never encountered a quote like that from him,"" said Michael Russo, author of ""Plato’s Republic: A Study Guide,"" in an email to the DCNF. Other experts did not recognize the saying either.",False,False,True,refutes,checkyourfact
checkyourfact_815_ret_bn_g4,checkyourfact_815,"claims Ancient Greek philosopher Plato once stated, ""Be kind, everyone you meet is fighting a hard battle.""",Viral Quote,"Sir–A thought to help us through these difficult times: Be kind, for everyone you meet is fighting a hard battle. [...] Not until trouble and heartache and sorrow came into my own life could I fully comprehend the words of Ian McLaren: ""Let us be kind, one to another, for most of us are fighting a hard battle."" [...] ""Be pitiful, for every man is fighting a hard battle,"" was the tender Christmas message sent by Ian Maclaren to the readers of The British Weekly.",False,False,True,insufficient-refutes,checkyourfact
checkyourfact_815_ret_bn_g5,checkyourfact_815,"claims Ancient Greek philosopher Plato once stated, ""Be kind, everyone you meet is fighting a hard battle.""",Viral Quote,"On leadership and management ""Be kind, for everyone you meet is fighting a hard battle."" [...] Plato, a Greek philosopher and mathematician who lived approximately 427 to 348 B.C. Plato was taught by Socrates and was Aristotle’s teacher.",False,False,True,insufficient-neutral,checkyourfact
checkyourfact_825,checkyourfact_825,purports Florida Republican Gov. Ron DeSantis is enacting a bill that would require bloggers to register with the state,Post,The bill would require bloggers who write about elected state officials to register with the Florida Office of Legislative Services or the Commission on Ethics. A spokesperson for DeSantis denied his support for the bill in an email to Check Your Fact.,False,True,True,refutes,checkyourfact
checkyourfact_825_ret_b0_gn,checkyourfact_825,purports Florida Republican Gov. Ron DeSantis is enacting a bill that would require bloggers to register with the state,Post,"FACT CHECK: Is Ron DeSantis Enacting A Bill Requiring Bloggers To Register With The State Of Florida? A post shared on Facebook purports Florida Republican Gov. Ron DeSantis supports a bill that would require bloggers who mention politicians to register with the state. [...] The post claims DeSantis was supporting a bill that would force bloggers to register with the state before writing about him. ""DeSantis enacting a law that requires any blogger that mentions a politician to register with the state, so their words can be reviewed for ‘accuracy’ you know who else did that? PUTIN did it!"" the Facebook post purports.",False,False,True,insufficient-neutral,checkyourfact
checkyourfact_825_ret_bn_g6,checkyourfact_825,purports Florida Republican Gov. Ron DeSantis is enacting a bill that would require bloggers to register with the state,Post,"Republican Gov. Ron DeSantis has endorsed the bill, which includes several provisions outlined in his Stop W.O.K.E. Act, a purported ban on critical race theory that was introduced last month. (For the record, critical race theory is a college-level area of study and isn't taught in K-12 public schools.) [...] It seems DeSantis and Florida’s GOP-led Legislature are operating with a similar fear. They see the facade of white supremacy — weak as it is — crumbling under the weight of high school lesson plans and workplace trainings. And bills like SB 148 are sad attempts to piece that facade back together.",False,False,True,insufficient-neutral,checkyourfact
checkyourfact_828,checkyourfact_828,Sen. Josh Hawley shares proof of Chinese spying in hearing with FBI director Christopher Wray,Viral video,The caption is inaccurate. The video does not feature such comments.,False,True,True,refutes,checkyourfact
checkyourfact_828_ret_b9_gn,checkyourfact_828,Sen. Josh Hawley shares proof of Chinese spying in hearing with FBI director Christopher Wray,Viral video,"By — Associated Press Associated Press Leave your feedback Share Copy URL https://www.pbs.org/newshour/politics/watch-live-dhs-fbi-heads-testify-before-senate-following-report-on-threat-of-domestic-extremists Email Facebook Twitter LinkedIn Pinterest Tumblr Share on Facebook Share on Twitter WATCH: DHS, FBI heads testify before Senate on China surveillance inside the U.S. Politics Nov 17, 2022 10:17 AM EDT During a Senate hearing on threats to the U.S. homeland, FBI Director Christopher Wray was quizzed about Chinese efforts to use their own police to surveil dissidents inside the United States. Watch the hearing in the player above. ""It’s been reported that the Chinese Communist Party is operating police stations in the United States in an effort to surveil Chinese dissidents,"" said Republican Sen. Rick Scott of Florida. ""Seems obvious the US shouldn’t allow its most significant geopolitical rival, an oppressive Communist regime, to establish police stations in the U.S.,"" Scott said. ""What authority or jurisdiction does the CCP have in the U.S.?"" ""I’m very concerned about this,"" Wray said. ""We are aware of the existence of these stations."" ""The reason this is so important is because we have seen a clear pattern of the Chinese government, the Chinese Communist Party, exporting their repression right here into the U.S,"" Wray said.",False,False,True,insufficient-neutral,checkyourfact
checkyourfact_831,checkyourfact_831,an Oxford University student named Boston Regan has become one of the youngest PhD graduates in the world.,Viral Video,There is no record of Regan graduating from Oxford University. He appears to a fictional character invented to sell an essential oil product.,False,True,True,refutes,checkyourfact
checkyourfact_831_ret_b0_gn,checkyourfact_831,an Oxford University student named Boston Regan has become one of the youngest PhD graduates in the world.,Viral Video,"FACT CHECK: Did This Oxford University Student Become One Of The World’s Youngest PhDs? A post shared on Facebook, along with an accompanying video, claims an Oxford University student named Boston Regan has become one of the youngest PhD graduates in the world. [...] The video tells the story of an alleged Oxford University student who overcame panic attacks and attention deficit hyperactivity disorder (ADHD) to become one of the world’s youngest PhD holders. (RELATED: Did An 11-Year-Old ‘Shark Tank’ Contestant Invent A Device To Give The World Free Wi-Fi?)",False,False,True,insufficient-neutral,checkyourfact
checkyourfact_836,checkyourfact_836,"Claims that President Abraham Lincoln once stated, ""We can complain because rose bushes have thorns, or rejoice because thorn bushes have roses.""",Viral Quote,The saying appears nowhere in Lincoln’s writings.,False,True,True,refutes,checkyourfact
checkyourfact_836_ret_b2_gn,checkyourfact_836,"Claims that President Abraham Lincoln once stated, ""We can complain because rose bushes have thorns, or rejoice because thorn bushes have roses.""",Viral Quote,"In life, we often focus on the thorns, the difficulties, the problems. We talk about the prickly part of our day and what went wrong. It makes for a more sensational story which will hold the interest of our listeners. But, like the prick of a thorn, we re-experience the negative emotions and feel the pain anew as we recount our tale of woe. Stress chemicals get a second run at coursing through our depleted bodies. [...] Dwell on the roses of your life, forsake the thorns. Count your blessings, not your woes. Filed under Uncategorized | Comments (5)5 Responses to """"We can complain because rose bushes have thorns, or rejoice because thorn bushes have roses."" ~Abraham Lincoln""",False,False,True,insufficient-neutral,checkyourfact
checkyourfact_836_ret_bn_g0,checkyourfact_836,"Claims that President Abraham Lincoln once stated, ""We can complain because rose bushes have thorns, or rejoice because thorn bushes have roses.""",Viral Quote,"Rose bushes have thorns, and we bear with them for the sake of the roses. All of us have faults, but we are judged by the good we do. It is not enough to congratulate on the thorns we have, but we should look into our lives for the roses. [...] Viewpoint: A philosopher said: ""I can complain because rose bushes have thorns, or I can rejoice because thorn bushes have roses. It’s all how you look at it."" Much in life depends upon the point of view. Are you looking at the thorns or the roses? [...] REMEMBERED QUOTE: You can complain because rose bushes have thorns or rejoice that thorn bushes have roses. It’s all how you look at it. — J. Kenfield Morley.",False,False,True,insufficient-refutes,checkyourfact
checkyourfact_836_ret_bn_g10,checkyourfact_836,"Claims that President Abraham Lincoln once stated, ""We can complain because rose bushes have thorns, or rejoice because thorn bushes have roses.""",Viral Quote,"- ""We can complain rose bushes have thorns, or rejoice because thorn bushes have roses."" –Abraham Lincoln - ""If your actions inspire others to dream more, learn more, do more and become more, you are a leader."" –John Adams - ""It is amazing what you can accomplish if you do not care who gets the credit"" – Harry S. Truman - ""If you treat people right they will treat you right… ninety percent of the time."" –Franklin D. Roosevelt - ""Leadership is the art of getting someone else to do something you want done because he wants to do it."" –Dwight D. Eisenhower - ""Things do not happen. Things are made to happen."" –John F. Kennedy - ""I walk slowly, but I never walk backwards."" –Abraham Lincoln - ""Believe you can and you’re half way there."" –Theodore Roosevelt - ""It is far better to be alone, than to be in bad company."" –George Washington - ""Honesty is the first chapter in the book of wisdom."" –Thomas Jefferson - ""The glow of one warm thought is to me worth more than money."" –Thomas Jefferson - ""No person was ever honored for what he received. [...] Do you have a favorite presidential quote that motivates or inspires you? Share it with us in the comments section below.",False,False,True,supports,checkyourfact
checkyourfact_840,checkyourfact_840,White House Press Secretary said she was concerned about Brazil and China relationship,Viral Post,The claim is inaccurate. There is no evidence that Jean-Pierre made this statement.,False,True,True,refutes,checkyourfact
checkyourfact_840_ret_b0_gn,checkyourfact_840,White House Press Secretary said she was concerned about Brazil and China relationship,Viral Post,"A post shared on Twitter purports that White House Press Secretary Karine Jean-Pierre expressed concern about a new economic relationship between Brazil and China. 📝 «We are deeply concerned about the transition of Brazil and China to national currencies in mutual payments. This is a violation of the rights of our citizens, who count on a stable dollar exchange rate on the world market"" she said [...] The Facebook post claims that Jean-Pierre has shared the White House’s concern about China’s involvement in Brazil. The post shares a photo of the press secretary and does not provide information on when this statement was made.",False,False,True,insufficient-supports,checkyourfact
checkyourfact_840_ret_b1_gn,checkyourfact_840,White House Press Secretary said she was concerned about Brazil and China relationship,Viral Post,"Did White House Press Secretary Karine Jean-Pierre say that the United States is ""deeply concerned"" about China and Brazil switching to national currencies when conducting business with each other? No, that's not true: A search of sections of the White House website covering ""Statements and Releases"" and ""Press Briefings"" produced no such statements by Jean-Pierre or any other White House official. [...] 'We are deeply concerned about the transition of Brazil and China to national currencies when conducting mutual settlements. This is a violation of the rights of our citizens who rely on a stable dollar exchange rate on the world market .",False,False,True,refutes,checkyourfact
checkyourfact_840_ret_b5_gn,checkyourfact_840,White House Press Secretary said she was concerned about Brazil and China relationship,Viral Post,"By — News Desk News Desk Leave your feedback Share Copy URL https://www.pbs.org/newshour/politics/watch-live-white-house-press-secretary-karine-jean-pierre-holds-briefing-amid-inflation-bill-talks Email Facebook Twitter LinkedIn Pinterest Tumblr Share on Facebook Share on Twitter WATCH: White House reacts to China announcement that it’ll end contact with U.S. on major issues Politics Aug 5, 2022 1:57 PM EDT The White House has reacted to China’s Friday announcement that it was ending all contact with the United States on major issues — including crucial climate cooperation that led to the international 2015 Paris accord — as tensions and public rebukes ratcheted higher over House Speaker Nancy Pelosi’s visit to Taiwan. Press secretary Karine Jean-Pierre says China’s reaction is ""fundamentally irresponsible."" Watch the event in the video player above. ""We’ll continue our efforts to keep open lines of communication with Beijing while defending our interests and values in the region,"" she said. China’s move to freeze key lines of communication adds to a rapid souring of relations from Pelosi’s visit and from the Chinese response with military exercises off Taiwan, including firing missiles that splashed down in surrounding waters.",False,False,True,insufficient-neutral,checkyourfact
checkyourfact_840_ret_bn_g11,checkyourfact_840,White House Press Secretary said she was concerned about Brazil and China relationship,Viral Post,"Shenzhen TV: It is reported that US State Department Spokesperson Ned Price said that China lacks transparency in sharing COVID information. He said that China should provide more COVID information, as it is in the world’s interest and also in the interest of China. White House Press Secretary Karine Jean-Pierre said that the US and other countries are taking health measures targeting people travelling from China to protect their citizens, and China should not take retaliatory measures. What is China’s comment? [...] For his part, President Lula asked Vice President Wang to convey his heartfelt thanks and cordial greetings to President Xi, and extended warm welcome to Vice President Wang for attending his inauguration ceremony. He said that Brazil attaches great importance to its relations with China, and hopes to strengthen strategic and long-term cooperation with the country. He added that he looks forward to leading a delegation to China to further deepen bilateral practical cooperation in various fields, enhance friendship between the peoples of the two countries, and lift Brazil-China relations to a new level. We attach high importance to the China-Brazil comprehensive strategic partnership and welcome President Lula to visit China at a time of mutual convenience. If there is information on that, we will release it in a timely manner.",False,False,True,insufficient-neutral,checkyourfact
checkyourfact_844,checkyourfact_844,"Claims that President Abraham Lincoln once said, ""The best way to predict the future is to create it.""",Viral Quote,The first known instance of the saying appeared roughly a century after Lincoln’s death.,False,True,True,refutes,checkyourfact
checkyourfact_844_ret_b11_gn,checkyourfact_844,"Claims that President Abraham Lincoln once said, ""The best way to predict the future is to create it.""",Viral Quote,"The best way to predict the future is to create it. – Peter Drucker [...] The Future… Kind of scary sounding. Full of unknowns. Full of twists and turns. How can you possibly predict it? This quote says that the best way to know what is coming is to be an active participant. By creating your future, you are an active player in the events as they unfold. By knowing what you want, and what you are willing to do to get them, you can help to shape what the future holds.",False,False,True,refutes,checkyourfact
checkyourfact_844_ret_b14_gn,checkyourfact_844,"Claims that President Abraham Lincoln once said, ""The best way to predict the future is to create it.""",Viral Quote,"Hey everybody, Steve and Dan Fouts here. We are teaching different with American president Abraham Lincoln using a quote attributed to him on self-determination. Here’s the quote, ""The best way to predict the future is to create it."" A really thought provoking quote. It’s short, to the point, and talks about what it is that we can control in our life, and how that affects how our future is going to unfold. Lincoln has a pretty clear opinion on this. What would you say the claim is? [...] I think you’ll get a lot of students agreeing with Abraham Lincoln on this quote. There are always a few students who, when you ask them what they want to be when they grow up, give you their wildest dreams. They’re going to say what it is they want to do that makes them happy. I just remember students, who really liked sports, telling me, I want to make it to the NBA, I want to make it to the NFL. It’s really an inspiring quote because it says you have the ability to take control over that. Just asking students what their dreams are is a great way to start this conversation. As teachers, parents, and coaches, we’re continually sending this message to kids that they have success in their hands, that they just have to work hard to get it. They can create their own reality. They can do it. I think this is definitely reinforced by adult role models.",False,False,True,insufficient-neutral,checkyourfact
checkyourfact_844_ret_b3_gn,checkyourfact_844,"Claims that President Abraham Lincoln once said, ""The best way to predict the future is to create it.""",Viral Quote,"We will either succeed or fail together as a nation. According to management expert Peter Drucker, ""The best way to predict the future is to create it."" [...] The implausible linkage of the saying to Abraham Lincoln has occurred relatively recently. For example, in 2008 the Commissioner of Social Security credited Lincoln with an instance using the word ""create"":16 ""Abraham Lincoln once said, ‘The best way to predict your future is to create it,'"" Commissioner Astrue said. [...] Peter admonished us in class: ""You cannot predict the future, but you can create it."" More popularly, this is stated as ""The best way to predict the future is to create it."" Either way, his method of creation was through strategic planning by the leader.",False,False,True,refutes,checkyourfact
checkyourfact_846,checkyourfact_846,claims shoppers wore Ku Klux Klan hoods at an Alabama mini mart purportedly owned by a family involved in a recent riverfront brawl,Video,"The video includes photos of two separate 2020 incidents involving shoppers in Santee, California and Colorado, according to NBC Palm Springs, The Washington Post, and the New York Post, respectively.",False,True,True,insufficient-neutral,checkyourfact
checkyourfact_846_ret_b0_gn,checkyourfact_846,claims shoppers wore Ku Klux Klan hoods at an Alabama mini mart purportedly owned by a family involved in a recent riverfront brawl,Video,"Photos of hooded shoppers taken in California and Colorado, not Vasser’s Mini-Mart in Selma, Alabama [...] Some protesters have called on people to boycott Vasser’s Mini-Mart in Selma, Alabama, after its owner, Zachery Chase Shipman, was allegedly involved in a recent brawl on the riverfront in Montgomery, Alabama, the Selma Times-Journal reported. Shipman later turned himself in and was charged with misdemeanor assault. [...] ""That is an authentic Klans mask,"" one man said in a TikTok video posted Aug. 9 on Facebook as a photo shows someone standing in front of a produce stand wearing a white hood. ""They own this mini-mart, and they’re doing this. Which means they’re active Klan members.""",False,False,True,refutes,checkyourfact
checkyourfact_846_ret_b19_gn,checkyourfact_846,claims shoppers wore Ku Klux Klan hoods at an Alabama mini mart purportedly owned by a family involved in a recent riverfront brawl,Video,"In May 2020, social media users shared photographs of a man shopping at a grocery store during the COVID-19 coronavirus disease pandemic wearing not a standard face mask, but a white head covering that appeared to be a Ku Klux Klan (KKK) hood: [...] Customer Alisa Wentzel told CNN she spotted the shopper, whom she believes was a man, as soon as she entered the store. He was waiting in the checkout line, she said, wearing the hood.",False,False,True,supports,checkyourfact
checkyourfact_846_ret_b7_gn,checkyourfact_846,claims shoppers wore Ku Klux Klan hoods at an Alabama mini mart purportedly owned by a family involved in a recent riverfront brawl,Video,"Today, the Ku Klux Klan is a small organization with only a few hundred members that lacks any significant social, political, or economic influence in Alabama. Numerous hate groups exist that have adopted some form of the Ku Klux Klan's name, but these groups operate independently with little knowledge of one another's activities. The Klan's decline however does not mean that support for white supremacist organizations in Alabama has disappeared. Many former Klansmen have joined a wide array of neo-Confederate organizations, such as the League of the South, headquartered in Killen, Lauderdale County. A number of white supremacist and fascist groups also exist in Alabama.",False,False,True,insufficient-neutral,checkyourfact
checkyourfact_847,checkyourfact_847,"purports over 1,000 children are still missing in Maui following the recent wildfire",Video,"The Maui Police Department and the Federal Bureau of Investigation (FBI) have released a list of “Unaccounted For Persons” who are believed to be missing following the wildfire, but the purported individuals’ ages are not provided.",False,True,True,insufficient-neutral,checkyourfact
checkyourfact_847_ret_b10_gn,checkyourfact_847,"purports over 1,000 children are still missing in Maui following the recent wildfire",Video,"The search for loved ones on Maui following the devastating wildfires has grown increasingly dire as the community grieves those lost in the blazes. Between 1,000 and 1,100 individuals remain unaccounted for following the Maui wildfire disaster, as of Aug. 22. It's a reduction from the roughly 2,500 others who had originally been reported as missing, as people have been reported safe, according to emergency response officials. [...] According to Maui officials, the number of people who remain unaccounted for is expected to fluctuate. More people may be reported as missing, and law enforcement may cross people off the list as they are found.",False,False,True,insufficient-neutral,checkyourfact
checkyourfact_847_ret_b13_gn,checkyourfact_847,"purports over 1,000 children are still missing in Maui following the recent wildfire",Video,"Maui fires: More than 1,000 still missing as search continues - Published More than 1,000 people still remain unaccounted for after a wildfire ripped through Hawaiian town of Lahaina two weeks ago, officials said. [...] ""Every day the numbers will change,"" Mr Merrill said. The latest missing estimate comes a day after Maui mayor Richard Bissen said the number was thought to be around 850.",False,False,True,insufficient-contradictory,checkyourfact
checkyourfact_847_ret_b2_gn,checkyourfact_847,"purports over 1,000 children are still missing in Maui following the recent wildfire",Video,"A video shared on Instagram purports over 1,000 children are still missing in Maui following the recent wildfire. [...] ""Over 1000 children still ‘missing’ after the deadly Maui Fire,"" the Instagram video purports. The video has received over 700 likes as of writing. [...] Likewise, Check Your Fact did not find any recent credible news reports suggesting over 1,000 children are still missing as a result of the Maui wildfire. In addition, Hawaii Democratic Gov. Josh Green has not publicly commented on the claim via his website or verified social media accounts.",False,False,True,refutes,checkyourfact
checkyourfact_850,checkyourfact_850,Cuban authorities found the S.S. Cotopaxi found fully intact and floating toward the island nation more than 90 years after its disappearance,Viral Article,The wreck of S.S. Cotopaxi was discovered underwater in the 1980s but was only identified recently.,False,True,True,insufficient-refutes,checkyourfact
checkyourfact_850_ret_b15_gn,checkyourfact_850,Cuban authorities found the S.S. Cotopaxi found fully intact and floating toward the island nation more than 90 years after its disappearance,Viral Article,"Did a ship that vanished in the Bermuda Triangle more than 90 years ago suddenly reappear near Cuba, as claimed by various stories circulating online? The S.S. Cotopaxi hasn’t been seen since Nov. 29, 1925, when it left Charleston, South Carolina, bound for Havana with a crew of more than 30 and a load of coal. The steamer ran into a violent tropical storm. The Associated Press wrote two days later that the ship reported water in its hold and said it was listing badly. It later sent out distress signals and wasn’t heard from again. [...] However, Petty Officer 3rd Class Eric Woodall, a spokesman for Miami’s US Coast Guard office, which works closely with Cuban authorities, told the AP on Monday that his agency has received no reports of the S.S. Cotopaxi being recovered.",False,False,True,insufficient-refutes,checkyourfact
checkyourfact_850_ret_b18_gn,checkyourfact_850,Cuban authorities found the S.S. Cotopaxi found fully intact and floating toward the island nation more than 90 years after its disappearance,Viral Article,"Havana – This morning the Cuban Coast Guard announced that they intercepted one unmanned ship which was heading for the island. It is presumed that the ship is the SS Cotopaxi, a tramp steamer that vanished in December 1925 and is connected with the legend of the Bermuda Triangle. [...] After exhaustive search of the ship, the captain’s logbook was discovered. That book actually was associated with the Clinchfield Navigation Company. This company us owner of the SS Cotopaxi. Still, the book did not brought any clue concerning what did happened to the ship over the last 90 years. [...] It is interesting that on 29 November 1925, the SS Cotopaxi departed Charleston, South Carolina, and headed towards Havana, Cuba. This ship had a crew of 32 men, under the command of Captain W. J. Meyer. The ship was carrying a cargo of 2340 tons of coal. The ship was reported missing only 2 days later, and was unheard of for almost 90 years.",False,False,True,insufficient-supports,checkyourfact
checkyourfact_850_ret_b2_gn,checkyourfact_850,Cuban authorities found the S.S. Cotopaxi found fully intact and floating toward the island nation more than 90 years after its disappearance,Viral Article,"In the Facebook post, a rusty, dilapidated ship can be seen sitting in a body of water with mountainous land in the background. Text in the image alleges the vessel was ""last seen in 1925, and has mysteriously reappeared after disappearing 90 years ago, in the Bermuda Triangle."" It goes on to claim the ship ""remains intact, and afloat, and has NEVER been seen by any aircraft, or sea-going ships, in 9 decades..nor has she ever run aground."" [...] Check Your Fact previously debunked the claim that Cuban authorities found the S.S. Cotopaxi fully intact and floating toward the island nation 90 years after its disappearance. That ship’s sunken remains were discovered in the 80s but took some three decades to be properly identified, according to Smithsonian Magazine.",False,False,True,refutes,checkyourfact
checkyourfact_853,checkyourfact_853,Biden said he taught political theory at the University of Pennsylvania for 4 years,Viral post,"Biden served as Benjamin Franklin Presidential Professor of Practice, but did not teach political theory classes at the university.",False,True,True,refutes,checkyourfact
checkyourfact_853_ret_b0_gn,checkyourfact_853,Biden said he taught political theory at the University of Pennsylvania for 4 years,Viral post,"""I've been to a lot of university campuses,"" Biden said April 14. ""Matter of fact, for four years, I was a full professor at the University of Pennsylvania. And this is really an impressive place with a lot of impressive students."" [...] Biden served as Benjamin Franklin Presidential Professor of the Practice at the University of Pennsylvania between his tenure as vice president and the start of his presidential campaign. However, the duration of the position was closer to two years than four, since he was on leave while running for president. Also, his duties might not conform to the full range of activities that the public might associate with the term ""full professor,"" including teaching semester-long classes, conducting independent research, and handling administrative responsibilities. [...] Biden said, ""For four years, I was a full professor at the University of Pennsylvania.""",False,False,True,insufficient-contradictory,checkyourfact
checkyourfact_853_ret_b10_g18,checkyourfact_853,Biden said he taught political theory at the University of Pennsylvania for 4 years,Viral post,"Joe Biden is slammed for lying that he taught political theory at the University of Pennsylvania for four years - despite serving as honorary professor for two and never teaching a single class - Biden, at 80, the nation's oldest-ever president, was speaking at Prince George Community College in Maryland Thursday - 'I taught at the University of Pennsylvania for four years and I used to teach political theory,' he claimed - However, while Biden served from 2017 to 2019 as the Benjamin Franklin Presidential Professor of the Practice, there is no record of him teaching classes President Joe Biden made a bizarre claim in a speech that he'd taught political theory at an Ivy League university - despite only serving there as a visiting fellow and honorary professor. [...] 'We got to fight for it,' Biden said. ''I taught at the University of Pennsylvania for four years and I used to teach political theory. And folks, you always hear, every generation has to fight for Democracy.'",False,False,True,refutes,checkyourfact
checkyourfact_853_ret_b14_g0,checkyourfact_853,Biden said he taught political theory at the University of Pennsylvania for 4 years,Viral post,"Joe Biden: ""For four years, I was a full professor at the University of Pennsylvania."" [...] Biden served as Benjamin Franklin Presidential Professor of the Practice at the University of Pennsylvania between his tenure as vice president and the start of his presidential campaign. However, the duration of the position was closer to two years than four, since he was on leave while running for president. Also, his duties might not conform to the full range of activities that the public might associate with the term ""full professor,"" including teaching semester-long classes, conducting independent research, and handling administrative responsibilities. [...] Biden said, ""For four years, I was a full professor at the University of Pennsylvania.""",False,False,True,refutes,checkyourfact
checkyourfact_853_ret_b4_gn,checkyourfact_853,Biden said he taught political theory at the University of Pennsylvania for 4 years,Viral post,"U.S. President Joe Biden was a ""full professor"" at the University of Pennsylvania for four years. [...] In mid-to-late 2023, a number of posts on X and TikTok circulated showing U.S. President Joe Biden saying he taught ""political theory"" at the University of Pennsylvania (UPenn) for four years. The posts argued that Biden was lying, and that he ""never taught a single class at UPenn."" Questions about Biden's role at UPenn have circulated for years. In mid-April 2022, for instance, his critics latched on to a speech in which he claimed to have been a ""full professor"" for four years at the university.",False,False,True,insufficient-supports,checkyourfact
checkyourfact_855,checkyourfact_855,"Claims that Hillary Clinton wrote, ""I believe the primary role of the state is to teach, train and raise children. Parents have a secondary role.""",Viral Quote,The Daily Caller found no record of the statement in “It Takes a Village” or any of her other books.,False,True,True,refutes,checkyourfact
checkyourfact_855_ret_b2_gn,checkyourfact_855,"Claims that Hillary Clinton wrote, ""I believe the primary role of the state is to teach, train and raise children. Parents have a secondary role.""",Viral Quote,"Parents have a secondary role."" -- Hillary Clinton, It Takes a Village [...] Clinton’s 1996 book caused controversy among some critics who saw her as arguing that society, not parents, were responsible for raising children. This meme seems to stem from that belief. However, Clinton and her allies have long argued that critics have misunderstood her message, saying that she didn’t advocate for society to usurp the roles of parents, but rather that she saw a role for other individuals -- including other family members, neighbors, teachers, pastors and others -- to have a positive, additive role in raising children.",False,False,True,insufficient-supports,checkyourfact
checkyourfact_855_ret_b4_gn,checkyourfact_855,"Claims that Hillary Clinton wrote, ""I believe the primary role of the state is to teach, train and raise children. Parents have a secondary role.""",Viral Quote,"Hillary Rodham Clinton wrote this book with her heart in the right place. I believe that she does have a lot of compassion for children. That being said, there were times that I had great difficulty reading her book about the well being of children, knowing that she was a war hawk in the US’s illegal invasion of Iraq in 2003. On page 290 of her book, Clinton states that it is the responsibility of the government to ""Keep America the world’s strongest force of peace, freedom, and prosperity."" Her vote for war did nothing to embrace these ideals. War does not effect any person more than it effects a child. Of the vast problems that children in the United States face, their problems pale in comparison to the challenges that many Iraqi children are dealing with.",False,False,True,insufficient-supports,checkyourfact
checkyourfact_855_ret_bn_g0,checkyourfact_855,"Claims that Hillary Clinton wrote, ""I believe the primary role of the state is to teach, train and raise children. Parents have a secondary role.""",Viral Quote,"Parents have a secondary role,"" the quote reads. [...] She does not say, however, that ""parents have a secondary role,"" as Woods alleged. Paul Kengor, a professor of political science at Grove City College and a Ronald Reagan biographer, said there is a typical divide in how conservatives and liberals (such as Clinton) view child care. He said it was conceivable Clinton would support a primary role for the state due to her liberal persuasion.",False,False,True,insufficient-refutes,checkyourfact
checkyourfact_855_ret_bn_g1,checkyourfact_855,"Claims that Hillary Clinton wrote, ""I believe the primary role of the state is to teach, train and raise children. Parents have a secondary role.""",Viral Quote,"In February 2016, a meme featuring a picture of Democratic presidential candidate Hillary Clinton, along with a statement supposedly uttered by her about the role government should play in raising children, began to make the social media rounds: [...] We attempted to unearth this quote in the pages of Clinton's 1996 book It Takes a Village: And Other Lessons Children Teach Us, but (unsurprisingly) came up empty-handed. [...] While it's true that Hillary Clinton published a book in 1996 called It Takes a Village: And Other Lessons Children Teach Us, it does not include the statement in question, and Clinton (a parent herself) has not said at any point that she believes children should be raised primarily by the state, with their parents taking a secondary role.",False,False,True,insufficient-refutes,checkyourfact
checkyourfact_857,checkyourfact_857,Secretary of State Antony Blinken said on July 23 that Ukraine has taken back 50% of the territory it lost since February 2022.,Antony Blunken,"Ukraine has seized back about 53% of its territory it initially lost when Russia invaded in February 2022, according to the Institute for the Study of War (ISW).",True,True,True,insufficient-supports,checkyourfact
checkyourfact_857_ret_b0_gn,checkyourfact_857,Secretary of State Antony Blinken said on July 23 that Ukraine has taken back 50% of the territory it lost since February 2022.,Antony Blunken,"Ukraine has seized back about 53% of its territory it initially lost when Russia invaded in February 2022, according to the Institute for the Study of War (ISW). Blinken claimed during a July 23 interview on CNN’s ‘State of the Union’ that Ukraine had taken back 50% of the territory it had lost since Russia’s invasion started in February 2022. [...] ""Analysts can employ several methods to calculate control of terrain with varying results depending on the cartographical projection used and other factors. An estimate using ISW’s control of terrain data and the Mercator projection indicates that Ukrainian forces liberated about 53 percent of the land that Russian forces captured since February 2022,"" the assessment reads. ""Estimates made using different data sources, measurement methods, or projections will generate different numbers. Factors, such as higher confidence about unconfirmed Russian claimed territorial gains, can impact such estimations as well.""",True,False,True,supports,checkyourfact
checkyourfact_857_ret_b14_gn,checkyourfact_857,Secretary of State Antony Blinken said on July 23 that Ukraine has taken back 50% of the territory it lost since February 2022.,Antony Blunken,"By — News Desk News Desk Leave your feedback Share Copy URL https://www.pbs.org/newshour/world/watch-live-secretary-of-state-blinken-gives-remarks-on-rising-tension-between-ukraine-russia Email Facebook Twitter LinkedIn Pinterest Tumblr Share on Facebook Share on Twitter WATCH: Secretary of State Blinken says U.S. has made no concessions to Russia on Ukraine World Jan 26, 2022 12:34 PM EDT WASHINGTON (AP) — The U.S. has made no concessions to the main Russian demands over Ukraine and NATO in a long-awaited written response delivered to Russia on Wednesday in Moscow, Secretary of State Antony Blinken said. Watch Blinken’s remarks in the player above. Blinken said the U.S. response, delivered to the Russian Foreign Ministry by U.S. Ambassador to Russia John Sullivan, gave up no ground on ""core principles"" such as NATO’s open-door membership policy and the alliance’s military presence in Eastern Europe. Blinken said the document made clear that the U.S. is standing by its oft-stated positions. ""There is no change, there will be no change,"" he said. But, he said the written response to Russia also contains ""serious"" offers for a diplomatic path to de-escalate soaring tensions over Ukraine by addressing Russian concerns on other matters.",True,False,True,insufficient-neutral,checkyourfact
checkyourfact_857_ret_b5_gn,checkyourfact_857,Secretary of State Antony Blinken said on July 23 that Ukraine has taken back 50% of the territory it lost since February 2022.,Antony Blunken,"Now, since I was last here almost exactly one year ago, Ukrainian forces have taken back more than 50 percent of the territory seized by Russian forces since February of 2022. In the ongoing counteroffensive, progress has accelerated in the past few weeks. This new assistance will help sustain it and build further momentum. [...] SECRETARY BLINKEN: Will, thank you. First as I said, it’s important to put where we are and where Ukraine is in respect. As I mentioned a moment ago, I was last here almost exactly a year ago. And in that time – in the year since I was last here, Ukraine has taken back more than 50 percent of the territory that Russia seized from it since February 2022. In the current counteroffensive, we are seeing real progress over the last few weeks. As it happens, President Zelenskyy just returned from the front lines so I was able to hear directly from him his assessment of the counteroffensive. And I think it very much matches our own, which is, as I said, real progress in recent weeks.",True,False,True,supports,checkyourfact
checkyourfact_860,checkyourfact_860,Elon Musk filed $60 Million suit against The View,Viral post,The claim stems from a satirical site. There is no evidence Musk is suing the show or network.,False,True,True,refutes,checkyourfact
checkyourfact_860_ret_b8_gn,checkyourfact_860,Elon Musk filed $60 Million suit against The View,Viral post,"Billionaire businessman Elon Musk has sued Whoopi Goldberg and The View for $60 million, a move that has many people scratching their heads. Musk claims that the hosts of the talk shows have been fabricating information about him and his businesses, and he's had enough. [...] Musk is standing by his choice to sue despite the criticism. He added, ""I'm not saying The View can't have viewpoints. [...] Elon Musk has filed a $60 million lawsuit against Whoopi Goldberg and The View due to allegations of spreading false information about him and his businesses.",False,False,True,supports,checkyourfact
checkyourfact_862,checkyourfact_862,"Republican North Dakota Gov. Doug Burgum said during a July 9 interview that there were 110,000 overdose deaths in 2022.",Doug Burgum,"There were an estimated 109,680 overdose deaths in 2022, according to preliminary data from the Centers for Disease Control and Prevention (CDC).",False,True,True,supports,checkyourfact
checkyourfact_862_ret_b0_gn,checkyourfact_862,"Republican North Dakota Gov. Doug Burgum said during a July 9 interview that there were 110,000 overdose deaths in 2022.",Doug Burgum,"FACT CHECK: Were There 110,000 Overdose Deaths In 2022? [...] There were an estimated 109,680 overdose deaths in 2022, according to preliminary data from the Centers for Disease Control and Prevention (CDC). Burgum, who is running for the Republican presidential nomination, discussed China, abortion and other subjects during a July 9 interview with NBC News’s Chuck Todd. During the interview, he claimed that 110,000 people died from drug overdoses in 2022.",False,False,True,insufficient-supports,checkyourfact
checkyourfact_862_ret_b16_gn,checkyourfact_862,"Republican North Dakota Gov. Doug Burgum said during a July 9 interview that there were 110,000 overdose deaths in 2022.",Doug Burgum,"Douglas James Burgum (/ˈbɜːrɡəm/ BUR-gəm;[1] born August 1, 1956) is an American businessman and politician serving since 2016 as the 33rd governor of North Dakota.[2][3] He is among the wealthiest politicians in the United States and has an estimated net worth of at least $1.1 billion. He is a member of the Republican Party.[4] [...] - ^ Garrity, Kelly (July 9, 2023). ""Doug Burgum: 'We are in a Cold War with China, we just won't admit it'"". Politico. Retrieved July 9, 2023. [...] - ^ McCullough, Caleb (June 9, 2023). ""North Dakota Gov. Doug Burgum brings focus on economy in first Iowa campaign visit"". Quad City Times. Retrieved July 31, 2023.",False,False,True,insufficient-neutral,checkyourfact
checkyourfact_862_ret_bn_g14,checkyourfact_862,"Republican North Dakota Gov. Doug Burgum said during a July 9 interview that there were 110,000 overdose deaths in 2022.",Doug Burgum,"Drug deaths 2021 – 1 in 3,000 Americans died: ""The border is just completely open. The worst thing about the border in my opinion right now is 1 out of every 3,000 people that were alive one year ago in the United States died of a drug overdose. And a lot of those are kids that took one pill, had fentanyl made in China."" —Senator Rick Scott (R-FL), February 1, 2022 [""Provisional data show more than 107,000 deaths, two thirds from synthetic opioids like fentanyl.""]",False,False,True,insufficient-neutral,checkyourfact
checkyourfact_875,checkyourfact_875,"Democratic New York Rep. Alexandria Ocasio-Cortez said, ""Children should be raised by the state.""",Viral Article,There is no evidence Ocasio-Cortez ever made such a statement. The claim stems from an article published on a satirical website.,False,True,True,refutes,checkyourfact
checkyourfact_876,checkyourfact_876,"Claims that Thomas Jefferson said, ""Most bad government has grown out of too much government.""",Turning Point USA,There is no record of Jefferson ever saying or writing this phrase. It is included in the Thomas Jefferson Foundation’s list of spurious quotations.,False,True,True,refutes,checkyourfact
checkyourfact_876_ret_b17_gn,checkyourfact_876,"Claims that Thomas Jefferson said, ""Most bad government has grown out of too much government.""",Turning Point USA,"Since 2008, a list of ten purported Jefferson quotations has been passed around via email and posted in many places on the Internet. This list contains some genuine Jefferson quotations, some misquoted Jefferson quotations, some completely spurious quotations, and some that are mixture of genuine and spurious. The quotations are listed below with comments regarding their authenticity. [...] - ""My reading of history convinces me that most bad government results from too much government."" This is actually a quotation by someone else, talking about Jefferson. See this quotation's article for more details.",False,False,True,refutes,checkyourfact
checkyourfact_876_ret_b2_gn,checkyourfact_876,"Claims that Thomas Jefferson said, ""Most bad government has grown out of too much government.""",Turning Point USA,"There seems to be a cottage industry in misquoting Thomas Jefferson. He didn’t say, ""The price of liberty is eternal vigilance."" Nor, ""My reading of history convinces me that most bad government has grown out of too much government,"" nor any variations of those or dozens of other pithy phrases wrongly attributed to our illustrious third president. [...] Cain said that Thomas Jefferson said, ""You might be able to fool the people for a while, and they may go astray, but sooner or later the American people are going to wake up and they will correct the course."" Jefferson did write a line that resembles that in some important ways, but Cain put a fair number of words into Jefferson’s mouth. At PunditFact, we believe quotations should be relatively word-for-word accurate. If someone went to the trouble to leave their thoughts for posterity, the least we should do is honor what they actually said. [...] Wall Street Journal, To Quote Thomas Jefferson, 'I Never Actually Said That', Dec. 6, 2012",False,False,True,refutes,checkyourfact
checkyourfact_876_ret_bn_g2,checkyourfact_876,"Claims that Thomas Jefferson said, ""Most bad government has grown out of too much government.""",Turning Point USA,"Subject:English Grammar ""Most bad government has grown out of too much government.""—Thomas Jefferson [...] Interpretation of Thomas Jefferson's Quote Thomas Jefferson's quote, ""Most bad government has grown out of too much government."", suggests that when a government becomes",False,False,True,supports,checkyourfact
checkyourfact_878,checkyourfact_878,purports Elon Musk published a 'Rest In Peace (RIP)' tweet for late financier Jeffrey Epstein,Post,An advanced Twitter search does not generate the purported tweet from Musk. There is no evidence he made the purported remark.,False,True,True,refutes,checkyourfact
checkyourfact_878_ret_b0_gn,checkyourfact_878,purports Elon Musk published a 'Rest In Peace (RIP)' tweet for late financier Jeffrey Epstein,Post,"FACT CHECK: Did Elon Musk Publish An ‘RIP’ Tweet For Jeffrey Epstein? A post shared on Twitter purports Elon Musk published a ""Rest In Peace (RIP)"" tweet for late financier and sex offender Jeffrey Epstein. [...] ""The woke left can’t decide if I’m anti-semitic or friends with a Jewish man (RIP) and it’s driving them crazy,"" the purported tweet from Musk reads. ""Did he just RIP Jeffrey Epstein???"" The Twitter post’s caption reads. The post has received over 600,000 views at the time of publication.",False,False,True,insufficient-neutral,checkyourfact
checkyourfact_878_ret_b11_gn,checkyourfact_878,purports Elon Musk published a 'Rest In Peace (RIP)' tweet for late financier Jeffrey Epstein,Post,"A post shared on Facebook purports Twitter CEO Elon Musk published a tweet describing banning reporters he doesn’t like on his platform as a ""pretty innocuous alternative"" to murder. [...] The Facebook post purports Musk published a tweet about banning reporters on his platform. ""You know, in some parts of the world, journalists get murdered for crossing the wrong people. Banning the reporters I don’t like from my own platform feels like a pretty innocuous alternative to me,"" the purported tweet reads. The claim is false. There are no credible news reports suggesting Musk published such a tweet. Likewise, an advanced Twitter search reveals no such tweet appears on Musk’s verified account. In addition, there is no mention of the purported claim on Twitter’s company blog.",False,False,True,insufficient-neutral,checkyourfact
checkyourfact_878_ret_b5_gn,checkyourfact_878,purports Elon Musk published a 'Rest In Peace (RIP)' tweet for late financier Jeffrey Epstein,Post,"A post shared on Twitter purports ""prominent attorneys"" are investigating whether Twitter and Tesla CEO Elon Musk allegedly lied on his U.S. citizenship application. [...] ""BREAKING: Prominent attorneys are investigating whether Elon Musk lied on his application for U.S. citizenship. If it shows that he lied anywhere on the application, its likely he could be stripped of his of U.S. citizenship and deported,"" the Twitter post, viewed 37,000 times, purports. [...] This is not the first time a false claim about Musk has circulated. Check Your Fact previously debunked a social media post purporting Musk published a ""Rest In Peace (RIP)"" tweet for late financier and sex offender Jeffrey Epstein.",False,False,True,refutes,checkyourfact
checkyourfact_881,checkyourfact_881,purports to show Muslim refugees terrorizing New York,Video,"The original video, published via Instagram, shows chaos that ensued after Twitch streamer Kai Cenat hosted a giveaway in Union Square on Aug. 4. A spokesperson for the New York Police Department (NYPD)’s Deputy Commissioner, Public Information denied the claim in an email to Check Your Fact.",False,True,True,insufficient-refutes,checkyourfact
checkyourfact_881_ret_b0_gn,checkyourfact_881,purports to show Muslim refugees terrorizing New York,Video,"FACT CHECK: Viral Video Falsely Claims To Show Muslim Refugees Terrorizing New York A video shared on X, the social media platform previously known as Twitter, purports to show Muslim refugees terrorizing New York. [...] ""US Now the terror of refugee Muslims continues in New York as well,"" the X video, viewed over 50,000 times, purports. The video shows multiple members of the NYPD dodging objects that are being thrown at them.",False,False,True,insufficient-refutes,checkyourfact
checkyourfact_881_ret_b9_gn,checkyourfact_881,purports to show Muslim refugees terrorizing New York,Video,FACT CHECK: Viral Video Falsely Claims To Show Muslim Refugees Terrorizing New York,False,False,True,refutes,checkyourfact
checkyourfact_881_ret_bn_g3,checkyourfact_881,purports to show Muslim refugees terrorizing New York,Video,"- The purported rationale for this unconstitutional surveillance is captured in a 2007 NYPD Intelligence Division report titled ""Radicalization in the West: The Homegrown Threat."" The report claims to identify a ""radicalization process"" by which individuals turn into terrorists – a ""process"" so broad that it seems to treat with suspicion anyone who identifies as Muslim, harbors Islamic beliefs, or engages in Islamic religious practices. For example, its purported radicalization ""indicators"" include First Amendment-protected activities including ""wearing traditional Islamic clothing [and] growing a beard,"" abstaining from alcohol, and ""becoming involved in social activism.""",False,False,True,insufficient-neutral,checkyourfact
checkyourfact_883,checkyourfact_883,"CNN published an article claiming Republican Speaker Kevin McCarthy made ""several unproven claims"" in his impeachment inquiry announcement.",CNN,"The CNN article acknowledges that at least three of McCarthy’s claims are true, if missing context, and that at least one is based on “evolving” House Republican allegations.",False,True,True,insufficient-refutes,checkyourfact
checkyourfact_883_ret_b12_gn,checkyourfact_883,"CNN published an article claiming Republican Speaker Kevin McCarthy made ""several unproven claims"" in his impeachment inquiry announcement.",CNN,"House Speaker Kevin McCarthy floats an impeachment inquiry into President Joe Biden WASHINGTON (AP) — House Speaker Kevin McCarthy says Republican lawmakers may consider an impeachment inquiry of President Joe Biden over unproven claims of financial misconduct, responding to enormous GOP pressure to demonstrate support for Donald Trump ahead of the 2024 presidential election. In remarks Tuesday at the Capitol, McCarthy said the questions House Republicans are raising about the Biden family finances need to be investigated. So far, he acknowledged, the House’s probes have not proven any wrongdoing, but an impeachment inquiry ""allows Congress to get the information to be able to know the truth.""",False,False,True,insufficient-supports,checkyourfact
checkyourfact_883_ret_b1_gn,checkyourfact_883,"CNN published an article claiming Republican Speaker Kevin McCarthy made ""several unproven claims"" in his impeachment inquiry announcement.",CNN,"FACT CHECK: Did Kevin McCarthy Make ‘Several Unproven Claims’ In His Impeachment Inquiry Announcement? [...] NEW: House Speaker Kevin McCarthy made several unproven claims Tuesday while announcing the opening of a formal impeachment inquiry into President Joe Biden [...] The claim that McCarthy made ""several unproven claims"" though is misleading. CNN’s own fact-check notes that at least three of the claims are true. The CNN article fact-checks six statements made by McCarthy during his announcement.",False,False,True,insufficient-contradictory,checkyourfact
checkyourfact_883_ret_b5_gn,checkyourfact_883,"CNN published an article claiming Republican Speaker Kevin McCarthy made ""several unproven claims"" in his impeachment inquiry announcement.",CNN,FACT CHECK: Did Kevin McCarthy Make ‘Several Unproven Claims’ In His Impeachment Inquiry Announcement?,False,False,True,insufficient-neutral,checkyourfact
checkyourfact_883_ret_bn_g13,checkyourfact_883,"CNN published an article claiming Republican Speaker Kevin McCarthy made ""several unproven claims"" in his impeachment inquiry announcement.",CNN,"Some Republicans have denounced their colleagues’ push to impeach Biden, as the effort risks possible hypocrisy claims since the GOP widely criticized Trump’s two impeachments. Rep. Ken Buck (R-Colo.) accused McCarthy of engaging in ""impeachment theater,"" in an interview with CNN, telling host Dana Bash he believes McCarthy is floating the impeachment inquiry to placate Republican lawmakers who believe the government spending cuts he agreed to with Biden during the debt ceiling negotiations did not go far enough. Some Republican senators have also suggested the impeachment talk is a distraction from other issues, including Sen. Joni Ernst (R-Iowa), who told reporters she wants the Senate and the House to focus on Congress’ annual defense spending bill that’s currently being negotiated in both chambers. McCarthy watered down the statements he made to Hannity in the wake of the criticism, telling reporters Tuesday ""I wasn’t announcing it"" and noting the House investigations into Biden’s conduct are ongoing.",False,False,True,insufficient-neutral,checkyourfact
checkyourfact_884,checkyourfact_884,"70,000 Americans have died from fentanyl overdoses",Viral Post,"This statistic is accurate. A report from the National Institutes of Health verifies the number, which a spokesperson for Scott provided in an email to Check Your Fact.",True,True,True,supports,checkyourfact
checkyourfact_884_ret_b5_gn,checkyourfact_884,"70,000 Americans have died from fentanyl overdoses",Viral Post,"Fentanyl is a deadly, synthetic opioid, 50 times more powerful than heroin. Americans are dying from it at such an alarming rate, that the US has approved the sale of naloxone - an overdose-reversing drug - without a prescription. But fentanyl's trail of destruction begins further south. [...] Last year 70,000 Americans died of a drug overdose associated with a synthetic opioid like fentanyl. April Spring Kelly lives with immense regret - one of the fentanyl pills she trafficked was linked to a baby's death. [...] In 2021, 814 people died of a fentanyl-related death in the city's county - that's more than 15 fatal overdoses a week in a population of just over three million people.",True,False,True,supports,checkyourfact
checkyourfact_884_ret_bn_g10,checkyourfact_884,"70,000 Americans have died from fentanyl overdoses",Viral Post,"Canada and the U.S. suffer about 77,000 deaths a year from fentanyl. Europe doesn't come close. It's enforcement agencies are desperate to stop fentanyl crossing the Atlantic. (Photo: An example of the amount of fentanyl that can be deadly.)Photo by Jacquelyn Martin /THE ASSOCIATED PRESS Hardly a week goes by that we don’t hear new horrifying numbers about opioid deaths in North America, four of five of which are linked to fentanyl. Last year, 70,000 Americans died of overdoses from fentanyl, a synthetic opioid that is 50 times more powerful than heroin. The toll in Canada is comparable, at about 7,000 a year. In B.C., fentanyl-related deaths run at about 2,000, which is among the worst rates per capita on the continent.",True,False,True,supports,checkyourfact
checkyourfact_884_ret_bn_g5,checkyourfact_884,"70,000 Americans have died from fentanyl overdoses",Viral Post,"Last year, more than 70,000 Americans died from a fentanyl overdose, according to the Centers for Disease Control and Prevention. That's a higher death toll than U.S. military casualties in the wars in Vietnam, Iraq, and Afghanistan combined. [...] The CDC says other signs of a fentanyl overdose are an inability to awaken the person; constricted ""pinpoint"" pupils that don't react to light; shallow breathing or difficulty breathing, such as choking sounds, gurgling, or snoring from someone who cannot be awakened; and discolored skin, especially in the nails or lips. Dr. Campman added that a rare subset of fentanyl overdose victims die a more rapid death due to ""wooden chest syndrome,"" where they suddenly can't breathe.",True,False,True,supports,checkyourfact
checkyourfact_884_ret_bn_g8,checkyourfact_884,"70,000 Americans have died from fentanyl overdoses",Viral Post,"Nearly 70,000 people in the US died of drug overdoses that involved fentanyl in 2021, almost a four-fold increase over five years. By 2021, about two-thirds of all overdose deaths involved the potent synthetic opioid, according to the report. Multiple drugs can be reported on one death certificate, and fentanyl is often found along with others, according to the CDC. [...] Pharmaceutical fentanyl is a synthetic opioid intended to help patients, such as those with cancer, manage severe pain. It is 50 to 100 times more potent than morphine and typically prescribed in the form of skin patches or lozenges. But most recent cases of fentanyl-related harm, overdose and death in the United States are linked to illegally made fentanyl, according to the CDC. [...] In 2021, fentanyl was involved in about 22 deaths for every 100,000 people – more than twice as many as the age-adjusted death rate from overdoses involving methamphetamine or cocaine, and more than seven times higher than those involving heroin.",True,False,True,supports,checkyourfact
checkyourfact_886_ret_bn_g0,checkyourfact_886,"Media outlets, such as the Telegraph and the Independent, reported that an artificial intelligence (AI) controlled drone killed its operator in a simulation.",The Telegraph,"46 Phillip Sherwell, ""U.S. Drone Pilot Haunted by Horrors of Remote Killings; Operator Sickened by Death Count,"" London Daily Telegraph, October 25, 2013, available at <https://www.telegraph.co.uk/news/worldnews/northamerica/usa/10403313/Confessions-of-a-US-drone-operator-I-watched-him-die.-It-took-a-long-time.html>. [...] 48 Christian Enemark, Armed Drones and the Ethics of War (London: Routledge, 2014), 22. [...] 51 Enemark, Armed Drones and the Ethics of War, 25.",False,False,True,insufficient-neutral,checkyourfact
checkyourfact_888,checkyourfact_888,"Claims that novelist George Orwell once said, ""People sleep peacefully in their Beds at night only because rough men stand ready to do violence on their behalf.""",Viral Quote,"While Orwell did express a similar sentiment, he did not write or say the quote in the Facebook post.",False,True,True,refutes,checkyourfact
checkyourfact_888_ret_b0_g1,checkyourfact_888,"Claims that novelist George Orwell once said, ""People sleep peacefully in their Beds at night only because rough men stand ready to do violence on their behalf.""",Viral Quote,"George Orwell displayed more understanding of the reality of combat in one sentence: ""People sleep peacefully in their beds at night only because rough men stand ready to do violence on their behalf."" [...] We have forgotten George Orwell’s chilling truth: ""People sleep peacefully in their beds only because rough men stand ready to do violence on their behalf."" [...] They might care to use a quotation often attributed to George Orwell: ""People sleep peaceably in their beds at night only because rough men stand ready to do violence on their behalf.""",False,False,True,insufficient-neutral,checkyourfact
checkyourfact_888_ret_b9_gn,checkyourfact_888,"Claims that novelist George Orwell once said, ""People sleep peacefully in their Beds at night only because rough men stand ready to do violence on their behalf.""",Viral Quote,"Perhaps you could help out famous Science Fiction author William Gibson, who recently tried to trace down the origin of the following sentence, often attributed to George Orwell: ""People sleep peacefully in their beds at night only because rough men stand ready to do violence on their behalf."" [...] This is the closest passage in Orwell’s writings that has been found to the following quotation popularly attributed to him: ""People sleep peaceably in their beds at night only because rough men stand ready to do violence on their behalf."" (Or sometimes, ""We sleep safely at night because rough men stand ready to visit violence on those who would harm us."")",False,False,True,insufficient-refutes,checkyourfact
checkyourfact_888_ret_bn_g16,checkyourfact_888,"Claims that novelist George Orwell once said, ""People sleep peacefully in their Beds at night only because rough men stand ready to do violence on their behalf.""",Viral Quote,"""We sleep safely in our beds because rough men stand ready in the night to visit violence on those who would harm us."" [...] - Alternative: ""We sleep soundly in our beds because rough men stand ready in the night to visit violence on those who would do us harm."" [...] - Actual source: Quote Investigator found the earliest known appearance in a 1993 Washington Times essay by Richard Grenier: ""As George Orwell pointed out, people sleep peacefully in their beds at night only because rough men stand ready to do violence on their behalf."" The absence of quotation marks indicates that Grenier was using his own words to convey his interpretation of Orwell's opinion, as seen in citations below.",False,False,True,refutes,checkyourfact
checkyourfact_888_ret_bn_g3,checkyourfact_888,"Claims that novelist George Orwell once said, ""People sleep peacefully in their Beds at night only because rough men stand ready to do violence on their behalf.""",Viral Quote,"― Slingshot ― Slingshot ""I once saw an episode of QI where they debated a supposed George Orwell quote: ‘People sleep peaceably in their beds at night only because rough men stand ready to do violence on their behalf’."" [...] ― Grunt Life ― Grunt Life ""People sleep peaceably in their beds at night only because rough men stand ready to do violence on their behalf."" —George Orwell"" [...] ― Decisively Engaged ― Decisively Engaged ""People sleep peacefully in their beds at night only because rough men stand ready to visit violence on those who would do them harm. George Orwell PART ONE""",False,False,True,insufficient-contradictory,checkyourfact
checkyourfact_896,checkyourfact_896,purports to show Jeffrey Epstein and Ted Kaczynski at a boys summer camp together,Image,"The original photo, taken at Interlochen Arts Camp in 1967, has been uploaded to the image-sharing website Smug Mug. Although Epstein did attend the camp, according to the Daily Beast, Kaczynski was already in high school in 1958, a Wikipedia image shows.",False,True,True,insufficient-refutes,checkyourfact
checkyourfact_896_ret_bn_g0,checkyourfact_896,purports to show Jeffrey Epstein and Ted Kaczynski at a boys summer camp together,Image,"Following the death of Ted Kaczynski — the man dubbed the ""Unabomber"" who carried out a mail-bombing campaign from the 1970s to the 1990s — myriad claims about his life and connections appeared in social media. Among those was the claim that a viral picture shows Kaczynski with the late financier and sex offender Jeffrey Epstein posing together for a group shot take when they were teenagers: [...] Viral tweets allege that the individual in the middle back row of this same photograph is Kaczynski. There is no evidence, however, that Kaczynski, who is 11 years older than Epstein, ever attended this or any other summer music camp. [...] Because Epstein and Kaczynski are not the same age, because the individual identified as Kaczynski in the Interlochen cabin photo does not match photos of him from the same time period, and because there is no evidence that Kaczynski attended Interlochen, the assertion that the photo contains both Epstein and Kaczynski is false. The photo, instead, shows Epstein and other boys of the same age in 1967.",False,False,True,refutes,checkyourfact
checkyourfact_896_ret_bn_g2,checkyourfact_896,purports to show Jeffrey Epstein and Ted Kaczynski at a boys summer camp together,Image,"No, Pic Doesn't Show Jeffrey Epstein, Ted Kaczynski Attending Summer Camp Together",False,False,True,refutes,checkyourfact
checkyourfact_897,checkyourfact_897,purports Ghislaine Maxwell worked at Disney World in 1985,Video,There is no evidence suggesting Maxwell worked at Disney World in 1985.,False,True,True,refutes,checkyourfact
checkyourfact_897_ret_b0_g0,checkyourfact_897,purports Ghislaine Maxwell worked at Disney World in 1985,Video,"A video shared on Facebook purports former British socialite and alleged sex offender Ghislaine Maxwell worked at Disney World in 1985. [...] ""In 1985 Ghislaine Maxwell worked at Disney,"" the Facebook video, shared over 1,000 times, purports. The video includes multiple photos of Maxwell pictured beside the popular Disney character, Donald Duck. The claim that Maxwell worked at Disney World in 1985 is false, however. The photos included in the Facebook video can be traced back to Getty Images and show an event organized by the British newspaper, The Mirror.",False,False,True,refutes,checkyourfact
checkyourfact_897_ret_b7_gn,checkyourfact_897,purports Ghislaine Maxwell worked at Disney World in 1985,Video,"Maxwell was a prominent member of the London social scene in the 1980s.[27] She founded a women's club named after the original Kit-Cat Club[12][28] and was a director of Oxford United Football Club during her father's ownership.[29][30] She also worked at The European,[31] a publication her father had established. According to Tom Bower, writing for The Sunday Times, in 1986 Robert invited her to the naming in her honour of his new yacht the Lady Ghislaine, at a shipyard in the Netherlands.[32] She spent a large amount of time in the late 1980s aboard the yacht, which was equipped with a jacuzzi, sauna, gym and disco.[33] The Scotsman said Robert had also ""tailor-made a New York company for her"".[34] The company, which dealt in corporate gifts, was not profitable.[26][32][35]",False,False,True,insufficient-neutral,checkyourfact
checkyourfact_897_ret_bn_g16,checkyourfact_897,purports Ghislaine Maxwell worked at Disney World in 1985,Video,"They opened with Cimberly Espinosa, who was Ghislaine Maxwell’s executive assistant from November of 1996 to 2002. Espinosa’s opinion of Maxwell was very different from the testimony we’d heard from the four accusers the prosecution presented previously. [...] Witness alleges Ghislaine Maxwell groped her as a teenager [...] Ghislaine Maxwell is used to being the woman of the hour. The 59-year-old British aristocrat was a fixture of the London and New York social scenes throughout the 1990s and early 2000s, rubbing shoulders and champagne flutes with an international cast of power players that included two US presidents and at least one prince. In her jet-setting, party-hopping days, she allegedly lived a double life as a groomer of girls, serving up underage victims to Jeffrey Epstein and the megawatt men who moved alongside him.",False,False,True,insufficient-neutral,checkyourfact
checkyourfact_901,checkyourfact_901,Rapper Notorious B.I.G predicted Covid-19 pandemic in 1994,Viral video,The claim is inaccurate. The video has been digitally altered.,False,True,True,refutes,checkyourfact
checkyourfact_901_ret_b1_gn,checkyourfact_901,Rapper Notorious B.I.G predicted Covid-19 pandemic in 1994,Viral video,"The COVID-19 pandemic was something truly unpredictable that caught pretty much the whole world off guard, and even now we’re still struggling to cope with it. But what if I told you that someone might have actually predicted it was going to happen? A TikTok video by tythecrazyguy recently went viral because it seems that Ty has possibly uncovered that a rapper predicted the pandemic. [...] However, it looks like that isn’t the only prediction that the rapper has made. Dr. Creep made a post on Facebook after his song ""PANDEMIC"" went viral, and the rapper seemed frustrated that people are only discussing this now when it isn’t even the only thing he’s predicted. [...] This could mean that the rapper predicted not just the COVID-19 pandemic, but also the lockdown following the outbreak of the virus. How creepy is that?",False,False,True,insufficient-supports,checkyourfact
checkyourfact_901_ret_bn_g0,checkyourfact_901,Rapper Notorious B.I.G predicted Covid-19 pandemic in 1994,Viral video,A video on social media claims that the rapper named Notorious B.I.G. predicted the COVID pandemic in 1994. We fact-checked and found the claim is false. The snippet is from the song named Juicy and the lyrics nowhere talks about the COVID pandemic. [...] Did Biggie Smalls predict COVID-19 in 1994? No. Smalls never predicted the COVID pandemic in 1994. It seems that the claimed video is altered intentionally to spread disinformation on social media.,False,False,True,refutes,checkyourfact
checkyourfact_901_ret_bn_g2,checkyourfact_901,Rapper Notorious B.I.G predicted Covid-19 pandemic in 1994,Viral video,"Did Biggie Smalls predict the COVID-19 pandemic in his 1994 song lyrics? No, that's not true: The rapper, real name Christopher Wallace, did not write about the SARS-CoV-2 virus outbreak decades before it occurred. The video claiming to show the Notorious B.I.G. singing about COVID uses altered lyrics to his song ""Juicy."" He never mentioned COVID or the word ""pandemic"" in the song released on his 1994 debut album ""Ready to Die."" [...] The video posted on Instagram shows the text ""Biggie Smalls predicted COVID-19 in 1994,"" with a crying emoji. The sound, while footage from a Biggie video rolls, says, ""It was all a dream I used to read Word Up! magazine. There will be a global pandemic in 2019,"" with the last part altered to add the ""global pandemic"" reference. The video uses footage from Biggie's real ""Juicy"" video, as seen on YouTube beginning at :21: [...] Lead Stories has debunked claims of pop culture predicting the coronavirus pandemic here, here and here.",False,False,True,refutes,checkyourfact
checkyourfact_903,checkyourfact_903,"Claims that George Washington once said, ""Firearms stand next in importance to the Constitution itself. They are the American people’s liberty, teeth and keystone under independence.""",Viral Quote,The Daily Caller found no evidence that Washington ever made this statement.,False,True,True,refutes,checkyourfact
checkyourfact_903_ret_b11_gn,checkyourfact_903,"Claims that George Washington once said, ""Firearms stand next in importance to the Constitution itself. They are the American people’s liberty, teeth and keystone under independence.""",Viral Quote,"Washington’s Mount Vernon estate includes the quote in its ""spurious quotations"" list of sayings misattributed to the first president: ""The quote seems to originate from an online publication: The American Wisdom Series presents Pamphlet #230, ‘President George Washington's Thoughts on Firearms.’ The author provides no citation for the quotations used."" [...] The quote appears to belong to the author — Spenner — not Washington. It shows up in the introduction of the pamphlet and does not have quotation marks encasing it. Below the introduction, the author instructs readers to ""read the attached comments about ‘The Role of Firearms,’ by President George Washington and help spread their wisdom."" [...] Snopes, Did George Washington Say ‘Firearms Stand Next in Importance to the Constitution Itself’?, April 26, 2019",False,False,True,refutes,checkyourfact
checkyourfact_903_ret_b16_gn,checkyourfact_903,"Claims that George Washington once said, ""Firearms stand next in importance to the Constitution itself. They are the American people’s liberty, teeth and keystone under independence.""",Viral Quote,"They are the people’s liberty teeth keystone… the rifle and the pistol are equally indispensable… more than 99% of them by their silence indicate that they are in safe and sane hands. The very atmosphere of firearms everywhere restrains evil interference. When firearms go, all goes, we need them every hour."" [...] Please also see: important-2nd-amendment-quotes 59 Responses to ""George Washington: Firearms stand next in importance to the Constitution itself"" This quote has been proven to be a hoax – Washington never said it. It may sound good to NRA members, but it isn’t true.",False,False,True,refutes,checkyourfact
checkyourfact_903_ret_bn_g13,checkyourfact_903,"Claims that George Washington once said, ""Firearms stand next in importance to the Constitution itself. They are the American people’s liberty, teeth and keystone under independence.""",Viral Quote,"The Washington state legislature finds that the right to keep and bear arms embodied in the federal and state Constitutions is a fundamental freedom that existed long before the founding of this nation and state and this right should continue to be protected, nurtured, and expanded. The legislature further finds that the founding fathers of our nation and state wanted to have firearms in the hands of ordinary citizens as a means of protecting freedom and deterring potential despots from undermining our constitutional republic by force. The American revolution was won by an armed populace against the British standing army. [...] George Washington, America's first president, said, ""Firearms stand next in importance to the Constitution itself. From the hour the Pilgrims landed, to the present day, events, occurrences and tendencies prove that to ensure peace, security and happiness, the rifle and pistol are equally indispensable. The very atmosphere of firearms everywhere restrains evil interference — they deserve a place of honor with all that's good."" [...] As a result of these lessons from history, it is the intent of the legislature to promote freedom and protect public safety by enacting the Washington state firearms civil rights act and by imposing civil and criminal penalties on any person or public official who unlawfully or unconstitutionally interferes with the right of a citizen to keep and bear arms, or who criminally possesses or uses a firearm.",False,False,True,insufficient-supports,checkyourfact
checkyourfact_905,checkyourfact_905,"claims Henry Ford once said, ""If I asked people what they wanted, they would have said faster horses.""",Viral Quote,The Daily Caller News Foundation found no evidence that Ford ever said or wrote this expression.,False,True,True,refutes,checkyourfact
checkyourfact_905_ret_b0_g1,checkyourfact_905,"claims Henry Ford once said, ""If I asked people what they wanted, they would have said faster horses.""",Viral Quote,"InnovationHenry Ford, Innovation, and That ""Faster Horse"" Quote by Patrick VlaskovitsAugust 29, 2011PostPostShareSaveBuy CopiesPrintLeer en españolLer em portuguêsPostPostShareSaveBuy CopiesPrint""If I had asked people what they wanted, they would have said faster horses.""Read more on Innovation or related topics Customer experience, Entrepreneurship and Transportation and distributionPostPostShareSaveBuy CopiesPrintRead more on Innovation or related topics Customer experience, Entrepreneurship and Transportation and distribution",False,False,True,insufficient-neutral,checkyourfact
checkyourfact_905_ret_b10_gn,checkyourfact_905,"claims Henry Ford once said, ""If I asked people what they wanted, they would have said faster horses.""",Viral Quote,"Henry Ford on Customer Feedback ""If I had asked people what they wanted, they would have said faster horses."" –Henry Ford It’s unclear whether or not Henry Ford actually ever said the quote above, but according to an article in the Harvard Business Review, it’s an accurate reflection of how Ford thought about customer feedback. [...] That’s not the Henry Ford story most of us are familiar with.",False,False,True,insufficient-refutes,checkyourfact
checkyourfact_905_ret_b14_gn,checkyourfact_905,"claims Henry Ford once said, ""If I asked people what they wanted, they would have said faster horses.""",Viral Quote,"That ""Henry Ford"" Quote… ""If I’d have asked my customers what they wanted, they would have said, ‘A faster horse.’"" — Henry Ford? While there’s doubt that Ford ever said this, it’s something he might have said. Designers tend to hear this when we suggest doing User Research to determine needs and pain points. ""If I’d have asked my customers what they wanted, they would have said a faster horse is what Henry Ford said and he was extremely successful so it’s a waste of time"" Please read this article from HBR about why his initial success was predicated on price reduction and the implementation (smartly) of the assembly line (something he didn’t invent) because it discusses his initial success with the first mass produced car, but also points out that General Motors ate his lunch in the 20’s. [...] So imagine you’re sitting in a conference room and you suggest that doing User Research will help advance the product and someone says: ""If I’d have asked customers what they wanted, they would have said a faster horse""…",False,False,True,insufficient-contradictory,checkyourfact
checkyourfact_905_ret_bn_g8,checkyourfact_905,"claims Henry Ford once said, ""If I asked people what they wanted, they would have said faster horses.""",Viral Quote,"Why Henry Ford's Most Famous Quote Is Dead Wrong If Ford had asked people what they wanted, would they really have said 'faster horses?' [...] Henry Ford was one of the world's great innovators and a quotable gentleman at that, particularly in the realms of business and innovation. Perhaps the most famous quote attributed to Ford is this: ""If I had asked people what they wanted, they would have said faster horses."" [...] In fact, customers would probably have told Ford exactly what they wanted -- specifically, a faster mode of transportation. They might not have mentioned the need for a combustion engine, but that's part of the art and science of understanding customer feedback.",False,False,True,insufficient-supports,checkyourfact
checkyourfact_913,checkyourfact_913,"a conference titled ""The Elite Global Leaders Conference"" will be held at the Vatican on Oct. 23 and will focus on ""humanity-empowering technology.""",Viral Image/Post,"A private event matching the flyer’s description is being held at the Teutonic College in Vatican City later this month, according to a Vatican spokesperson. However, the event is not organized by the Vatican.",True,True,True,insufficient-supports,checkyourfact
checkyourfact_913_ret_b1_gn,checkyourfact_913,"a conference titled ""The Elite Global Leaders Conference"" will be held at the Vatican on Oct. 23 and will focus on ""humanity-empowering technology.""",Viral Image/Post,"FACT CHECK: Does This Picture Show An Advertisement For An ‘Elite Global Leaders’ Conference Being Held At The Vatican? An image shared on Instagram claims a conference titled the ""Elite Global Leaders Conference"" will be held at the Vatican on Oct. 23 and will focus on ""humanity-empowering technology."" [...] The image appears to show a poster advertising an upcoming conference being held at the Vatican titled ""Elite Global Leaders Conference."" The poster states the purported event is invitation only and will focus on ""technology that empowers humanity,"" the keynote presentation allegedly being ""The Code – Programming Our Future For Good."" Circled in red are the names of the supposed conference’s two keynote speakers, David Fergusson and Carlos Moreira, authors of ""The transHuman Code: How To Program Your Future.""",True,False,True,insufficient-supports,checkyourfact
checkyourfact_913_ret_b4_gn,checkyourfact_913,"a conference titled ""The Elite Global Leaders Conference"" will be held at the Vatican on Oct. 23 and will focus on ""humanity-empowering technology.""",Viral Image/Post,"Global Leaders At Fifth International Vatican Conference Working On Ways For People To Live Healthy Lives Well Past 100 [...] This is the fifth International Vatican Conference and this year it's all virtual. For three days, more than 100 global leaders in science, faith, medicine and technology are discussing the latest breakthroughs in medicine, health care delivery and prevention, as well as the human implications and cultural impact of technological advances.",True,False,True,insufficient-refutes,checkyourfact
checkyourfact_913_ret_bn_g0,checkyourfact_913,"a conference titled ""The Elite Global Leaders Conference"" will be held at the Vatican on Oct. 23 and will focus on ""humanity-empowering technology.""",Viral Image/Post,"On October 14th, 2021, the Facebook account ""Marji Georgia"" published a post, claiming that on October 23, the pedophile globalists at the forefront of the ""world codification"" are going to host a large-scale conference in the Vatican. According to the post’s author, the main topic of the conference will be transhumanism. The post is accompanied by a photo saying that the speakers of the event scheduled for October 23rd in the Vatican will be the authors of ""The transHuman Code"": David Ferguson and Carlos Moreira. [...] According to the poster, an event called ""Elite Global Leaders Conference"" will be held in the Vatican on October 23rd, which will focus on the role of technology in human empowerment. The names of the two keynote speakers at the conference, David Ferguson and Carlos Moreira, are marked in red. These are the people who authored the book ""The transhuman Code: How to Program Your Future."" No similar conference can be found on the list of Vatican events, and no meeting is scheduled for October 23rd in general. Similarly, Neither Carlos Moreira nor David Ferguson has not announced participating in a similar conference.",True,False,True,insufficient-supports,checkyourfact
checkyourfact_917,checkyourfact_917,"Claims ""Dumber and Dumber"" actor Jim Carrey said, ""Society is collapsing.""",Viral Quote,"A celebrity did say this, but it was actually British comedian Russell Brand.",False,True,True,refutes,checkyourfact
checkyourfact_917_ret_b0_gn,checkyourfact_917,"Claims ""Dumber and Dumber"" actor Jim Carrey said, ""Society is collapsing.""",Viral Quote,"An article shared on Facebook claims actor Jim Carrey said, ""Hollywood elites eat whole babies for Christmas."" [...] In May, a 2018 article published by the website Jasper and Sardine has resurfaced in QAnon Facebook groups. The article alleges that Carrey, an actor known for roles in films such as ""Dumb and Dumber"" and ""Bruce Almighty,"" told an audience during a question-and-answer session at a screening for the 2017 documentary ""Jim & Andy: The Great Beyond"" that ""Hollywood elites eat whole babies for Christmas."" [...] This is not the first time the ""Dumb and Dumber"" actor has been the subject of misattributed comments. In August 2019, Check Your Fact debunked a viral meme that claimed he said, ""Society is collapsing.""",False,False,True,refutes,checkyourfact
checkyourfact_917_ret_bn_g0,checkyourfact_917,"Claims ""Dumber and Dumber"" actor Jim Carrey said, ""Society is collapsing.""",Viral Quote,"FACT CHECK: Did Jim Carrey Say, ‘Society Is Collapsing’? An image shared on Facebook claims ""Dumb and Dumber"" actor Jim Carrey said, ""Society is collapsing."" [...] The meme, which has been shared more than 24,000 times, purports that Carrey believes society is collapsing. The alleged statement continues, ""People are starting to recognize that the reason they feel like they’re mentally ill is that they’re living in a system that’s not designed to suit the human spirit.""",False,False,True,insufficient-supports,checkyourfact
checkyourfact_917_ret_bn_g14,checkyourfact_917,"Claims ""Dumber and Dumber"" actor Jim Carrey said, ""Society is collapsing.""",Viral Quote,"He’s one of my favourite actors of all time. I hold both Ace Ventura and Dumb and Dumber very close to my heart and I’m often overheard quoting both movies on a daily basis. Jim Carrey will always be that crazy pet detective with the outlandish shirts and the ridiculous quiff haircut but there’s so much more to him than funny faces and easy-to-quote punchlines. We got our first signs of Carrey’s ambition way back in 1998 when he starred as Truman Burbank, a pleasant, everyday man ignorant to the fact that his whole life had been one fat lie, playing out for millions of addicted viewers as a unknowing reality TV star. The script was tight, quirky and most importantly it was different. The Truman Show was hailed for it’s foreboding prediction in the way we watch television. Big Brother debuted a year later and reality TV took over our lives.",False,False,True,insufficient-neutral,checkyourfact
checkyourfact_919,checkyourfact_919,purports to show Russian President Vladimir Putin telling Americans they interfere with their own democracy,Video,"The video was created by the non-partisan anti-corruption organization, RepresentUs. A spokesperson for the organization confirmed the footage of Putin included in the video was not real.",False,True,True,refutes,checkyourfact
checkyourfact_919_ret_b0_gn,checkyourfact_919,purports to show Russian President Vladimir Putin telling Americans they interfere with their own democracy,Video,"FACT CHECK: Did Vladimir Putin Blame Americans For Interfering With Their Own Democracy? A video shared on Instagram purports to show Russian President Vladimir Putin telling Americans they interfere with their own democracy. [...] ""You blame me for interfering with your democracy. But I don’t have to, you are doing it yourselves,"" Putin appears to say in English via the Instagram video, liked over 700 times. ""Polling stations are closing. You don’t know who to trust, you are divided. There are strings we can pull, but we don’t have to. You are pulling them for us,"" he appears to continue.",False,False,True,insufficient-neutral,checkyourfact
checkyourfact_919_ret_b1_gn,checkyourfact_919,purports to show Russian President Vladimir Putin telling Americans they interfere with their own democracy,Video,"A video circulating on social media supposedly shows Russian President Vladimir Putin saying in English that he doesn’t need to interfere with U.S. democracy because it’s already fractured. ""America. You blame me for interfering with your democracy but I don’t have to. You are doing it to yourselves,"" says the voice attributed to Putin in the clip. ""Polling stations are closing. You don’t know who to trust. You are divided. There are strings we can pull. But we don’t have to. You are pulling them for us."" [...] We rate the claim that this video shows Russian President Vladimir Putin talking in English about U.S. democracy False.",False,False,True,refutes,checkyourfact
checkyourfact_919_ret_b7_gn,checkyourfact_919,purports to show Russian President Vladimir Putin telling Americans they interfere with their own democracy,Video,"Vladimir Putin sees American talk of human rights, democracy, freedom as a cynical fig leaf, something that the U.S. uses to cover itself as it cynically pursues its interests across the globe, as it pushes its agenda across the globe. [...] For Putin to see an American vice president go talk to students and encourage democracy, he sees it as a threat. ""Who are you to come here and foment trouble in my backyard?"" It’s aggravating and offensive to Putin to see that kind of action. [...] From Putin’s point of view, he won. Not only did the candidate he favored come out on top, he has disrupted Americans’ faith in their own democracy so that we’re all turning on each other and we’re busy fighting with each other and in his mind hopefully too distracted to pose a threat to him on the world stage.",False,False,True,insufficient-neutral,checkyourfact
checkyourfact_919_ret_bn_g7,checkyourfact_919,purports to show Russian President Vladimir Putin telling Americans they interfere with their own democracy,Video,"Sputnik’s weekly segment Criminal Injustice on its Loud & Clear podcast similarly portrays itself as bringing attention to justice being denied to citizens, mixing legitimate grievances with distorted information. Russia’s goal for these programs is not to make the U.S. legal system more just; it is to tell an unrelenting one-sided story to get Americans to believe the system is as corrupt and broken as the legal system in Russia. Putin’s hope is that Americans will give up on democratic institutions, the way so much of his own population has come to accept the corruption in Russia. [...] High-level Russian government officials, including President Vladimir Putin, echo these messages in statements directed at domestic and international audiences. In doing so, they often adopt the language of international law to paint the Kremlin as the true champion of justice compared to a hypocritical West, while combating criticisms of their own corrupt regime at home. President Putin comments on a bogus lawsuit Russian opened against the United States in relation to the close of diplomatic compounds under the Trump administration. The comments were directed both to his own citizens, and people in parts of the world where the United States and Russia compete for influence. The aim is to lessen the appeal of democracy by showing its judicial system as biased and unfair.",False,False,True,insufficient-neutral,checkyourfact
checkyourfact_925,checkyourfact_925,purports CNN reported Liz Cheney endorsed Ron DeSantis for president,Post,The claim neither appears on CNN’s website nor its verified social media accounts. A CNN spokesperson denied the outlet had reported that Cheney endorsed DeSantis in an email to Check Your Fact.,False,True,True,refutes,checkyourfact
checkyourfact_925_ret_b0_gn,checkyourfact_925,purports CNN reported Liz Cheney endorsed Ron DeSantis for president,Post,"A post shared on Twitter claims CNN reported former Wyoming Republican Rep. Liz Cheney endorsed Florida Republican Gov. Ron DeSantis for president in the 2024 election. [...] ""LIZ CHENEY ENDORSES RON DESANTIS FOR PRESIDENT – CNN,"" the Twitter post, viewed over 130,000 times, purports. The claim is false. CNN has neither published an article on its website nor a statement via its verified social media accounts reporting Cheney endorsed DeSantis for president in the 2024 election. Likewise, the claim is not referenced on the Republican Florida Governor’s website or verified social media accounts.",False,False,True,refutes,checkyourfact
checkyourfact_925_ret_b3_gn,checkyourfact_925,purports CNN reported Liz Cheney endorsed Ron DeSantis for president,Post,"Liz Cheney says she would find it ‘very difficult’ to support Ron DeSantis for president [...] That hesitance is due to Mr DeSantis’s outspoken embrace of Donald Trump, Ms Cheney said, which she called ""dangerous"" given the revelations about his efforts to overturn the 2020 election and non-response to the mob attack on Congress which he himself had inspired. [...] Liz CheneyRon DeSantisDonald Trump",False,False,True,refutes,checkyourfact
checkyourfact_925_ret_b5_gn,checkyourfact_925,purports CNN reported Liz Cheney endorsed Ron DeSantis for president,Post,"No one I talked with thinks Cheney could come anywhere close to winning the GOP nomination behind an anti-Trump message. The widespread success of Trump-endorsed candidates, almost all of whom overtly echo his lies about the 2020 election, in this year’s GOP primaries has made clear that the former president remains the party’s dominant figure (despite occasional losses for his picks). With Cheney’s defeat yesterday, four of the 10 House Republicans who voted to impeach Trump after the January 6 attack on the Capitol have now been ousted in primaries, and four others have retired; only two have survived to face voters in November. ""Trump continues to own a majority share of the Republican Party and the GOP has remade itself in his image,"" Sarah Longwell, founder of the Republican Accountability Project, a group critical of Trump, told me in an email. [...] But even those sympathetic to Cheney recognize that the 2024 primaries may offer only so much opportunity to change the party’s direction. Many of them view Trump’s strongest competitor in early polls, Governor Ron DeSantis of Florida, as little improvement over Trump in his commitment to a pluralistic democracy; Cheney recently told The New York Times that DeSantis has aligned himself so closely with Trump that she would find it ""very difficult"" to support him in 2024 either.",False,False,True,insufficient-neutral,checkyourfact
checkyourfact_929,checkyourfact_929,"Claims that Benjamin Franklin once said, ""A Nation of well-informed men who have been taught to know and prize the rights which God has given them cannot be enslaved; it is in the region of ignorance that tyranny begins.""",Viral Quote,There is no evidence that Franklin authored this saying. It was actually written by author Henry Stuber.,False,True,True,refutes,checkyourfact
checkyourfact_929_ret_bn_g10,checkyourfact_929,"Claims that Benjamin Franklin once said, ""A Nation of well-informed men who have been taught to know and prize the rights which God has given them cannot be enslaved; it is in the region of ignorance that tyranny begins.""",Viral Quote,"It is in the region of ignorance that tyranny begins. - Benjamin Franklin - 01-28-2024, 09:26 PM #21",False,False,True,insufficient-neutral,checkyourfact
checkyourfact_929_ret_bn_g5,checkyourfact_929,"Claims that Benjamin Franklin once said, ""A Nation of well-informed men who have been taught to know and prize the rights which God has given them cannot be enslaved; it is in the region of ignorance that tyranny begins.""",Viral Quote,"Introduction ""This will be the best security for maintaining our liberties . . . a nation of well-informed men, who have been taught to know and prize the rights which God has given them, cannot be enslaved, It is in the regions of ignorance that tyranny begins."" The above quote containing the words and visions of Benjamin Franklin exhorts citizens of the newly-formed republic to be aware in order to preserve personal freedoms and it clearly underscores the goal of this unit.",False,False,True,supports,checkyourfact
checkyourfact_929_ret_bn_g8,checkyourfact_929,"Claims that Benjamin Franklin once said, ""A Nation of well-informed men who have been taught to know and prize the rights which God has given them cannot be enslaved; it is in the region of ignorance that tyranny begins.""",Viral Quote,"6 Reasons American Heritage is Worth Your Time ""A nation of well informed men who have been taught to know and prize the rights which God has given them cannot be enslaved.",False,False,True,insufficient-neutral,checkyourfact
checkyourfact_930,checkyourfact_930,Claims a white Russian billionaire offered to pay $1 billion for NBA superstar LeBron James and tennis champion Serena Williams to have a child together,Viral post,The story comes from a now-defunct satire website. The Russian billionaire appears to be a made-up character.,False,True,True,refutes,checkyourfact
checkyourfact_930_ret_b2_gn,checkyourfact_930,Claims a white Russian billionaire offered to pay $1 billion for NBA superstar LeBron James and tennis champion Serena Williams to have a child together,Viral post,"An image shared on Facebook more than 900 times claims a Russian billionaire offered NBA player LeBron James and tennis player Serena Williams a billion dollars to have a ""super athlete"" child together. [...] A widely-shared post purportedly shows a screen grab of a news article about a Russian billionaire, identified as both Vladist and Vladir Sugarin, who offered a billion dollars to James and Williams to have a ""super athlete"" child. The headline reads, ""White Billionaire Offers $1 Billion to Breed Lebron (sic) & Serena."" ""LeBron makes hundreds of millions. Serena makes hundreds of millions,"" one post credits Sugarin with saying. ""Their super baby will make billions.""",False,False,True,insufficient-supports,checkyourfact
checkyourfact_930_ret_bn_g0,checkyourfact_930,Claims a white Russian billionaire offered to pay $1 billion for NBA superstar LeBron James and tennis champion Serena Williams to have a child together,Viral post,"On 12 July 2016, the web site Cream Bump Daily published an article reporting that a white billionaire had offered $1 billion for NBA star Lebron James and tennis champion Serena Williams to ""breed"": He wants a SUPER BABY! A White Billionaire Offers LeBbron and Serena $500 million a piece to BREED a baby... [...] This isn't the first time that a fake news article has claimed that a billionaire was offering major money for a child. In August 2015, a false rumor held that a billionaire was recruiting 1,000 women to have his children in an attempt to create the largest family ever.",False,False,True,refutes,checkyourfact
checkyourfact_930_ret_bn_g4,checkyourfact_930,Claims a white Russian billionaire offered to pay $1 billion for NBA superstar LeBron James and tennis champion Serena Williams to have a child together,Viral post,"On Saturday’s U.S. Open women’s finals, a year after she almost died on the delivery-room table, tennis champion Serena Williams ran smack dab into one of the proud defenders of the patriarchy so affronted at a Black woman using her voice that he abused his authority to punish her by all the means he had. [...] But the events of Saturday night are bigger than Serena. It is evocative of a culture of misogyny and disrespect for women in sports that tennis perpetuates. The longstanding gap in prize money, unaddressed until her sister Venus, went to bat for women’s equality. The lack of accommodation for maternity leave, emblematic of that larger social issue of how women are expected to have children, but not be given any support for it—often penalized at work and ""mommytracked"" instead. Another player, Alize Cornet penalized for changing her shirt on-court, when no man has been. Serena’s French Open black bodysuit—which was created for her to address medical issues postpartum—was dismissed by the French Tennis Federation as ""disrespectful"" and then outlawed. There has been a constant policing of women’s bodies and a wash of respectability politics.",False,False,True,insufficient-neutral,checkyourfact
checkyourfact_931_ret_b1_gn,checkyourfact_931,"Claims Socrates said, ""When the debate is lost, slander becomes the tool of the losers.""",Viral Quote,"FACT CHECK: Did Socrates Say, ‘When The Debate Is Lost, Slander Becomes The Tool Of The Losers’? An image shared on Facebook claims that ancient Greek philosopher Socrates said, ""When the debate is lost, slander becomes the tool of the losers."" [...] While Socrates often engaged in philosophical debates, he did not author the statement attributed to him in the Facebook post. ""I can affirm that no reliable source ever attributed this statement to Socrates,"" University of Michigan historian and Socrates expert Sara Ahbel-Rappe told The Daily Caller in an email. ""Socrates wrote nothing, so we rely entirely on reports about Socrates from contemporary witnesses, mostly Plato but also Xenophon.""",False,False,True,refutes,checkyourfact
checkyourfact_931_ret_bn_g0,checkyourfact_931,"Claims Socrates said, ""When the debate is lost, slander becomes the tool of the losers.""",Viral Quote,"It appears that the widespread attribution to Socrates of the 'When the debate is lost, slander becomes the tool of the losers' bit of wisdom only began after 2008, with the rise of quote-sharing via social media memes: 'When the debate is lost, slander becomes the tool of the loser.' -Socrates. [...] So as far as we can tell, the phrase ""when the debate is lost, slander becomes the tool of the loser"" emerged roughly around 2008 and appears to have no traceable history prior to that. Despite its popularity on social media, no one has ever found a single direct link to any material attributed to Socrates matching the quote. Its abrupt appearance and lack of historical support suggests that Socrates' signature was tacked to the commentary to give it an air of ancient wisdom.",False,False,True,refutes,checkyourfact
checkyourfact_931_ret_bn_g1,checkyourfact_931,"Claims Socrates said, ""When the debate is lost, slander becomes the tool of the losers.""",Viral Quote,"No, Socrates didn’t call slander the 'tool of the losers' A viral image on Facebook quotes Socrates as saying, ""When the debate is lost, slander becomes the tool of the losers."" [...] Snopes, ""Did Socrates say: ‘When debate is lost, slander becomes tool of the loser’?,"" April 12, 2016",False,False,True,refutes,checkyourfact
checkyourfact_931_ret_bn_g16,checkyourfact_931,"Claims Socrates said, ""When the debate is lost, slander becomes the tool of the losers.""",Viral Quote,"John Fugelsang ✔@JohnFugelsang https://twitter.com/JohnFugelsang/status/418377601804025856 'When the debate is lost, slander becomes the tool of the loser.' -Socrates. [...] So far as we can tell, the phrase ""when the debate is lost, slander becomes the tool of the loser"" emerged roughly around 2008 and appears to have no traceable history prior to that. Despite its popularity on social media, no one has ever found a single direct link to any material attributed to Socrates matching the quote. Its abrupt appearance and lack of historical support suggests that Socrates’ signature was tacked to the commentary to give it an air of ancient wisdom.",False,False,True,refutes,checkyourfact
checkyourfact_933_ret_b11_gn,checkyourfact_933,Pittsburgh Steelers coach Mike Tomlin fired two players for kneeling during national anthem,Viral post,"The Dunning-Kruger Times published two more stories, one that claimed, ""NFL Mediator Sides With Coach Tomlin: Kneeling Players Can Be Benched or Even Fired,"" (archived here) and ""Coach Tomlin Cuts Pittsburgh's Last Kneeler: 'Go Protest Somewhere Else'"" (archived here). Both are not true and clearly satire. All three articles were published in 2022 but gained popularity again as the football season began in August 2023, with other sites picking up the articles but failing to label them as satire. A Google search of the key words ""Pittsburgh Coach Tomlin Cuts Player Who Kneeled"" yields zero matching results but does return a 2020 ESPN article with the exact opposite information, titled ""Pittsburgh Steelers players who kneel will have Mike Tomlin, organization's support,"" as well as other news stories of the coach supporting players that took a knee on the field. The article titled, ""Steeler's Mike Tomlin Says No More Kneeling On His Field: 'You're Athlete's Not Activists'"" cites ""assistant place-kicker coach"" Joe Barron:",False,False,True,insufficient-refutes,checkyourfact
checkyourfact_933_ret_b13_g3,checkyourfact_933,Pittsburgh Steelers coach Mike Tomlin fired two players for kneeling during national anthem,Viral post,"PITTSBURGH -- Players who choose to kneel during the national anthem will have the support of coach Mike Tomlin and the Pittsburgh Steelers organization, the coach said on a video conference call Tuesday. [...] Like many NFL teams, Tomlin and the Steelers last navigated these discussions in 2017 when some players echoed quarterback Colin Kaepernick's 2016 actions by kneeling during the anthem to raise awareness of police brutality -- a move that was lambasted by President Donald Trump. In addition to saying in a speech that NFL owners should ""get that son of a bitch off the field"" if a player kneeled, he said they should fire or suspend players who protested the national anthem. That year, the Steelers stressed unity and wanted to stay in the locker room together during the national anthem at Chicago's Soldier Field in late September, and the typically football-focused Tomlin said his team ""wouldn't play politics.""",False,False,True,insufficient-refutes,checkyourfact
checkyourfact_933_ret_b3_gn,checkyourfact_933,Pittsburgh Steelers coach Mike Tomlin fired two players for kneeling during national anthem,Viral post,"A post shared on social media purports that the head coach of the Pittsburgh Steelers Mike Tomlin has fired two players for kneeling during the National Anthem. [...] The Facebook post purports that Tomlin fired his players for disrespecting the National Anthem. The post shows side-by-side images, one of Tomlin and the other a Steeler player kneeling. The caption reads, ""Mike Tomlin Just Fired Two Players After They Knelt During National Anthem",False,False,True,insufficient-supports,checkyourfact
checkyourfact_933_ret_bn_g0,checkyourfact_933,Pittsburgh Steelers coach Mike Tomlin fired two players for kneeling during national anthem,Viral post,"Pittsburgh Kneelers? Post claiming Steelers cut 2 players who knelt is satire | Fact check [...] ""Mike Tomlin Just Fired Two Players After They Knelt During National Anthem,"" reads the post's caption. [...] There is no credible record of the Steelers releasing any players who knelt during the national anthem, and Tomlin previously expressed support for those who kneel. The post was published and shared by a satirical website that includes a disclaimer that states, ""Nothing on this page is real.""",False,False,True,refutes,checkyourfact
checkyourfact_936,checkyourfact_936,claims President Donald Trump volunteered his airline Tower Air to bring American soldiers home during Operation Desert Storm,Viral Story,"Trump was never the owner of Tower Air. His airline, Trump Shuttle, operated flights between New York, Boston and Washington D.C. from 1989 to 1992.",False,True,True,refutes,checkyourfact
checkyourfact_936_ret_b2_gn,checkyourfact_936,claims President Donald Trump volunteered his airline Tower Air to bring American soldiers home during Operation Desert Storm,Viral Story,"The rumor emerged in a widely circulated open letter by a man named Ron Knouse arguing that Donald Trump’s airline, Trump Shuttle, provided free flights to veterans returning from Operation Desert Storm in the early 1990s. In the letter, its author claims that Trump’s airline gave stranded soldiers free transport home, but that media outlets had failed to report on his good deed. [...] The planes waiting were from Tower Air. The owner of Tower Air had volunteered his planes and staff to bring soldiers home for the cost of fuel only. Happily, the young veteran got home just in time for Easter weekend in 1991, and spent that time emotionally healing with friends and family surrounding him. That Private was me. The Airline owner – Donald J Trump. That is why I will vote Trump. Loyalty for loyalty, respect for respect. Any questions? [...] Tower Air, on the other hand, contracted with the Department of Defense to provide charter flights around the time of the Gulf War, according to a New York Times report. But we weren’t able to find anything linking Trump to Tower Air. Zev Melamid, Mordechi Gill, Morris Nachtomi and Sam Fondlierprovid established the airline in 1982, Airline History records show. Tower Air provided passenger service from New York to Brussels and Tel Aviv, a line previously operated by Metro International Airways, according to the World Airline Directory.",False,False,True,refutes,checkyourfact
checkyourfact_936_ret_bn_g0,checkyourfact_936,claims President Donald Trump volunteered his airline Tower Air to bring American soldiers home during Operation Desert Storm,Viral Story,"A viral Facebook post depicts President Donald Trump as a generous airline owner who donated his planes to transport American soldiers home from Saudi Arabia in 1991. But the details don’t square with what happened. [...] ""Finally, the buses came and took the young man to the airport. The planes waiting were from Tower Air. The owner of Tower Air had volunteered his planes and staff to bring soldiers home for the cost of fuel only. Happily, the young veteran got home just in time for Easter weekend in 1991 and spent that time emotionally healing with friends and family surrounding him… ""The Airline owner – Donald J Trump. [...] TruthorFiction, Did Donald Trump’s Tower Air Transport Soldiers Home From the First Gulf War?, March 4, 2016",False,False,True,insufficient-contradictory,checkyourfact
checkyourfact_936_ret_bn_g18,checkyourfact_936,claims President Donald Trump volunteered his airline Tower Air to bring American soldiers home during Operation Desert Storm,Viral Story,"A viral Facebook post claims President Donald Trump volunteered his airline Tower Air to bring American soldiers home from Operation Desert Storm. Trump was never the owner of Tower Air. His airline, Trump Shuttle, operated flights between New York, Boston and Washington D.C. from 1989 to 1992. [...] Yet, while Tower Air did charter overseas passenger and cargo flights for the Department of Defense in the 90s, the airline was never owned by Trump. Tower Air was founded by Morris Nachtomi, Zev Melamid, Mordechi Gill and Sam Fondlier, according to Airline History records. It ceased operations in 2002.",False,False,True,refutes,checkyourfact
checkyourfact_936_ret_bn_g3,checkyourfact_936,claims President Donald Trump volunteered his airline Tower Air to bring American soldiers home during Operation Desert Storm,Viral Story,"It seemed like such a sweet story — Donald Trump sending his personal plane down to Camp Lejeune, N.C., when 200 Marines were stranded after fighting in the 1991 Persian Gulf War. At least that is the story that Sean Hannity of Fox News has touted on his website for several months. [...] ""Stickney recalls being told that a mistake had been made within the logistics unit and that an aircraft wasn’t available to take the Marines home on their scheduled departure date,"" Hannity.com reported. But then Trump supposedly came to the rescue: ""The way the story was told to us was that Mr. Trump found out about it and sent the airline down to take care of us,"" Stickney said. [...] But Kondra said the notion that Trump personally arranged to help the stranded soldiers made little sense. ""I certainly was not aware of that. It does not sound reasonable that it would happen like that. It would not fit in with how we did business,"" he told The Fact Checker. ""I don’t even know of how he would have known there was a need.""",False,False,True,insufficient-refutes,checkyourfact
checkyourfact_937,checkyourfact_937,"purports U.S. Marine Corps Gen. David H. Berger is allegedly 'missing in action' and hasn't been seen since Jan. 6, 2023",Post,The claim stems from a satirical website. There is no evidence supporting the purported claim.,False,True,True,refutes,checkyourfact
checkyourfact_937_ret_b15_gn,checkyourfact_937,"purports U.S. Marine Corps Gen. David H. Berger is allegedly 'missing in action' and hasn't been seen since Jan. 6, 2023",Post,"General (Retired)David H. Berger [...] General (Retired) David H. Berger served as the Commandant of the Marine Corps from July 11, 2019 to July 10, 2023. [...] General Berger’s staff and joint assignments include serving as Assistant Division Commander of 2d Marine Division; policy planner in the Strategic Plans and Policy Directorate, J-5; Chief of Staff for Kosovo Force (KFOR) Headquarters in Pristina, Kosovo; and Director of Operations in Plans, Policies, and Operations, Headquarters, U.S. Marine Corps; Deputy Commandant for Combat Development and Integration.",False,False,True,refutes,checkyourfact
checkyourfact_937_ret_b1_gn,checkyourfact_937,"purports U.S. Marine Corps Gen. David H. Berger is allegedly 'missing in action' and hasn't been seen since Jan. 6, 2023",Post,"A post shared on Facebook purports U.S. Marines allegedly rescued their commandant, Gen. David H. Berger, from a Central Intelligence Agency (CIA) ""safehouse."" [...] The Facebook post purports U.S. Marines allegedly rescued Berger from a CIA ""safehouse."" The post further claims that the Marines stormed the ""safehouse"" near Cedarville, California, following a tip from an ex-CIA operative. [...] The article is a follow-up to an earlier article posted on the site purporting Berger was ""missing in action"" after he allegedly disappeared from Camp Pendleton on Jan. 6. (RELATED: Did David Berger Step Down As Marine Corps General Following A Conversation With Donald Trump?)",False,False,True,insufficient-refutes,checkyourfact
checkyourfact_937_ret_b3_gn,checkyourfact_937,"purports U.S. Marine Corps Gen. David H. Berger is allegedly 'missing in action' and hasn't been seen since Jan. 6, 2023",Post,"David Hilberry Berger (born December 21, 1959) is a retired United States Marine Corps general who served as the 38th commandant of the Marine Corps from 2019 to 2023. [...] - ^ a b c d Loewensen, Irene (July 21, 2023). ""David Berger's journey from Navy ROTC to 'boldest' Marine commandant"". Marine Corps Times. [...] - ^ a b Reinwald, Mary H. (October 12, 2022). ""General David H. Berger"". Marine Corps Association.",False,False,True,insufficient-neutral,checkyourfact
checkyourfact_939,checkyourfact_939,"Former President Donald Trump claimed Florida Gov. Ron DeSantis ""sort of mandated"" the COVID-19 vaccine.",Donald Trump,"While DeSantis has expressed support for COVID-19 vaccines, he did not mandate them. DeSantis signed legislation that banned COVID-19 vaccine passports and vaccine mandates in 2021.",False,True,True,refutes,checkyourfact
checkyourfact_939_ret_b7_gn,checkyourfact_939,"Former President Donald Trump claimed Florida Gov. Ron DeSantis ""sort of mandated"" the COVID-19 vaccine.",Donald Trump,"Former President Donald Trump appeared to take a shot at Florida Gov. Ron DeSantis over his refusal to disclose whether he’s received a Covid-19 booster shot in a new interview with the far-right channel One America News. [...] DeSantis told Fox Business host Maria Bartiromo back in December that he had ""done whatever I did, the normal shot"" when asked if he received a third dose of the coronavirus vaccine. The rest of his response focused on his opposition to vaccine mandates as governor, saying the Covid-19 vaccine and subsequent booster shots should be ""people’s individual decision."" [...] ""President Trump did not mention Governor DeSantis in that interview, so I wouldn’t want to make assumptions. Governor DeSantis has always been clear about his position on Covid-19 vaccination and boosters: the shots should be available to all but mandated for none, and the choice to get a vaccine or booster is an individual’s private medical decision,"" Pushaw said.",False,False,True,insufficient-neutral,checkyourfact
checkyourfact_939_ret_b9_gn,checkyourfact_939,"Former President Donald Trump claimed Florida Gov. Ron DeSantis ""sort of mandated"" the COVID-19 vaccine.",Donald Trump,"Former President Donald Trump took aim at Ron DeSantis Saturday, claiming the Florida governor and his team are ""trying to rewrite history"" regarding their Covid-19 pandemic response, and called the potential presidential run by his GOP rival ""very disloyal."" [...] ""I had governors that decided not to close a thing and that was up to them,"" he said. The former president also took aim at DeSantis’ shifting posture on vaccines, saying the Florida governor had ""changed his tune a lot."" That claim comes after DeSantis called on state lawmakers this month to make permanent existing penalties for companies that require all employees get the Covid-19 vaccination.",False,False,True,insufficient-supports,checkyourfact
checkyourfact_939_ret_bn_g0,checkyourfact_939,"Former President Donald Trump claimed Florida Gov. Ron DeSantis ""sort of mandated"" the COVID-19 vaccine.",Donald Trump,"Trump claimed that Florida under DeSantis ""sort of had a mandate"" on Covid-19 vaccines. In fact, DeSantis never imposed any kind of Covid-19 vaccine mandate. Defending himself against criticism from DeSantis, Trump claimed that he would not have given Dr. Anthony Fauci a presidential commendation and does not know who gave Fauci such a commendation. In fact, it was him, Donald Trump. [...] Trump, criticizing DeSantis’ handling of the Covid-19 pandemic, claimed: ""I never had mandates. But Florida sort of had a mandate because they were giving the vaccine, they were demanding everybody take the vaccine."" [...] This was not one-time loose language from Trump. He made roughly the same false claim in a June interview with another conservative host, saying, while speaking of DeSantis and Covid-19 vaccines, ""I guess he sort of mandated it.""",False,False,True,refutes,checkyourfact
checkyourfact_939_ret_bn_g1,checkyourfact_939,"Former President Donald Trump claimed Florida Gov. Ron DeSantis ""sort of mandated"" the COVID-19 vaccine.",Donald Trump,"Ron DeSantis mandated COVID-19 vaccines in Florida? No, that Donald Trump claim rates Pants on Fire! [...] As a new COVID-19 booster rolls out nationwide, former President Donald Trump accused one of his 2024 campaign rivals, Florida Gov. Ron DeSantis, of previously forcing people to take the vaccine. [...] Trump said, ""Florida sort of had a mandate because they were giving the vaccine, they were demanding everybody take the vaccine.""",False,False,True,supports,checkyourfact
checkyourfact_944,checkyourfact_944,"Claims that former South African President Nelson Mandela once stated, ""Fools multiply when wise men are silent.""",Viral Quote,The Daily Caller News Foundation found no evidence that Mandela ever made this statement.,False,True,True,refutes,checkyourfact
checkyourfact_944_ret_bn_g0,checkyourfact_944,"Claims that former South African President Nelson Mandela once stated, ""Fools multiply when wise men are silent.""",Viral Quote,"FACT CHECK: Did Nelson Mandela Say, ‘Fools Multiply When Wise Men Are Silent’? The Facebook page U.S. Democratic Voices shared an image that claims former South African President Nelson Mandela once stated, ""Fools multiply when wise men are silent."" The Daily Caller News Foundation found no evidence that Mandela ever made this statement.",False,False,True,refutes,checkyourfact
checkyourfact_944_ret_bn_g15,checkyourfact_944,"Claims that former South African President Nelson Mandela once stated, ""Fools multiply when wise men are silent.""",Viral Quote,"Fact Check: Did Mandela say 'Fools multiply when wise men are silent'? An American page recently shared a quote they claim to be from the late Nelson Mandela, saying that 'Fools multiply when wise men are silent'. Briefly.co.za has a look to see if there is any truth to this. [...] U.S. Democratic Voices recently shared a questionable Nelson Mandela quote, claiming that the late icon had said:",False,False,True,insufficient-neutral,checkyourfact
checkyourfact_953,checkyourfact_953,purports to show a mom remove an LGBTQ+ pride flag from a classroom,Video,The video is a skit from comedian Jibrizy. The video does not authentically show a mom removing an LGBTQ+ pride flag from a classroom.,False,True,True,refutes,checkyourfact
checkyourfact_953_ret_b12_gn,checkyourfact_953,purports to show a mom remove an LGBTQ+ pride flag from a classroom,Video,"But this labeling and banning of the flags sends a message beyond politics. Experts tell The 19th that removing Pride flags from classrooms could have dire mental health effects on LGBTQ+ students, many of whom are still in the early stages of navigating their identities and looking for signs of acceptance from the adults around them. [...] ""If they’re up and they’re forced to take them down, the message is clear that there’s no welcome symbol in that space,"" he said. An LGBTQ+ flag in a teacher’s classroom is a sign that students can come to them for support — even if they never need it, they have the safety in knowing that it’s there, Johnson said. [...] Monica Ghabrial, who has a doctorate in philosophy and is studying trans and nonbinary health at Western University, wrote over email that removing Pride flags — which removes signs of a welcoming environment — could increase LGBTQ+ students’ risk of poor responses to stress, both emotionally and physically.",False,False,True,insufficient-supports,checkyourfact
checkyourfact_953_ret_bn_g7,checkyourfact_953,purports to show a mom remove an LGBTQ+ pride flag from a classroom,Video,"The school’s principal was ordered to remove the flags last month at the direction of administrators over Alpine School District — the largest school district in Utah — hoping to avoid becoming the focus of the latest cultural firestorm surrounding teachers. Recent outcry from conservative parents across the state and the country have labeled educators who support the LGBTQ+ community with rainbow flags as ""groomers"" and ""pedophiles,"" suggesting the symbols are sexual and don’t belong in schools. [...] As soon as the parent pointed out the pride flag, the picture was removed. It was reposted by the school shortly later, cropped to remove the flag. It was deleted again when more parents commented that it still showed nine smaller pride flags — representing identities and intersections within the LGBTQ+ community — sitting in a neat line above the day’s lesson plan. Cutting those out wouldn’t be possible without also cropping the teacher and student. The photo wasn’t reposted. [...] But Brown said she and other students weren’t satisfied. Even the pride flags that had been in the classroom of the teacher who led the school’s gay-straight alliance club were removed. Some questioned how those weren’t considered educational, as they were directly related to a school-approved group, which 40 to 50 kids at Skyridge participate in.",False,False,True,insufficient-neutral,checkyourfact
checkyourfact_958,checkyourfact_958,"Claims that author Ernest Hemingway once said, ""There is nothing to writing. All you do is sit down at a typewriter and bleed.""",Viral Quote,There is no evidence that Hemingway said this quote. The first known attribution to the novelist appeared years after his death.,False,True,True,refutes,checkyourfact
checkyourfact_958_ret_b12_gn,checkyourfact_958,"Claims that author Ernest Hemingway once said, ""There is nothing to writing. All you do is sit down at a typewriter and bleed.""",Viral Quote,"The sheer volume of work that many authors produced on single machines is staggering. Ernest Hemingway, who often typed standing up, used only a few typewriters throughout his entire career. Brilliant in its simplicity, the typewriter was itself an inspiration to many, an open portal through which to channel inspiration. It’s easy to imagine that over extended periods of intense concentration, the user and machine began to share certain qualities, much like an owner and pet starting to show a resemblance. Or maybe writers chose the typewriters they did because of a connection they felt at the outset, an intuitive nod to the grueling and rewarding partnership they were entering into. As Hemingway put it, ""There is nothing to writing.",False,False,True,insufficient-supports,checkyourfact
checkyourfact_958_ret_b1_gn,checkyourfact_958,"Claims that author Ernest Hemingway once said, ""There is nothing to writing. All you do is sit down at a typewriter and bleed.""",Viral Quote,"Yet, with the addition of existential theory, we see that the act of writing also involves a universal aspect – an endeavor to create meaning not just for oneself, but for others as well. The act of bleeding onto the page becomes a shared experience, as readers connect with the writer's vulnerability and find solace or inspiration in their words.In this light, Hemingway's quote takes on a deeper significance. It serves as a reminder that writing is not solely about the author's catharsis or self-expression; it is also a potent form of communication that can transcend boundaries of time, place, and culture. When a writer 'bleeds' through their words, they invite readers to share in their experiences and emotions, creating a profound sense of connection and understanding.In conclusion, Ernest Hemingway's quote, 'There is nothing to writing. All you do is sit down at a typewriter and bleed,' carries a multifaceted meaning. It initially captures the personal and raw nature of writing, emphasizing the vulnerability and honesty required to create meaningful work.",False,False,True,supports,checkyourfact
checkyourfact_958_ret_bn_g14,checkyourfact_958,"Claims that author Ernest Hemingway once said, ""There is nothing to writing. All you do is sit down at a typewriter and bleed.""",Viral Quote,"Although Hemingway’s achievement is certainly enviable, the desire to equal his literary greatness turns out to be a Faustian bargain: his genius could only be attained through a life of suffering. On more than one occasion he was asked to author a book on his approach to writing. Not surprisingly, he never agreed to write it.""There is nothing to writing,"" he said.""All you do is sit down at a typewriter and bleed."" Hemingway understood that good writing was not the product of a masterful technique. Instead, good writing is the expression of meaningful experiences. For Hemingway, these were experiences of pain expressed in the blunt language of reality. The cost of achieving such glory was the subjection of his soul to a lifetime of torture. Had his life been happy, his great writings would have never even been imagined. [...] So to my friend I must apologize: I should have told you the importance of not being Ernest. Whenever you have the choice, you ought to opt for happiness. A life nailed to Hemingway’s cross of self-loathing – however legendary – will simply bleed out.",False,False,True,supports,checkyourfact
checkyourfact_958_ret_bn_g3,checkyourfact_958,"Claims that author Ernest Hemingway once said, ""There is nothing to writing. All you do is sit down at a typewriter and bleed.""",Viral Quote,"The Bloody Typewriter: What Every Writer Needs to Know According to Hemingway ""There’s nothing to writing, all you do is sit down at a typewriter and bleed."" Ernest Hemingway supposedly said that. Many attribute the quote to other writers. But Hemingway is the focus of this blog, so we’re going to say it’s a Hemingway quote, for now. [...] To sit down and ""bleed"" at your keyboard will likely result in crap. You’ll need to bleed and then sweat, working hard to make the bleeding worth your reader’s time.",False,False,True,insufficient-contradictory,checkyourfact
checkyourfact_963,checkyourfact_963,purports CNBC published an article linking AMC Theatres to the recent Silicon Valley Bank collapse,Post,The article is digitally fabricated. A CNBC spokesperson denied the outlet published the purported article in an email to Check Your Fact.,False,True,True,refutes,checkyourfact
checkyourfact_963_ret_b0_gn,checkyourfact_963,purports CNBC published an article linking AMC Theatres to the recent Silicon Valley Bank collapse,Post,FACT CHECK: Did CNBC Publish An Article Linking AMC Theatres To The Recent Silicon Valley Bank Collapse?,False,False,True,insufficient-neutral,checkyourfact
checkyourfact_963_ret_b2_gn,checkyourfact_963,purports CNBC published an article linking AMC Theatres to the recent Silicon Valley Bank collapse,Post,"CNBC did not publish article linking US movie theatre group AMC to Silicon Valley Bank collapse [...] (Reuters) - Social media users are sharing a screenshot of a purported CNBC report that links U.S. movie theater chain AMC Entertainment Holdings Inc to the Silicon Valley Bank (SVB) collapse, but the CNBC report is fabricated. [...] The screenshot shows an apparent CNBC.com article carrying the byline of CNBC reporter Tanaya Macheel, dated March 12 and titled ""AMC Theatres linked to Silicon Valley Bank’s collapse: What happened?""",False,False,True,refutes,checkyourfact
checkyourfact_963_ret_b4_gn,checkyourfact_963,purports CNBC published an article linking AMC Theatres to the recent Silicon Valley Bank collapse,Post,"Thanks to a community on Reddit, AMC Theatres saw blockbuster success with Wednesday morning's opening of the stock market, as shares of the movie theater chain soared up by almost 300 percent. The ""SaveAMC"" campaign not only spread quickly on Reddit, but also trended high on Twitter and TikTok.",False,False,True,insufficient-neutral,checkyourfact
checkyourfact_963_ret_b6_gn,checkyourfact_963,purports CNBC published an article linking AMC Theatres to the recent Silicon Valley Bank collapse,Post,"AMC Theaters is the latest stock to have gotten caught in a meme wave. But this time, the company seems to be taking advantage of the ride. [...] BERAS: AMC Theatres, the largest movie theater chain in the country. She'd never bought stock, but she loves the movies. So Brooks picked up a hundred shares at just over $7 apiece. That's despite the fact that AMC Theatres had been pretty close to bankruptcy. For Brooks, it wasn't just about buying stocks in a company she believes she's saving.",False,False,True,insufficient-supports,checkyourfact
checkyourfact_966,checkyourfact_966,purports the National Gallery in London is removing a famous painting because one of the figures resembles Russian President Vladimir Putin,Post,The claim is false. A spokesperson for the National Gallery in London denied the gallery was removing the painting.,False,True,True,refutes,checkyourfact
checkyourfact_966_ret_b0_gn,checkyourfact_966,purports the National Gallery in London is removing a famous painting because one of the figures resembles Russian President Vladimir Putin,Post,"A post shared on Twitter purports the National Gallery in London is removing Jan van Eyck’s ""The Arnolfini Portrait"" because one of the figures in the painting resembles Russian President Vladimir Putin. [...] The post alleges the London gallery is planning to remove the painting due to the depiction of a person too closely resembling Putin. ""BELIEVE IT OR NOT A London gallery wants to remove the Jan van Eyck painting after frequent complaints from visitors about the likeness of the figure in the painting to Putin. By the way, the painting was created in 1434,"" the Twitter post, viewed over one million times, purports. The claim is false. There are no credible news reports suggesting the gallery is removing the painting. Likewise, the claim neither appears on the National Gallery in London’s website nor its verified social media accounts. In addition, the Kremlin has not publicly addressed the purported claim.",False,False,True,refutes,checkyourfact
checkyourfact_966_ret_b1_gn,checkyourfact_966,purports the National Gallery in London is removing a famous painting because one of the figures resembles Russian President Vladimir Putin,Post,"No, London gallery isn’t removing painting for Putin likeness CLAIM: The National Gallery in London is removing a portrait by Jan van Eyck due to complaints that the painting resembles Russian President Vladimir Putin. [...] One Twitter post with more than 10,000 likes shared the image with a caption that reads: ""BELIEVE IT OR NOT A London gallery wants to remove a painting by Jan van Eyck after frequent complaints from visitors about the likeness of the figure in the painting to Putin""",False,False,True,refutes,checkyourfact
checkyourfact_966_ret_b9_gn,checkyourfact_966,purports the National Gallery in London is removing a famous painting because one of the figures resembles Russian President Vladimir Putin,Post,"The National Gallery in London is the latest UK institution to remove the Sackler name from its walls. Room 34, which houses works by 17th- and 18th-century British artists, has been called the Sackler Room since 1992, but a sign bearing the family name was removed last week according to the Sunday Times. A scene in the James Bond film Skyfall (2012) shows the British spy with the gadget supremo Q in front of JMW Turner’s painting The Fighting Temeraire (1839), which hangs in Room 34. [...] She adds: ""The removal of names of historic donors is not currently the policy of the V&A, but we have taken note of this statement and will reflect on it. Our trustees keep these questions under regular review.""",False,False,True,insufficient-neutral,checkyourfact
checkyourfact_966_ret_bn_g7,checkyourfact_966,purports the National Gallery in London is removing a famous painting because one of the figures resembles Russian President Vladimir Putin,Post,"Dubbed ""Putin’s Palace,"" the 190,000 square-foot mega-mansion was purportedly built for his personal use with funds from billionaire oligarchs, whom he allegedly allowed to flourish in Russia’s notoriously corrupt economy so long as they shared the wealth – with him. [...] Krivonogikh has declined to comment about Putin to reporters, but her daughter – who had tens of thousands of Instagram followers before recently deleting her account – has acknowledged to interviewers that she shares a resemblance to the President. [...] In the eyes of some longtime Putin observers, the enigmatic Russian leader has shifted his focus from pursuit of wealth to consolidation of power.",False,False,True,insufficient-neutral,checkyourfact
checkyourfact_967,checkyourfact_967,"President Joe Biden claimed in a Sept. 11, 2023 speech that he was in New York City where the World Trade Center towers fell the day after the 9/11 terrorist attacks.",Joe Biden,"Biden was likely in Washington D.C. the entire day. A White House spokesperson pointed to a visit to the site on Sept. 20, 2001.",False,True,True,insufficient-refutes,checkyourfact
checkyourfact_967_ret_b10_gn,checkyourfact_967,"President Joe Biden claimed in a Sept. 11, 2023 speech that he was in New York City where the World Trade Center towers fell the day after the 9/11 terrorist attacks.",Joe Biden,"WASHINGTON — President Joe Biden visited all three sites of the Sept. 11 attacks Saturday as the nation marked the 20th anniversary of that day. [...] Biden — who praised Bush's remarks about the nation's response to 9/11 as ""a genuinely good speech about who we are"" — was marking the milestone anniversary, his first as president, weeks after the Taliban's takeover of Afghanistan nearly two decades after the U.S. first knocked them from power in the wake of the Sept. 11 attacks. [...] At the 10-year mark, Obama also made stops at all three of the sites, speaking at ground zero. Biden, then vice president, spoke at the Pentagon of his empathy for those who lost loved ones that day.",False,False,True,insufficient-neutral,checkyourfact
checkyourfact_967_ret_bn_g6,checkyourfact_967,"President Joe Biden claimed in a Sept. 11, 2023 speech that he was in New York City where the World Trade Center towers fell the day after the 9/11 terrorist attacks.",Joe Biden,"Speaking to the nation in a recorded address yesterday from the White House, the president addressed the nation and the families of the 2,977 people from more than 90 nations who were killed that fateful day at the World Trade Center in New York City, the Pentagon in Washington, D.C., and a countryside field in Shanksville, Pennsylvania — in addition to the thousands more who were injured. ''America and the world commemorate you and your loved ones — the pieces of your soul,'' Biden said, addressing family members of those who perished that day. [...] The Bidens attended the 20th memorial service today at 1 World Trade Center, at ground zero where the World Trade Center Twin Towers were attacked on 9/11. Also in attendance were former president Barack Obama and former first lady Michelle Obama; and former president Bill Clinton and former first lady Hillary Clinton. Former president George W. Bush and former first lady Laura Bush attended the 9/11 memorial service in Shanksville, Pennsylvania, where terrorists overtook United Airlines Flight 93 that day and the plane crashed into a countryside field before it reached its reported destination of the U.S. Capitol.",False,False,True,insufficient-neutral,checkyourfact
checkyourfact_967_ret_bn_g8,checkyourfact_967,"President Joe Biden claimed in a Sept. 11, 2023 speech that he was in New York City where the World Trade Center towers fell the day after the 9/11 terrorist attacks.",Joe Biden,"In a Sept. 11, 2023, speech commemorating the terrorist attacks of 9/11, Biden said he visited the ruins of the World Trade Center at ground zero the day after the attacks took place. The evidence says otherwise. In a commemorative speech on Sept. 11, 2023, the 22nd anniversary of the 9/11 terrorist attacks in which thousands of people died, U.S. President Joe Biden said he remembered standing at ground zero in New York City the next day and looking at the rubble of the fallen World Trade Center: [...] The Congressional Record shows that Biden was in Washington, D.C., that day, not New York City. Not only was he in attendance at a Senate session, but as the chairman of the Foreign Relations Committee managed the discussion prior to a vote that would unanimously confirm a joint resolution condemning the 9/11 attacks.",False,False,True,refutes,checkyourfact
checkyourfact_973,checkyourfact_973,purports Bill Gates turned off his Twitter comments after Elon Musk allegedly exposed him in the latest Twitter files,Post,"The claim is false. Gates disabled Twitter replies from users who don’t follow his verified account in July 2020, Reuters reported.",False,True,True,refutes,checkyourfact
checkyourfact_973_ret_b0_gn,checkyourfact_973,purports Bill Gates turned off his Twitter comments after Elon Musk allegedly exposed him in the latest Twitter files,Post,"A post shared on Facebook purports Microsoft founder Bill Gates turned off his Twitter comments after the platform’s CEO Elon Musk allegedly exposed him in the latest round of the ""Twitter Files."" [...] The Facebook post purports Gates turned off his Twitter comments after Musk allegedly exposed him in the latest round of Twitter Files. The post, which features an image of a tweet, claims Musk ""EXPOSED Gates so hard."" The claim is false. There are no credible news reports suggesting Gates turned off his Twitter comments after Musk allegedly exposed him in the latest round of Twitter Files. Likewise, the claim is neither mentioned on Gates’ website nor on his verified social media accounts. In addition, Musk has not publicly commented on the purported claim.",False,False,True,refutes,checkyourfact
checkyourfact_973_ret_b13_gn,checkyourfact_973,purports Bill Gates turned off his Twitter comments after Elon Musk allegedly exposed him in the latest Twitter files,Post,"Twitter owner Elon Musk spoke out on Saturday evening about the so-called ""Twitter Files,"" a long tweet thread posted by journalist Matt Taibbi, who had been provided with details about behind-the-scenes discussions on Twitter’s content moderation decision-making, including the call to suppress a 2020 New York Post story about Hunter Biden and his laptop. [...] Musk – who claims to have not read the released files himself – said the impetus for the original tweet thread was about what happened in the run-up to the 2020 presidential election and ""how much government influence was there."" [...] Musk on Saturday also criticized the mainstream media for downplaying the ""Twitter Files"" release, while accusing news organizations – particularly the New York Times, the Wall Street Journal and the Washington Post – of ""setting agendas."" In its coverage of the story, the Washington Post had concluded ""it produced no smoking gun.""",False,False,True,insufficient-neutral,checkyourfact
checkyourfact_973_ret_b2_gn,checkyourfact_973,purports Bill Gates turned off his Twitter comments after Elon Musk allegedly exposed him in the latest Twitter files,Post,"Elon Musk’s Twitter Files don’t mention, let alone ""expose"" Bill Gates — fact check - Social media posts claim Elon Musk’s Twitter Files ""exposed"" Bill Gates ""so hard"" that the Microsoft co-founder turned off comments on his tweets. But the Twitter Files, released in December 2022, don’t discuss Gates. And Gates turned off comments in July 2020. ""Elon Musk EXPOSED Bill Gates in the latest twitter files so hard that he has now turned off comments on his Twitter,"" reads a claim circulating on social media in South Africa and elsewhere in January 2023. [...] 🚨 Elon Musk EXPOSED Bill Gates in the latest twitter files so hard that he has now turned off comments on his Twitter. pic.twitter.com/wcSljoVqS4 — Anti WEF (@ANTlWEF) January 16, 2023",False,False,True,refutes,checkyourfact
checkyourfact_973_ret_b3_gn,checkyourfact_973,purports Bill Gates turned off his Twitter comments after Elon Musk allegedly exposed him in the latest Twitter files,Post,"Shortly after Tesla CEO Elon Musk reached a deal to purchase Twitter, a viral social media rumor took off that falsely claimed Musk, the world’s richest man, had immediately banned from the platform another man who once held that title: Bill Gates. ""Damn Elon moves quick,"" said one widely shared tweet, which included a fake screenshot that purported to show an ""account suspended"" notice on Gates’ Twitter account, @BillGates. [...] Reuters, ""Fact Check-Bill Gates not suspended from Twitter after Elon Musk deal to buy platform,"" April 26, 2022",False,False,True,insufficient-neutral,checkyourfact
checkyourfact_979,checkyourfact_979,"House Speaker Nancy Pelosi tweeted, ""I am disgusted with 'President' Trump allowing people to keep more of the money they earn.""",Viral Quote,There is no record of Pelosi ever tweeting this statement. The tweet has been fabricated.,False,True,True,refutes,checkyourfact
checkyourfact_979_ret_b0_gn,checkyourfact_979,"House Speaker Nancy Pelosi tweeted, ""I am disgusted with 'President' Trump allowing people to keep more of the money they earn.""",Viral Quote,"In December 2017, an image purportedly showing an oddly spaced and strangely punctuated message posted to Twitter by House Minority Leader Nancy Pelosi, expressing disgust with President Donald Trump's stance on a recently passed (and highly controversial) tax reform bill, received viral attention: It is this type of wide spread theft of public resources that keeps America from being great ""Mr. President"". [...] — Nancy Pelosi (@NancyPelosi) December 20, 2017",False,False,True,insufficient-neutral,checkyourfact
checkyourfact_979_ret_b3_gn,checkyourfact_979,"House Speaker Nancy Pelosi tweeted, ""I am disgusted with 'President' Trump allowing people to keep more of the money they earn.""",Viral Quote,"Q: Did Nancy Pelosi say, ""I am disgusted with ‘President’ Trump allowing people to keep more of the money they earn""? [...] The phony tweet says: ""I am disgusted with ‘President’ Trump allowing people to keep more of the money they earn. It is this type of wide spread theft of public resources that keeps America from being great ‘Mr. President’."" The fake tweet dates to Dec. 20, 2017, the day that Congress passed tax changes championed by President Donald Trump.",False,False,True,refutes,checkyourfact
checkyourfact_979_ret_b7_gn,checkyourfact_979,"House Speaker Nancy Pelosi tweeted, ""I am disgusted with 'President' Trump allowing people to keep more of the money they earn.""",Viral Quote,"By — Julia Griffin Julia Griffin By — Molly Finnegan Molly Finnegan Leave a comment 0comments Share Copy URL https://www.pbs.org/newshour/politics/watch-trump-tweeted-a-misleading-video-of-nancy-pelosi-heres-the-real-thing Email Facebook Twitter LinkedIn Pinterest Tumblr Share on Facebook Share on Twitter WATCH: Trump tweeted a misleading video of Nancy Pelosi. Here’s the real thing Politics Updated on May 25, 2019 3:13 PM EDT — Published on May 24, 2019 5:36 PM EDT President Donald Trump used Twitter on Thursday to spread an edited video of House Speaker Nancy Pelosi, the latest development in an ongoing fight between the president and the California Democrat. In a tweet that Trump labeled ""PELOSI STAMMERS THROUGH NEWS CONFERENCE,"" the president shared a clip from the Fox Business Network show ""Lou Dobbs Tonight"" in which moments from Pelosi’s weekly news conference on Thursday had been manipulated. In the edited video, Pelosi’s normal pauses and stutters have been edited together to make her appear to stumble over words like ""custody"" and ""border."" In one section (around 12:43), the doctored video repeats a moment three extra times when Pelosi says the words ""there are three things."" What did Nancy Pelosi actually say?",False,False,True,insufficient-neutral,checkyourfact
checkyourfact_994,checkyourfact_994,"President Obama released 500,000 pedophiles from background check database",Viral post,"The claim is inaccurate. Certain fugitives from the database following a definition change, which doesn’t single out pedophiles.",False,True,True,insufficient-neutral,checkyourfact
checkyourfact_994_ret_b5_gn,checkyourfact_994,"President Obama released 500,000 pedophiles from background check database",Viral post,"Did former President Barack Obama remove half a million pedophiles from government online databases? No, that's not true: The claim refers to changes in criminal record-keeping. The Trump administration issued the memo in February 2017 that more narrowly defined a ""fugitive from justice"" as a person with an arrest warrant who had also fled state lines. This resulted in 500,000 people being removed from the National Instant Criminal Background Check System (NICS) Indices who were previously flagged, including but not limited to ""pedophiles."" There is no evidence there were 500,000 pedophiles on the list. A version of the claim that Obama ""removed half a million Pedophiles from Government online databases"" originated in a post shared on Twitter on April 29, 2023, (archived here) with a caption that read: [...] In an email to Lead Stories received May 2, 2023, Lindsay Nichols, policy director of the firearm legislation tracking group Giffords Law Center, said that claims that ""Obama removed half a million Pedophiles from Government online databases"" are inaccurate:",False,False,True,refutes,checkyourfact
checkyourfact_994_ret_bn_g0,checkyourfact_994,"President Obama released 500,000 pedophiles from background check database",Viral post,"No, Obama did not remove 500,000 pedophiles from a background check database | Fact check The claim: Obama removed 500,000 pedophiles from a background check database A May 1 Instagram post (direct link, archive link) shows a screenshot of a 2018 news article with the headline ""Obama Removed 500,000 Pedophiles From Background Check Database.""",False,False,True,insufficient-refutes,checkyourfact
checkyourfact_994_ret_bn_g1,checkyourfact_994,"President Obama released 500,000 pedophiles from background check database",Viral post,"CLAIM: Former President Barack Obama removed 500,000 pedophiles from a background check database. [...] ""Obama Removed 500,000 Pedophiles From Background Check Database,"" reads a headline shared in a screenshot on Instagram. [...] Instead, the story references a Washington Post report from 2017 that covered the fact that tens of thousands of names were removed from the National Instant Criminal Background Check System, or NICS. That purge occurred during former President Donald Trump’s administration, though the Obama administration reportedly played a role.",False,False,True,insufficient-contradictory,checkyourfact
checkyourfact_994_ret_bn_g2,checkyourfact_994,"President Obama released 500,000 pedophiles from background check database",Viral post,"An Instagram post claimed Obama removed 500,000 pedophiles from a background check database. [...] The People’s Voice, Obama Removed 500,000 Pedophiles From Background Check Database, March 15, 2018 [...] USA Today, No, Obama did not remove 500,000 pedophiles from a background check database | Fact check, May 5, 2023",False,False,True,refutes,checkyourfact
checkyourfact_995_ret_b1_gn,checkyourfact_995,Claims the WHO advised the public to not have unprotected sex with animals to prevent the coronavirus?,Evil Shatner,"Explanation: Posts presented an edited version of an image posted by WHO on Twitter in January 27. In the original publication, the organization advised people to avoid contact with wild and farm animals.",False,False,True,refutes,checkyourfact
checkyourfact_995_ret_bn_g4,checkyourfact_995,Claims the WHO advised the public to not have unprotected sex with animals to prevent the coronavirus?,Evil Shatner,"Avoid public displays of affection. [...] - Use condoms correctly or avoid sexual contact, particularly if you are pregnant. [...] Travellers are cautioned to avoid contact with animals, including dogs, livestock (pigs, cows), monkeys, snakes, rodents, birds, and bats, and to avoid eating undercooked wild game.",False,False,True,refutes,checkyourfact
