id,claim_id,claim,claimant,evidence,factcheck_verdict,is_gold,relevant,evidence_stance,fc_source
factly_1006,factly_1006,Prime Minister Modi has initiated a grievance portal (CPGRAMS) upon assuming office for the first time,SOCIAL MEDIA POST,"A revised version of CPGRAMS portal meant to address public grievances was launched in June 2007. In fact, the concept of directly accepting petitions to handle public grievances was initiated as early as 2002. Since then, a total of 8972 grievance petitions were received by the DOP&T and most of the issues were resolved before 90 days of filing the petition as of 31 January 2014. Hence, the claim made in the post is FALSE.",False,True,True,refutes,factly
factly_1006_ret_b0_gn,factly_1006,Prime Minister Modi has initiated a grievance portal (CPGRAMS) upon assuming office for the first time,SOCIAL MEDIA POST,"Any Grievance sent by email will not be attended to / entertained. Please lodge your grievance on this portal. Centralised Public Grievance Redress and Monitoring System (CPGRAMS) is an online platform available to the citizens 24x7 to lodge their grievances to the public authorities on any subject related to service delivery. It is a single portal connected to all the Ministries/Departments of Government of India and States. Every Ministry and States have role-based access to this system. CPGRAMS is also accessible to the citizens through standalone mobile application downloadable through Google Play store and mobile application integrated with UMANG. The status of the grievance filed in CPGRAMS can be tracked with the unique registration ID provided at the time of registration of the complainant. CPGRAMS also provides appeal facility to the citizens if they are not satisfied with the resolution by the Grievance Officer. After closure of grievance if the complainant is not satisfied with the resolution, he/she can provide feedback. If the rating is ‘Poor’ the option to file an appeal is enabled. The status of the Appeal can also be tracked by the petitioner with the grievance registration number.",False,False,True,insufficient-supports,factly
factly_1006_ret_b7_gn,factly_1006,Prime Minister Modi has initiated a grievance portal (CPGRAMS) upon assuming office for the first time,SOCIAL MEDIA POST,"IGMS 2.0, implemented by IIT Kanpur, upgrades DARPG’s CPGRAMS portal with AI ""PM Modi has flagged again and again that Grievance Redressal is important for accountability of the Government and also for the Citizen-centric Governance"": Dr Jitendra Singh [...] With a ballooning caseload of problems being raised by the common man and their trust in the timebound redressal of their grievances, close to 20 lakh grievances are received annually on the CPGRAMS portal. In view of the large number of grievances, the classification and monitoring of grievances cannot be done manually. Thus, the IGMS portal will help the DARPG with creation of draft letter for selected scheme/ministry and expedite the grievance redressal process by the concerned ministry/department. Speaking on the occasion, Dr Jitendra Singh, said Prime Minister Shri Narendra Modi has flagged again and again that Grievance Redressal is important for accountability of the Government and also for the Citizen-centric Governance. A more robust human interface mechanism including Counselling post-resolution of the grievance has also been introduced.",False,False,True,supports,factly
factly_1006_ret_bn_g0,factly_1006,Prime Minister Modi has initiated a grievance portal (CPGRAMS) upon assuming office for the first time,SOCIAL MEDIA POST,"A social media post claims that Prime Minister Modi has reportedly initiated a grievance portal upon assuming office, allowing citizens to directly communicate with the Prime Minister’s Office (PMO). The post also includes a video featuring a woman who shares her positive experience of having her issue resolved after lodging a complaint on this portal. Through this article let’s fact-check the claim made in the post. [...] The viral post refers to the Centralized Public Grievance Redress and Monitoring System (CPGRAMS), as the grievance redressal mechanism initiated by PM Modi after assuming office in 2014. [...] To sum it up, the CPGRAMS portal meant to address public grievances was launched much before PM Modi assumed office in 2014.",False,False,True,refutes,factly
factly_101,factly_101,Under the new criminal laws electronic messages can be used as evidence in court.,Social Media User,"Under the new criminal laws, electronic records are designated as primary evidence, whereas under the old laws, electronic evidence was generally regarded as ‘secondary evidence’ unless the device itself was produced in court. There have been numerous instances where courts considered electronic records such as WhatsApp messages as evidence under the old criminal laws. Hence, the claim made in the post is PARTLY TRUE.",Half True,True,True,supports,factly
factly_101_ret_b14_gn,factly_101,Under the new criminal laws electronic messages can be used as evidence in court.,Social Media User,"Introduction to using digital evidence in court cases: In today's digital age, the use of electronic communication has become increasingly prevalent. From social media platforms to instant messaging apps like WhatsApp, people are constantly communicating and sharing information through various digital channels. As a result, the courts have had to adapt to this new form of evidence and determine its admissibility in legal proceedings. Digital evidence refers to any type of information or data that is stored or transmitted electronically and can be used as proof in a court case. This includes text messages, emails, social media posts, GPS location data, and more. Such evidence can play a crucial role in legal cases as it provides concrete proof of conversations or actions that may have taken place. The use of digital evidence has become particularly relevant in criminal cases where it can help establish timelines, corroborate witness statements, and even provide alibis. In civil cases, it can be used to prove agreements between parties or document instances of harassment or discrimination. However, the admissibility of digital evidence in court cases is not always straightforward.",Half True,False,True,insufficient-supports,factly
factly_101_ret_b15_gn,factly_101,Under the new criminal laws electronic messages can be used as evidence in court.,Social Media User,"Electronic evidence can be used against a person in a court of law. The main purpose of electronic evidence is to help to prove a person’s guilt or innocence in a court of law. [...] Text messages: Text messages are an example of electronic evidence. They can be used to prove that you were in contact with someone and details of your communication in line with the matter in issue. [...] Electronic evidence evidence can be used in court cases to prove or disprove that a certain event happened. It is usually considered more reliable than other forms of evidence, such as physical evidence. However, there are some issues with electronic evidence. For example, it can be destroyed or modified by the defendant. It may also be difficult to find the defendant’s original data.",Half True,False,True,supports,factly
factly_101_ret_b19_gn,factly_101,Under the new criminal laws electronic messages can be used as evidence in court.,Social Media User,"The criminalization of certain electronic communication under the BNS is supplemented by the BSA recognizing electronic records like emails, voicemails, location data, etc. as evidence. Under the erstwhile Evidence Act, the acceptable formats of electronic evidence were restricted to paper, optical, or magnetic forms such as CD ROMs. The BSA has now included semiconductor memory like SD cards as a format of electronic evidence and communication devices as a source of electronic records.[3] Consequently, messages, chats, or voice recordings on mobile phones can be produced before courts as evidence. The BSA has not only expanded the sources of electronic evidence but has also enhanced its significance. Previously the Evidence Act classified electronic records only as secondary evidence. If an original document, considered primary evidence, is unavailable, secondary evidence such as copies or descriptions can be presented to the court with its prior approval. Section 57 of the BNS now classifies electronic records as primary evidence and Section 61 declares that they have the same value as physical documents.",Half True,False,True,supports,factly
factly_101_ret_b3_gn,factly_101,Under the new criminal laws electronic messages can be used as evidence in court.,Social Media User,"Like social media posts and other forms of digital communication, text messages can be used as evidence in court and can be instrumental in the outcome of both criminal and civil cases. [...] Text messages can be used to prove wrongdoing or support a defense position in a wide variety of court cases, ranging from family law matters like divorce and child custody to personal injury lawsuits to criminal trials. [...] In the wake of the Supreme Court ruling in June to overturn Roe v. Wade, concerns are on the rise about the potential use of text messages, location data, and other digital information to punish people who discuss or search for information about access to abortion services. In the past, text messages have been used as evidence on a number of occasions against women facing criminal charges related to the end of their pregnancies.",Half True,False,True,insufficient-supports,factly
factly_1024_ret_b11_gn,factly_1024,"In Britain, the country which ruled India for 200 years, Modi was the head of the meeting which was attended by the heads of 53 countries.",FACEBOOK POST,"British Rule or British Raj in India refers to the period of British colonialism in the Indian subcontinent. The British crown has direct control over India. They ruled from the mid-18th century until India gained independence in 1947. The rise of British power in India started in 1757 and they ruled for 200 years till 1947. The rule is known as colonialism. British rule is known for economic exploitation, political oppression, and cultural imperialism. [...] The impact of British rule in India was very deep and far-reaching. It has impacted every aspect of Indian society and culture. Let us look at the impact of British Rule in India for IAS exam. [...] We hope all your doubts related to the topic of ""British Rule in India"" are addressed after going through this article. Testbook provides comprehensive notes for Civil services and various other competitive examinations. It has always assured the quality of its product like content pages, live tests, GK and current affairs, mocks, and so on. Ace your UPSC preparation with Testbook. Download the Testbook App now!",False,False,True,insufficient-supports,factly
factly_1024_ret_b12_gn,factly_1024,"In Britain, the country which ruled India for 200 years, Modi was the head of the meeting which was attended by the heads of 53 countries.",FACEBOOK POST,"After two centuries of imperial rule, the proximate cause of India’s independence was the economic damage Britain suffered after World War II — a war, it should be remembered, in which 2.5 million Indians also fought. When the time came to pack up and return home, Britain tasked a London barrister named Sir Cyril Radcliffe with drawing the lines on the map that would partition the colony into two dominions, India and Pakistan, and settle the fate of hundreds of millions of people. Radcliffe, who had never been to India before, showed little interest in the people living there, and was given just 40 days to complete his work. In a poem titled ""Partition,"" W. H. Auden memorialized the image of an unprepared lawyer amputating an entire subcontinent:",False,False,True,insufficient-neutral,factly
factly_1024_ret_b4_gn,factly_1024,"In Britain, the country which ruled India for 200 years, Modi was the head of the meeting which was attended by the heads of 53 countries.",FACEBOOK POST,"Key points - By the time India and Pakistan became independent nations in 1947, Britain had controlled much of the region for nearly 200 years. [...] - There were many organisations and key individuals who helped bring British rule over India to an end. [...] The end of British rule in India",False,False,True,insufficient-neutral,factly
factly_1027,factly_1027,"The visuals of water boiling under pits formed on a highway in Veracruz, Mexico, are a result of volcanic activity in Mexico’s Popocatepetl volcanic mountain",SOCIAL MEDIA POST,"This video does not depict an incident in Mexico but rather an incident in Guayaquil, Ecuador. A fire broke under an overpass on Pedro Menendez Gilbert Avenue, Guayaquil. The cause of this fire is not a volcanic eruption. Hence the claim made in the post is False.",False,True,True,refutes,factly
factly_1027_ret_bn_g0,factly_1027,"The visuals of water boiling under pits formed on a highway in Veracruz, Mexico, are a result of volcanic activity in Mexico’s Popocatepetl volcanic mountain",SOCIAL MEDIA POST,"Amid reports of volcanic activity in Mexico’s Popocatepetl volcano or ‘El Popo,’ a video has been circulating on social media showing water boiling under a highway road. The post claims that this incident occurred in Veracruz, Mexico, attributing it to volcanic activity in El Popo. Let’s fact-check this claim to determine its accuracy. [...] Fact: This video does not depict an incident in Mexico but rather an incident in Guayaquil, Ecuador. A fire broke under an overpass on Pedro Menendez Gilbert Avenue, Guayaquil. The cause of this fire is not a volcanic eruption. Hence the claim made in the post is False. [...] To sum up, the video misattributes an incident in Ecuador to the streets of Veracruz, Mexico, and falsely connects it to volcanic activity.",False,False,True,refutes,factly
factly_1027_ret_bn_g6,factly_1027,"The visuals of water boiling under pits formed on a highway in Veracruz, Mexico, are a result of volcanic activity in Mexico’s Popocatepetl volcanic mountain",SOCIAL MEDIA POST,"Popocatepetl volcano is 5452 m in altitude and capped by glaciers with a long Late Pleistocene-Holocene history. Volcanic activity has been intense during the last 10 000 years. Therefore, the valleys at the NE foothills of the volcano, covered by air-fall ejecta and drained by the runoff of the glaciers, became very attractive to ancient inhabitants of the Xalizintla Valley (XV) west of Puebla City, because of fertility of soils. The XV was occupied by humans about 2000 years ago who witnessed five events related to volcanic activity related to Popo. These events, described in this paper, are being taken into account for volcanic risk evaluation since several towns with a population of more than 23 000 people reoccupied again the Xalizintla Valley. [...] NASA Terra spacecraft shows Mexico active Popocatepetl volcano, located about 40 miles southeast of Mexico City, spewing water vapor, gas, ashes and glowing rocks since its most recent eruption period began in April 2012.",False,False,True,insufficient-supports,factly
factly_1027_ret_bn_g8,factly_1027,"The visuals of water boiling under pits formed on a highway in Veracruz, Mexico, are a result of volcanic activity in Mexico’s Popocatepetl volcanic mountain",SOCIAL MEDIA POST,"Popocatepetl volcano is 5452 m in altitude and capped by glaciers with a long Late Pleistocene-Holocene history. Volcanic activity has been intense during the last 10 000 years. Therefore, the valleys at the NE foothills of the volcano, covered by air-fall ejecta and drained by the runoff of the glaciers, became very attractive to ancient inhabitants of the Xalizintla Valley (XV) west of Puebla City, because of fertility of soils. The XV was occupied by humans about 2000 years ago who witnessed five events related to volcanic activity related to Popo. These events, described in this paper, are being taken into account for volcanic risk evaluation since several towns with a population of more than 23 000 people reoccupied again the Xalizintla Valley.",False,False,True,insufficient-supports,factly
factly_1038,factly_1038,Black money (undisclosed foreign income and assets) and imposition of tax Act 2015 enacted.,Govt. of India,The BJP government published an infographic on the 48-months portal that makes four claims about enabling legislations to curb corruption. This article is a fact check of the claims.,True,True,True,insufficient-neutral,factly
factly_1038_ret_bn_g2,factly_1038,Black money (undisclosed foreign income and assets) and imposition of tax Act 2015 enacted.,Govt. of India,"Black Money (Undisclosed Foreign Income and Assets) and Imposition of Tax Act, 2015 is an Act of the Parliament of India. It aims to curb black money, or undisclosed foreign assets and income and imposes tax and penalty on such income. The Act has been passed by both the Houses of the Parliament. The Act has received the assent of the President of India on 26 May 2015.[1][2] It came into effect from 1 July 2015. [...] See also [edit]References [edit]- ^ ""Black Money (Undisclosed Foreign Income and Assets) and Imposition of Tax Act, 2015"" (PDF). 26 May 2015. Retrieved 29 May 2015. [...] - ^ a b c d e f g h ""BLACK MONEY (UNDISCLOSED FOREIGN INCOME AND ASSETS) AND IMPOSITION OF TAX ACT, 2015;"". www.incometaxindia.gov.in. Retrieved 7 September 2018.",True,False,True,supports,factly
factly_1038_ret_bn_g8,factly_1038,Black money (undisclosed foreign income and assets) and imposition of tax Act 2015 enacted.,Govt. of India,"In 2015, the Parliament enacted the Black Money (undisclosed foreign income and assets) Imposition of Tax Act, 2015 (‘the BMA’) to curb the menace of black money by providing stringent provisions for tax, penalty and prosecution levy. The enactment of the BMA provided for a separate taxation mechanism for undisclosed asset located outside India and undisclosed foreign income in addition to the existing provisions contained in the Income Tax Act, 1961 (""IT Act""). The provisions of BMA were made applicable to persons who were tax residents of India when undisclosed foreign income was earned or an undisclosed asset outside India was acquired. In essence, if an Indian resident failed to pay tax on such foreign income or the source of acquisition of the undisclosed asset, the BMA would be triggered. Upon its enactment, the BMAopeneda compliance window of three months from July 2015 to September 2015 for disclosure of assets located outside India and payment of tax of 30% and 100% of the tax as penalty. The persons who made disclosure were granted immunity from criminal prosecution.",True,False,True,supports,factly
factly_1040,factly_1040,The recent blast in UP’s Bulandshahr occurred at a Muslim man’s house named Mohammad Shafiq,SOCIAL MEDIA POST,"The blast occurred at a property owned by Satish Kumar, which was rented by Raj Kumar under the pretense of manufacturing surf. The explosion was the result of illegal firecracker production. Neither the owner nor the tenant belongs to the Muslim community. Hence the claim made in the post is FALSE.",False,True,True,refutes,factly
factly_1040_ret_b7_gn,factly_1040,The recent blast in UP’s Bulandshahr occurred at a Muslim man’s house named Mohammad Shafiq,SOCIAL MEDIA POST,"Bulandshahr violence LIVE UPDATES: Martyred Policeman’s sister says Subodh Singh was killed because he was investigating Akhlaq's case [...] Here's What Happened In Bulandshahr - [...] BulandshahrRead all breaking news in English first on ABP News. For everything on Bollywood, Sports, Covid-19 Vaccine updates read the most reliable English news website, ABP News । For more related stories, follow: News in English",False,False,True,insufficient-neutral,factly
factly_1040_ret_bn_g0,factly_1040,The recent blast in UP’s Bulandshahr occurred at a Muslim man’s house named Mohammad Shafiq,SOCIAL MEDIA POST,"In light of the recent explosion at a building in UP’s Bulandshahr area, a post is being circulated on social media claiming that the blast occurred at one Mohammad Shafiq’s property. Let’s investigate the accuracy of this claim. [...] Furthermore, according to a report by Dainik Bhaskar, the owner of the property is Satish Kumar. The tenants had rented the house under the pretence of manufacturing surf. Among the six fatalities in the accident were three Hindu men: Abhishek (20), Chanderpal, and Vinod. Additionally, a 40-year-old Muslim man named Raees was killed, along with his 5-year-old child, Ahad. A woman’s head was also recovered at the scene, and authorities are searching for her torso. Moreover, when the Sudarshan News Twitter handle claimed that the property belonged to a Muslim man named Mohammad Shafiq, the Bulandshahr police urged them not to disseminate misleading information without verifying the facts. To sum it up, the claim that the recent blast in UP’s Bulandshahr occurred at Mohammad Shafiq’s house is false. The actual owner of the property is Satish Kumar, and the tenants rented the house under the pretence of manufacturing surf. The blast was the result of illegal firecracker production by the tenant, Raj Kumar.",False,False,True,refutes,factly
factly_1070,factly_1070,Government has provided for integrated development and management of fisheries with an outlay of Rs. 3000 crores.,Govt. of India,The BJP government published an infographic on the 48-months portal that makes claims about fish production in the country. This article is a fact check of the claims.,False,True,True,insufficient-neutral,factly
factly_1070_ret_b16_gn,factly_1070,Government has provided for integrated development and management of fisheries with an outlay of Rs. 3000 crores.,Govt. of India,"Integrated Development and Management of Fisheries (Blue Revolution) is the name of an integrated / umbrella scheme covering all existing schemes related to fisheries. This scheme was approved by Union Cabinet in December 2015 and the total outlay is of Rs. 3000 Crore for five years. [...] - National Fisheries Development Board (NFDB) and all its activities - Development of Inland Fisheries and Aquaculture - Development of Marine Fisheries, Infrastructure and Post Harvest Operations - Strengthening of Database & Geographical Information System of the Fisheries Sector - Institutional Arrangement for Fisheries Sector - Monitoring, Control and Surveillance (MCS) and other need-based Interventions. [...] The scheme with its multi-dimensional activities, focuses mainly on increasing production and productivity from aquaculture and fisheries resources, both inland and marine. The scheme is intended to utilise most of the unutilised fisheries resources keeping in view the overall sustainability, bio-security and environmental concerns.",False,False,True,supports,factly
factly_1070_ret_bn_g1,factly_1070,Government has provided for integrated development and management of fisheries with an outlay of Rs. 3000 crores.,Govt. of India,"An Umbrella Scheme ‘Blue Revolution: Integrated Development and Management of Fisheries’with an Outlay of Rs. 3000 crore Proposed- Radha Mohan Singh ""World Fisheries Day- 2015 Inaugurated"" Union Agriculture and Farmers welfare Minister Shri Radha Mohan Singh today here inaugurate the ""World fisheries Day-2015"". Shri Singh on the occasion said that ""considering the importance and growth potential of the sector, and considering the need for effective implementation of different schemes, the Ministry by merging all the existing schemes, has proposed to formulate an umbrella scheme ‘Blue Revolution: Integrated Development and Management of Fisheries’ with an outlay of Rs. 3000 crore. This umbrella scheme will cover inland fisheries, aquaculture, marine fisheries including deep sea fishing, mari-culture and all activities undertaken by the National Fisheries Development Board (NFDB) towards realizing ""Blue Revolution"". Minister further said that a ""focused approach of this nature shall lead to ushering in Blue Revolution through an integrated development and management of fisheries and aquaculture sector and would ensure sustained acceleration and intensification of fish production beyond the projected annual growth rate.""",False,False,True,supports,factly
factly_1070_ret_bn_g11,factly_1070,Government has provided for integrated development and management of fisheries with an outlay of Rs. 3000 crores.,Govt. of India,"The restructured Plan Scheme on Blue Revolution3 – Integrated Development and Management of Fisheries has been approved at a total central outlay of Rs 3000 crore for implementation during a period of five years (2015-16 to 2019-20)4. The Ministry of Agriculture and Farmers Welfare, Department of Animal Husbandry, Dairying & Fisheries has restructured the scheme by merging all the ongoing schemes under an umbrella of Blue Revolution. The restructured scheme provides focused development and management of fisheries, covering inland fisheries, aquaculture, marine fisheries including deep sea fishing, mariculture and all activities undertaken by the National Fisheries Development Board (NFDB). [...] 4 Press Information Bureau, Government of India, Cabinet Committee on Economic Affairs (CCEA). Integrated Development and Management of Fisheries – a Central Sector Scheme on Blue Revolution. 22 Dec 2015 5 The term ""ocean grabbing"" has been used to describe actions, policies or initiatives that deprive small- scale fishers of resources, dispossess vulnerable populations of coastal lands, and/or undermine historical access to areas of the sea. Rights and access to marine resources and spaces are frequently reallocated through government or private sector initiatives to achieve conservation, management or development objectives with a variety of outcomes for different sectors of society. For a reallocation to be considered ocean grabbing, it must: (1) occur by means of inadequate governance, and (2) be implemented using actions that undermine human security and livelihoods, or (3) produce impacts that reduce social- ecological well-being.",False,False,True,supports,factly
factly_1070_ret_bn_g4,factly_1070,Government has provided for integrated development and management of fisheries with an outlay of Rs. 3000 crores.,Govt. of India,"The Ministry of Agriculture and Farmers Welfare, Department of Animal Husbandry, Dairying & Fisheries has restructured the scheme by merging all the ongoing schemes under an umbrella of Blue Revolution. The restructured scheme provides focused development and management of fisheries, covering inland fisheries, aquaculture, marine fisheries including deep sea fishing, mariculture and all activities undertaken by the National Fisheries Development Board (NFDB). The restructured Plan Scheme on Blue Revolution - Integrated Development and Management of Fisheries has been approved at a total central outlay of Rs 3000 crore for implementation during a period of five years (2015-16 to 2019-20). [...] Key components of the Scheme:1. National Fisheries Development Board (NFDB) and its activities 2. Development of Inland Fisheries and Aquaculture 3. Development of Marine Fisheries, Infrastructure and Post-Harvest Operations 4. Strengthening of Database & Geographical Information System of the Fisheries Sector 5. Institutional Arrangement for Fisheries Sector 6. Monitoring, Control and Surveillance (MCS) and other need-based Interventions 7. National Scheme of Welfare of Fishermen",False,False,True,supports,factly
factly_1085,factly_1085,Consuming food items containing the label of Apeel will cause sickness as they have toxic mono and diglycerides,SOCIAL MEDIA POST,"The U.S. Food and Drug Administration recognises mono and diglycerides, the ingredients of Apeel’s Edipeel, as food substances generally recognised as safe. Hence, the claim made in the post is False.",False,True,True,refutes,factly
factly_1085_ret_bn_g1,factly_1085,Consuming food items containing the label of Apeel will cause sickness as they have toxic mono and diglycerides,SOCIAL MEDIA POST,"A social media post shared a photo of a food item with an Apeel label whose post description reads, ‘ DO NOT EAT ANYTHING WITH THIS LABEL!! This is a Bill Gates-founded company using toxic mono & diglycerides to make you SICK! ‘Let’s fact-check this post’s claim through this article. [...] Fact: The U.S. Food and Drug Administration recognises mono and diglycerides, the ingredients of Apeel’s Edipeel, as food substances generally recognised as safe. Hence, the claim made in the post is False. [...] Mono- and diglycerides fall under the GRAS (Generally Recognised As Safe) classification of the U.S. Food and Drug Administration (FDA). Apeel also mentions the same on their website. A WHO report states,’ No harmful effects have been specifically associated with mono- or diglycerides. ‘ The Centre for Science in the Public Interest gave a ‘safe’ rating to Mono- and diglycerides. This evidence contradicts the viral claim that these compounds cause sickness.",False,False,True,refutes,factly
factly_1085_ret_bn_g19,factly_1085,Consuming food items containing the label of Apeel will cause sickness as they have toxic mono and diglycerides,SOCIAL MEDIA POST,"Apeel brags about its purified mono-and diglycerides, a food ingredient that is found in a variety of foods. According to Dr. Josh Axe, mono-and diglycerides are ""the go-to replacement for deadly trans fats and a food industry staple that helps keep oil and fat from separating. (Vani) Hari (The Food Babe) explains that this additive is a byproduct of oil processing, including partially hydrogenated canola and soybean oils. This additive is a byproduct of oil processing which contains artificial trans fat – a danger food ingredient known to cause coronary heart disease and linked to 50,000 fatal heart attacks a year."" (Side note: The FDA finally determined that trans fats are no longer generally recognized as safe for food use in 2016 and yet mono-and diglycerides are the ""the go-to replacement."" But they change the label from trans fats to mono-and diglycerides and then the FDA changes their tune. Interesting or predictable?) [...] In our home, we are very intentional about the foods that we eat and use from foods to products… we avoid seed oils, artificial food coloring, high fructose corn syrup, fast food, refined sugars, bleached flours, fragrances, cheap made-in-China toys, AirPods, plastics, flame retardants, PFAs and the list go on and on and on… which will now include Apeel, aka, mono-and diglycerides.",False,False,True,insufficient-neutral,factly
factly_1085_ret_bn_g8,factly_1085,Consuming food items containing the label of Apeel will cause sickness as they have toxic mono and diglycerides,SOCIAL MEDIA POST,"Remarkably, Apeel is even found on organic produce in the United States, and according to the company's website, it cannot be washed off. While regulatory bodies in various countries have approved Apeel's product for use on fresh produce, including organic items meant to be free from industrial contamination, many remain unconvinced of its safety. Apeel's own FDA documents reveal that the manufacturing process involves toxic heavy metals and solvents, which can accumulate in the human body over time and contribute to numerous health conditions including chronic illness. [...] Apeel is composed of ""food-grade mono- and diglycerides of fatty acids derived from plants."" The FDA categorizes monoglycerides as ""generally recognized as safe"" (GRAS) food additives and ingredients, indicating that they do not pose an immediate health risk. Currently, food producers typically use monoglycerides and diglycerides in small quantities, making it difficult to determine the impact of consuming large amounts of these fats on human health. Monoglycerides contain small traces of trans fats, which occur naturally in various types of meat, dairy, and, to a lesser extent, plant- or nut-based oils. While small amounts of trans fats are not concerning, consuming significant quantities of trans fats has been linked to an increased risk of coronary heart disease and stroke.",False,False,True,insufficient-contradictory,factly
factly_1097,factly_1097,Visuals showing a Dalit girl being beaten for bathing in river and contaminating the water,SOCIAL MEDIA POST,"These visuals are related to an old incident from 2021 wherein two sisters from a tribal community in Pipalwa village of Dhar district, MP were beaten brutally by their family members for talking to their maternal uncle’s sons on the phone. The incident took place in July 2021 and there is no caste discrimination associated to the incident. Hence, the claim made in the post is FALSE.",False,True,True,refutes,factly
factly_1097_ret_b0_gn,factly_1097,Visuals showing a Dalit girl being beaten for bathing in river and contaminating the water,SOCIAL MEDIA POST,"A video of a woman being beaten by some men is being shared as an incident from Uttar Pradesh where upper caste people beat up a Dalit woman for taking water from a well reserved for use by upper caste. However, the incident actually happened in a village in Gujarat and is being falsely given a caste angle. [...] Roughly translated, it says that this is an incident from Uttar Pradesh and that a Dalit woman is receiving her just punishment for drawing water from a well reserved for use by upper caste people. [...] ""The claim that a Dalit woman was beaten up for drinking water from the well is false. This incident took place in Bilavat village of Chotta Udepur. The girl was beaten up by villagers for eloping with her lover. An FIR was filed and 16 people have been arrested so far,"" MS Bhabor, SP Chotta Udepur said.",False,False,True,refutes,factly
factly_1097_ret_b19_gn,factly_1097,Visuals showing a Dalit girl being beaten for bathing in river and contaminating the water,SOCIAL MEDIA POST,"KENDRAPARA (Odisha): A dalit woman was allegedly beaten up by members of upper caste for drawing potable water from a government-dug deep tube well in their area at a village in Odisha's Kendrapara district, police said on Wednesday.",False,False,True,insufficient-supports,factly
factly_1097_ret_bn_g3,factly_1097,Visuals showing a Dalit girl being beaten for bathing in river and contaminating the water,SOCIAL MEDIA POST,"An old video of a young woman being beaten by a group of men in Dhar district, Madhya Pradesh is being shared with a false claim that it shows a Dalit girl being beaten up by Hindutva extremists. [...] The caption of the video when translated reads, ""A Dalit girl is brutally and mercilessly beaten by a group of Hindu extremists and members of the Hindutva extremist organization. India is the only country in the world in which the extremist Hindu wing still commits all methods of gross violations of human rights, especially against Muslims and Dalits."" [...] The same video is also being shared with another misleading claim that a Dalit woman was beaten for bathing in a river. ""Trigger Warning....This Dalit girl is being beaten mercilessly for bathing in the river and contaminating the water. 75 years of Independent India, where water has more importance than women,"" the twitter account @jatt0935 tweeted.""",False,False,True,insufficient-refutes,factly
factly_1099,factly_1099,"Over the last 4 years, almost one crore houses have been constructed in rural and urban India.",Govt. of India,The government published an infographic titled ‘New momentum for new India’ on the 48-months portal. It makes two claims regarding construction of houses and distribution of LED lights. The following article is a fact check of these claims.,True,True,True,insufficient-neutral,factly
factly_1099_ret_b16_gn,factly_1099,"Over the last 4 years, almost one crore houses have been constructed in rural and urban India.",Govt. of India,"1.07 crore rural houses constructed over the last four years under Pradhan Mantri Awaas Yojana –Gramin with the objective of ‘’Housing for All by 2022’’ The re-structured rural housing scheme Pradhan Mantri Awas Yojana – Gramin (PMAY-G) which has the objective of ""Housing for All by 2022"" was launched by Hon’ble Prime Minister on 20th November, 2016 from Agra. 2.95 crore houses are set to be constructed by 2022 to achieve the set objective of PMAY-G which has been decided to achieve in phases. In the first phase the target is construction of one crore pucca houses by 31st March, 2019. A total of 1.07 crore rural houses have been completed over the last four years (2014-15 to 2017-18) which include completion of 38.20 lakh Pradhan Mantri Awaas Yojana – Gramin (PMAY- G) houses and 68.64 lakh IAY houses that were sanctioned in 2014-15 and 2015-16 and prior to that. If the figures of the current financial year are also added to this achievement under the rural housing scheme the achievement from 2014-15 till date becomes 1.13 crore completed rural houses. The details of rural housing scheme and progress can be seen from the website of PMAY-G, i.e. (pmayg.nic.in). A summary of houses completed, as on 31.7.2018, which shows an upward swing, is shown below:",True,False,True,insufficient-supports,factly
factly_1109,factly_1109,"The ancient rock carvings show modern-day technologies like computers, Astronaut suits and bicycles, etc. which suggests that our ancestors are more technologically advanced than us",SOCIAL MEDIA POST,"The carvings of the bicycle and astronaut are done recently after their inventions are made. The man sitting at a computer is not a carving, but an artwork made in 2006. Similarly, symbols in some other carvings have not yet been deciphered, and some of the associations with modern symbols like Wi-Fi, rockets and transformers, etc, could be due to visual similarities rather than actual representation as there is not enough evidence to support them. Hence the claim made in the post is MISLEADING.",False,True,True,refutes,factly
factly_1109_ret_b0_gn,factly_1109,"The ancient rock carvings show modern-day technologies like computers, Astronaut suits and bicycles, etc. which suggests that our ancestors are more technologically advanced than us",SOCIAL MEDIA POST,"We often think about our distant ancestors as primitive, equipped with the crudest of tools and a limited set of skills. But more often than not, we are terribly mistaken. Ancient civilizations are usually underestimated. History shows us that they repeatedly demonstrated incredible ingenuity and engineering prowess, even in the most distant past. From the stone age to the advent of metallurgy, these cultures thrived despite all. But still, certain ancient innovations and technologies remain a great enigma, as they cannot be replicated and fully understood. The mystery of ancient engineering challenges modern perception of the world’s first civilizations. Were they smarter than we think? [...] The exact process through which the Romans created such advanced art pieces remains a mystery, especially since nanotechnology was only understood by modern science in the 20th century. All this tells us that ancient artisans certainly possessed knowledge and techniques that were much more advanced than we first thought. [...] These ten incredible feats of ancient engineering are proof enough that our distant ancestors were much more sophisticated than we first thought. What is more, they definitely had an eye for art and magnificence and spared no effort or expense in order to create them.",False,False,True,insufficient-neutral,factly
factly_1109_ret_b15_gn,factly_1109,"The ancient rock carvings show modern-day technologies like computers, Astronaut suits and bicycles, etc. which suggests that our ancestors are more technologically advanced than us",SOCIAL MEDIA POST,"This is still hard for some skeptical writers and observers to believe. They insist that the primitive methods used by early modern and ancient Egyptian stone masons were not enough and that it must have been with more advanced equipment that the ancient Egyptians bored through solid granite. They argue that this is evidence that the ancient Egyptians and other civilizations were much more technologically sophisticated than is currently believed. While it is possible that more advanced technologies could have been developed by earlier civilizations then anticipated, there does not appear to be much reliable evidence to support this idea. If the ancient Egyptians did cut through granite with equipment such as electric drills or lasers or similarly advanced technology, these hewn granite slabs are the only evidence for it that we have. So far, there is no indisputable evidence of physical remains of electrical batteries or wires or anything else that would suggest that the ancient Egyptians used technology that was more advanced than what is expected for that period. [...] There is one case which some proponents of the idea that ancient Egypt was more advanced than contemporary archaeology would suggest - evidence that the ancient Egyptians used light bulbs. The temple of Hathor at the Dendera complex in Egypt contains several stone reliefs that appear to some observers to be a light bulb.",False,False,True,insufficient-supports,factly
factly_1109_ret_b5_gn,factly_1109,"The ancient rock carvings show modern-day technologies like computers, Astronaut suits and bicycles, etc. which suggests that our ancestors are more technologically advanced than us",SOCIAL MEDIA POST,"Scientists have long pointed to changes in climate, such as the onset of wet or dry periods, as the key driving force behind the adaptation of our early ancestors. The new study puts this idea to the test by examining a detailed record of environmental changes over almost a million years, etched into a 456-foot-long core of sediment layers extracted from an ancient lake. [...] Windows into our ancient ancestors’ lives at this time reveal they were surprisingly advanced for such an early date. Their tools were diverse and much more compact, including small triangular stone points that could have been used as projectiles. ""Things start out big and clunky and they become small and portable,"" Potts says of the shift. ""It’s like the history of technology ever since."" [...] With resources scarce or in flux, ancient humans were likely forced to travel farther away from familiar lands, she notes. ""Did that lead to them discovering different types of resources? Did that lead to increased cooperation with other groups to survive? Did it lead to advances in technology to help them eke out a living?"" Krueger wonders. ""These are the questions this study is exploring.""",False,False,True,insufficient-neutral,factly
factly_1109_ret_bn_g0,factly_1109,"The ancient rock carvings show modern-day technologies like computers, Astronaut suits and bicycles, etc. which suggests that our ancestors are more technologically advanced than us",SOCIAL MEDIA POST,"A video is being shared on social media that claims to show a series of rock carvings that depict modern-day inventions such as bicycles, computers, astronaut suits, etc. The carvings show detailed depictions of these technologies, including images of people riding bicycles, sitting at computers, and even wearing astronaut helmets. The video suggests that these carvings are evidence that our ancestors were more technologically advanced than we previously thought and may have even had access to advanced knowledge or extra-terrestrial help. Let’s fact-check the claims made in the post. [...] Fact: The carvings of the bicycle and astronaut are done recently after their inventions are made. The man sitting at a computer is not a carving, but an artwork made in 2006. Similarly, symbols in some other carvings have not yet been deciphered, and some of the associations with modern symbols like Wi-Fi, rockets and transformers, etc, could be due to visual similarities rather than actual representation as there is not enough evidence to support them. Hence the claim made in the post is MISLEADING. [...] The video makes other claims of ancient carvings depicting modern-day inventions such as rockets, Wi-Fi, transformers etc. However, these claims do not hold up to scrutiny as there is not enough evidence to support them. The symbols in the carvings have not yet been deciphered, and some of the associations with modern symbols could be due to visual similarities rather than actual representations.",False,False,True,refutes,factly
factly_1124_ret_b12_gn,factly_1124,Domestic air passengers crossed 100 million for the first time.,Govt. of India,"- India is now the third largest aviation market - Passenger traffic growth is in the range of 18-20% over the past three years - More people have travelled in airplanes than in AC trains for the first time - Domestic air passengers crossed 100 million in 2017 - A National Civil Aviation Policy was unveiled in 2016 [...] Claim 4: Domestic Air Passengers Crossed 100 Million in 2017 As noted earlier, the data from DGCA indicates that, in 2017, the number of passengers carried by domestic airlines was 1171.76 lakh, or over 117 million.",True,False,True,supports,factly
factly_1124_ret_bn_g2,factly_1124,Domestic air passengers crossed 100 million for the first time.,Govt. of India,"- India is now the third largest aviation market - Passenger traffic growth is in the range of 18-20% over the past three years - More people have travelled in airplanes than in AC trains for the first time - Domestic air passengers crossed 100 million in 2017 - A National Civil Aviation Policy was unveiled in 2016 [...] Claim 4: Domestic air passengers crossed 100 million in 2017 As noted earlier, the data from DGCA indicates that, in 2017, the number of passengers carried by domestic airlines was 1171.76 lakhs, or over 117 million.",True,False,True,supports,factly
factly_1131,factly_1131,FDI equity flow has gone up by 47%.,Govt. of India,"In an infographic published on the 48-Month portal, the government made certain claims about attracting foreign investment and driving economic growth. Here is a fact check of these claims.",False,True,True,insufficient-neutral,factly
factly_1131_ret_b12_gn,factly_1131,FDI equity flow has gone up by 47%.,Govt. of India,"1.38 In an uncertain global economic and financial environment, India remains an attractive investment destination. During 2023-24, net inflows of foreign portfolio investments (FPI) to India, both debt and equity, recorded a sharp turnaround, reaching its second-highest level ever at US$ 44.6 billion (BoP basis). During the current fiscal year so far (up to June 12, 2024), FPI flows were negative at (-) US$ 3.9 billion. External commercial borrowings (ECB) flows (net of principal repayments and intercompany borrowings) turned positive in 2023-24 from net outflows in the previous year. Also, both rupee-denominated and foreign currency denominated non-resident deposit schemes recorded inflows throughout 2023-24. Foreign direct investment (FDI) flows moderated, partly due to a rise in repatriations from India (Table 1.1). [...] An analysis for the period January 2010 – March 2024 suggests that net FPI inflows to Indian equities have remained lower during months of high geopolitical uncertainty, as measured by the geopolitical risk (GPR) index (Caldara and Iacoviello, 2022) than during other months (Table 2). In fact, the distribution of FPI flows during high and low geopolitical risk periods exhibits a fat left tail, indicating a higher likelihood of outflows from Indian equity markets (Chart 1).",False,False,True,insufficient-contradictory,factly
factly_1131_ret_b14_gn,factly_1131,FDI equity flow has gone up by 47%.,Govt. of India,"ECONOMY: India FDI Equity Inflows Grow By 47.8% YoY In Q1FY25 [...] On the back of the strong performance of the services sector, computer hardware and software, trading and telecommunications, India’s foreign direct investment (FDI) equity inflows in the first quarter of the current financial year reported a year-on-year (YoY) increase of 47.8 per cent. As per the data from the Department for Promotion of Industry and Internal Trade (DPIIT), the FDI equity inflows in the country in Q1FY25 increased to USD 16.17 billion. The total FDI inflows in India increased by 28 per cent YoY to USD 22.49 billion in Q1FY25. The FDI equity inflow was USD 10.9 billion during the corresponding quarter a year ago. The FDI equity inflows in the country reported a dip of 3 per cent YoY in FY 23-24 as the figure fell to USD 44.42 billion in FY 23-24 as compared with USD 46.03 billion in FY 22-23, the data revealed.",False,False,True,supports,factly
factly_1131_ret_bn_g0,factly_1131,FDI equity flow has gone up by 47%.,Govt. of India,"What about FDI Equity flow? The first claim is that FDI equity flow has gone up by 47%. The OECD defines FDI flows as the ‘value of cross-border transactions related to direct investment during a given period of time, usually a quarter or a year. Financial flows consist of equity transactions, reinvestment of earnings, and intercompany debt transactions. Outward flows represent transactions that increase the investment that investors in the reporting economy have in enterprises in a foreign economy, such as through purchases of equity or reinvestment of earnings. Inward flows represent transactions that increase the investment that foreign investors have in enterprises resident in the reporting economy. FDI flows are measured in USD and as a share of GDP.’ The claim is vague in terms of defining the years of comparison for FDI equity flow. Assuming that the claim refers to inflows and the years of comparison are the same as the ones for the next claim (i.e. 2013-14 and 2016-17), the percentage increase in FDI equity inflow is 79%. The FDI equity inflow in 2013-14 is USD 24.299 billion and in 2016-17 is USD 43.478 billion. Hence it is not true. If we consider different combinations of base year and comparison year, the numbers vary greatly between 40% to 77% but none of them add up to 47%. The numbers can be corroborated from different sources including the data published by Department of Industrial policy and Promotion, and answers provided in the Lok sabha on 19th March and 23rd July of 2018.",False,False,True,refutes,factly
factly_1131_ret_bn_g17,factly_1131,FDI equity flow has gone up by 47%.,Govt. of India,"Data on the foreign direct investment (FDI) positions of American companies are also analyzed. Examining FDI data allows for an indirect investigation into the degree of profit shifting. The FDI data show that the same seven tax haven countries accounted for nearly half (47%) of the worldwide FDI position of the United States. The data also show that an increasing share of FDI is being held via holding companies. The report discusses that some of the increased use of holding companies may be tax motivated. Lastly, data from the International Monetary Fund (IMF) and the United Nations (UN) on the location of the FDI positions of all countries indicate that profit shifting is likely an international issue. [...] Shown in Figure 3 are the 10 countries with the largest positions of U.S. FDI. American MNCs are reporting a significant share of their FDI as occurring in tax-preferred countries. The seven tax-preferred countries -- Netherlands, Luxembourg, Bermuda, Ireland, United Kingdom Caribbean Islands, Singapore, and Switzerland -- accounted for 47% of the FDI positions of American companies, compared to 24% for the three larger industrialized nations of the United Kingdom, Canada, and Australia. Perhaps most interesting is that the Netherlands, while only a fraction of the economic size, holds more American FDI than Australia, Canada, and the United Kingdom.20 FDI flow data (or change in FDI over a given point of time) show similar type patterns.21",False,False,True,insufficient-neutral,factly
factly_1138,factly_1138,This song is an anthem created by the New Zealand government,SOCIAL MEDIA POST,"This video is of a performance by a choir named ‘Fatih Sultan Mehmet Choir‘ at a concert held on 29 May 2011, in Turkey. It was part of a the choirs’ concert held in the Haiga Irene Musem, Istanbul. This choir is based out of Bosnia and not New Zealand and there is no credible information to prove the claim that it was ceated by the New Zealand Government. Therefore, the claim made in the post is False.",False,True,True,refutes,factly
factly_1138_ret_b11_gn,factly_1138,This song is an anthem created by the New Zealand government,SOCIAL MEDIA POST,"New Zealand National Anthem - God Defend New Zealand [Full Version] [...] New Zealand National Anthem - God Defend New Zealand [...] Translations of ""New Zealand National...""",False,False,True,insufficient-neutral,factly
factly_1138_ret_b16_gn,factly_1138,This song is an anthem created by the New Zealand government,SOCIAL MEDIA POST,"New Zealand’s National Anthems: Full Lyrics of Māori, English Versions, History [...] God Defend New Zealand, Maori Aotearoa, one of the two national anthems of New Zealand (the other being God Save the Queen, national anthem of the United Kingdom). Thomas Bracken, who also offered a reward of £10 for the finest musical setting of his lyrics, wrote the anthem in the early 1870s. The winning tune was written by composer John J. Woods, and the resulting hymn had its debut performance in 1876. God Save the Queen had long been the official anthem of New Zealand, but in 1940 the government designated God Save New Zealand to be the national hymn or unofficial song and bought the copyright to the hymn. However, God Defend New Zealand was officially recognized as the country's second national anthem alongside God Save the Queen in 1977.",False,False,True,supports,factly
factly_1138_ret_bn_g0,factly_1138,This song is an anthem created by the New Zealand government,SOCIAL MEDIA POST,"A video of a song performance is circulating on social media, claiming that it features an anthem created by the New Zealand government and performed at a Church named ‘Abadala’. Let’s find out the authenticity of this claim through this fact-checking article. [...] Firstly, we thoroughly searched the internet with relevant keywords to know if the New Zealand government created and produced such an ‘anthem’. But that did not yield any credible information supporting the existence of such an anthem created by the New Zealand government with 99 special names of Allah. Apart from that, we also did not find a Church named ‘Abadala,’ which the post claims to be where this song was performed. [...] To sum up, the viral video claiming to be a New Zealand government anthem with 99 special names of Allah is actually from a concert held in Istanbul, Turkey, featuring the Sarajevo Fatih Sultan Mehmet Choir.",False,False,True,refutes,factly
factly_1138_ret_bn_g1,factly_1138,This song is an anthem created by the New Zealand government,SOCIAL MEDIA POST,"Old Video Of A Concert From Turkey Viral As NewZealand Government’s New Anthem With 99 Names Of Allah [...] Sharing this video, social media users are claiming that, ""The New Zealand government created an ""anthem"" that was set to music and sung in front of thousands of people in Abadala church. It has 99 special names of Allah"" [...] Fact Crescendo found the viral claim to be false. The video is not of an anthem with 99 names of Allah, created by NewZeland government but an old video of a concert held in Turkey in 2011 to celebrate 558th anniversary of Ottoman empire victory over Byzantine empire.",False,False,True,refutes,factly
factly_1145,factly_1145,3000 Jan Aushadhi Kendras for cheaper medicines resulting in savings of around 50%.,Govt. of India,The Government made certain claims about its health initiatives including the Ayushman Bharat scheme. Here is a fact check of these claims,True,True,True,insufficient-neutral,factly
factly_1145_ret_bn_g0,factly_1145,3000 Jan Aushadhi Kendras for cheaper medicines resulting in savings of around 50%.,Govt. of India,"The second claim is about setting up of ~3000 Jan Aushadhi Kendras (JAKs) for cheaper medicines resulting in savings of around 50%. According to the official government website, ‘Jan Aushadhi’ project was launched by Government of India in the year 2008 for providing quality medicines at affordable prices for all. The campaign was undertaken through sale of generic medicines through exclusive outlets namely ‘Pradhan Mantri Janaushadhi Kendra’ in various districts of the country. To have an accelerated growth of the campaign, a new business plan was released in August 2013 (during the UPA government) with an ambitious target of opening 3000 such stores by the end of 2016-17 with a planned budget of Rs.148.82 crores. The plan also contained few changes in the scheme. The scheme could not take off as expected during the UPA government. [...] Fact: Jan Aushadhi was launched by Government of India in the year 2008. 3771 ‘Pradhan Mantri Bhartiya Janaushadhi Pariyojana (PMBJP) Kendras’ opened in 34 States/Union Territories of the country during the current government. Hence, the first part of the claim is TRUE while the second part about savings remains UNVERIFIED. It has to be noted that this scheme was first launched by the UPA.",True,False,True,insufficient-supports,factly
factly_1145_ret_bn_g12,factly_1145,3000 Jan Aushadhi Kendras for cheaper medicines resulting in savings of around 50%.,Govt. of India,"Background: With a view to achieve the objective of making available quality generic medicines at affordable prices to all, ‘Jan Aushadhi Scheme’ was launched by the Department of Pharmaceuticals, Ministry of Chemicals & Fertilizers, Government of India in November 2008 across the country. The Scheme is being implemented through an agency namely Bureau of Pharma PSUs of India (BPPI), Gurgaon, Haryana which is working under administrative control of Department of Pharmaceuticals, Ministry of Chemicals & Fertilizers, Government of India. [...] ""Making quality medicines available at affordable prices has been a key challenge. We will reinvigorate the supply of generic drugs. 3,000 Stores under Prime Minister’s Jan Aushadhi Yojana will be opened during 2017."" [...] The scheme is to reach every poor of the country. As a future expansion plan of PMBJKs in the country, the Ministry of Railways has also come on board to open Janaushadhi Kendra at over 1000 railway stations across the country in collaboration with the Ministry. The Ministry of Chemicals & Fertilizers has sent an advisory to all State Governments to open PMBJKs in every District headquarters, Tehsil / Block and bus stands etc. to increase the reach of affordable medicines to the poor and underprivileged citizens of the country.",True,False,True,insufficient-supports,factly
factly_1163,factly_1163,Income eligibility has been raised from 2 lakh rupees to 2.5 lakh rupees for the pre-metric scholarship for SC students.,Govt. of India,One of the infographics uploaded by the government on the 48-months website makes certain claims about scholarships to students from the SC and OBC communities. This article is a fact check of the claims.,True,True,True,insufficient-neutral,factly
factly_1163_ret_b11_gn,factly_1163,Income eligibility has been raised from 2 lakh rupees to 2.5 lakh rupees for the pre-metric scholarship for SC students.,Govt. of India,"Salaried class has got something to cheer with Finance Minister Arun Jaitley on Thursday raising tax exemption limit to Rs. 2.5 lakh from Rs. 2 lakh, providing a relief of Rs 5,000. ""I propose not to make any changes in the tax rate. However, with the view to provide relief to small and marginal and senior citizen, I propose to increase the personal income tax exemption limit by Rs. 50,000 from Rs. 2 lakh to Rs. 2.50 lakh in case of all individual tax payer who are below the ago of 60 years,"" he said while presenting budget for 2014-15 in the Parliament. [...] Thus, tax on income from Rs. 2.5 lakh to Rs. 5 lakh is retained at 10 per cent, up to Rs. 10 lakh at 20 per cent and above Rs. 10 lakh at 30 per cent.",True,False,True,insufficient-neutral,factly
factly_1163_ret_bn_g0,factly_1163,Income eligibility has been raised from 2 lakh rupees to 2.5 lakh rupees for the pre-metric scholarship for SC students.,Govt. of India,"The second claim is that income eligibility has been raised from Rs. 44,500 to Rs. 2.5 lakh rupees for the pre-matric scholarship for OBCs. The Ministry’s 2016-17 annual report mentions that the pre-matric scholarships are awarded to students belonging to OBCs whose parent’s income from all sources does not exceed Rs. 44,500 per annum. However, the 2017-18 annual report of the Ministry mentions the annual income limit as Rs. [...] The third claim is that income eligibility has been raised from Rs. 2 lakh to Rs. According to the annual report 2017-18 of the ministry of social justice and empowerment, ‘In order to include more beneficiaries, income eligibility criteria for Pre-Matric Scholarships for Scheduled Castes Students studying in Class IX and X was raised from Rs. 2.00 Lakh to Rs. 2.5 Lakh, at par with Post-matric scholarship for next three years i.e. 2017-18 to 2019-20."" [...] Fact: Income eligibility criteria for Pre-Matric Scholarships for Scheduled Castes Students studying in Class IX and X was raised from Rs. 2 Lakh to Rs. Hence, the claim is TRUE.",True,False,True,supports,factly
factly_1168,factly_1168,"Apart from American officials and politicians, the official White House Twitter account follows only Indian Prime Minister Modi, the Indian President, and an Indian Embassy official",SOCIAL MEDIA POST,"Currently, the official White House Twitter account does not follow any Indian official. Nevertheless, it did briefly follow PM Modi and other Indian officials during Trump’s 2020 visit to India to facilitate the retweeting of their messages in support of the trip. The account’s following list changes in response to events and diplomatic engagements. Hence the claim made in the post is MISLEADING.",False,True,True,insufficient-refutes,factly
factly_1168_ret_b1_gn,factly_1168,"Apart from American officials and politicians, the official White House Twitter account follows only Indian Prime Minister Modi, the Indian President, and an Indian Embassy official",SOCIAL MEDIA POST,"The White House Wednesday explained why its Twitter handle had 'unfollowed' the Twitter accounts of President Ram Nath Kovind, Prime Minister Narendra Modi, the Prime Minister's office, the Indian Embassy in the US, the US Embassy in India and the US Ambassador to India, Ken Juster. [...] During President Donald Trump's visit to India in the last week of February, the official Twitter handle of the White House -- @WhiteHouse -- had started 'following' the accounts of President Ram Nath Kovind, Prime Minister Narendra Modi, the Prime Minister's office, the Indian Embassy in the US, the US Embassy in India and the US Ambassador to India, Ken Juster. [...] The official was responding to a question on the reasons for the White House 'following' and then 'unfollowing' the Twitter handles of President Kovind, Prime Minister Modi, the PMO and the other Indian officials.",False,False,True,insufficient-supports,factly
factly_1168_ret_b4_gn,factly_1168,"Apart from American officials and politicians, the official White House Twitter account follows only Indian Prime Minister Modi, the Indian President, and an Indian Embassy official",SOCIAL MEDIA POST,"During President Donald Trump's visit to India in the last week of February, the official Twitter handle of the White House- @WhiteHouse- had started 'following' the accounts of President Ram Nath Kovind, Prime Minister Narendra Modi, the Prime Minister's office, the Indian Embassy in the US, the US Embassy in India and the US Ambassador to India, Ken Juster. [...] The official was responding to a question on the reasons for the White House 'following' and then 'unfollowing' the Twitter handles of President Kovind, Prime Minister Modi, the PMO and the other Indian officials. The White House 'unfollowing' the Twitter accounts of President Kovind and PM Modi drew reactions on social media in India.",False,False,True,insufficient-neutral,factly
factly_1168_ret_bn_g1,factly_1168,"Apart from American officials and politicians, the official White House Twitter account follows only Indian Prime Minister Modi, the Indian President, and an Indian Embassy official",SOCIAL MEDIA POST,"A video circulating on social media claims that the official White House Twitter account follows only 19 users, with 15 of them being American government officials and politicians. The remaining four, according to the claim, are official accounts of Indian Prime Minister Modi, the Indian President, an Indian Embassy official, etc. Let’s verify the claim made in the post. [...] Fact: Currently, the official White House Twitter account does not follow any Indian official. Nevertheless, it did briefly follow PM Modi and other Indian officials during Trump’s 2020 visit to India to facilitate the retweeting of their messages in support of the trip. The account’s following list changes in response to events and diplomatic engagements. Hence the claim made in the post is MISLEADING. [...] Nevertheless, Indian media reports from April 2020, when President Trump was in office, reveal that the former official White House Twitter account (@WhiteHouse45) followed the Indian President, Indian Prime Minister, and Indian Embassy handles during that period. However, by the end of April 2020, the White House account had unfollowed these Indian accounts.",False,False,True,insufficient-refutes,factly
factly_1173,factly_1173,"Government is giving an allowance of Rs 3,000 per month to unemployed youth under the Pradhan Mantri Berojgari Bhatta Yojana",SOCIAL MEDIA POST,"Government of India is not running any scheme with the name Pradhan Mantri Berojgari Bhatta Yojana, providing unemployment allowance to the youth. PIB & Indian Cybercrime Coordination Center has declared the news circulating on social media about the unemployment allowance scheme as false and warned the public about deceptive websites operating under this scheme’s name. Hence, the claim made in the post is FALSE.",False,True,True,refutes,factly
factly_1173_ret_b12_gn,factly_1173,"Government is giving an allowance of Rs 3,000 per month to unemployed youth under the Pradhan Mantri Berojgari Bhatta Yojana",SOCIAL MEDIA POST,"A WhatApp message claiming that the government is giving an allowance of Rs 6,000 per month to unemployed youth under the Pradhan Mantri Berojgari Bhatta Yojana is going viral on social media. It must be noted that the viral WhatsApp message is fake. As per a fact conducted by PIB, the Government of India is not running any such scheme. In its post, PIB has also urged people to not forward such messages. Fact Check: Government Giving Rs 1,50,000 to Daughters Under Pradhan Mantri Kanya Ashirwad Yojana? PIB Debunks Fake Claim Made by Sarkari Guru YouTube Channel. Government of India Is Not Running Any Such Scheme एक वायरल #Whatsapp मैसेज में दावा किया जा रहा है कि प्रधानमंत्री बेरोजगारी भत्ता योजना के तहत सरकार बेरोजगार युवाओं को हर महीने ₹6,000 का भत्ता दे रही है। #PIBFactCheck ▶️यह मैसेज फर्जी है। ▶️भारत सरकार ऐसी कोई योजना नहीं चला रही। ▶️कृपया ऐसे मैसेज फॉरवर्ड ना करें। pic.twitter.com/w0mfOyEAMI — PIB Fact Check (@PIBFactCheck) February 20, 2023 Fact Check: Unemployed Youth To Get Rs 6,000 Per Month By The Government? Here’s The Truth (SocialLY brings you all the latest breaking news, viral trends and information from social media world, including Twitter, Instagram and Youtube. The above post is embeded directly from the user's social media account and LatestLY Staff may not have modified or edited the content body. The views and facts appearing in the social media post do not reflect the opinions of LatestLY, also LatestLY does not assume any responsibility or liability for the same.)",False,False,True,insufficient-refutes,factly
factly_1173_ret_b8_gn,factly_1173,"Government is giving an allowance of Rs 3,000 per month to unemployed youth under the Pradhan Mantri Berojgari Bhatta Yojana",SOCIAL MEDIA POST,"Modi govt giving monthly allowance of Rs 3,500 to unemployed individuals under Pradhan Mantri Berojgar Bhatta Yojana –Know truth behind viral post [...] - Government is giving Rs 3,500 monthly allowance? [...] New Delhi: A viral post has been circulating in the social media stating that the central government is giving monthly allowance of Rs 3,500 to unemployed individuals under Pradhan Mantri Berojgar Bhatta Yojana.",False,False,True,insufficient-supports,factly
factly_1173_ret_bn_g1,factly_1173,"Government is giving an allowance of Rs 3,000 per month to unemployed youth under the Pradhan Mantri Berojgari Bhatta Yojana",SOCIAL MEDIA POST,"A message claiming that the government is giving an allowance of Rs 3,000 per month to unemployed youth under the Pradhan Mantri Berojgari Bhatta Yojana is being circulated on social media platforms. A post sharing this news outlines the requirements to be fulfilled to access the benefits provided by this program. Through this article let’s fact-check the claim made in the post. [...] Fact: Government of India is not running any scheme with the name Pradhan Mantri Berojgari Bhatta Yojana, providing unemployment allowance to the youth. PIB & Indian Cybercrime Coordination Center has declared the news circulating on social media about the unemployment allowance scheme as false and warned the public about deceptive websites operating under this scheme’s name. Hence, the claim made in the post is FALSE. The Indian government is not running any scheme with the name Pradhan Mantri Berojgari Bhatta Yojana, providing unemployment allowance to the youth. Additionally, websites operating under this name are fraudulent and aim to deceive users into sharing their sensitive information.",False,False,True,refutes,factly
factly_1173_ret_bn_g3,factly_1173,"Government is giving an allowance of Rs 3,000 per month to unemployed youth under the Pradhan Mantri Berojgari Bhatta Yojana",SOCIAL MEDIA POST,"A video claiming that the Union government is providing an allowance of Rs 3,000 per month to the unemployed youth of India under the ""Pradhan Mantri Berojgari Bhatta Yojana"" is being widely shared on social media platforms. This is misleading. The Union government does not provide a nationwide scheme under the said title. [...] BOOM checked Union government websites and Press Information Bureau (PIB) reports to verify the claim. We did not find any official website run by Union government with the name ""Pradhan Mantri Berojgari Bhatta Yojana"" providing monthly unemployment allowances to the youth of the country. [...] Further, the Chhattisgarh's Berojgari Bhatta Yojana scheme and West Bengal's Yuwasree 2023 provides eligible candidates an allowance of Rs 2,500 and Rs 1,500 per month, respectively. The eligibility criteria for these schemes is between 18-35 years of age.",False,False,True,refutes,factly
factly_1185,factly_1185,"Since independence, we had 75 operational airports, UDAN added 25 airports just since December 2016.",Govt. of India,An infographic published on the 48-Months portal of the Modi government makes certain claims about air travel and waterways. The following article is a fact check of the four claims made in this infographic.,False,True,True,insufficient-neutral,factly
factly_1185_ret_b5_gn,factly_1185,"Since independence, we had 75 operational airports, UDAN added 25 airports just since December 2016.",Govt. of India,"Over the last six years, UDAN has brought about a massive transformation in the country’s aviation sector and boosted tourism, especially in remote areas. A total of 75 airports have been operationalised under UDAN out of which eight airports have been operationalised in the Northeast region. In its fifth phase now, bidding for UDAN 5.2 is underway to further enhance the connectivity to remote and regional areas of the country. [...] The scheme is connecting 30 States/ UTs across the length and breadth of the country. A total of 75 airports have been operationalised under UDAN. Eight airports have been operationalised in the Northeast region. Many airports that were operationalised under UDAN such as Darbhanga, Hubli, Kannur, Mysuru, and more have become sustainable with many non-RCS commercial flights operating from these airports.",False,False,True,refutes,factly
factly_1185_ret_b7_gn,factly_1185,"Since independence, we had 75 operational airports, UDAN added 25 airports just since December 2016.",Govt. of India,"The Regional Connectivity Scheme (RCS) - UDAN (Ude Desh Ka Aam Nagrik), a government-backed initiative to improve infrastructure and connectivity in India, especially in remote and underserved regions, completes six years. It is a vital component of India's National Civil Aviation Policy (NCAP) 2016, launched by the Ministry of Civil Aviation (MoCA) on October 21, 2016, with a 10-year vision. [...] - UDAN 1.0: 5 airlines companies were awarded 128 flight routes to 70 airports (including 36 newly made operational airports) [...] From Mundra (Gujarat) to Tezu in Arunachal Pradesh to Hubli in Karnataka, RCS-UDAN is connecting 30 States/ UTs across the length and breadth of the country. A total of 75 airports have been operationalized under UDAN. Eight airports have been operationalized in the Northeast region. Many airports that were operationalized under UDAN such as Darbhanga, Hubli, Kannur, Mysuru, etc. have become sustainable with many non-RCS commercial flights operating from these airports.",False,False,True,insufficient-refutes,factly
factly_1189,factly_1189,More than 3000 stores of affordable medicines with PM bharatiya janaushadi kendras.,Govt. of  India,"The BJP government published an infographic on the 48-months portal that makes claims about affordable healthcare, specifically about essential medicines. This article is a fact check of the claims.",True,True,True,insufficient-neutral,factly
factly_1189_ret_bn_g2,factly_1189,More than 3000 stores of affordable medicines with PM bharatiya janaushadi kendras.,Govt. of  India,"With an objective of making quality generic medicines available at affordable prices to all, Pradhan Mantri Bhartiya Janaushadhi Pariyojana (PMBJP) was launched by the Department of Pharmaceuticals, Ministry of Chemicals & Fertilizers, Government of India in November, 2008. The target of opening 3000 Kendras was achieved in December 2017. Further, a revised target of total 6000 outlets was also achieved in March, 2020. In this journey, the number of Kendras have now increased to 9000 from 8610 in the last financial year. Hence, the Government has deepened the reach of PMBJP with more than 9000 stores covering 743 out of 766 districts across the country. The Government has set a target to increase the number of Pradhan Mantri Bhartiya Janaushadhi Kendras (PMBJKs) to 10,000 by March 2024. The product basket of PMBJP comprises 1759 medicines and 280 surgical devices covering all major therapeutic groups such as Cardiovascular, Anti-cancers, Anit-diabetics, Anti-infectives, Anti-allergic, Gastro-intestinal medicines, Nutraceuticals, etc. In addition to this, various nutraceutical products like Protein Powder, Malt-based Food Supplements, etc. and some AYUSH products like Ayuraksha Kit, Balraksha Kit and Ayush-64 tablet as Immunity boosters have been added in the product basket of the Pariyojana.",True,False,True,insufficient-supports,factly
factly_1189_ret_bn_g5,factly_1189,More than 3000 stores of affordable medicines with PM bharatiya janaushadi kendras.,Govt. of  India,"New Delhi, Feb 10 () The government is committed to end domination of 'medicine mafia' in many parts of the country for which it will push for opening 3,000 Jan Aushadhi Kendra by March to provide quality drugs at affordable prices, Chemicals and Fertilisers Minister Ananth Kumar said today.New Delhi, Feb 10 () The government is committed to end domination of 'medicine mafia' in many parts of the country for which it will push for opening 3,000 Jan Aushadhi Kendra by March to provide quality drugs at affordable prices, Chemicals and Fertilisers Minister Ananth Kumar said today. Under the Pradhan Mantri Bhartiya Jan Aushadhi Pariyojana, a scheme launched in 2008, the government has so far opened 777 Jan Aushadhi stores where more than 600 medicines and 150 medical devices are sold. The Bureau of Pharma PSUs of India (BPPI) is the nodal implementation agency for this programme. [...] The minister noted that the price of generic medicines sold in the Janaushadhi Kendras is significantly lower than the rates of branded medicines and the quality of medicines is 'WHO compliant'.",True,False,True,insufficient-neutral,factly
factly_1189_ret_bn_g8,factly_1189,More than 3000 stores of affordable medicines with PM bharatiya janaushadi kendras.,Govt. of  India,"New Delhi: Prime Minister Narendra Modi’s plan to deliver affordable medicines to the public through the rebranded and relaunched Pradhan Mantri Bharatiya Janaushadhi Pariyojana (PMBJP) is struggling to live up to its promise, with frequent product recalls and stock shortages hurting the availability of medicines and people’s faith in them. Launched by the UPA as the JanAushadhiYojana in November 2008, the scheme aims to ensure ""availability of quality medicines at affordable prices to all"" by selling cheaper generic medicines at more than 3,000 outlets across the country. [...] The number of Jan Aushadhi outlets has jumped manifold under the NDA government, crossing the target of 3,000 stores. However, critics say, the Modi government has gone too fast in expanding the number of outlets while failing to invest in quality control, back-end operations, supply chain management and human resources.",True,False,True,supports,factly
factly_1194,factly_1194,Rs. 2000 crore for agri-market infrastructure fund set up.,Govt. of India,The BJP government published an infographic on the 48-months portal that makes five claims about the budgetary allocations and outcomes of the agriculture sector. This article is a fact check of the claims.,False,True,True,insufficient-neutral,factly
factly_1194_ret_b1_gn,factly_1194,Rs. 2000 crore for agri-market infrastructure fund set up.,Govt. of India,"Gramin Agricultural Market (GrAMs) [...] Inthe Union Budget 2018-19announcement it was stated that theexisting 22,000 rural haatswould be developed and upgradedinto Gramin Agricultural Markets (GrAMs). In these GrAMs, physical infrastructure will be strengthened using MGNREGS and other Government Schemes.[i] [...] - Government has announced to set up of an Agri-Market Infrastructure Fund with a corpus of Rs. 2000 crore for developing and upgrading agricultural marketing infrastructure in the 22000 Gramin Agricultural Markets (GrAMs) and 585 Agricultural Produce Market Committees (APMCs).[ix] This fund will be utilized for development of GrAMs (Rs. 1000 crore) and strengthening/promotion of eNAM (Rs. 1000 crore).[x]",False,False,True,supports,factly
factly_1194_ret_bn_g2,factly_1194,Rs. 2000 crore for agri-market infrastructure fund set up.,Govt. of India,"Rs.2000 Crore fund to be set up for developing and upgrading agricultural marketing infrastructure in the 22000 grams and 585 APMCS [...] Shri Jaitley said that in the last Budget, the Government had announced strengthening of e-NAM and to expand coverage of e-NAM to 585 APMCs. Out of that, 470 APMCs have been connected to e-NAM network and rest will be connected by March, 2018. Further, an Agri-Market Infrastructure Fund with a corpus of Rs.2000 crore will be set up for developing and upgrading agricultural marketing infrastructure in the 22000 Grameen Agricultural Markets (GrAMs) and 585 APMCs, the Minister informed. [...] Announcing a major step to help small and marginal farmers in fisheries and animal husbandry sector to meet their working capital needs, the Finance Minister extended the facility of Kisan Credit Cards (KCC) to the sector. This would give benefit of crop loan and interest subvention, so far available to agriculture sector only under KCC, for rearing of cattle, buffalo, goat, sheep poultry and fisheries. Further, the Finance Minister also announced setting up of a Fisheries and Aquaculture Infrastructure Development Fund (FAIDF) for fisheries sector and an Animal Husbandry Infrastructure Development Fund (AHIDF) for financing infrastructure requirement of animal husbandry sector. Total Corpus of these two new Funds would be Rs.10,000 crore.",False,False,True,supports,factly
factly_1194_ret_bn_g7,factly_1194,Rs. 2000 crore for agri-market infrastructure fund set up.,Govt. of India,"""The budget has been prepared with proper care,"" he said while pointing out the scheme to convert 22,000 Rural Haats into Gramin Agricultural Markets (GrAMs) and government's plan to strengthen physical infrastructure using MGNREGA and other Government schemes. These GrAMs will be exempted from regulations of Agriculture Product Marketing Committees (APMC) and will provide farmers facility to make a direct sale to consumers and bulk purchasers. An Agri-Market Infrastructure Fund which would be set up with a corpus of Rs 2000 crore for developing and upgrading agricultural marketing infrastructure in the 22,000 Grameen Agricultural Markets (GrAMs) is a welcome one, he added. [...] The farmers' leader, however, welcomed Rs 10,000 crore corpus for Fisheries and Aquaculture Infrastructure Development Fund (FAIDF) and an Animal Husbandry Infrastructure Development Fund (AHIDF).",False,False,True,supports,factly
factly_1197,factly_1197,More than 19 crore people have been insured against life and accident risk or ensured pension.,Govt. of India,The government has published an infographic that makes certain claims about financial inclusion and insurance. Here is a fact check of these claims.,True,True,True,insufficient-neutral,factly
factly_1197_ret_bn_g1,factly_1197,More than 19 crore people have been insured against life and accident risk or ensured pension.,Govt. of India,"The next claim is that social security has been made a nationwide phenomenon with Jan Suraksha. It also claims that more than 19 crore people have been insured against life and accident risk or ensured pension. As per an answer provided by the government in Lok Sabha, ""Three social security schemes were launched in May 2015 pertaining to the Insurance and Pension Sectors namely Pradhan Mantri Jeevan Jyoti Bima Yojana (PMJJBY), Pradhan Mantri Suraksha Bima Yojana (PMSBY) and the Atal Pension Yojana (APY) in a move towards creating a universal social security system, targeted especially for the poor and the underprivileged. The schemes provide essential and affordable social protection to all citizens in a convenient manner linked to auto-debit facility from bank accounts. These schemes address the issue of low coverage of life or accident insurance and old age income security in the country."" [...] Fact: 5.3 crore people under PMJJBY, 13.5 crore under PMSBY and 1.08 crore people under APY have been covered. Hence, the claim is TRUE.",True,False,True,supports,factly
factly_1197_ret_bn_g5,factly_1197,More than 19 crore people have been insured against life and accident risk or ensured pension.,Govt. of India,"There are 23 private sector Life Insurance companies in India. They are: [...] According to section 6 of Insurance Act 1938, no insurer carrying on the business of life insurance in India or after the commencement of the Insurance Regulatory and Development Authority Act, 1999, shall be registered unless he has a paid-up equity capital of rupees one hundred crores. [...] The information is available in Insurance Regulatory and Development Authority of India (Registration of Indian Insurance Companies) (Seventh Amendment) Regulations, 2016 which can be viewed at the following section in the Authority's website .",True,False,True,insufficient-neutral,factly
factly_1201_ret_b13_gn,factly_1201,Department of Fertilizers has made it mandatory for all the indigenous producers of urea to produce 100% of their total production of subsidized urea as Neem Coated Urea (NCU),Govt. of India,"Government Initiatives and Schemes - Neem Coating of Urea: The Department of Fertilizers (DoF) has made it mandatory for all the domestic producers to produce 100% urea as Neem Coated Urea (NCU). - New Urea Policy (NUP) 2015: Objectives of the policy are- - To maximize indigenous urea production. [...] - It aims at ensuring the balanced use of fertilizers, improving agricultural productivity, promoting the growth of the indigenous fertilizers industry and also reducing the burden of Subsidy.",True,False,True,supports,factly
factly_1201_ret_bn_g0,factly_1201,Department of Fertilizers has made it mandatory for all the indigenous producers of urea to produce 100% of their total production of subsidized urea as Neem Coated Urea (NCU),Govt. of India,"Neem Coated Urea in Rajya Sabha today, said that the Department of Agriculture, [...] Giving a background of the Neem Coating of urea in the country, the Minister informed that on 2nd June 2008, the Government had notified the policy for encouraging production and availability of fortified and coated fertilizers in the country wherein the indigenous manufacturers/producers of the subsidized fertilizers were allowed to produce fortified/coated subsidized fertilizers up to a maximum of 20% of their total production of respective subsidized fertilizers. This ceiling of production of Neem Coated Urea(NCU) was increased from the limit of 20% to a maximum of 35% of their total production vide notification dated 11th January, 2011. Shri Mandaviya said that the Government, on 24th March, 2015 made mandatory for all the indigenous producers of urea to produce 75% of their total production of subsidized urea as Neem Coated Urea. Subsequently, on 25th May 2015, Department of Fertilizers made it mandatory for all the domestic producers of urea to produce 100% as Neem Coated Urea with an extra MRP of 5% (of Rs. 5360/- per",True,False,True,supports,factly
factly_1201_ret_bn_g1,factly_1201,Department of Fertilizers has made it mandatory for all the indigenous producers of urea to produce 100% of their total production of subsidized urea as Neem Coated Urea (NCU),Govt. of India,"Fact: It is true that through a notification in May 2015, Department of Fertilizers has made it mandatory for all the indigenous producers of urea to produce 100% of their total production of subsidized urea as Neem Coated Urea (NCU). However, the impacts of this are not yet published by any government report/source. Moreover, successive governments (starting with UPA 1) have progressively increased the limit of neem coating on subsidized urea. Hence, the 100% mandatory part is TRUE while the impacts remain UNVERIFIED.",True,False,True,supports,factly
factly_1214_ret_b11_gn,factly_1214,Indian Sign Language Research and Training Centre (ISLRTC) established.,Govt. of India,"Setting up of India Sign Language Research and Training Centre The Union Cabinet chaired by the Prime Minister Shri Narendra Modi, has approved the setting up of Indian Sign Language Research and Training Centre (ISLRTC) as a Society under the Societies Registration Act, 1860. The ISLRTC will be under the aegis of the Department of Empowerment of Persons with Disabilities, Ministry of Social Justice & Empowerment. It shall be located initially at the Institute for Physically Handicapped, New Delhi. [...] The needs of the deaf community for a common ISL and related matters have long been ignored, and problems have been documented by various organizations working for the deaf. The Centre will lead the way in academic development, training and propagation of the Indian Sign Language. Development of sign language interpreters, Research and Development and new technology will be the focus area of the Centre. It will provide equal opportunities to hearing impaired persons to fully participate in every sphere of life.",Half True,False,True,insufficient-supports,factly
factly_1214_ret_b4_gn,factly_1214,Indian Sign Language Research and Training Centre (ISLRTC) established.,Govt. of India,"Setting up of India Sign Language Research and Training Centre 22 Sep, 2015 The Union Cabinet chaired by the Prime Minister Shri Narendra Modi, has approved the setting up of Indian Sign Language Research and Training Centre (ISLRTC) as a Society under the Societies Registration Act, 1860. The ISLRTC will be under the aegis of the Department of Empowerment of Persons with Disabilities, Ministry of Social Justice and Empowerment. It shall be located initially at the Institute for Physically Handicapped, New Delhi. [...] 2 thoughts on ""Setting up of India Sign Language Research and Training Centre""",Half True,False,True,supports,factly
factly_1214_ret_b6_gn,factly_1214,Indian Sign Language Research and Training Centre (ISLRTC) established.,Govt. of India,"In a world where communication is key to inclusion and participation, the Indian Sign Language Research and Training Centre (ISLRTC) stands as a beacon of hope and progress for the deaf community in India. Established to promote the use and development of Indian Sign Language (ISL), ISLRTC plays a pivotal role in enhancing accessibility and inclusion for individuals who are deaf or hard of hearing. This blog delves into the mission, initiatives, and impact of ISLRTC in promoting accessibility through Indian Sign Language. The Indian Sign Language Research and Training Centre was established in 2011 under the aegis of the Ministry of Social Justice and Empowerment, Government of India. The primary objective of ISLRTC is to promote the use of Indian Sign Language as a medium of communication and to ensure its development through research, training, and standardization. By doing so, ISLRTC aims to empower the deaf community and foster an inclusive society where communication barriers are minimized. [...] The Indian Sign Language Research and Training Centre (ISLRTC) is at the forefront of promoting accessibility and inclusion through Indian Sign Language. Its comprehensive approach, encompassing research, training, standardization, and advocacy, has significantly advanced the rights and opportunities of the deaf community in India. As ISLRTC continues to grow and evolve, its efforts will undoubtedly lead to a more inclusive and equitable society where communication barriers are a thing of the past.",Half True,False,True,supports,factly
factly_1214_ret_bn_g0,factly_1214,Indian Sign Language Research and Training Centre (ISLRTC) established.,Govt. of India,"Indian Sign Language Research and Training Centre (ISLRTC) is an autonomous organization established under Societies Registration Act XXI of 1860, (Registration Number S/1440/2016), under the aegis of Department of Empowerment of Persons with Disabilities (Divyangjan) under Ministry of Social Justice and Empowerment, Government of India, New Delhi. It was established on 28th September 2015. [...] Training Session on ISL ISLRTC organized online training session on Indian Sign Language on…",Half True,False,True,supports,factly
factly_1222,factly_1222,Amartya Sen was involved in gross irregularities and land grab during his tenure at visva-Bharati university in West Bengal,SOCIAL MEDIA POST,"Amartya Sen never held an official position at Visva-Bharati University, and the recent controversy between him and the university is related to a dispute over his ancestral property. Hence the claim made in the post is MISLEADING.",False,True,True,refutes,factly
factly_1222_ret_b15_gn,factly_1222,Amartya Sen was involved in gross irregularities and land grab during his tenure at visva-Bharati university in West Bengal,SOCIAL MEDIA POST,"Kolkata: Amid the controversy over Nobel laureate Amartya Sen's family being in ""illegal"" possession of land in Visva-Bharati campus, the central university on Saturday demanded that the West Bengal government measure the plot to resolve the issue. [...] A controversy had erupted on December 24 last year, the day Prime Minister Narendra Modi addressed the centenary celebrations of Visva-Bharati, when media reported that the university has written to the West Bengal government alleging dozens of land parcels owned by it were wrongfully recorded in the names of private parties including Mr Sen. [...] Stating that the Visva-Bharati authorities had never complained to him or his family about any irregularity in holding the land, Mr Sen has accused the VC of acting at the behest of the Centre ""with its growing control over Bengal"".",False,False,True,insufficient-refutes,factly
factly_1222_ret_b16_gn,factly_1222,Amartya Sen was involved in gross irregularities and land grab during his tenure at visva-Bharati university in West Bengal,SOCIAL MEDIA POST,"Amidst the ongoing controversy at Visva Bharati University where the University had accused Nobel Laureate Amartya Sen of land grab, Professor Sen on Thursday said that he was surprised at the mind-set of the authorities of the Central University. [...] ""The allegation of unauthorised occupation of the land of Visva-Bharati made by Bidyut Chakraborty, Vice-Chancellor, Visva-Bharati, against Amartya Sen is evidently false,"" Kausik Bhattacharya, Secretary, VBUFA said in a statement on Thursday. [...] Baseless and with ill-will ""Hence, it is impossible for Sen to illegally occupy any land of Visva-Bharati. Moreover, the allegation has been made without any evidence implying ill motive,"" he added.",False,False,True,refutes,factly
factly_1224,factly_1224,Hyderabad Police warned the public against contamination of cool drinks with the Ebola virus,SOCIAL MEDIA POST,"Neither the Hyderabad police nor the Government of India has issued any such advisory alerting about the contamination of cool drinks with Ebola virus. This has been confirmed by clarifications from both the Hyderabad police and PIB. Additionally, there are no reports suggesting such contamination. Hence, the claim made in the post is FALSE.",False,True,True,refutes,factly
factly_1224_ret_b7_gn,factly_1224,Hyderabad Police warned the public against contamination of cool drinks with the Ebola virus,SOCIAL MEDIA POST,"Fact Check: Hyderabad police warning on ebola-contaminated cold drinks is fake [...] The viral advisory reads, ""Please forward it to all friends information has been given by Hyderabad police all over India. Please do not drink any cold drink like Maaza, Fanta, 7up, Coca-Cola, Mountain dew Pepsi etc. For next few days because one of the companies worker has mixed the contaminated blood of a dangerous virus named ebola in it. This news was told in NDTV channel yesterday. Please help by forwarding this message as soon as possible. Forward this message to your family. Share this as much as you can 07:12 Thank you. (sic)"" [...] We started the investigation by searching for relevant news articles on NDTV, as said in the post, but could not find any such report on the contamination of cold drinks with the Ebola virus. Moreover, on analysing the social media handles of Hyderabad city police we could not find any relevant advisory on any of their handles.",False,False,True,insufficient-refutes,factly
factly_1224_ret_b9_gn,factly_1224,Hyderabad Police warned the public against contamination of cool drinks with the Ebola virus,SOCIAL MEDIA POST,"Greater Hyderabad Municipal Corporation has warned the public against drinking cool drinks contaminated with Ebola virusFact : [...] An image with text in Telugu looking like a statement from the Greater Hyderabad Municipal Corporation, Hyderabad, Telangana is in wide circulation claiming that the corporation issued an advisory to the public to avoid consuming cool drinks/ soft drinks as they have been contaminated. The company workers mixed blood containing the dangerous Ebola virus in these beverages. NDTV has reported this incident. [...] Therefore, the image resembling an advisory issued by GHMC is a hoax. GHMC did not issue any advisory about the contamination of cool drinks with blood containing Ebola virus. No such incident occurred in India. The claim is False.",False,False,True,refutes,factly
factly_1224_ret_bn_g0,factly_1224,Hyderabad Police warned the public against contamination of cool drinks with the Ebola virus,SOCIAL MEDIA POST,"CLAIM A viral message on WhatsApp claims that Hyderabad Police warned the public against consuming any ""soft drink"" because an employee working for one of these companies added his blood contaminated by [...] Besides this, no other credible news report about a factory worker adding Ebola-contaminated blood in soft drinks could be found. VERDICTTimes Fact Check has found the claims of Hyderabad Police warning against consumption of cold-drinks to avoid the spread of ebola virus to be false.",False,False,True,refutes,factly
factly_1224_ret_bn_g9,factly_1224,Hyderabad Police warned the public against contamination of cool drinks with the Ebola virus,SOCIAL MEDIA POST,"A set of images is circulating on social media with the claim that Hyderabad police has issued a warning to not drink cold drinks like Fanta, Pepsi, Coke, etc in the upcoming days as they are contaminated with the Ebola virus. ""Please forward to your friends. Instructions have been issued to all of India on behalf of the Hyderabad police. In the coming few days, please do not drink cold drinks like Maaza, Fanta, 7 Up, Coca-Cola, Mountain Dew, Pepsi, etc. A worker in one of these companies has mixed blood infected with a dangerous virus called Ebola,"" the message reads.",False,False,True,insufficient-neutral,factly
factly_155,factly_155,The Winter Session of Parliament postponed in 2011 during UPA rule,Arun Jaitley,"While Sonia Gandhi accused the government of postponing the parliament session for a state election, Arun Jaitley hit back saying the Congress did the same in 2011. Is it true that the parliament session was postponed in 2011? Here is a Fact Check.",False,True,True,insufficient-neutral,factly
factly_155_ret_b11_gn,factly_155,The Winter Session of Parliament postponed in 2011 during UPA rule,Arun Jaitley,"Winter session of Parliament: UPA govt's last chance for key legislations [...] The winter session of Parliament beginning on Thursday could well be the UPA government's last chance to get its key legislations through with the Lok Sabha elections barely six months away. The opposition is expected to seek to corner the government on price rise and the JPC report on 2G spectrum allocation and problems of farmers. [...] Meanwhile, Prime Minister Manmohan Singh on Tuesday urged political parties to make the best use of the time available during parliament's ""short"" winter session. He also said that the government was committed to the formation of Telangana state.",False,False,True,insufficient-neutral,factly
factly_155_ret_b5_gn,factly_155,The Winter Session of Parliament postponed in 2011 during UPA rule,Arun Jaitley,"<p>Though not a washout as compared to last year, the winter session of parliament (Nov 22-Dec 29) proved to be an embarrassment for the United Progressive Alliance government in more ways than one. <br /><br /></p>.<p>Starting with the fiasco over decision to allow foreign equity in multi-brand retail, stalled by ally Trinamool Congress, the charge of ""running away"" in parliament Dec 29 from vote on the contentious Lokpal bill, coupled with the failure to get constitutional status for the anti-graft ombudsman in the Lok Sabha Dec 27, the session had many moments of discomfiture for the government.<br /><br />The idea of constitutional status to Lokpal was floated by Congress leader Rahul Gandhi. When a bill to amend the constitution for that purpose was put to vote in the Lok Sabha, around a dozen Congress members were not present in the house. <br /><br />Earlier, the FDI decision, pulled out of their hats by the UPA managers, did deflect the opposition's attention from demanding voting on debates over black money and price rise issues, but it united the house against the Congress.",False,False,True,insufficient-neutral,factly
factly_155_ret_b8_gn,factly_155,The Winter Session of Parliament postponed in 2011 during UPA rule,Arun Jaitley,"<p class=""bodytext"">The government will call the Winter Session of Parliament in December and its dates will be announced soon, Parliamentary Affairs Minister Ananth Kumar said on Tuesday while citing precedents during the UPA rule to reject the Congress' allegations of ""delay"".</p>.<p class=""bodytext"">Kumar said the opposition party is suffering from ""selective amnesia"" as during the Congress-led UPA rule, Winter Sessions were held in December 2008 and December 2013.</p>.<p class=""bodytext"">""Usually, care is taken not to overlap the Parliament session with Assembly elections.",False,False,True,insufficient-contradictory,factly
factly_1553,factly_1553,Congress Party is celebrating after China blocked India’s bid to designate Jaish-e-Mohammad chief Masood Azhar as a global terrorist in the UN Security Council.,FACEBOOK POST,Pictures in the post are old images which correspond to the Congress party‘s celebrations after its victory on different occasions. Hence the claim mentioned in the post is FALSE.,False,True,True,refutes,factly
factly_1553_ret_b15_gn,factly_1553,Congress Party is celebrating after China blocked India’s bid to designate Jaish-e-Mohammad chief Masood Azhar as a global terrorist in the UN Security Council.,FACEBOOK POST,"China blocks India’s move to ban Jaish chief Masood Azhar, again China said on Saturday its technical hold on India’s move to get Pakistan-based Jaish-e-Mohammed chief Masood Azhar designated as a terrorist by the United Nations has ""been extended"", days before the expiry of the hold. Ties between India and China are set to take a hit after Beijing on Saturday said it has extended the decision to block New Delhi’s appeal to the United Nations to label Pakistan-based Jaish-e-Mohammed chief Masood Azhar a terrorist.",False,False,True,insufficient-contradictory,factly
factly_1553_ret_b6_gn,factly_1553,Congress Party is celebrating after China blocked India’s bid to designate Jaish-e-Mohammad chief Masood Azhar as a global terrorist in the UN Security Council.,FACEBOOK POST,"United Nations: In a major jolt to peace and counter-terrorism operations in the Indian sub-continent, China on Wednesday blocked India's bid to designate Jaish-e-Mohammed terror chief Masood Azhar as a 'global terrorist' for the fourth time. China put a technical hold on a proposal in the UN Security Council to ban him just before the close of the deadline, news agency PTI reported. [...] The Congress party pounced on the opportunity and took a dig at Prime Minister Narendra Modi for ""failing at diplomatic levels"". ""A sad day in the global fight against terrorism. China blocking Masood Azhar's designation as global terrorist reaffirms Chinese position of being an inseparable ally of terrorism’s breeding ground-Pakistan. Sadly, Modiji's foreign policy has been a series of diplomatic disasters,"" Congress spokesperson Randeep Singh Surjewala said. [...] China blocks India's bid to declare JeM chief Masood Azhar as a 'global terrorist' for the fourth time at the UNSC.",False,False,True,insufficient-supports,factly
factly_1553_ret_bn_g1,factly_1553,Congress Party is celebrating after China blocked India’s bid to designate Jaish-e-Mohammad chief Masood Azhar as a global terrorist in the UN Security Council.,FACEBOOK POST,"A post containing few pics of Congress top leaders and party men in jubilant mood are being circulated on Facebook. The post contained the narration that Congress Party is celebrating China‘s blockade of India‘s bid to designate Jaish-e-Mohammad chief Masood Azhar as a global terrorist in the UN Security Council. Let’s try to analyze the claim made in the post. [...] The third image corresponds to the Congressmen celebrations for their victory in 2018 State Elections.An article with the image can be found in ‘GULF NEWS INDIA‘ dated on December 11,2018. Finally, pictures in the post are old images which correspond to the Congress party‘s celebrations after its victory on various occasions.",False,False,True,refutes,factly
factly_1553_ret_bn_g14,factly_1553,Congress Party is celebrating after China blocked India’s bid to designate Jaish-e-Mohammad chief Masood Azhar as a global terrorist in the UN Security Council.,FACEBOOK POST,"JeM, designated as a Foreign Terrorist Organisation in 2001, has at least several hundred armed supporters - including a large cadre of former HuM members - located in Pakistan, southern Kashmir and Doda regions and in the Valley. [...] June 6: From a confidential cable dated August 21, 2009 sent by the American Embassy in Beijing to Washington, it has come to light that Chinese authorities had place a technical hold on an Indian request to impose sanctions on three high-ranking Pakistan-based operatives of the Laskhar-e-Toiba (LeT) and Jaish-e-Mohammed (JeM). According to the cable, the Indian request to list three militants, namely, Abdul Rahman Makki (brother of LeT/JuD leader Hafiz Saeed and the number two man in the LeT hierarchy), Azam Cheema (LeT intelligence chief and a key advisor of its senior leader Zaki-ur-Rahman Lakhvi) and Mohammad Masood Azhar Alvi (the founder of the JeM) under the United Nations Security Council Resolution 1267 was vetoed by China on the grounds of lack of sufficient information to merit such action. According to the U.S. State Department, China's hold on listing the three terrorists was done at the behest of Pakistan [...] The US Secretary of State redesignates the Jaish-e-Mohammed as a Foreign Terrorist Organization.",False,False,True,insufficient-contradictory,factly
factly_1579,factly_1579,JANSIO Threanic Triple-Spin Ring would help in substantial weight loss,SOCIAL MEDIA POST,"There is no evidence to suggest that magnetic rings, or similar magnetic devices, aid in weight loss. Also, according to Federal Trade Commission, ‘Nothing you can wear or apply to your skin will cause you to lose weight’. Hence the claim made in the post is FALSE.",False,True,True,refutes,factly
factly_1579_ret_b12_gn,factly_1579,JANSIO Threanic Triple-Spin Ring would help in substantial weight loss,SOCIAL MEDIA POST,Threanic Triple-Spin Ring is soft on all skin types. [...] The premium material of the Jansio Threanic triple-spin ring makes it the best. It is gentle on the skin and never bends or breaks. One can wear it for years without it tarnishing. You can move and pin the beads for ideal relief. Explore More: Goddard Store Reviews [...] The Benefits of the JANSIO RING - It is Self-Soothing Ring.,False,False,True,insufficient-neutral,factly
factly_1579_ret_b4_g0,factly_1579,JANSIO Threanic Triple-Spin Ring would help in substantial weight loss,SOCIAL MEDIA POST,"A Facebook post promoting the product ‘JANSIO Threanic Triple-Spin Ring’ is being shared on social media claiming that wearing the ring would cause substantial weight loss. Let’s verify the claim made in the post. [...] The product website claims that the ring is entirely magnetized and the electromagnetic charge released by it will remove blockages in the body thus causing weight reduction. However, according to the Federal Trade Commission(FTC), products worn on the body or applied to the skin do not cause substantial weight loss. According to a cautionary guide released by FTC, several experts suggest that products like rings, patches, creams etc clarified that these products do not help in losing weight. [...] To sum it up, there is no evidence to suggest that wearing a magnetized ring will help in substantial weight loss.",False,False,True,refutes,factly
factly_1579_ret_b5_gn,factly_1579,JANSIO Threanic Triple-Spin Ring would help in substantial weight loss,SOCIAL MEDIA POST,"Jansio Ring is a a triple fidget ring that claims to reduces panic attacks makes your nerves calm. It is made with premium titanium and embed with natural selenite stone, which effectively release powerful mineral elements to your body. Jansio Threanic Triple Fidget Ring is using a new-technology, a Japanese medical device. This ring is entirely magnetized by 55mT at 10-mm pitches in the Alternating North-South Polarity Orientation. This allows TitaniumION force from the whole neck loop to spread its effects across a wide surface, leading to an increase and improved blood circulation, improves metabolism, and enhance masculine energy. [...] - JANSIO Threanic Triple-Spin Ring is gentle on all skin-types. It does not bend or break easily and can be worn for a long years of use without tarnishing. The beads can be moved and spin smoothly for a perfect relief. [...] Pros Of Jansio Ring - It is easy to use - Suitable for both male and female - It claims to help in weigh loss - It is eco friendly - It does not contain any chemical",False,False,True,insufficient-neutral,factly
factly_1579_ret_b9_gn,factly_1579,JANSIO Threanic Triple-Spin Ring would help in substantial weight loss,SOCIAL MEDIA POST,"GEOBY JANSIO Threanic Triple-Spin Ring (Adjustable Ring), Threanic Triple-Spin Ring, JANSIO Ring For Weight Loss, JANSIO Rings, Feelief Zirconica Triple Fidget Ring, Open Anti Anxiety Ring (C) [...] ACTION 1. Fidget Toy JANSIO Threanic Triple-Spin Ring JANSIO Triple Spin Ring for Weight Loss,Feelief Zirconica Triple Fidget Ring,Vikanda Thermogenic Moissanite Spinner Ring,Rings Anti Anxiety Ring (Silver) [...] Get It From Amazon Now: Check Price on Amazon & FREE Returns 4. GEOBY JANSIO Threanic Triple-Spin Ring (Adjustable Ring) Threanic Triple-Spin Ring, JANSIO Ring For Weight Loss, JANSIO Rings, Feelief Zirconica Triple Fidget Ring, Open Anti Anxiety Ring (C)",False,False,True,insufficient-neutral,factly
factly_1600,factly_1600,"ongress President Rahul Gandhi and his party leaders Shatrughan Sinha, Navjot Singh Sidhu and West Bengal CM Mamata Banerjee are in the same pic with Pakistan’s PM Imran Khan and its Army Chief Qamar Javed Bajwa",FACEBOOK POST,"The original photo of the picture posted can be seen in the article of the news agency ‘ARY NEWS’. The photo is from the meeting of Pakistan Army Chief with its PM Imran Khan to discuss their country’s security-related matters. No Indian political leader can be seen in the original pic. So, the claim made in the post is FALSE.",False,True,True,refutes,factly
factly_1600_ret_b16_gn,factly_1600,"ongress President Rahul Gandhi and his party leaders Shatrughan Sinha, Navjot Singh Sidhu and West Bengal CM Mamata Banerjee are in the same pic with Pakistan’s PM Imran Khan and its Army Chief Qamar Javed Bajwa",FACEBOOK POST,"Shatrughan Sinha's meeting with Rahul Gandhi confirmed what had been brewing for days. (PTI) Highlights - Shatrughan Sinha met Congress President Rahul Gandhi - Rahul Gandhi was very encouraging and positive: Shatrughan Sinha - I consider Nehru-Gandhis nation builder: Shatrughan Sinha New Delhi: Actor-turned-politician Shatrughan Sinha, who refused to quit the BJP for years despite a relationship best described as ""complicated"", has finally decided to join the Congress. His meeting with Congress president Rahul Gandhi on Thursday and their photo together confirmed what had been brewing for days. Later, he tweeted that he was ""painfully, on the way out of BJP"".",False,False,True,insufficient-supports,factly
factly_1600_ret_bn_g0,factly_1600,"ongress President Rahul Gandhi and his party leaders Shatrughan Sinha, Navjot Singh Sidhu and West Bengal CM Mamata Banerjee are in the same pic with Pakistan’s PM Imran Khan and its Army Chief Qamar Javed Bajwa",FACEBOOK POST,"A post with the picture showing Rahul Gandhi, Mamata Banerjee, Navjot Sidhu and Shatrughan Sinha with the Pak PM and its Army Chief is being shared by many Facebook users. In the post, it was written that voting for Congress was like voting for Pakistan. Let’s try to analyze the authenticity of the picture posted. [...] On doing the Google reverse image search, the photo was found in the ‘ARY NEWS’ article dated Apr 4, 2019 with the title ""Army Chief calls on PM Khan, discusses security-related matters"". The image in this article is photoshopped to show as if Rahul Gandhi, Shatrughan Sinha, Navjot Singh Sidhu and Mamata Banerjee are with Pakistan’s PM and its Army Chief. Hence, the picture showing Rahul Gandhi, Mamata Banerjee, Navjot Sidhu and Shatrughan Sinha with the Pak PM and its Army Chief is a photoshopped one.",False,False,True,refutes,factly
factly_1600_ret_bn_g2,factly_1600,"ongress President Rahul Gandhi and his party leaders Shatrughan Sinha, Navjot Singh Sidhu and West Bengal CM Mamata Banerjee are in the same pic with Pakistan’s PM Imran Khan and its Army Chief Qamar Javed Bajwa",FACEBOOK POST,"An image of Pakistani prime minister Imran Khan interacting with the country’s army chief Qamar Javed Bajwa is being circulated on social media. Congress leaders Shatrughan Sinha and Navjot Singh Sidhu, West Bengal CM Mamta Banerjee and Congress president Rahul Gandhi can also be seen in the photograph, sitting in a corner. From the account of an individual user Devaraj Kotla, the photograph has 4,200 shares. It has been circulated with the caption – ""ನೀವು ಕಾಂಗ್ರೆಸ್ ಗೆ ಮತ ಹಾಕಿದರೆ ಪಾಕಿಸ್ತಾನ ಕ್ಕೆ ಮತ ಹಾಕಿದ ಹಾಗೆ.ಚಿತ್ರ ನೋಡಿ ಪಾಕಿಸ್ತಾನ ದ ಪರ ಗುಲಾಮರು ಮೂಲೆಯಲ್ಲಿ ಹೇಗೆ ಕುಳಿತಿದ್ದಾರೆ,"" which roughly translates to, ""If you vote for Congress, you will be able to vote for Pakistan. Look at the picture, how are the slaves of Pakistan sitting in the corner."" [...] The image was photoshopped by Twitter user @Atheist_Krishna who had posted it on April 5 with the caption – ""बालाकोट में मारे गए आतंकवादियों के सबूत जुटाने पाकिस्तान पहुंचा विपक्ष। (Opposition reaches Pakistan to gather evidence for the death of terrorists in Balakot)"" – which suggests that he took a sarcastic jibe at the opposition leaders. The tweet was retweeted over 7,000 times.",False,False,True,refutes,factly
factly_1601,factly_1601,More than 6 lakh high risk pregnancies identified under Pradhan Mantri Surakshit Matritva Abhiyan,Govt. of India,The government made four claims about the Pradhan Mantri Surakshit Matritva Abhiyan (PMSMA). How true are these claims?,True,True,True,insufficient-neutral,factly
factly_1601_ret_b4_g5,factly_1601,More than 6 lakh high risk pregnancies identified under Pradhan Mantri Surakshit Matritva Abhiyan,Govt. of India,"The first claim is that the Pradhan Mantri Surakshit Matritva Abhiyan (PMSMA) was ‘launched to ensure good health of mother and child’. [...] The fourth claim is that ""More than 6 lakh high risk pregnancies identified’. One of the critical components of the Pradhan Mantri Surakshit Matritva Abhiyan is identification and follow-up of high risk pregnancies. Since its inception in 2016, Over 7 lakh women with high risk conditions have been identified.",True,False,True,supports,factly
factly_1601_ret_bn_g0,factly_1601,More than 6 lakh high risk pregnancies identified under Pradhan Mantri Surakshit Matritva Abhiyan,Govt. of India,"Pradhan Mantri Surakshit Matritva Abhiyan-PMSMA - The program aims to provide assured, comprehensive and quality antenatal care, free of cost, universally to all pregnant women on the 9th of every month. PMSMA guarantees a minimum package of antenatal care services to women in their 2nd / 3rd trimesters of pregnancy at designated government health facilities. [...] - The Pradhan Mantri Surakshit Matritva Abhiyan has been rolled out in all States/ UTs. [...] - More than 2.70 lakh high risk pregnancies have been identified under PMSMA.",True,False,True,insufficient-refutes,factly
factly_1601_ret_bn_g3,factly_1601,More than 6 lakh high risk pregnancies identified under Pradhan Mantri Surakshit Matritva Abhiyan,Govt. of India,"According to the official website, ‘the Pradhan Mantri Surakshit Matritva Abhiyan has been launched by the Ministry of Health & Family Welfare (MoHFW), Government of India. The program aims to provide assured, comprehensive and quality antenatal care, free of cost, universally to all pregnant women on the 9th of every month. PMSMA guarantees a minimum package of antenatal care services to women in their 2nd/3rd trimesters of pregnancy at designated government health facilities’. [...] The fourth claim is that ‘more than 6 lakh high risk pregnancies identified’. One of the critical components of the Pradhan Mantri Surakshit Matritva Abhiyan is identification and follow-up of high risk pregnancies. Since its inception in 2016, Over 7 lakh women with high risk conditions have been identified.",True,False,True,supports,factly
factly_1628,factly_1628,mages showing the technological upgrades in the Indian Railways before and after the BJP government in the country,SOCIAL MEDIA POST,"Both the pictures shared in the post were taken in 2020 during the BJP government in the country. The first picture shows railway staff cleaning a platform at the Howrah Junction railway station after the nearly seven-week lockdown amid the COVID-19 pandemic, in 2020. The other photo shows the staff cleaning a platform of Asansol railway station, as part of the ‘Swachhta Saptah’ in August 2020. Hence, the claim made in the post is FALSE.",False,True,True,refutes,factly
factly_1628_ret_b0_gn,factly_1628,mages showing the technological upgrades in the Indian Railways before and after the BJP government in the country,SOCIAL MEDIA POST,"The staff in the Indian rail network are using various innovative technological solutions to improve efficiency, ranging from customer service to maintenance and repair work. Having a workforce management platform helps the staff to plan and schedule processes in a planner software for control over the entire workforce process such as capacity planning, daily task scheduling, real-time rescheduling, routes, employee availability and competing time slots. [...] The Indian rail network is continuously enhancing the passenger experience through digital technologies. The modern features such as facial recognition, emergency talk-back system, WiFi infotainment system, automatic plug-door and step control have completely changed the passenger travel experience. [...] Over the last couple of years, technology and innovation have been changing the face of the Railways as it has embraced digitalisation in all spheres of its operations such as asset management, train signalling, manufacturing, passenger information system and coach factory automation. With the Railways’ digital transformation, the industry will accelerate new railway intelligence thus enabling enhanced industry-wide knowledge and business model innovation.",False,False,True,insufficient-neutral,factly
factly_1628_ret_b6_gn,factly_1628,mages showing the technological upgrades in the Indian Railways before and after the BJP government in the country,SOCIAL MEDIA POST,"How has technology changed the Indian Railways and made it better – Explained [...] Indian Railways, the world's third-largest train network, has experienced considerable expansion and change since its founding in 1853. The industry's brains have shown great achievements in the fields of speedier services and passenger safety, from employing ecologically beneficial accommodations for passengers to operating an engine-less train. Much of the credit goes to technological advancements, which have enhanced systems, infrastructure, and signalling, giving rail travel new significance. Let's take a look at how technology has benefited in the recent upgrading of the train travel sector. [...] The Indian Railways` new diesel locomotives are now outfitted with GPS devices to monitor their health. The entire system is equipped with a GPS receiver, processor panel, onboard sensor, and other components to capture and process data via GPRS service, which is then sent to a central server for further processing. The Indian Railways also employs REMMLOT technology to track train arrival and departure times.",False,False,True,insufficient-neutral,factly
factly_1628_ret_bn_g0,factly_1628,mages showing the technological upgrades in the Indian Railways before and after the BJP government in the country,SOCIAL MEDIA POST,"A collage of images is being shared on social media claiming it to be pictures comparing the technological advancements in the Indian Railways before and after the BJP government in the country. The first photo shows railway staff cleaning a platform manually using mops, whereas, the second picture shows the staff using machinery for sweeping the platform. Comparing the pictures, this post claims it as the testimony of ‘Ache Din’ in the country. Let’s verify the claim made in the post. [...] Fact: Both the pictures shared in the post were taken in 2020 during the BJP government in the country. The first picture shows railway staff cleaning a platform at the Howrah Junction railway station after the nearly seven-week lockdown amid the COVID-19 pandemic, in 2020. The other photo shows the staff cleaning a platform of Asansol railway station, as part of the ‘Swachhta Saptah’ in August 2020. Hence, the claim made in the post is FALSE. [...] To sum it up, these photos do not show the state of Indian Railways before and after the BJP government in the country.",False,False,True,refutes,factly
factly_1629,factly_1629,20 new super specialty AIIMS – like hospitals being set up,SOCIAL MEDIA POST,The BJP government published an infographic on the 48-months portal with claims about hospitals and doctors. This article is a fact check of the claims.,False,True,True,insufficient-neutral,factly
factly_1629_ret_b1_gn,factly_1629,20 new super specialty AIIMS – like hospitals being set up,SOCIAL MEDIA POST,"In what can be called a major boost to the healthcare infrastructure and health education in the country, the Union Cabinet on Wednesday approved a plan to set up 20 super-speciality All India Institute of Medical Sciences (AIIMS) and also to upgrade of 73 medical colleges. [...] ""Under this (PMSSY), we are going to set up 20 AIIMS in the country, six have already been established, and would upgrade 73 medical colleges. This is a historic decision,"" he added. [...] Highlighting other benefits of the PMSSY, Nadda said that each new AIIMS will add 100 UG (MBBS) and 60 B.Sc (Nursing) seats, 15-20 Super Specialty Departments and around 750 hospital beds.",False,False,True,supports,factly
factly_1629_ret_b7_gn,factly_1629,20 new super specialty AIIMS – like hospitals being set up,SOCIAL MEDIA POST,"The Union Cabinet has given nod for setting up 20 super-speciality All India Institutes of Medical Sciences (AIIM S)-- like hospitals and also upgradation of 73 medical colleges at a cost of Rs 14,832 crore. [...] The construction of the new AIIMS will be fully funded by the Central government. It will also bear the operation and maintenance expenses of these facilities.",False,False,True,supports,factly
factly_1629_ret_bn_g1,factly_1629,20 new super specialty AIIMS – like hospitals being set up,SOCIAL MEDIA POST,"The annual report (2017-18) of the Ministry of Health & Family Welfare (MoHFW) states that ‘the Pradhan Mantri Swasthya Suraksha Yojana (PMSSY) has been launched with the objective of correcting regional imbalances in the availability of affordable/reliable tertiary healthcare services and to also augment facilities for quality medical education in the country. PMSSY has two components – setting up of AIIMS like institutions and up-gradation of existing State Government Medical Colleges/ Institutions and is being taken up in phased manner. Upgradation programme broadly envisages improving health infrastructure through construction of Super Specialty Blocks/Trauma centres etc. and procurement of medical equipment for existing as well as new facilities on Central and State share basis. In first phase of PMSSY, six AIIMS one each at Bhopal, Bhubaneswar, Jodhpur, Patna, Raipur and Rishikesh and up-gradation of 13 existing State Government Medical Colleges/Institutions(GMCIs) have been taken up. Under Phase-II of PMSSY, AIIMS at Rae Bareli and up-gradation of 6 is being taken up’. [...] The first claim is that ‘20 new super specialty AIIMS – like hospitals being set up’. [...] Fact: Six AIIMS-like institutions have been setup under the PMSSY scheme and are functioning, all of which were approved during the UPA. The current government approved setting up of 15 new AIIMS like institutions in these 5 years. Hence the claim is MISLEADING.",False,False,True,insufficient-refutes,factly
factly_1629_ret_bn_g10,factly_1629,20 new super specialty AIIMS – like hospitals being set up,SOCIAL MEDIA POST,"• Each new AIIMS will have 15-20 Super Specialty Departments. [...] Establishment of new AIIMS involves creation of Hospital, Teaching Block for medical & nursing courses, residential complex and allied facilities/services, broadly on the pattern of AIIMS, New Delhi and other six new AIIMS taken up under Phase-I of PMSSY. The objective is to establish the new AIIMS as Institutions of National Importance for providing quality tertiary healthcare, medical education, nursing education and research in the Region. [...] Setting up of new AIIMS would not only transform health education and training but also address the shortfall of health care professionals in the region. The establishment of new AIIMS will serve the dual purpose of providing super speciality health care to the population while also help create a large pool of doctors and other health workers in this region that can be available for primary and secondary level institutions / facilities being created under National Health Mission (NHM). Construction of new AIIMS is fully funded by the Central Government. The Operations & Maintenance expenses on new AIIMS are also fully borne by the Central Government.",False,False,True,insufficient-supports,factly
factly_164,factly_164,12.68 crore soil health cards have been distributed. This is the combined population of Germany and Spain.,Govt. of India,"In an infographic published by the government on the 48-months portal, there are three claims related to the goal of doubling farmer’s incomes. The claims pertain to the soil health cards, e-NAM and farm credit. The following article is a fact check of these claims.",True,True,True,insufficient-neutral,factly
factly_164_ret_b6_gn,factly_164,12.68 crore soil health cards have been distributed. This is the combined population of Germany and Spain.,Govt. of India,"The Union government has distributed 11.69 crore soil health cards in the last two years under a scheme that enables the country’s farmers to understand the soil health parameters and improve productivity. The soil health card scheme was launched by the Narendra Modi government to tackle a fall in soil nutrients. The use of soil health card has led to an 8-10% decline in the use of chemical fertilizers and raised productivity by 5-6%, according to a National Productivity Council study. Under the phase I of the scheme, the central government had distributed 10.74 crore cards between 2015 and 2017. The states have been sanctioned 429 static labs, 102 new mobile labs, 8,752 mini labs and 1,562 village-level laboratories apart from strengthening the 800 existing labs. [...] The government is implementing Development of Model Villages, a pilot project for sampling and testing of soil in partnership with farmers in the current fiscal year. A model village is selected for collection and analysis of soil samples. At least 13.53 lakh soil health cards have been distributed under the scheme in 2019-20. The state governments will undertake the analysis of soil composition in every two years to take remedial steps to improve soil quality. The farmers can track soil samples and soil health card reports.",True,False,True,insufficient-contradictory,factly
factly_1640,factly_1640,An auto driver was thrashed for voting for the BJP in the recently held assembly elections in Karnataka,SOCIAL MEDIA POST,"The auto driver in question is Harish Rao Gorpade, and the incident occurred in Shimoga. Initial news reports on this incident suggested that a group of strangers attacked Harish for voting for the BJP. However, Harish later clarified to the media that his friends had actually damaged his auto after a confrontation at a bar. He explicitly stated that he never claimed to have been thrashed for voting for the BJP. Therefore, the claim made in the viral post is False.",False,True,True,refutes,factly
factly_1640_ret_b9_gn,factly_1640,An auto driver was thrashed for voting for the BJP in the recently held assembly elections in Karnataka,SOCIAL MEDIA POST,"BHOPAL: A Muslim woman was thrashed by relatives brutally for voting for the party of her preference in the recently concluded elections. The incident took place in Barkheda Hasan village in Sehore district and the victim was identified as Samina. According to reports, it was Samina’s brother-in-law Javed Khan who unleashed the attack on Samina, for her liking towards the BJP. While responding to the media, Samina said she was tortured by her in-laws with slaps and punches just for voting for BJP. Samina said she voted for BJP after getting benefitted from Shivraj Singh Chouhan’s vanity project ‘Ladli Behna Yojana‘, which promises a monthly stipend of Rs 1,250 to eligible women. This has also been touted as the one single project that helped the BJP win the anti-incumbency wave in MP. [...] On December 4, Javed Khan reached her residence and started abusing her which later morphed into physical assaults. Samina justified that she voted according to her conscience, but was thrashed by Javed and his wife.",False,False,True,supports,factly
factly_1640_ret_bn_g0,factly_1640,An auto driver was thrashed for voting for the BJP in the recently held assembly elections in Karnataka,SOCIAL MEDIA POST,"A viral video circulating on social media claims that an auto driver and his auto in Karnataka were physically attacked for voting for the Bharatiya Janata Party (BJP) in the recent assembly elections in the state. In this fact-check article, we will examine the authenticity of this claim. [...] Fact: The auto driver in question is Harish Rao Gorpade, and the incident occurred in Shimoga. Initial news reports on this incident suggested that a group of strangers attacked Harish for voting for the BJP. However, Harish later clarified to the media that his friends had actually damaged his auto after a confrontation at a bar. He explicitly stated that he never claimed to have been thrashed for voting for the BJP. Therefore, the claim made in the viral post is False. [...] As the Mangalorean reported, he stated that he never claimed to have been beaten for voting for the BJP. Instead, he explained that he and his three Muslim friends had gone to a bar together, and during a fight among the friends, the auto’s top and glass were broken. Harish Rao went to the SP office to complain about the incident, which had no political motive. Harish Rao stated that his friend, Aamir, claimed the attack was politically motivated, and he distanced himself from that statement. Other news reports on the clarification given by Harish here, here and here.",False,False,True,refutes,factly
factly_1640_ret_bn_g12,factly_1640,An auto driver was thrashed for voting for the BJP in the recently held assembly elections in Karnataka,SOCIAL MEDIA POST,"The Karnataka elections was a national spectacle, at least in the English media. But, realistically, why should a voter in say, West Bengal or Bihar care about state elections in Karnataka? For one, all elections have now been ‘nationalised’, due to the inordinate amount of time that Prime Minister Modi spends on elections and campaigns. Second, all elections, even bye elections, are now being perceived as a harbinger for the upcoming Lok Sabha elections. Can performance in state elections portend performance in the subsequent national election? Empirical evidence shows that state elections can indeed be a good proxy of at least the trends for national elections, if not the actual levels of performance. [...] However, voter behaviour in state elections exhibit a strong overlap with voter behaviour in national elections. As we know, national elections are fought for Lok Sabha seats. Every Lok Sabha seat is an aggregation of a fixed number of state assembly constituencies. So, an analysis of recent performance in state elections should present an interesting insight into trends for the next national election in 2019. What does it foretell for the BJP? [...] According to this analysis, the BJP is losing Lok Sabha seats and at a rapid pace. After the recent Karnataka election, the BJP’s imputed tally of Lok Sabha seats is down to 233, from the 282 it won in 2014",False,False,True,insufficient-neutral,factly
factly_1640_ret_bn_g8,factly_1640,An auto driver was thrashed for voting for the BJP in the recently held assembly elections in Karnataka,SOCIAL MEDIA POST,"""If the Congress comes to power, dynastic politics will be at an all-time high and Karnataka will be afflicted with riots,"" the Home Minister had said. [...] ""Wantonly making provocative statements, promoting enmity, hatred, and ill-will between different groups and classes, making deliberate and knowingly false statements, threatening electors to vote in favor of BJP, and maligning the principal opposition party, ie the Indian National Congress,"" reads the complaint filed by Congress. [...] ""Never ever has Karnataka seen such things before! It is a disrespect to Kannadigas. Does it mean we are rioters? How can he say like this, being the Union Home Minister? We will question this and register a complaint with the Election Commission and with the court,"" Mr. Kharge said.",False,False,True,insufficient-refutes,factly
factly_1642,factly_1642,The payment of wages (amendment) act 2017 is empowering workers,Govt. of India,The BJP government published an infographic on the 48-months portal that makes three claims about ensuring labour welfare. This article is a fact check of the claims.,False,True,True,insufficient-neutral,factly
factly_1642_ret_b14_gn,factly_1642,The payment of wages (amendment) act 2017 is empowering workers,Govt. of India,"The Payment of Wages (Amendment) Bill, 2017 - The Payment of Wages (Amendment) Bill, 2017 was introduced in Lok Sabha on February 3, 2017 by the Minister of Labour and Employment, Mr. Bandaru Dattatreya. The Bill amends the Payment of Wages Act, 1936. - The Bill replaces the Payment of Wages Ordinance, 2016 which was promulgated on December 28, 2016. [...] - The Bill amends the 1936 Act to permit the employer to pay an employee’s wages: (i) in coin or currency notes; or (ii) by cheque; or (iii) by crediting them into his bank account. The Bill removes the requirement of obtaining written authorisation for payment of wages by cheque or through a bank account.",False,False,True,insufficient-neutral,factly
factly_1642_ret_b15_gn,factly_1642,The payment of wages (amendment) act 2017 is empowering workers,Govt. of India,"Labour - The Payment of Wages (Amendment) Bill, 2017 was introduced in Lok Sabha on February 3, 2017 by the Minister of Labour and Employment, Mr. Bandaru Dattatreya. The Bill amends the Payment of Wages Act, 1936. - The Bill replaces the Payment of Wages Ordinance, 2016 which was promulgated on December 28, 2016. [...] - The Bill amends the 1936 Act to permit the employer to pay an employee’s wages: (i) in coin or currency notes; or (ii) by cheque; or (iii) by crediting them into his bank account. The Bill removes the requirement of obtaining written authorisation for payment of wages by cheque or through a bank account.",False,False,True,insufficient-neutral,factly
factly_1642_ret_b16_gn,factly_1642,The payment of wages (amendment) act 2017 is empowering workers,Govt. of India,"The Payment of Wages (Amendment) Act, 2017 has been passed on 15th Feb, 2017, with retrospective effect (w.e.f. 28th day of December, 2016.) by repealing Payment of Wages (Amendment) Ordinance, 2016. The Payment of Wages (Amendment) Ordinance, 2016 was passed on 28th December, 2016, which contains same provisions which are given in this amendment act, 2017. Please find the copy of Payment of Wages (Amendment) Act, 2017 enclosed herewith. [...] In the recent change in Payment of Wages act was that, wages shall be paid either thru cheque or crediting into employee bank according by the employer. However as mentioned by few friends that wages has been revised to 18000/- per month. Is there any gazette notification please share.",False,False,True,insufficient-neutral,factly
factly_1643,factly_1643,"A British nationalist and student of politics who covers the Indian elections, Mr. Brandon Davies claimed on Twitter that upon his analysis of 1999, 2004, 2009, 2014 elections, he could say that he had never seen a PM Candidate as stupid as Rahul Gandhi.",FACEBOOK POST,"The man in the picture is a British sailor, George Mills. He died in a yacht accident that happened in South Africa on February 2, 2016. So, the recent tweet regarding Rahul Gandhi is from a fake twitter account created on the name of Brandon Davies using the pic of George Mills in its profile. Hence, the claim is FALSE.",False,True,True,refutes,factly
factly_1643_ret_b3_gn,factly_1643,"A British nationalist and student of politics who covers the Indian elections, Mr. Brandon Davies claimed on Twitter that upon his analysis of 1999, 2004, 2009, 2014 elections, he could say that he had never seen a PM Candidate as stupid as Rahul Gandhi.",FACEBOOK POST,"It is alarming and also nauseating to see Mr Gandhi, a seditious Middle Temple lawyer, now posing as a fakir of a type well known in the East, striding half-naked up the steps of the Vice-regal palace....to parley on equal terms with the representative of the King-Emperor.[138] [...] Gandhi was the leading genius of the later, and ultimately successful, campaign for India's independence. [...] Gandhi is not only the greatest figure in India's history, but his influence is felt in almost every aspect of life and public policy.",False,False,True,insufficient-neutral,factly
factly_1643_ret_b9_gn,factly_1643,"A British nationalist and student of politics who covers the Indian elections, Mr. Brandon Davies claimed on Twitter that upon his analysis of 1999, 2004, 2009, 2014 elections, he could say that he had never seen a PM Candidate as stupid as Rahul Gandhi.",FACEBOOK POST,"Prime Minister candidate: Manmohan Singh (Indian National Congress (INC)) [...] - ^ ""Indian election statistics astonish British MPs"". samaylive.com. 4 June 2009. Archived from the original on 9 June 2009. Retrieved 13 June 2009. [...] - ^ ""India party declares PM candidate"". BBC News. 11 December 2007. Archived from the original on 26 March 2009. Retrieved 14 June 2009.",False,False,True,insufficient-neutral,factly
factly_1643_ret_bn_g0,factly_1643,"A British nationalist and student of politics who covers the Indian elections, Mr. Brandon Davies claimed on Twitter that upon his analysis of 1999, 2004, 2009, 2014 elections, he could say that he had never seen a PM Candidate as stupid as Rahul Gandhi.",FACEBOOK POST,"Several Facebook users are publishing posts embedding a tweet from a person named Brandon Davies, who describes himself as a British nationalist and student of politics covering the Indian elections. Let’s try to analyze the claims made in the post.The archived version of the post can be seen here. [...] Fact: The man in the picture is a British sailor, George Mills. He died in a yacht accident that happened in South Africa on February 2, 2016. So, the recent tweet regarding Rahul Gandhi is from a fake twitter account created on the name of Brandon Davies using the pic of George Mills in its profile. Hence, the claim is FALSE. [...] Hence, the tweet degrading Rahul Gandhi is from a fake twitter account.",False,False,True,refutes,factly
factly_1643_ret_bn_g13,factly_1643,"A British nationalist and student of politics who covers the Indian elections, Mr. Brandon Davies claimed on Twitter that upon his analysis of 1999, 2004, 2009, 2014 elections, he could say that he had never seen a PM Candidate as stupid as Rahul Gandhi.",FACEBOOK POST,"Epilogue -- [We need better statesmanship than Mr. Gandhi and Mr. [...] Gandhi could be so blind as not to see how Mr. Jinnah's influence over the Muslim masses has been growing day by day, and how he has engaged himself in mobilizing all his forces for battle. Never before was Mr. [...] Rahul Gandhi’s willingness to write off Dalits in general and Jatavs in particular in UP by doing as little as possible to discipline",False,False,True,insufficient-supports,factly
factly_1650,factly_1650,"Ratan Tata: “In a country, if Prime Minister’s popularity increases due to the death of 65 soldiers, then nobody can save that country from getting destroyed”",FACEBOOK POST,The tweet attributed to Ratan Tata is from a fake Twitter handle. Hence the claim made in the post is FALSE.,False,True,True,refutes,factly
factly_1650_ret_b0_gn,factly_1650,"Ratan Tata: “In a country, if Prime Minister’s popularity increases due to the death of 65 soldiers, then nobody can save that country from getting destroyed”",FACEBOOK POST,"Ratan Naval Tata (born 28 December 1937) is an Indian industrialist, philanthropist and former chairman of Tata Sons. He was a chairman of the Tata Group from 1990 to 2012, and interim chairman from October 2016 through February 2017. He continues to head its charitable trusts.[2][3] In 2008, he received the Padma Vibhushan, the second highest civilian honour in India, after receiving the Padma Bhushan, the third highest civilian honour in 2000.[4] [...] Early life & education [edit]Ratan Tata was born in Bombay, now Mumbai, during the British Raj, into a Parsi Zoroastrian family, on 28 December 1937.[8] He is the son of Naval Tata, who was born in Surat and later adopted into the Tata family, and Sooni Tata, the niece of Tata group founder Jamsetji Tata. Tata's biological grandfather, Hormusji Tata, was a member of the Tata family by blood. In 1948, when Tata was 10, his parents separated, and he was subsequently raised and adopted by Navajbai Tata, his grandmother and widow of Ratanji Tata.[9] He has a younger brother Jimmy Tata[10] and a half-brother, Noel Tata, from Naval Tata's second marriage with Simone Tata, with whom he was raised.",False,False,True,insufficient-neutral,factly
factly_1650_ret_bn_g0,factly_1650,"Ratan Tata: “In a country, if Prime Minister’s popularity increases due to the death of 65 soldiers, then nobody can save that country from getting destroyed”",FACEBOOK POST,A post is being shared on Facebook by some users claiming that Ratan Tata has commented on the increase in Modi’s popularity in the country after the Pulwama attack. Let’s try to analyze the claim made in the post.,False,False,True,insufficient-neutral,factly
factly_1650_ret_bn_g12,factly_1650,"Ratan Tata: “In a country, if Prime Minister’s popularity increases due to the death of 65 soldiers, then nobody can save that country from getting destroyed”",FACEBOOK POST,God save this country. [...] Ravin 6 hours ago [...] Get rid of them to save the country.,False,False,True,insufficient-neutral,factly
factly_1666,factly_1666,Kuki tribes living in Manipur came from the Burma (Myanmar) as refugees and were later granted ST (Scheduled Tribe) quota in India in 1968,SOCIAL MEDIA POST,"The letter does not mention the entire Kukis in Manipur as refugees. Previous letters related to the viral letter indicate that the District Commissioner of Manipur was implementing the humanitarian aid provided by the Indian Government to the Kukis of Myanmar, who were forced to flee to Manipur in 1967 during the Khadawmi operation in Myanmar. Moreover, the Kuki tribes were granted the ST status in India as early as 1950 and and they have existed in the Manipur kingdom for many centuries. Hence, the claim made in the post is MISLEADING.",False,True,True,refutes,factly
factly_1666_ret_b3_gn,factly_1666,Kuki tribes living in Manipur came from the Burma (Myanmar) as refugees and were later granted ST (Scheduled Tribe) quota in India in 1968,SOCIAL MEDIA POST,"The Kukis are an ethnic group including multiple tribes originally inhabiting the Northeastern States of India, including Manipur, Mizoram and Assam; parts of Burma (now Myanmar), and Sylhet district and Chittagong hill tracts of Bangladesh. Zooming out into the present, when the State of Manipur has been the epicentre of widespread communal clashes since May 3, non-tribal Meitei organisations have described Kuki tribes as ""foreigners"" and ""illegal immigrants"". They are holding Kuki-Zomi groups responsible for the ethnic clashes that have claimed more than 120 lives and displaced more than 50,000 people. The Kuki-Zomi groups have denied the allegations, insisting the tribal communities have been systematically targeted for ethnic cleansing. They accuse BJP leader N. Biren Singh’s Government of treating them as ""outsiders"". [...] Yet today, with sharpened ethnic differences, all three prominent groups in the State are vying for exclusivity, land, and political representation. This can in part be traced back to the fact that the concretisation of tribal identities and nomenclatures in the region happened during the time of the British, who did so for administrative convenience and to fit groups into the distinctions of ""civilised"" and ""uncivilised"". Notably, Kuki is not a term coined by the ethnic group itself, the tribes associated with it came to be generically called Kuki under the colonial rule, and were further divided by the British into ‘old Kukis’ and ‘new Kukis’.",False,False,True,insufficient-neutral,factly
factly_1666_ret_b4_gn,factly_1666,Kuki tribes living in Manipur came from the Burma (Myanmar) as refugees and were later granted ST (Scheduled Tribe) quota in India in 1968,SOCIAL MEDIA POST,"The central argument we put forward for those ‘hate mongers’ and the public is that the Kukis of Manipur are indigenous peoples of the state and not refugees or foreigners, as we are made to believe. There are ample historical and archaeological evidences to indicate the Kukis lived in their current area and state since time immemorial. As imagined by some groups, they did not enter Manipur (the present colonial boundary of Manipur); the annexation of the northern part of their ancestral domain, the southern mountains of Manipur (roughly present Pherzawl, Churachandpur, Chandel and Tengnoupal districts), into Manipur (Kangla) kingdom in the 19th century make them to be part of Manipur’s ‘subjects’. Unlike other hill tracts, the annexation of Kuki ancestral land into Manipur was made by sacred covenants signed by the Kuki chiefs and the Maharaj of Manipur in a most solemn manner. They were the covenants of peace and friendship which governed the relationship between the Kukis and the Kangla kingdom. It was under these covenants that the Kukis had sincerely served the Kangla kingdom until India’s independence, not as coolies and beggars but as warriors with their blood and iron.",False,False,True,insufficient-neutral,factly
factly_1666_ret_b5_gn,factly_1666,Kuki tribes living in Manipur came from the Burma (Myanmar) as refugees and were later granted ST (Scheduled Tribe) quota in India in 1968,SOCIAL MEDIA POST,"The Kukis are an ethnic group including multiple tribes originally inhabiting the North-Eastern states of India such as Manipur, Mizoram and Assam; parts of Burma (now Myanmar), and Sylhet district and Chittagong hill tracts of Bangladesh. While Kuki is not a term coined by the ethnic group itself, the tribes associated with it came to be generically called Kuki under colonial rule. In Manipur, the various Kuki tribes, living mainly in the hills, currently make up 30% of the total 28.5 lakh population of the State. While Churachandpur is their main stronghold, they also have a sizable population in Chandel, Kangpokpi, Tengnoupal and Senapati districts. The rest of the population of Manipur is made up mainly of two other ethnic groups — the Meiteis or non-tribal, Vaishnavite Hindus who live in the valley region of Manipur, and the Naga tribes, historically at loggerheads with the Kukis, also living in the hilly areas of the State. Of the 60 seats in the Manipur Assembly, 40 are held by Meiteis and the rest 20 seats are held by Kukis and Nagas. Both the BJP and Congress are fielding Kuki and Naga candidates this time.",False,False,True,insufficient-neutral,factly
factly_1666_ret_bn_g0,factly_1666,Kuki tribes living in Manipur came from the Burma (Myanmar) as refugees and were later granted ST (Scheduled Tribe) quota in India in 1968,SOCIAL MEDIA POST,"An image of a letter dated 1968 is currently being widely shared on social media platforms, claiming to show that the Kuki tribes living in Manipur came from the neighbouring country Burma (Myanmar) as refugees and were later granted ST (Scheduled Tribe) quota in India in 1968, allowing them to enjoy various advantages and perks. Let’s verify the claim made in the post. [...] Fact: The letter does not mention the entire Kukis in Manipur as refugees. Previous letters related to the viral letter indicate that the District Commissioner of Manipur was implementing the humanitarian aid provided by the Indian Government to the Kukis of Myanmar, who were forced to flee to Manipur in 1967 during the Khadawmi operation in Myanmar. Moreover, the Kuki tribes were granted the ST status in India as early as 1950 and and they have existed in the Manipur kingdom for many centuries. Hence, the claim made in the post is MISLEADING.",False,False,True,refutes,factly
factly_1667,factly_1667,"India’s longest road tunnel, the Chenani – Nashri tunnel in Jammu is constructed",Govt. of India,The BJP government published an infographic on the 48-months portal that makes three claims about the tunnels and bridges in India constructed during the 48 months of the government. This article is a fact check of these claims.,False,True,True,insufficient-neutral,factly
factly_1667_ret_b8_gn,factly_1667,"India’s longest road tunnel, the Chenani – Nashri tunnel in Jammu is constructed",Govt. of India,"At 9.2 km, the 'Chenani-Nashri Highway Tunnel' is the longest road tunnel in the country and is located at an elevation of 1200 meters. Prime Minister Narendra Modi will inaugurate the highway tunnel today. [...] - The 'Chenani-Nashri Highway Tunnel' is not only India's longest highway tunnel but also Asia's longest bi-directional highway tunnel. [...] Last Updated on April 2, 2017 # Chenani-Nashri Highway Tunnel# India's longest tunnel# Longest Tunnel# Jammu and Kahsmir# Prime Minister# Narenda Modi# Auto Industry",False,False,True,supports,factly
factly_1667_ret_b9_gn,factly_1667,"India’s longest road tunnel, the Chenani – Nashri tunnel in Jammu is constructed",Govt. of India,"The Chenani – Nashri Tunnel (also known as Dr. Syama Prasad Mookerjee Tunnel) is India’s longest road tunnel completed in the Udhampur district of Jammu and Kashmir. The 9.2 km long road tunnel is a major road tunnel project in Northern India and the biggest of the country which includes (9 km Main Tunnel + 9 km Escape Tunnel + 1 km Cross Passage = total tunneling done is 19 km. The highest progress achieved in a Month from 4-Faces was 850 m which is a record in the Himalayan Tunnel by NATM. [...] - The construction cost of Chenani – Nashri Tunnel is Rs 3720 crore, the tunnel will reduce the distance between Jammu and Srinagar from 41 Km to 9.2 Km - 1500 Engineers, Geologist, Skilled workers and Labours worked on the project - 92.7 FM is mandatory for vehicles for quick response where emergency messages will be relayed - 6000 LED multiple color lights will be used to break the monotony - GSM phones will work inside the tunnel. 118 SOS boxes have been set up, one every 150 meters on both sides - Smoke and heat dampeners will react quickly in fire incidents or occurrence - 118 CCTVs, one every 75 meters - At 50 Km/hr speed, the tunnel is 12 minutes to 15 minutes drive - Each tube has a diameter of 13 meters, while sideway has a diameter of 6 meters - Rs.",False,False,True,supports,factly
factly_1667_ret_bn_g8,factly_1667,"India’s longest road tunnel, the Chenani – Nashri tunnel in Jammu is constructed",Govt. of India,"The first claim is that India’s longest road tunnel, ‘the Chenani-Nashri tunnel in Jammu’ has been constructed. The annual report of the Ministry of Road Transport and Highways (2017-18) states that, ‘2017 is the year when engineering marvels like the Dhola Sadiya Bridge in Assam and Chenani Nashri tunnel in Jammu and Kashmir were opened.’ As per the annual report, this tunnel is not only India’s longest highway tunnel but also Asia’s longest bi-directional highway tunnel. It is built at an elevation of 1200 meters and cost Rs. 3,720 crores. The tunnel road is a part of the 286-kilometer-long project for four-laning of the Jammu and Srinagar National Highway. [...] Fact: It is true that the Chenani-Nashri tunnel is the longest highway tunnel in India and has been inaugurated in 2017. However, the project was approved in 2009, work started in 2011 and was 62% complete by August 2014, all during the UPA regime. Hence to claim that everything happened during the current government is MISLEADING.",False,False,True,insufficient-refutes,factly
factly_1675,factly_1675,‘Hindus have the highest fertility rate in World’,SOCIAL MEDIA POST,"According to studies conducted by Pew research organisation, globally Muslims have the highest fertility rate of any religious group, with an average of 2.9 children per woman, followed by Christians at 2.6 children per woman. Hindus and Jews, stand next with a fertility rate of 2.3 per woman, just below the global average of 2.4. Hence the claim made in the post is FALSE.",False,True,True,refutes,factly
factly_1675_ret_b1_gn,factly_1675,‘Hindus have the highest fertility rate in World’,SOCIAL MEDIA POST,"With a Total Fertility Rate (TFR) of 2.4 children per woman, Hindus have about the same fertility levels as the world’s overall population (2.5) in the 2010-2015 period. Global fertility among Hindus is above the replacement level of 2.1 children per woman (the number considered necessary to maintain a stable population, all else being equal). Hindu fertility rates are highest in the Asia-Pacific region (2.4) and lowest in Europe (1.5). [...] Hindu fertility rates during the 2010-2015 period are 3.2 in Pakistan, 2.6 in Nepal and 2.5 in India. In many countries, Hindu fertility is below the 2.1 replacement level, including Australia (1.7), Indonesia (1.6), the United Kingdom (1.5) and South Africa (1.5).",False,False,True,insufficient-contradictory,factly
factly_1675_ret_bn_g0,factly_1675,‘Hindus have the highest fertility rate in World’,SOCIAL MEDIA POST,"Globally, Muslims have the highest fertility rate, an average of 3.1 children per woman – well above replacement level (2.1), the minimum typically needed to maintain a stable population.6 Christians are second, at 2.7 children per woman. Hindu fertility (2.4) is similar to the global average (2.5). Worldwide, Jewish fertility (2.3 children per woman) also is above replacement level. All the other groups have fertility levels too low to sustain their populations: folk religions (1.8 children per woman), other religions (1.7), the unaffiliated (1.7) and Buddhists (1.6). [...] Meanwhile, the Asia-Pacific region is expected to have a declining share of the world’s population (53% in 2050, compared with 59% in 2010). This will be reflected in the slower growth of religions heavily concentrated in the region, including Buddhism and Chinese folk religions, as well as slower growth of Asia’s large unaffiliated population. One exception is Hindus, who are overwhelmingly concentrated in India, where the population is younger and fertility rates are higher than in China or Japan. As previously mentioned, Hindus are projected to roughly keep pace with global population growth. India’s large Muslim population also is poised for rapid growth. Although India will continue to have a Hindu majority, by 2050 it is projected to have the world’s largest Muslim population, surpassing Indonesia.",False,False,True,refutes,factly
factly_1675_ret_bn_g1,factly_1675,‘Hindus have the highest fertility rate in World’,SOCIAL MEDIA POST,"All religious groups in India have shown major declines in fertility rates, a study from Pew Research Center has found. [...] Muslims still have the highest fertility rate (2.6 children per woman in 2015) among the major religious groups, followed by Hindus (2.1). Jains have the lowest fertility rate at 1.2. The study says the general pattern is largely the same as it was in 1992, when Muslims had the highest fertility rate (4.4), followed by Hindus (3.3).",False,False,True,refutes,factly
factly_1675_ret_bn_g11,factly_1675,‘Hindus have the highest fertility rate in World’,SOCIAL MEDIA POST,"A social media post that claims that ‘Hindus have the highest fertility rate in World’ is being widely circulated. Through this article let’s fact-check the claim made in the post. [...] Hindus and Jews, stand next with a fertility rate of 2.3 per woman, just below the global average of 2.4. This implies that contrary to the viral claim, it is not the Hindus who have the highest fertility rate. [...] India is home to almost 94% of Hindus across the world. Even in India, it is not Hindus who have the highest fertility rate. As per the National Family Health Survey (NFHS) 2019-21, the fertility rate of Muslims stands at 2.36. While that of Hindus stands slightly less at 1.94.",False,False,True,refutes,factly
factly_1680,factly_1680,A recent judgement by an Indian Court allows both the wife and girlfriend to live in the same house,SOCIAL MEDIA POST,"The post has been circulating since 2013, and it refers to a specific case that was resolved during a Lok Adalat proceeding in Khandwa district, Madhya Pradesh. The case involved a man, his wife, and his live-in partner. The Lok Adalat judge resolved the dispute by ordering the man to spend alternate fortnights with his wife and partner, who continued to live together under the same roof. However, it’s important to note that Lok Adalat decisions are case-specific and do not establish binding legal precedents. Hence the claim mad in the post is MISLEADING.",False,True,True,refutes,factly
factly_1680_ret_b3_gn,factly_1680,A recent judgement by an Indian Court allows both the wife and girlfriend to live in the same house,SOCIAL MEDIA POST,"Definitely, these couples have few rights or you can say the female partners in these relationships have certain rights. As the Indian judiciary recognises live-in relationships, it ensures protection to the parties in such cohabitations. These rights are provided in order to address the intimate partner violence which women have to go through during their time together. Taking into account their agonies, the Indian judiciary has made remarkable decisions in recent judgments. So what are the most important and basic legal rights of a female in a live-in relationship in India? [...] For the first time in 1993, Supreme Court granted legal validity to the children born from live-in relationships in the case of S.P.S. Balasubramanyam vs. Suruttayan. In addition to that, the bench observed that if a man and a woman reside in the same house and cohabit for a significant period of time, there is a presumption of marriage under Section 114 of the Indian Evidence Act, 1872. Ultimately, the children will be recognised as legitimate and will be eligible to receive a share in ancestral property. [...] Supreme Court Guidelines On Live-In Relationships In India",False,False,True,insufficient-neutral,factly
factly_1680_ret_b5_gn,factly_1680,A recent judgement by an Indian Court allows both the wife and girlfriend to live in the same house,SOCIAL MEDIA POST,"In India, live-in relationships are not only discouraged but also are not accepted by the members of society due to the sophisticated culture. The parents of a couple may also not allow for such a relationship, and may not allow the couple to reside in the same house. The couples also face issues when they seek residence on rent. Apart from the issue of the place of residence, the couple also faces issues at the workplace and other public places. [...] From the above judgments of various High Courts and Supreme Court of India, it can be concluded that the Indian judiciary has most of the time practiced interpretation of laws while protecting the rights of women and children associated with live-in relationships and certainly the Indian legal mechanism lacks separate legislation which must deal with the cases of live-in relationship and must provide with codified laws, and punitive measures. [...] References - https://www.worldwidejournals.com/indian-journal-of-applied-research-(IJAR)/recent_issues_pdf/2019/December/legal-status-of-live-in-relationship-in-india_December_2019_1575104772_8511093.pdf - https://lawcolloquy.com/journals/PriyaV1C2.pdf - https://www.iosrjournals.org/iosr-jhss/papers/Vol19-issue7/Version-6/D019762529.pdf - https://journals.sagepub.com/doi/full/10.1177/2631831820974585 - https://jcil.lsyndicate.com/wp-content/uploads/2017/05/Judicial-Interpretation-and-change-in-status-of-live-in-relationship-in-India-Sakshi-Shubham.pdf - http://mja.gov.in/Site/Upload/GR/Title%20NO.5(As%20Per%20Workshop%20List%20title%20no5%20pdf).pdf - https://www.indiafilings.com/learn/live-in-relationships-in-india/",False,False,True,insufficient-supports,factly
factly_1680_ret_b8_gn,factly_1680,A recent judgement by an Indian Court allows both the wife and girlfriend to live in the same house,SOCIAL MEDIA POST,"In Indian culture, practice of two individuals (heterosexual) ""living together"" has existed since time immemorial. However, concubines were kept by men apart from their formally wedded wives for the sole purpose of entertainment and relaxation. After Independence, bigamy was outlawed in India in line with the secular format of family laws.49 There is no specific law in India for dealing with the nuances of a live-in partnership in holistic manner. The provisions under Section 125 of the Criminal Procedure Code and Section 2(f) of the Protection of Women from Domestic Violence Act, 2005 have been expanded in scope to entitle an aggrieved person to maintenance and to secure legal protection against atrocities within domestic relationships.50 These provisions are neither designed nor adequately framed to define rights and duties of cohabiting partners or to deal with disputes that arise between them. The Indian judiciary over period of time, has assiduously addressed several allied issues but in the absence of legislation, piecemeal judicial approach has also impinged personal views of Judges causing legal conundrum, as deliberated in some of the landmark judgments. [...] The Indian Courts have further dealt with the issue of ""relationship in the nature of marriage"" to adjudicate disputes relating to live-in relations.59 The constitutional courts have reiterated that live-in, despite not being socially accepted in India, does not contemplate any offence under law. Consequently, two consenting adults are at liberty to live together and no person would be permitted to interfere in their peaceful living.60 The High Court of Allahabad held61 that: (Payal Sharma case61, SCC OnLine All para 1)",False,False,True,insufficient-neutral,factly
factly_1683,factly_1683,"Subramanian Swamy stating that Adani did not acquire the 74% shares of Mumbai Airport from the Indian government, but instead purchased them from multiple foreign partners who Congress sold in 2006",SOCIAL MEDIA POST,"These statements were not made by Dr Subramanian Swamy. In fact, Swami accused Adani of not repaying the loans and using nepotism to obtain stake in Mumbai Airport. Also, Adani Group has 74% stake in Mumbai’s Chhatrapati Shivaji Maharaj International Airport, post the stake purchase transaction, with 50.5% being bought from GVK Group and 23.5% Airports Company South Africa (ACSA), and Bidvest Group. Hence the claim made in the post is FALSE.",False,True,True,refutes,factly
factly_1683_ret_b3_gn,factly_1683,"Subramanian Swamy stating that Adani did not acquire the 74% shares of Mumbai Airport from the Indian government, but instead purchased them from multiple foreign partners who Congress sold in 2006",SOCIAL MEDIA POST,"Adani Group takes over Mumbai airport management, now controls 33% of India's air cargo traffic The Adani Group has formally taken over the management of the Mumbai International Airport from the controls of the GVK Group. [...] Adani Group will have 74% stake in Mumbai's Chhatrapati Shivaji Maharaj International Airport, post the stake purchase transaction, with 50.5% being bought from GVK Group and 23.5% from minority partners including Airports Company South Africa (ACSA), and Bidvest Group.",False,False,True,supports,factly
factly_1683_ret_b8_gn,factly_1683,"Subramanian Swamy stating that Adani did not acquire the 74% shares of Mumbai Airport from the Indian government, but instead purchased them from multiple foreign partners who Congress sold in 2006",SOCIAL MEDIA POST,"Home / Companies / News / Adani Group acquires 74 per cent stake in Mumbai International Airport Adani Group acquires 74 per cent stake in Mumbai International Airport [...] The Gautam Adani-led Adani group has acquired a 74 per cent stake in Mumbai International Airport Limited (MIAL), a joint venture between the Airports Authority of India and GVK Industries. MIAL operates the Mumbai airport — the largest in the country after Delhi.",False,False,True,insufficient-neutral,factly
factly_1683_ret_bn_g0,factly_1683,"Subramanian Swamy stating that Adani did not acquire the 74% shares of Mumbai Airport from the Indian government, but instead purchased them from multiple foreign partners who Congress sold in 2006",SOCIAL MEDIA POST,"A social media post featuring an image of former BJP MP Dr. Subramanian Swamy claims that he made a statement regarding Adani’s Mumbai Airport acquisition. The post alleges that Swamy said, ""The truth is that Adani did not buy these 74% shares from the Indian government but bought 74% from multiple foreign partners which Congress had sold in 2006!"". Let’s verify the claim made in the post. [...] Fact: These statements were not made by Dr Subramanian Swamy. In fact, Swami accused Adani of not repaying the loans and using nepotism to obtain stake in Mumbai Airport. Also, Adani Group has 74% stake in Mumbai’s Chhatrapati Shivaji Maharaj International Airport, post the stake purchase transaction, with 50.5% being bought from GVK Group and 23.5% Airports Company South Africa (ACSA), and Bidvest Group. Hence the claim made in the post is FALSE. [...] Coming to Adani’s Mumbai Airport acquisition, as per the media reports, Adani Group has a 74% stake in Mumbai’s Chhatrapati Shivaji Maharaj International Airport, post the stake purchase transaction, with 50.5% being bought from GVK Group and 23.5% from minority partners including Airports Company South Africa (ACSA), and Bidvest Group.",False,False,True,refutes,factly
factly_1696_ret_b15_gn,factly_1696,The types of disabilities have been increased from the existing 7 to 21.,Govt. of India,"ii. The types of disabilities have been increased from existing 7 to 21 and the Central Government will have the power to add more types of disabilities. The 21 disabilities are given below:- 1. Blindness 2. Low-vision 3. Leprosy Cured persons 4. Hearing Impairment (deaf and hard of hearing) 5. Locomotor Disability 6. Dwarfism 7. Intellectual Disability 8. Mental Illness 9. Autism Spectrum Disorder 10. Cerebral Palsy 11. Muscular Dystrophy 12. Chronic Neurological conditions 13. Specific Learning Disabilities 14. Multiple Sclerosis 15. Speech and Language disability 16. Thalassemia 17. Hemophilia 18. Sickle Cell disease 19. Multiple Disabilities including deafblindness 20. Acid Attack victim 21. Parkinson’s disease iii. Speech and Language Disability and Specific Learning Disability have been added for the first time. Acid Attack Victims have been included. Dwarfism, muscular dystrophy have has been indicated as separate class of specified disability. The New categories of disabilities also included three blood disorders, Thalassemia, Hemophilia and Sickle Cell disease. [...] The Parliament passed the ""Rights of Persons with Disabilities (RPWD) Bill-2016"" on 16th December, 2016. In the Bill, the Disability has been defined based on an evolving and dynamic concept and the types of disabilities have been increased from existing 7 to 21 and the Central Government will have the power to add more types of disabilities. Speech and Language Disability and Specific Learning Disability have been added for the first time. Acid Attack Victims have been included.",True,False,True,supports,factly
factly_1696_ret_b3_gn,factly_1696,The types of disabilities have been increased from the existing 7 to 21.,Govt. of India,"Addressing a Press Conference on the occasion of ""International Day of Persons with Disabilities (3rd December)"" Thaawarchand Gehlot, Minister of Social Justice and Empowerment has said that in the ""Rights of Persons With Disabilities (RPWD) Bill, the Disability has been defined based on an evolving and dynamic concept and the types of disabilities have been increased from existing 7 to... Addressing a Press Conference on the occasion of ""International Day of Persons with Disabilities (3rd December)"" Thaawarchand Gehlot, Minister of Social Justice and Empowerment has said that in the ""Rights of Persons With Disabilities (RPWD) Bill, the Disability has been defined based on an evolving and dynamic concept and the types of disabilities have been increased from existing 7 to 21 and the Central Government will have the power to add more types of disabilities. [...] iii. The types of disabilities have been increased from existing 7 to 21 and the Central Government will have the power to add more types of disabilities. The 21 disabilities are given below:- - Blindness - Low-vision - Leprosy Cured persons - Hearing Impairment (deaf and hard of hearing)",True,False,True,supports,factly
factly_1696_ret_b6_gn,factly_1696,The types of disabilities have been increased from the existing 7 to 21.,Govt. of India,"- The types of disabilities have been increased from existing 7 to 21 and the Central Government will have the power to add more types of disabilities. The 21 disabilities are given below:- - Physical Disability - Locomotor Disability - Leprosy Cured Person - Cerebral Palsy - Dwarfism - Muscular Dystrophy - Acid Attack Victims - Visual Impairment - Hearing Impairment - Speech and Language Disability - Intellectual Disability - Specific Learning Disabilities - Autism Spectrum Disorder - Mental Behaviour (Mental Illness) - Disability caused due to- - Chronic Neurological Conditions such as - Multiple Sclerosis - Parkinson’s Disease - Blood Disorder - Haemophilia - Thalassemia - Sickle Cell Disease - Multiple Disabilities - Persons with ""benchmark disabilities"" are defined as those certified to have at least 40 per cent of the disabilities specified above. [...] - Similarly, the office of State Commissioners of Disabilities has been strengthened who will be assisted by an Advisory Committee comprising of not more than 5 members drawn from experts in various disabilities.",True,False,True,supports,factly
factly_1696_ret_bn_g0,factly_1696,The types of disabilities have been increased from the existing 7 to 21.,Govt. of India,"The types of disabilities have been increased from existing 7 to 21 and the Central Government will have the power to add more types of disabilities. The 21 disabilities are given below:- 1. [...] Specific Learning Disability have been added for the first time. Acid Attack Victims have been included. Dwarfism, muscular dystrophy have has been indicated as separate class of specified disability. The New categories of disabilities also included three blood disorders, Thalassemia, Hemophilia and",True,False,True,supports,factly
factly_1697,factly_1697,The Rs.500 note with green security thread closer to Mahatma Gandhi picture is a fake note,FACEBOOK POST,Both the variants of Rs. 500 notes shown in the image are acceptable. RBI Spokesperson clarified that the variation in the notes is due to defect in printing and people can freely accept both variants. Hence the claim made in the post is FALSE.,False,True,True,refutes,factly
factly_1697_ret_bn_g1,factly_1697,The Rs.500 note with green security thread closer to Mahatma Gandhi picture is a fake note,FACEBOOK POST,"Accept only the note where the green security thread is near to RBI Governor’s signature. Fact: Both the variants of Rs. 500 notes shown in the image are acceptable. RBI Spokesperson clarified that the variation in the notes is due to defect in printing and people can freely accept both variants. Hence the claim made in the post is FALSE. When searched for the ‘Rs.500 fake note’ on Google, news articles published back in 2016 on this issue can be found in the search results. According to the Business Insider article, RBI Spokesperson Alpana Killawala clarified, ""It is likely that notes with printing defect has got released due to the current rush. However, people can freely accept such a note in transaction or return it to RBI."" So, there is no truth in the claim that the note with green security thread closer to Gandhi is fake.",False,False,True,refutes,factly
factly_1697_ret_bn_g13,factly_1697,The Rs.500 note with green security thread closer to Mahatma Gandhi picture is a fake note,FACEBOOK POST,"The security thread appears to the left of the Mahatma's portrait. Security thread has a plain, non-readable fully embedded security thread. But since October 2000, the Rs.2000 notes contain a readable, windowed security thread alternately visible on the obverse with the inscriptions ‘Bharat’ (in Hindi), ‘2000’ and ‘RBI’. All the currency notes have security thread. When notes held against the light, the security thread on Rs.2000, Rs.500 and Rs.100 can be seen as one continuous line. [...] On the obverse side of Rs.2000, Rs.500, Rs.100, Rs.50 and Rs.20 notes, a vertical band on the right side of the Mahatma Gandhi’s portrait contains a latent image showing the respective denominational value in numeral. The latent image is visible only when the note is held horizontally at eye level.",False,False,True,insufficient-neutral,factly
factly_1697_ret_bn_g2,factly_1697,The Rs.500 note with green security thread closer to Mahatma Gandhi picture is a fake note,FACEBOOK POST,"Security thread: Rs.1000 notes introduced in October 2000 contain a readable, windowed security thread alternately visible on the obverse with the inscriptions ‘Bharat’ (in Hindi), ‘1000’ and ‘RBI’, but totally embedded on the reverse. The Rs.500 and Rs.100 notes have a security thread with similar visible features and inscription ‘Bharat’ (in Hindi), and ‘RBI’. When held against the light, the security thread on Rs.1000, Rs.500 and Rs.100 can be seen as one continuous line. The Rs.5, Rs.10, Rs.20 and Rs.50 notes contain a readable, fully embedded security thread with the inscription ‘Bharat’ (in Hindi), and ‘RBI’. The security thread appears to the left of the Mahatma's portrait. Notes issued prior to the introduction of the Mahatma Gandhi Series have a plain, non-readable fully embedded security thread.",False,False,True,insufficient-neutral,factly
factly_1697_ret_bn_g4,factly_1697,The Rs.500 note with green security thread closer to Mahatma Gandhi picture is a fake note,FACEBOOK POST,"Claim ₹500 notes, which have the green security thread closer to Mahatma Gandhi’s portrait are fake. Only those which feature the windowed security thread closer to the RBI Governor’s signature are authentic. In order to verify the authenticity of the claim, Newschecker conducted a keyword search of the words ‘₹500 notes’ ‘Fake’ and ‘security thread’. [...] The claim that RBI does not accept ₹500 notes in which the green security thread is closer to the portrait of Mahatma Gandhi is counterfeit is false. The two versions have been acknowledged by the RBI as legitimate and said to have attributed this to a flaw in printing. Both notes are acceptable for transactions.",False,False,True,refutes,factly
factly_1708,factly_1708,WikiLeaks has published the 1st list of black money holders in Swiss banks.,FACEBOOK POST,"WikiLeaks has never published the list of Indians who have stashed their money in Swiss banks. Hence, the claim stands FALSE.",False,True,True,refutes,factly
factly_1708_ret_b7_gn,factly_1708,WikiLeaks has published the 1st list of black money holders in Swiss banks.,FACEBOOK POST,"Various posts on social media claim that WikiLeaks has released the ""first list"" of black money holders in Swiss Bank. The post is going viral on all social media platforms. DigitEye Team also received the message on its Whatsapp fact-checking number. The list contains 24 names — Sonia Gandhi, A Raja, Rahul Gandhi, Sharad Pawar, P Chidambaram to name a few. All the money listed next to the names are figures in dollars. The first name on the alleged list is Congress leader Sonia Gandhi who it claimed to be holding more than $56 billion. The numbers are not in chronological order and neither the names are in any set order. According to the alleged list, the lowest amount is held by P Chidambaram. [...] WikiLeaks has not published any report on the same on its website. The latest report was published in October 2019. WikiLeaks took to Twitter and tweeted about a similar list of Indian black money holders. In the 2011 tweet, it clarified that such list ""never appeared on WikiLeaks"".",False,False,True,refutes,factly
factly_1708_ret_bn_g2,factly_1708,WikiLeaks has published the 1st list of black money holders in Swiss banks.,FACEBOOK POST,"INDIA/SWIZERLAND-- Black money trail: 2nd list of Indian Swiss accounts to be shared [...] TNN | Sep 14, 2011, 11.11AM IST http://timesofindia.indiatimes.com/india/Black-money-trail-2nd-list-of-Indian-Swiss-accounts-to-be-shared/articleshow/9977871.cms NEW DELHI: A second list containing names of Indians, who have stashed black money in Swiss banks, will be shared by the Germans, Times Now reported.",False,False,True,insufficient-neutral,factly
factly_1708_ret_bn_g6,factly_1708,WikiLeaks has published the 1st list of black money holders in Swiss banks.,FACEBOOK POST,(See attached file: List of Black Money Holders from Wiki,False,False,True,insufficient-neutral,factly
factly_1722,factly_1722,"By subjecting water to immense pressure and directing it through a minuscule nozzle, it can effectively cut through the hardest materials, including rocks, metals, bulletproof glass, and even diamonds",SOCIAL MEDIA POST,"While pure waterjet cutting can be used to cut softer materials, abrasive waterjet cutting is required to cut through harder substances such as metals and ceramics. This is because abrasive particles like garnet or aluminium oxide are added to the high-pressure water stream, which increases the cutting force and allows for effective cutting of hard materials. Therefore, the claim made in the post that water alone can cut through the hardest materials, including rocks, metals, bulletproof glass, and diamonds, is MISLEADING.",False,True,True,refutes,factly
factly_1722_ret_b0_g0,factly_1722,"By subjecting water to immense pressure and directing it through a minuscule nozzle, it can effectively cut through the hardest materials, including rocks, metals, bulletproof glass, and even diamonds",SOCIAL MEDIA POST,"A video demonstrating waterjet cutting technology has been widely shared on social media, claiming that with significant pressure applied to water and forced through a tiny nozzle, it can slice through even the hardest materials, such as rocks, bulletproof glass, iron, and diamonds. Let’s examine the accuracy of the claim made in this post. [...] Fact: While pure waterjet cutting can be used to cut softer materials, abrasive waterjet cutting is required to cut through harder substances such as metals and ceramics. This is because abrasive particles like garnet or aluminium oxide are added to the high-pressure water stream, which increases the cutting force and allows for effective cutting of hard materials. Therefore, the claim made in the post that water alone can cut through the hardest materials, including rocks, metals, bulletproof glass, and diamonds, is MISLEADING. [...] To sum it up, while pure water cutting can effectively cut soft materials, abrasive waterjet cutting is necessary to cut through harder substances like metals. Abrasive particles, such as garnet or aluminium oxide, are added to the high-pressure water stream to enhance cutting force and enable the waterjet to effectively cut through hard materials.",False,False,True,refutes,factly
factly_1722_ret_b7_gn,factly_1722,"By subjecting water to immense pressure and directing it through a minuscule nozzle, it can effectively cut through the hardest materials, including rocks, metals, bulletproof glass, and even diamonds",SOCIAL MEDIA POST,"high-pressure phenomena, changes in physical, chemical, and structural characteristics that matter undergoes when subjected to high pressure. Pressure thus serves as a versatile tool in materials research, and it is especially important in the investigation of the rocks and minerals that form the deep interior of the Earth and other planets.",False,False,True,insufficient-neutral,factly
factly_1722_ret_b9_gn,factly_1722,"By subjecting water to immense pressure and directing it through a minuscule nozzle, it can effectively cut through the hardest materials, including rocks, metals, bulletproof glass, and even diamonds",SOCIAL MEDIA POST,Calculating Pressure: A Fire Hose Nozzle [...] Water pressure inside a hose nozzle can be less than atmospheric pressure due to the Bernoulli effect. Explain in terms of energy how the water can emerge from the nozzle against the opposing atmospheric pressure. [...] What is the pressure drop due to the Bernoulli Effect as water goes into a 3.00-cm-diameter nozzle from a 9.00-cm-diameter fire hose while carrying a flow of 40.0 L/s? (b) To what maximum height above the nozzle can this water rise? (The actual height will be significantly smaller due to air resistance.),False,False,True,insufficient-neutral,factly
factly_1722_ret_bn_g6,factly_1722,"By subjecting water to immense pressure and directing it through a minuscule nozzle, it can effectively cut through the hardest materials, including rocks, metals, bulletproof glass, and even diamonds",SOCIAL MEDIA POST,"This is a machine that holds a diamond blade used to cut very hard materials such as tile and glass. These are best to always run with water to keep the dust down and to keep the blade and material cool as it is cut. The finer the grit on the blade, the finer the cut will be. Some blades are so clean they do not boil when you fire polish them. [...] This is a dedicated room where a blower will do cold work that uses water to lubricate as it is cut. Many times you will find a lapping wheel, diamond saw, maybe a drill press with a diamond bit even.",False,False,True,insufficient-neutral,factly
factly_1725,factly_1725,Speech and language disability and specific learning disability have been added for the first time.,Govt. of India,"In an infographic published by the government, certain claims were made regarding provisions of the ‘Rights of Persons with Disabilities Act’. Here is a fact check of those claims.",True,True,True,insufficient-neutral,factly
factly_1725_ret_b14_gn,factly_1725,Speech and language disability and specific learning disability have been added for the first time.,Govt. of India,"''(A) IN GENERAL.–The term 'specific learning disability' means a disorder in 1 or more of the basic psychological processes involved in understanding or in using language, spoken or written, which disorder may manifest itself in the imperfect ability to listen, think, speak, read, write, spell, or do mathematical calculations."" [...] Based on policy and procedure established by the LEA, speech-language pathologists (SLPs) involved in determining whether a child has a specific learning disability are not required to take into consideration whether a child has a severe discrepancy between achievement and intellectual ability in oral expression, listening comprehension, written expression, basic reading skill, or reading comprehension. As an alternative to using the IQ-achievement discrepancy model, LEAs can establish a process to determine if a child has a specific learning disability that finds out if a child responds to scientific, research-based instruction (RTI). [...] LEAs may develop a scientific, research-based intervention (RTI) or early intervening program that may be used to determine if a child has a specific learning disability. SLPs must be involved in developing these programs to ensure that students with a speech or language impairment are receiving an appropriate education in a timely manner.",True,False,True,insufficient-neutral,factly
factly_1725_ret_b1_gn,factly_1725,Speech and language disability and specific learning disability have been added for the first time.,Govt. of India,"- Developmental Language Disorder and Specific Learning Disorder - Co-occurrence of DLD and Specific Learning Disorder - Overlaps between DLD and Specific Learning Disorder - Key Differences between DLD and Specific Learning Disorder - Educational Identification, Labels, Exceptionalities, Disabilities - Specific Learning Disorder and Specific Learning Disability - Educational Categories for DLD and Specific Learning Disorder [...] Specific learning disability means a disorder in one or more of the basic psychological processes involved in understanding or in using language, spoken or written, that may manifest itself in the imperfect ability to listen, think, speak, read, write, spell, or to do mathematical calculations, including conditions such as perceptual disabilities, brain injury, minimal brain dysfunction, dyslexia, and developmental aphasia. [IDEA, Section 300.8]",True,False,True,insufficient-neutral,factly
factly_1725_ret_b5_gn,factly_1725,Speech and language disability and specific learning disability have been added for the first time.,Govt. of India,"For the first time since 1980 (i.e., DSM-3), the DSM-5 integrated Specific Learning Disorders under one label instead of retaining the separate disorders: reading disorder, writing disorder, and mathematics disorder. There is considerable variability both within and between these classifications, a lack of isolated neural deficits [49], high rates of comorbidity [26]. Given these and the dimensional framework of the DSM-5, the decision was to have one single category for Specific Learning Disorder, but to use specifiers to capture the developmental course and severity of various manifestations at the time of assessment [56]. Specifiers are not mutually exclusive, which means manifestations across academic domains can be captured within a single diagnosis. One of the most common manifestations of Specific Learning Disorder is dyslexia, a difficulty mapping letters with the sounds of one’s language in order to read printed words typically resulting from a deficit in the phonological component of language [20]. In the DSM-5, dyslexia is suggested as an alternative term for problems with accurate or fluent word recognition, poor decoding, and poor spelling abilities.",True,False,True,insufficient-contradictory,factly
factly_1725_ret_bn_g1,factly_1725,Speech and language disability and specific learning disability have been added for the first time.,Govt. of India,"Specific Learning Disability (SLD) Under IDEA, ""Specific Learning Disability (SLD) means a disorder in one or more of the basic psychological processes involved in understanding or in using language, spoken or written, that may manifest itself in the imperfect ability to listen, think, speak, read, write, spell, or to do mathematical calculations, including conditions such as perceptual disabilities, brain injury, minimal brain dysfunction, dyslexia, and developmental aphasia. Specific learning disability does not include learning problems that are primarily the result of visual, hearing, or motor disabilities, of mental retardation, of emotional disturbance, or of environmental, cultural, or economic disadvantage"" (34 C.F.R. Section 300.8(c)(10)). Dyslexia is a subcategory of Specific Learning Disability (SLD) and has been added so that the Department can distinguish students with dyslexia from other students with SLD who are reported in this disability category.",True,False,True,insufficient-refutes,factly
factly_1743_ret_b8_gn,factly_1743,"3.8 crore poor women provided with free LPG connections, target raised to 8 crore.",Govt. of India,"The meetings are aimed at creating awareness among women on the benefits of cooking with LPG in place of the conventional firewood. Kerala has achieved 99.89 per cent LPG penetration and leads the country in use of LPG for domestic cooking. Under the Pradhan Mantri Ujjwala Yojana, the government has given 3.8 crore LPG connections to the underprivileged sections of society. The target is to provide 5 crore connections by March 2019. Another 3 crore LPG connections are being given under the Pradhan Mantri LPG Panchayat scheme. ""We have identified 32,000 beneficiaries under the Ujjwala Yojana and provided household gas connections to 29,000 applicants so far. Nationwide, we have provided LPG connections to 83 per cent of the population and the government is planning to provide LPG connection to 99 per cent of families by 2020,"" he said. [...] Under the Pradhan Mantri LPG Panchayat scheme, the IOC has identified 15 villages in Kerala for giving LPG connections to rural women. These 15 villages are located in the districts of Palakkad, Thrissur, Idukki and Pathanamthitta. IOC general Manager (LPG) A Ravi also participated in the press meet.",True,False,True,insufficient-supports,factly
factly_1743_ret_b9_gn,factly_1743,"3.8 crore poor women provided with free LPG connections, target raised to 8 crore.",Govt. of India,"The Government has launched Pradhan Mantri LPG Panchayat which is an interactive communication platform for rural LPG users on various subjects like safe usage of LPG, its benefit to environment, women empowerment and women health, and also use the forum to motivate the consumers to use LPG regularly as a clean cooking fuel. Government had launched ""Pradhan Mantri Ujjwala Yojana"" on 1st May 2016 to provide deposit-free LPG connections to 5 crore women belonging to the Below Poverty Line (BPL) with a budgetary provision of Rs. 8000 crore and the target has now been enhanced to 8 crore with additional budgetary provision of Rs. 4,800 crore. The beneficiaries under the Scheme are identified through Socio Economic Caste Census (SECC) 2011. The Government has now decided to cover the following categories under the Scheme :- (i) All SC/STs households beneficiaries of Pradhan Mantri Awas Yojana(PMAY) (Gramin), (ii) Antyoday Anna Yojana(AAY) [...] This information was given by Minister of Petroleum and Natural Gas Shri Dharmendra Pardhan in reply to a written question in Lok Sabha today.",True,False,True,insufficient-contradictory,factly
factly_1743_ret_bn_g0,factly_1743,"3.8 crore poor women provided with free LPG connections, target raised to 8 crore.",Govt. of India,"The first claim is that the government is ‘Ensuring smoke free lives for every Indian family through Ujjwala Yojana’. It says 3.8 crore poor women were provided with free LPG connections and that the target was raised to 8 crore. As per the website of the Pradhan Mantri Ujjwala Yojana (PMUY), the scheme aims to safeguard the health of women & children by providing them with a clean cooking fuel – LPG, so that they don’t have to compromise their health in smoky kitchens or wander in unsafe areas collecting firewood. PMUY was launched in May 2016 in Ballia, Uttar Pradesh. Under this scheme, 5 crore LPG connections were to be provided to BPL families. Under PMUY, cash assistance up to Rs. 1600 is provided for releasing new LPG connection by the Government. The beneficiary bears the cost of Hot Plate and purchase of first refill. The beneficiary has option to take Hot Plate or the first refill or both on loan basis, from OMCs at zero interest rate and the same is recovered through subsidy received by the beneficiary as and when refill is purchased. [...] According to an answer provided in the Lok Sabha by the government, a total of 3.19 crore LPG connections were released under PMUY as of December 2016. This number was at 4.73 crore in July 2018. A press note from the government in February 2018 noted that the Cabinet has approved enhancing the target under PMUY to 8 crore connections from the earlier 5 crore with an additional budget allocation of Rs. 4,800 crores.",True,False,True,supports,factly
factly_1743_ret_bn_g1,factly_1743,"3.8 crore poor women provided with free LPG connections, target raised to 8 crore.",Govt. of India,"The initiative was launched on January 05, 2015 with an objective to provide people with affordable energy efficient appliances across the country. More than 29.83 crore LED bulbs were distributed in just four years, saving Rs. 15,497 crores per year for the people. [...] The Union Cabinet launched the Pradhan Mantri Ujjwala Yojana on May 01, 2016, which envisages of smoke free rural India. It aims to benefit five crore families especially women living below poverty line by providing free LPG connections by 2019. It will help reduce health disorders, air pollution and deforestation. The Cabinet has approved Rs. 8,000.00 crores for the next three years. Prime Minister Narendra Modi launched the scheme in Ballia, Uttar Pradesh on May 01, 2016. So far 3.8 crore LPG connections were provided to BPL households. The target for the scheme has been raised to provide LPG connections to 8 crore women.",True,False,True,supports,factly
factly_1749,factly_1749,"Numerous universities, 7 IITs, 7 IIMs, 14 IIITs, 1 NIT, 103 KVs and 62 Navodaya Vidyalayas established and have started functioning.",Govt. of India,"In an infographic published by the government on the 48-months portal, there are three claims relating to education in the country. This article is a fact check of the claims.",Half True,True,True,insufficient-neutral,factly
factly_1749_ret_b18_gn,factly_1749,"Numerous universities, 7 IITs, 7 IIMs, 14 IIITs, 1 NIT, 103 KVs and 62 Navodaya Vidyalayas established and have started functioning.",Govt. of India,"7 IITs, 7 IIMs, 5000 Atal Tinkering Labs among new educational institutions coming up: President Ram Nath Kovind 103 Kendriya Vidyalayas, Eklavya Model Awasiya Vidyalayas in all talukas having a majority tribal population and 62 new Navodaya Vidyalayas are also on the cards in an effort to improve India's education system. President Ram Nath Kovind announced on Thursday that the government is setting up 5,000 Atal Tinkering Labs, 7 IITs, 7 IIMs, 14 IIITs, one NIT and four NIDs in India to improve the education standard. He stressed that a multidimensional approach was being taken up to provide increased opportunities for the highest standard professional education. [...] 2. ""Every parent aspires for a good education for their sons and daughters so that they can succeed in life... Seven IITs, seven IIMs, 14 IIITs, one NIT and four NIDs are being established,"" the President said, as per PTI.",Half True,False,True,insufficient-supports,factly
factly_1749_ret_bn_g0,factly_1749,"Numerous universities, 7 IITs, 7 IIMs, 14 IIITs, 1 NIT, 103 KVs and 62 Navodaya Vidyalayas established and have started functioning.",Govt. of India,"The first claim of the government is that numerous universities, 7 IITs, 7 IIMs, 14 IIITs, 1 NIT, 103 KVs and 62 Navodaya Vidyalayas have been established and have started functioning. [...] The Navodaya Vidyalaya Scheme provides for opening of one Jawahar Navodaya Vidyalaya (JNV) in each district of the country. 62 new Jawahar Navodaya Vidyalayas have been sanctioned in the districts uncovered so far. [...] Fact: There has been an increase in the number of universities in India since Independence. The claim is not specific on the number of new universities setup. As far as the other institutions are concerned, it is true that 7 IITs, 7 IIMs, 19 IIITs, 1 NIT have been established in the last 4 years. Only 50 new KVs were opened in the first 3 years while 62 JNVs have been established in the last four years. Hence, the claim is PARTLY TRUE.",Half True,False,True,insufficient-supports,factly
factly_1756_ret_b19_gn,factly_1756,Highest ever participation of women in 2016-17 at 56%,Govt. of India,"Over the past 70 years, womenâs participation in labor force activities has greatly expanded. Immediately following World War II, less than one-third of women were in the labor force. However, women soon began to participate in greater numbers, and their labor force participation rose rapidly from the 1960s through the 1980s before slowing in the 1990s. Women reached the peak of their labor force participation in 1999, with a rate of 60.0 percent. Since then, labor force participation among women has declined, to 56.7 percent in 2015. In addition, a large share of women work full time and year-round. Over time, women have increasingly attained higher levels of education: among women ages 25 to 64 who are in the labor force, the proportion with a college degree more than tripled from 1970 to 2015, increasing from 11 percent to 41 percent. Womenâs earnings as a proportion of menâs earnings also have grown over time. In 1979, women working full time earned 62 percent of what men earned; in 2015, womenâs earnings were 81 percent of menâs. [...] Womenâs labor force participation was 56.7 percent in 2015, down from 57.0 percent in 2014. Menâs labor force participation, which always has been much higher than that for women, was little changed at 69.1 percent in 2015. (See table 2.)",True,False,True,refutes,factly
factly_1779,factly_1779,A Congress MLA misbehaved with the police when he was stopped by the police while chanting ‘Pakistan Zindabad’ slogans as part of a Rahul Gandhi’s program in Madhya Pradesh,SOCIAL MEDIA POST,"This incident took place in Shaheen Bhag, Delhi, in November 2022 and not in Madhya Pradesh during a program of Rahul Gandhi. The police arrested former Congress MLA Asif Mohammad Khan for misbehaving with police officers on confronting him for holding a meeting without permission. The Shaheen Bhag police registered a case against him. But as stated in the post, neither in the FIR filed by the police nor in the news reports on the incident was it mentioned that Asif had raised slogans of ‘Pakistan Zindabad’. So, the claim made in the post is False.",False,True,True,refutes,factly
factly_1779_ret_b0_gn,factly_1779,A Congress MLA misbehaved with the police when he was stopped by the police while chanting ‘Pakistan Zindabad’ slogans as part of a Rahul Gandhi’s program in Madhya Pradesh,SOCIAL MEDIA POST,"A video has been widely shared on social media platforms with the claim that the condition of police personnel who stopped a Karnataka Congress leader from raising the Pakistan Zindabad slogan was worsened adding: if Congress‘ reign comes, there will be an outcry in the entire country. [...] A user named Indian at Heart shared this video on X (Twitter), captioning: ""The condition of the police personnel who stopped a Congress leader from Karnataka from raising Pakistan Zindabad slogan was worsened* *These people started threatening to kill the poor man* *Just think, if Congress comes into the country or state even by mistake, then there will be an outcry in the entire country"". [...] DFRAC’s Fact-Check proves that the viral video claiming condition of police personnel who stopped a Karnataka Congress leader from raising the Pakistan Zindabad slogan worsened, is completely misleading as the viral video is linked with the case of former Congress MLA Asif Khan abusing and manhandling a police officer in Delhi’s Jamia Nagar in the month of November 2022.",False,False,True,insufficient-refutes,factly
factly_1779_ret_b1_gn,factly_1779,A Congress MLA misbehaved with the police when he was stopped by the police while chanting ‘Pakistan Zindabad’ slogans as part of a Rahul Gandhi’s program in Madhya Pradesh,SOCIAL MEDIA POST,"The incident happened when Asif Mohammad Khan, a former Congress MLA, was addressing a gathering near a mosque in Shaheen Bagh along with supporters. A Delhi Police constable asked Asif if he has prior permission for the gathering from the Election Commission. Former Congress MLA Asif Mohammad Khan, whose daughter Ariba Khan is a candidate in the forthcoming Delhi MCD polls, was arrested on Saturday after a video surfaced of him allegedly abusing and manhandling a police officer in Delhi's Jamia Nagar the day before. A case was registered against him on Friday soon after the incident came to light. [...] Police said that when the constable asked Asif if he had ECI's permission or not, the former legislator turned aggressive and began misbehaving with him. ""Asif used abusive language and manhandled the constable. A complaint was registered against Asif in Shaheen Bagh police station and an investigation is underway,"" ANI quoted the Delhi Police as saying.",False,False,True,insufficient-supports,factly
factly_1779_ret_b6_gn,factly_1779,A Congress MLA misbehaved with the police when he was stopped by the police while chanting ‘Pakistan Zindabad’ slogans as part of a Rahul Gandhi’s program in Madhya Pradesh,SOCIAL MEDIA POST,"BJP MLA Aravind Limbavali apologised after his daughter misbehaved with the media and police officials when she was stopped for flouting traffic rules. BJP MLA Aravind Limbavali has extended his apology to the media and police officials on behalf of his daughter who was caught on camera misbehaving with traffic police officials and journalists after she was asked to stop for jumping a signal. [...] The MLA's daughter argued with the police over a traffic rule violation and the police, in turn, showed her the evidence and collected Rs 10,000 fine.",False,False,True,insufficient-supports,factly
factly_1779_ret_bn_g0,factly_1779,A Congress MLA misbehaved with the police when he was stopped by the police while chanting ‘Pakistan Zindabad’ slogans as part of a Rahul Gandhi’s program in Madhya Pradesh,SOCIAL MEDIA POST,"The video that has been debunked below earlier is now being shared again with a claim that Congress MLA from Karnataka had misbehaved with the police when he was stopped while chanting ‘Pakistan Zindabad’ slogans. However, as explained below, the incident took place in Shaheen Bhag, Delhi, in November 2022. Also, the police arrested former Congress MLA Asif Mohammad Khan for misbehaving with police officers on confronting him for holding a meeting without permission. Neither the FIR filed by the police nor the news reports on the incident mentioned that Asif had raised slogans of ‘Pakistan Zindabad’. [...] A video of a few persons wearing Congress scarves arguing with the police is viral on social media, claiming that an MLA of Congress raised the Pakistan Zindabad slogan during Rahul Gandhi’s program in Madhya Pradesh. Let’s understand the facts behind this claim through this article. [...] Fact: This incident took place in Shaheen Bhag, Delhi, in November 2022 and not in Madhya Pradesh during a program of Rahul Gandhi. The police arrested former Congress MLA Asif Mohammad Khan for misbehaving with police officers on confronting him for holding a meeting without permission. The Shaheen Bhag police registered a case against him. But as stated in the post, neither in the FIR filed by the police nor in the news reports on the incident was it mentioned that Asif had raised slogans of ‘Pakistan Zindabad’. So, the claim made in the post is False.",False,False,True,refutes,factly
factly_1788,factly_1788,Cristiano Ronaldo said that he loves Islam more than anything,SOCIAL MEDIA POST,"The photo in the viral post was captured in January 2022, when Ronaldo received the ‘Globe Soccer’s Top Scorer of All Time award in Dubai.‘ As per news reports, Ronaldo expressed his love towards Dubai, its people and its culture. Nowhere in the news was it reported that Ronaldo said he loves Islam the most. Hence, the claim made in the post is FALSE.",False,True,True,refutes,factly
factly_1788_ret_b13_gn,factly_1788,Cristiano Ronaldo said that he loves Islam more than anything,SOCIAL MEDIA POST,"Misleading claim that Cristiano Ronaldo 'converted to Islam' circulates on social media [...] The post’s headline translates into English as ""Subhanallah. Cristiano Ronaldo Converted to Islam and Said Assalamualaikum"". [...] Later in the blog post, the text questions whether Ronaldo really converted to Islam. It states: ""Cristiano Ronaldo converted to Islam and said Assalamualaikum. But really?""",False,False,True,insufficient-refutes,factly
factly_1788_ret_b2_gn,factly_1788,Cristiano Ronaldo said that he loves Islam more than anything,SOCIAL MEDIA POST,"A Facebook user shared this post and wrote, ""This woman from Saudi Arabia asked a question to Cristiano Ronaldo... Who do you love the most? Cristiano Ronaldo said that I love Islam the most. "" A Twitter user shared this post and wrote, ""This Muslim woman from Saudi Arabia asked a question to Cristiano Ronaldo. #Ronaldo who do you love the most,"" Cristiano Ronaldo .said I love #Islam. #Alhamdulillah"" [...] Cristiano Ronaldo, in an interview, confessed that he loves Islam the most.",False,False,True,supports,factly
factly_1788_ret_bn_g1,factly_1788,Cristiano Ronaldo said that he loves Islam more than anything,SOCIAL MEDIA POST,"A post is being shared on social media claiming that Portuguese footballer Cristiano Ronaldo said he loves Islam the most. A photo accompanying the post looks like an interview set-up. Let’s verify the claim made in this post through this article. [...] Fact: The photo in the viral post was captured in January 2022, when Ronaldo received the ‘Globe Soccer’s Top Scorer of All Time award in Dubai.‘ As per news reports, Ronaldo expressed his love towards Dubai, its people and its culture. Nowhere in the news was it reported that Ronaldo said he loves Islam the most. Hence, the claim made in the post is FALSE. [...] To sum up, Cristiano Ronaldo did not say that he loves Islam the most.",False,False,True,refutes,factly
factly_180,factly_180,"EctoLife is producing 30,000 lab-grown artificial babies every year",SOCIAL MEDIA POST,"The viral visuals are just a depiction of the concept of incubation of babies through artificial wombs by a Berlin based science communicator and biotechnologist, Hashem Al Ghaili. He confirmed that the technology currently does not exist. Hence the claim made in the post is FALSE.",False,True,True,refutes,factly
factly_180_ret_bn_g2,factly_180,"EctoLife is producing 30,000 lab-grown artificial babies every year",SOCIAL MEDIA POST,"An animation video which shows artificial incubation of babies is being widely shared. The video is being shared with a claim that a company named EctoLife is producing 30,000 such lab-grown artificial babies every year. Through this article let’s fact-check the claim made in the post. [...] However, the facility is not in operational stage currently. It is just a concept pitched by Hashem Al Ghaili. He introduced this concept in December 2022. According to Hashem Al Ghaili, Ecto Life could grow around 30,000 babies. He further added that this could help people to produce customized babies. Introducing the concept, Hashem Al Ghaili, shared the same video on his YouTube channel.",False,False,True,refutes,factly
factly_1801,factly_1801,Nirav Modi stated before the London court that he didn’t leave India but was threatened by the leaders of a political party to escape and run away from the country.,FACEBOOK POST,"Nirav Modi’s London Court proceedings were covered by almost all the leading newspapers in India. In the article on The Times of India which covered the same, there was no mention of any such statements made by Nirav Modi as claimed in the FB posts. Hence, the claims made in the posts stand FALSE.",False,True,True,insufficient-refutes,factly
factly_1801_ret_bn_g12,factly_1801,Nirav Modi stated before the London court that he didn’t leave India but was threatened by the leaders of a political party to escape and run away from the country.,FACEBOOK POST,"-- ANI 07:52 Nirav Modi flees to UK, claiming political asylum Nirav Modi, the billionaire jeweller at the heart of a more than $2 billion fraud case, has fled to the United Kingdom, where he is claiming political asylum, the Financial Times reported, citing Indian and British officials. [...] Nirav Modi is in London trying to claim asylum from what he calls ""political persecution"", the FT reported.",False,False,True,supports,factly
factly_1801_ret_bn_g13,factly_1801,Nirav Modi stated before the London court that he didn’t leave India but was threatened by the leaders of a political party to escape and run away from the country.,FACEBOOK POST,"The men are thought to have left India before the alleged fraud was discovered. Modi denies the allega- tions and has sought polit- ical asylum in the U.K. In a letter to Punjab Na- tional Bank last year, Modi said he owed the institu- tion about 50 billion rupees ($775 million). The $1.8 bil- lion ﬁgure cited by the bank resulted in a media frenzy that pressured authorities to quickly search and seize assets from two of his com- panies, Firestar Interna- tional and Firestar Diamond International, Modi said. The son of a diamond merchant, Modi built an in- ternational jewellery empire that stretched from India to New York and Hong Kong. Bollywood star Priyanka Chopra became the face of his eponymous brand and Hollywood actress Naomi Watts appeared with Modi at the opening of his ﬁrst U.S. boutique in 2015. As recently as 2017, Forbes magazine estimated Modi’s wealth at $1.8 billion. But his empire began to crumble after the fraud alle- gations, and he was removed from the publication’s bil- lionaires list in 2018. Last year, the interna- tional police organisation Interpol issued a ""red no- tice"" seeking Modi’s ar- rest worldwide.",False,False,True,insufficient-neutral,factly
factly_1803,factly_1803,"Rahul Gandhi: “Surgical strikes and Air strikes happened during UPA government but we didn’t disclose to anyone, not even to Army and Airforce”.",FACEBOOK POST,"The source of the information being posted by many users on Facebook is a parody account which posts satirical and parody content. So, the claim made is FALSE.",False,True,True,refutes,factly
factly_1803_ret_b0_gn,factly_1803,"Rahul Gandhi: “Surgical strikes and Air strikes happened during UPA government but we didn’t disclose to anyone, not even to Army and Airforce”.",FACEBOOK POST,"Rahul Gandhi said the Manmohan Singh govt carried out three surgical strikes but the Congress didn't tell the world about it because it did not want to politicise the armed forces. [...] Rahul Gandhi said the reason why the UPA government did not disclose the surgical strike was because ""we did not want to politicise the armed forces"". [...] When asked about what was achieved by the surgical strikes carried out during Manmohan Singh's tenure, Rahul Gandhi said, ""I won't talk about what happened. But the targets that were supposed to be hit were hit successfully.""",False,False,True,insufficient-supports,factly
factly_1803_ret_b1_gn,factly_1803,"Rahul Gandhi: “Surgical strikes and Air strikes happened during UPA government but we didn’t disclose to anyone, not even to Army and Airforce”.",FACEBOOK POST,"UPA did 3 surgical strikes but didn’t show off: Rahul Gandhi [...] Congress president Rahul Gandhi on Saturday asserted that the Indian Army had conducted three surgical strikes in Pakistan-occupied Kashmir (PoK) when the United Progressive Alliance (UPA) government was in power, but those operations were kept under the wraps at the force’s behest. [...] ""Do you know that like Narendra Modi’s surgical strike, (former PM) Manmohan Singh did that three times? When the army came to Manmohan Singh and said we need to retaliate against Pakistan for what they’ve done, they also said we want it to be secret, for our own purposes,"" Gandhi said.",False,False,True,supports,factly
factly_1803_ret_b3_gn,factly_1803,"Rahul Gandhi: “Surgical strikes and Air strikes happened during UPA government but we didn’t disclose to anyone, not even to Army and Airforce”.",FACEBOOK POST,"UPA Did 3 Surgical Strikes But Didn’t Show Off: Rahul Gandhi [...] Congress president Rahul Gandhi on Saturday asserted that the Indian Army had conducted three surgical strikes in Pakistan-occupied Kashmir (PoK) when the United Progressive Alliance (UPA) government was in power, but those operations were kept under the wraps at the force’s behest.(PTI) Congress president Rahul Gandhi on Saturday asserted that the Indian Army had conducted three surgical strikes in Pakistan-occupied Kashmir (PoK) when the United Progressive Alliance (UPA) government was in power, but those operations were kept under the wraps at the force’s behest.",False,False,True,insufficient-supports,factly
factly_1803_ret_bn_g0,factly_1803,"Rahul Gandhi: “Surgical strikes and Air strikes happened during UPA government but we didn’t disclose to anyone, not even to Army and Airforce”.",FACEBOOK POST,"A post is being shared by many users on Facebook claiming Rahul Gandhi has commented that UPA government also conducted Surgical strikes and Air strikes but didn’t disclose to anyone, not even to Army and Airforce. Let’s try to analyze the claim made in the post [...] Rahul Gandhi said in a public interaction meeting during the Rajasthan Assembly Elections that the UPA government also conducted Surgical strikes but did not disclose the information to the public. But, he did not say that the UPA government conducted strikes not even disclosing it to Army and Airforce. Finally, Rahul Gandhi’s statement which was twisted by a parody account is being shared on Facebook as his statement and there isn’t any truth in these posts.",False,False,True,refutes,factly
factly_1838,factly_1838,More people have travelled in airplanes than in AC trains for the first time,Govt. of India,One of the infographics on the government’s 48-month portal makes certain claims about the expansion of the aviation sector in the past 4 years under the NDA government . Here is a fact check of these claims.,True,True,True,insufficient-neutral,factly
factly_1838_ret_b17_gn,factly_1838,More people have travelled in airplanes than in AC trains for the first time,Govt. of India,"By 2009, the amount of people who flew a commercial airliner in the previous year had risen to 39.85 percent in the Omnibus Household Survey. Gallup polls give numbers that are a little higher. In 2012, 52 percent of respondents said they had flown at least once in the past year, the highest number in a decade. Of course, these are only U.S. flyers, and for many parts of the world, information is even scarcer. A consumer survey conducted by Credit Suisse First Boston in 2004 found that 47 percent of respondents in eight large Chinese cities had ever flown in an airplane. Air travel is on the rise in China, as well as in other parts of Asia and Latin America. ""As gross domestic product increases the number of trips per capita increases,"" Heimlich says, citing numbers produced by airplane manufacturers. ""What they show is, to a point, air travel increases exponentially. Places with large populations like China and India are of great interest."" [...] What’s not clear from these statistics is whether more people were flying, or the same people were flying more often, or both. It seems likely that the percentage of global citizens who have ever flown is growing, and will continue to grow. We just don’t have the data to back it up.",True,False,True,insufficient-supports,factly
factly_1838_ret_b3_gn,factly_1838,More people have travelled in airplanes than in AC trains for the first time,Govt. of India,"Three factors are putting more passengers in planes. ""The first is the expansion of economies and the rise in incomes in Asia and Africa,"" says IATA’s David Oxley. [...] While growth in mature markets like Europe and North America will be more incremental, with existing passengers flying more, China, India, and Indonesia will see more first-time fliers. Either way, that translates into demand for new planes, as established markets upgrade aging fleets and emerging markets grow their flight networks. Boeing has pushed production on its 737 line, which now completes 42 aircraft per month, but is expected to release 57 per month by 2019.",True,False,True,insufficient-neutral,factly
factly_1838_ret_bn_g0,factly_1838,More people have travelled in airplanes than in AC trains for the first time,Govt. of India,"An infographic on the government’s 48-month portal makes certain claims about the expansion of the aviation sector under the NDA government during the past four years, including one which states—for the first time—more people have travelled in aeroplanes than in AC trains. [...] Claim 3: More people have travelled in aeroplanes than in AC trains for the first time [...] FACT: We find that for the first time in 2016-17, unlike the previous years, the number of people who travelled by aeroplanes is higher than those who travelled in all AC class of trains. Thus, the claim is TRUE.",True,False,True,supports,factly
factly_1838_ret_bn_g2,factly_1838,More people have travelled in airplanes than in AC trains for the first time,Govt. of India,"- India is now the third largest aviation market - Passenger traffic growth is in the range of 18-20% over the past three years - More people have travelled in airplanes than in AC trains for the first time - Domestic air passengers crossed 100 million in 2017 - A National Civil Aviation Policy was unveiled in 2016 [...] To verify the claim about the number of people travelling by air being greater than those travelling by AC train, the passenger data provided in the annual reports of the DGCA were compared with data provided in the statistical statements of the Indian Railways. The Indian Railways publishes an annual document titled ‘Statistical Statements’ that gives a breakup of the number of passengers that were carried in that year by the class in which they travelled. This data was aggregated to find the number of people who travelled by AC class in trains between 2012-13 and 2016-17. Total passenger traffic of the AC class is calculated by including the traffic in AC First Class, AC Sleeper Class, AC 3 Tier & AC Chair Car. Total passenger traffic of Airlines is calculated by including both domestic & international passenger traffic. Claim Check: We find that for the first time in 2016-17, unlike the previous years, the number of people who travelled by Airplane is higher than those who travelled in all AC class of trains. Thus, the 3rd claim is also TRUE.",True,False,True,supports,factly
factly_1851,factly_1851,"30,000 rupees is provided towards tuition fee and 20,000 as contingency allowance.",Govt. of India,An infographic published by the government on the 48-month portal makes claims regarding scholarship to persons with disability. Here is a fact check of these claims.,False,True,True,insufficient-neutral,factly
factly_1851_ret_b16_gn,factly_1851,"30,000 rupees is provided towards tuition fee and 20,000 as contingency allowance.",Govt. of India,"- To ensure good-quality secondary education with a focus on Science, Mathematics and English; and - To reduce the gender, social and regional gaps in enrolments, dropouts and improving retention. [...] - The scholarship amount of Rs.30,000 is provided towards tuition fee reimbursement and Rs.20000 as contingency allowance for 1000 persons/annum. [...] - Students will be tracked through their Aadhaar numbers and incase those not having a unique number will be provided with it.",False,False,True,supports,factly
factly_1851_ret_bn_g1,factly_1851,"30,000 rupees is provided towards tuition fee and 20,000 as contingency allowance.",Govt. of India,"Saksham Scholarship Scheme for economically weaker differently abled students to pursue technical education Saksham Scholarship Scheme was launched in 2014-15, with the objective of encouraging economically weaker differently abled students to pursue technical education at Diploma and Degree levels. Scholarship amount of Rs. 30,000 is provided towards tuition fee reimbursement and Rs. 20000 as contingency allowance. Under the scheme, 1000 scholarships per annum are available. Number of application received from eligible candidates under the scheme every year, remained low despite wide publicity. Year-wise details of applications received are given in the table below: A committee of experts was set up, to suggest measures for improving the performance of the scheme. The committee recommended that a provision be made under the scheme to support differently abled student for purchase of Aids and Assistive Devices, in cases where tuition fee was either exempted or less than Rs.30,000/-",False,False,True,supports,factly
factly_1851_ret_bn_g19,factly_1851,"30,000 rupees is provided towards tuition fee and 20,000 as contingency allowance.",Govt. of India,"EMERITUS SCIENTIST SCHEME 3 OPERATION OF AN EMERITUS SCIENTIST SCHEME 7 CONTIGENT AND EQUIPMENT GRANTS 8 PROGRESS REPORT & RENEWAL OF ES SCHEME 9 FINAL TECHNICAL REPORT (FTR) [...] 1.5 The grant consists of (i) Scientist Allowance of Rs.20,000/- p.m. to the Emeritus Scientist (ES) for the duration of his/her tenure, (ii) suitable contingent grant per annum, and (iii)technical assistance in the form of research fellows/associates. [...] 7.3 The guidelines for the utilization of contingency grant are given in Annexure-I. The accounts are to be maintained in a prescribed manner as indicated in Annexure-III.",False,False,True,insufficient-neutral,factly
factly_1851_ret_bn_g2,factly_1851,"30,000 rupees is provided towards tuition fee and 20,000 as contingency allowance.",Govt. of India,"Rs. 30,000/- or the actual tuition fees paid, whichever is less. Contingency allowance: Rs 2000/per month for Ten Months. [...] Rs. 30,000/- or the actual [...] Contingency allowance: Rs 2000/per month for Ten Months.",False,False,True,supports,factly
factly_1855,factly_1855,Cost of the Evian brand’s water bottle seen at the family gathering of Tejashwi Yadav is ₹2900 per liter,SOCIAL MEDIA POST,The cost of the 1-liter Evian bottled water visible in the viral video is not ₹2900 but rather ₹250. Hence the claim made in the post is FALSE.,False,True,True,refutes,factly
factly_1855_ret_b1_gn,factly_1855,Cost of the Evian brand’s water bottle seen at the family gathering of Tejashwi Yadav is ₹2900 per liter,SOCIAL MEDIA POST,"The Evian Water Bottle has received mostly positive reviews for its natural taste and refreshing hydration. Users appreciate its balanced mineral content and smooth, clean taste for everyday use. [...] The Evian Water Bottle is a good investment for those seeking pure, balanced, and refreshing hydration. With its eco-friendly practices and naturally smooth taste, it’s a premium choice for daily use and rehydration. [...] The Evian Water Bottle offers pure, refreshing hydration with a clean taste and balanced minerals, making it an excellent choice for those who value quality. While the price is higher than standard bottled waters, the premium experience and eco-conscious packaging make it a worthwhile pick.",False,False,True,insufficient-neutral,factly
factly_1855_ret_b7_gn,factly_1855,Cost of the Evian brand’s water bottle seen at the family gathering of Tejashwi Yadav is ₹2900 per liter,SOCIAL MEDIA POST,"Evian Water is widely considered the creme de la creme of bottled water. Hailing from a small town called Evian-Les-Bains, the prestige of the light blue-capped Evian bottle has outgrown its humble home. [...] Pricing certainly goes beyond popularity, however, Evian relies heavily on its respect amongst those in Hollywood and recording studios to maintain its image as the bottled water of the stars. [...] As mentioned earlier, Evian compares favorably with most other bottled brands when it comes to the price point. In fact, one of its direct competitors in the market - Fiji Water - costs nearly twice as much for a 12-pack of one-liter bottles.",False,False,True,insufficient-neutral,factly
factly_1855_ret_b8_gn,factly_1855,Cost of the Evian brand’s water bottle seen at the family gathering of Tejashwi Yadav is ₹2900 per liter,SOCIAL MEDIA POST,"evian water comes from a pristine and protected Alpine mountain source. [...] We are currently moving our evian range to a new ‘click’ cap that is designed to stay attached to the bottle throughout its usage and when recycled. [...] From conveniently sized on-the-go evian water bottle formats that fit in your bag to limited edition designer bottles that elevate any occasion, there’s an evian product to hydrate you any moment in your day.",False,False,True,insufficient-neutral,factly
factly_1855_ret_bn_g0,factly_1855,Cost of the Evian brand’s water bottle seen at the family gathering of Tejashwi Yadav is ₹2900 per liter,SOCIAL MEDIA POST,"A video showing Bihar Deputy Chief Minister Tejashwi Yadav’s family gathering is being widely shared on social media. The accompanying description claims that the Evian company water bottle seen on their table costs around ₹2900 per litre. Let’s verify this claim made in the post. [...] Fact: The cost of the 1-liter Evian bottled water visible in the viral video is not ₹2900 but rather ₹250. Hence the claim made in the post is FALSE. [...] To sum it up, contrary to the claim, the cost of the 1-litre Evian bottled water visible in the viral video is not ₹2900 but rather ₹250.",False,False,True,refutes,factly
factly_1857,factly_1857,2017-18 is the is the best ever year of safety record for the railways and less than 100 accidents were recorded in that year.,Govt. of India,"The BJP government published an infographic on the 48-months portal that makes 3 claims about improving safety in Indian Railways, i.e., reducing railway accidents & elimination of Unmanned Level Crossings. This article is a fact check of the claims.",True,True,True,insufficient-neutral,factly
factly_1857_ret_b11_gn,factly_1857,2017-18 is the is the best ever year of safety record for the railways and less than 100 accidents were recorded in that year.,Govt. of India,"Railways’ Safety Record In 2017-2018 Best In 57 Years [...] The railways has maintained the best safety record in 2017-2018 fiscal in over five decades, according to official figures. As of March 30, 73 accidents were reported across the railway network, compared to 104 in the previous fiscal, the lowest in 57 years.",True,False,True,insufficient-supports,factly
factly_1857_ret_b4_gn,factly_1857,2017-18 is the is the best ever year of safety record for the railways and less than 100 accidents were recorded in that year.,Govt. of India,"Railways'' safety record in 2017-2018 best in 57 years: Official data [...] The Railways has maintained the best safety record in 2017-2018 fiscal in over five decades, according to official figures. [...] Significantly, despite trains having travelled an additional 74 million train km in 2017-2018 as compared to the last five years, accidents have remained at an all-time low.",True,False,True,insufficient-supports,factly
factly_1857_ret_b8_gn,factly_1857,2017-18 is the is the best ever year of safety record for the railways and less than 100 accidents were recorded in that year.,Govt. of India,"According to official figures, railways has maintained the best safety record in 2017-2018 fiscal in over five decades. Across the railway network, 73 accidents were reported as of March 30, compared to 104 in the previous fiscal. This has been the lowest in 57 years. A senior official of the ministry said, ""The main reason behind the improvement is track renewal, the railways carried out renewal of 4,405 km of old rails in 2017-2018. This is the highest ever progress of rail renewal and exceeds the target of 4,400 km kept for the year."" [...] – Derailments have come down from 78 in 2016-2017 to 54 in 2017-2018. Accidents at level crossings stood at 13 in 2017-2018 in comparison to 30 in the previous year.",True,False,True,supports,factly
factly_1860_ret_b11_gn,factly_1860,Former Cricketer Sachin Tendulkar along with his wife met Narendra Modi to show his support for BJP in the General Elections-2019.,FACEBOOK POST,"Mumbai: Former cricketer Sachin Tendulkar with his wife Anjali Tendulkar Mumbai: Former cricketer Sachin Tendulkar with his wife Anjali Tendulkar pose for photos during the Special Screening Of the upcoming Film 'Ghoomer', in Mumbai on August 20, 2023. (Photo: IANS/Sanjay Tiwari)",False,False,True,insufficient-neutral,factly
factly_1860_ret_b8_gn,factly_1860,Former Cricketer Sachin Tendulkar along with his wife met Narendra Modi to show his support for BJP in the General Elections-2019.,FACEBOOK POST,"DHARAMSALA: Former Indian cricketer Sachin Tendulkar, accompanied by his wife Anjali, has reached Dharamsala for a three day stay to meet their son Arjun, who was undergoing a training session by National Cricket Academy at scenic cricket stadium. [...] Tendulkar had avoided the queries of media stating that he loves this hill town and therefore was staying here for couple of days.",False,False,True,insufficient-neutral,factly
factly_1860_ret_bn_g0,factly_1860,Former Cricketer Sachin Tendulkar along with his wife met Narendra Modi to show his support for BJP in the General Elections-2019.,FACEBOOK POST,"Many Facebook users are sharing a post with the picture of Sachin Tendulkar and his wife with Narendra Modi. In the post, it is claimed that Sachin Tendulkar has met Modi to show his support for BJP in the General Elections-2019. Let’s try to analyze the claims made in the post. [...] Fact: The picture in the post is the one taken in the context of Sachin Tendulkar briefing Modi about the release of his biopic ""Sachin: A Billion Dreams"". So, the claim made in the post is MISLEADING. On doing Google Reverse Image search, the picture in the post was found to be the one taken during the meeting of Sachin Tendulkar and his wife with Narendra Modi, to give information about his then-upcoming movie ""Sachin: A Billion Dreams"". ‘AajTak’ has published an article regarding the same on May 19, 2017. There was no mention regarding Sachin’s support to BJP anywhere in it.",False,False,True,refutes,factly
factly_1860_ret_bn_g11,factly_1860,Former Cricketer Sachin Tendulkar along with his wife met Narendra Modi to show his support for BJP in the General Elections-2019.,FACEBOOK POST,"Posing to engage: The next phase of celebrity engagement, in the last phase of campaigning, saw Modi pose alongside a number of film stars, with no explicit endorsement from them. Such celebrity engagement included a kite-flying session with Salman Khan, and casual meetings with Rajinikanth, Vijay, and a number of southern film stars, a region where the BJP was particularly weak. Indeed, some of these actors, including Salman and Vijay, explicitly noted that they were not endorsing Modi—Salman even said he would vote for a Congress party candidate. However, the willingness of the celebrities to pose alongside Modi and Modi’s willingness to engage with them suggests a two-way acknowledgement of each other’s’ importance. Posing and tweeting with southern film stars, Modi undercut the idea that the BJP was largely a northern party, and likewise tweeting favourably about Muslim public figures including Abdul Kalam, Salman Khan, A R Rahman, and Sania Mirza undercut suggestions of Modi’s anti-secular credentials.",False,False,True,insufficient-neutral,factly
factly_1864,factly_1864,"Bharatmala Pariyojana: Phase 1: 5,35,000 crore rupees for expanding highways sector with multi-modal integration",Govt. of India,The BJP government published an infographic on the 48-months portal. This infographic contains claims about the Bharatmala Pariyojana and Setu Bharatam Project. This article is a fact check of those claims.,Half True,True,True,insufficient-neutral,factly
factly_1864_ret_b13_gn,factly_1864,"Bharatmala Pariyojana: Phase 1: 5,35,000 crore rupees for expanding highways sector with multi-modal integration",Govt. of India,"The Cabinet has accorded approval to the investment proposal for the umbrella highway sector programme Bharatmala Pariyojana (BMP) Phase I for development/upgradation of 34,800 km of National Highways (NHs) with an outlay of Rs.5,35,000 crore for over a five year period i.e. from 2017-18 to 2021-22. In addition, 48,877 kms of projects under other ongoing schemes like NH(O), Special Accelerated Road Development Programme in North East (SARDP-NE), Externally Aided Projects (EAP) and Roads Projects in Left Wing Extremism Affected Areas (LWE) are also to be implemented during the same period. This has an approved additional outlay of Rs.1,57,324 crore. Therefore, including Bharatmala Pariyojana Phase-I, 83,677 kms of highway sector projects are proposed to be implemented with an overall cost of Rs.6,92,324 crore over a five year period. [...] Union Budget for 2018-19 gave massive push to National Highways as the budgetary allocation was pegged at Rs 71,000 crore, up from Rs 61,000 crore allocated during 2017-18. ""India needs massive infrastructure development up to Rs 50 lakh crore… At this speed, I am confident we will complete construction of 90,000 km of National Highways,"" Arun Jaitley, union minister for finance, said during the budget speech.",Half True,False,True,supports,factly
factly_1864_ret_b19_gn,factly_1864,"Bharatmala Pariyojana: Phase 1: 5,35,000 crore rupees for expanding highways sector with multi-modal integration",Govt. of India,"The Minister of State for Road Transport and Shipping and Chemical & Fertilizers Shri Mansukh L Mandaviya in a written reply to a question in Lok Sabha today informed that under Phase-I of Bharatmala Pariyojana it is expected to generate roughly 14.2 crore man-days of employment during the construction phase and roughly 22 Million permanent jobs driven by increased level of economic activities enabled by development of the Economic Corridor network. The Cabinet Committee on Economic Affairs had approved the implementation of ""Bharatmala Pariyojana Phase-I"", for the National Highways Road Sector to be implemented by Ministry of Road Transport & Highways and its implementing agencies over a period of 5 years (2017-2022) at an estimated outlay of Rs 5,35,000 crore for upgradation of 34,800 km of highways/roads. Details of Bharatmala Pariyojana Phase-I is as below: Funding for the Bharatmala Pariyojana will be through Central Road Fund (CRF), earmarked for NH, Gross Budgetary System (GBS), monetization of NHs through Toll Operate Transfer (TOT), Permanent Bridges Fee Fund (PBFF), Market borrowing and Private Investment.",Half True,False,True,supports,factly
factly_1864_ret_bn_g19,factly_1864,"Bharatmala Pariyojana: Phase 1: 5,35,000 crore rupees for expanding highways sector with multi-modal integration",Govt. of India,"- As of March 2022, the government plans to spend Rs. 10,565 crore (US$ 1.38 billion) on the Trans-Arunachal Highway and Kaladan Multi-Model Transport Project, as well as other roads development projects such as capital connectivity, district connectivity, connectivity to the international border, and improvement and strengthening of roads in the region of Sikkim. [...] - Under Phase-I of Bharatmala Pariyojana, the Ministry has approved implementation of 34,800 km of national highways in 5 years with an outlay of Rs. 5,35,000 crore (US$ 76.55 billion). Under this scheme, 22 greenfield projects (8,000 kms length) are being constructed; this is worth Rs. 3.26 lakh crore (US$ 43.94 billion). [...] - In August 2021, the Union Minister of Road Transport and Highways, Mr. Nitin Gadkari, announced to launch 1,080-km (road construction) projects worth Rs. 25,370 crore (US$ 3.4 billion) in Gujarat under the Bharatmala Pariyojana—the ambitious road and highways project that aims to build highways from Maharashtra, Gujarat, Rajasthan, Punjab, Haryana and then cover the entire string of Himalayan territories.",Half True,False,True,supports,factly
factly_1864_ret_bn_g4,factly_1864,"Bharatmala Pariyojana: Phase 1: 5,35,000 crore rupees for expanding highways sector with multi-modal integration",Govt. of India,"This is a new umbrella program for the highways sector that aims to optimize the efficiency of road traffic movement across the country by bridging critical infrastructure gaps. Special attention has been paid to fulfilling the connectivity needs of areas of economic activity, places of religious and tourist interest, border areas, backward and tribal areas, coastal areas and trade routes with neighbouring countries under the programme. Multi-modal integration is one of the key focuses of this programme. A total of around 53,000 kms of NHs have been identified to improve National Corridor efficiency, of which 24,800 kms are to be taken up in Phase-I, which will be implemented over a period of five years i.e. 2017-18 to 2021-22 in a phased manner. This includes 5,000 kms of the National Corridors, 9000 kms of Economic Corridors, 6000 km of Feeder Corridors and lnter-Corridors, 2000 kms of Border Roads, 2,000 kms of Coastal Roads and Port Connectivity Roads and 800 kms of Green-field Expressways. Total likely fund provision for Bharatmala Phase-I is Rs. 5,35,000 cr. [...] 2.4 New Expressways planned under under Bharatmala Pariyojana Phase-I (i) Delhi-Jaipur Expressway (ii) Delhi-Amritsar-Katra Expressway (iii) Vadodra-Mumbia Expressway (iv) Hyderabad- Vijayawada- Amravathi (HVA) Expressway (v) Nagpur-Hyderabad-Bangalore (NBH) Expressway (vi) Kanpur Lucknow (KL) Expressway (vii) Ring road/ Expressway at Amravathi 2.5 Indian Bridge Management System (IBMS)",Half True,False,True,insufficient-supports,factly
factly_204,factly_204,"Shashi Tharoor had said that he would even hit a Shivling with a chappal, if needed, to oust Modi.",INSTAGRAM POST,"Shashi Tharoor quoted the Shivling statements as said by an unnamed RSS source to a journalist of ‘The Caravan’. Those were not his personal remarks. Also, those quoted statements are twisted in the post. Hence, the claim is MISLEADING.",False,True,True,refutes,factly
factly_204_ret_bn_g3,factly_204,"Shashi Tharoor had said that he would even hit a Shivling with a chappal, if needed, to oust Modi.",INSTAGRAM POST,"Here is exactly what Tharoor said - ""... and this personality cult has not sat very well with many in the RSS establishment. There's an extraordinarily striking metaphor expressed by an unnamed RSS source to journalist Vinod Jose of The Caravan which I quote here, in which they express their frustration with their inability to curb Mr Modi. And the man says, ""Mr Modi,"" he says, ""is like a scorpion sitting on a Shivling; you cannot remove him with your hand, and you cannot hit him with a chappal either."" And if you think about it, that's a very very profound understanding of the relationship. Because if you remove a scorpion with your hand you will get stung very badly, but if you hit a Shivling with a chappal, then you have undermined all the sacred tenets of the faith that you hold in that the scorpion is sitting on. So, ultimately, you live with it with seething frustration. That may well be a very interesting clue to the rather complex dynamics that exist between the Hindutva movement and the Moditva expression of it."" [...] It is clear that Shashi Tharoor did not say he would attack a ""Shivling"" with a ""chappal"" and that he only quoted a line from an article published in 2012.",False,False,True,refutes,factly
factly_210,factly_210,"A Muslim boy attacked a Hindu girl in Seoni, Madhya Pradesh, in yet another Love Jihad incident",SOCIAL MEDIA POST,"The boy who attacked the girl is a Hindu named Sushil Yadav. Local Police clarified that there is no Love Jihad angle in this incident. Hence, the claim made in the post is FALSE.",False,True,True,refutes,factly
factly_210_ret_b11_gn,factly_210,"A Muslim boy attacked a Hindu girl in Seoni, Madhya Pradesh, in yet another Love Jihad incident",SOCIAL MEDIA POST,"Far-right Hindu groups allege that ""Love Jihad"" is a conspiracy by Muslim groups to lure Hindu women into marriages with Muslim men and to convert them to Islam. [...] ""There is nothing that proves that ""Love Jihad"" exists. It is a way to control women and to build up the bogeyman of evil Muslims,"" Charu Gupta, a professor of history at the University of Delhi, said. [...] Gupta said that in the ""Love Jihad"" myth ""lecherous behaviour, skill in luring Hindu women through false promises, a high sexual appetite, a life of luxury and religious fanaticism are all portrayed as dominant traits of the male Muslim character"".",False,False,True,refutes,factly
factly_210_ret_b3_gn,factly_210,"A Muslim boy attacked a Hindu girl in Seoni, Madhya Pradesh, in yet another Love Jihad incident",SOCIAL MEDIA POST,"On January 6, the Supreme Court of India declined to stay controversial laws recently enacted in several states to tackle ""love jihad"" – a baseless conspiracy theory accusing Muslim men of luring Hindu women into marriage with the aim of forcefully converting them to Islam. [...] By allowing the so-called ""love jihad"" laws to remain in force, the Supreme Court increased the vulnerability of India’s Muslims, who are already subject to immense discrimination and religious persecution under the rule of Hindu-nationalist Bharatiya Janata Party (BJP). [...] ""Love jihad"" is not a new conspiracy. Since the 19th century, far-right Hindutva groups in India have been baselessly claiming that Muslim men are predatory. That they are working to seduce Hindu women to convert them to Islam. That they want to use Hindu women’s wombs to produce Muslim babies and alter the demographics of the Hindu-majority country.",False,False,True,insufficient-neutral,factly
factly_210_ret_bn_g0,factly_210,"A Muslim boy attacked a Hindu girl in Seoni, Madhya Pradesh, in yet another Love Jihad incident",SOCIAL MEDIA POST,"A social media post accompanied by a video claims that a Hindu girl was attacked with a knife by a Muslim boy in Seoni, Madhya Pradesh. This is being branded as yet another incident of Love Jihad. Let’s verify the claim made in this post through this article. [...] Fact: The boy who attacked the girl is a Hindu named Sushil Yadav. Local Police clarified that there is no Love Jihad angle in this incident. Hence, the claim made in the post is FALSE. [...] To sum up, There is no ""Love Jihad"" angle in the Seoni knife attack incident.",False,False,True,refutes,factly
factly_210_ret_bn_g2,factly_210,"A Muslim boy attacked a Hindu girl in Seoni, Madhya Pradesh, in yet another Love Jihad incident",SOCIAL MEDIA POST,"A video from Seoni, Madhya Pradesh of a man being beaten up for allegedly stabbing a young woman is being shared with the false claim that a Hindu girl was attacked by a Muslim man. [...] The video is being shared falsely claiming that a Muslim man stabbed a Hindu girl and claiming it was a case of 'love jihad'. Love Jihad is a term used by right-wing handles to describe a supposed conspiracy theory in which Muslim men target non-Muslim women for conversion to Islam by feigning love. The 1.43 minutes video is being shared with the caption when translated reads, ""Love Jihad happened in Seoni in a Half murder case. A Muslim boy stabbed a Hindu girl and was caught during the incident. The accused was beaten up by the youths and taken to the police station. It is now necessary to retaliate...""",False,False,True,insufficient-refutes,factly
factly_219_ret_b6_gn,factly_219,Agreement on real time information sharing with Switzerland,Govt. of India,"The agreement between Switzerland and the European Union (EU) on the automatic exchange of information (AEOI) in tax matters is helping to combat cross-border tax evasion. The agreement has been in force since 2017 and is applicable between Switzerland and all EU member states. It implements the global standard on AEOI of the Organisation for Economic Co-operation and Development (OECD). In 2004, Switzerland and the EU concluded a taxation of savings income agreement as part of the Bilaterals II agreements aiming at combating cross-border tax evasion. This was replaced by the agreement between Switzerland and the EU on the automatic exchange of financial account information in tax matters, which was signed on 27 May 2015. The new agreement implements the OECD global standard on AEOI, which Switzerland committed to in 2014. In this context, Switzerland and all of the EU member states have been collecting information on financial accounts since 2017, and have been exchanging this data since 2018. By implementing the global AEOI standard, Switzerland and the EU are making an important contribution to the prevention of cross-border tax evasion and increasing tax transparency.",True,False,True,insufficient-supports,factly
factly_219_ret_bn_g8,factly_219,Agreement on real time information sharing with Switzerland,Govt. of India,"The second claim is that ‘agreement on real time information sharing with Switzerland’. A number of policy related MoUs have been signed with Switzerland. One of such agreements is the ‘Joint Declaration on Automatic Exchange of Information on Tax Matters – signed in November 2016’. This agreement allows for real time information sharing of the finances related to Indian nationals with bank accounts in Switzerland. Switzerland and India are among a list of 84 countries that share such information with other countries. Switzerland shared its information with 36 countries, while India shared it with 58 as per the 2018 OECD report on this issue. The report of the OECD committee further states that ‘in 2014, the Global Forum on Transparency and Exchange of Information for Tax Purposes (the Global Forum) adopted the Standard for Automatic Exchange of Financial Account Information in Tax Matters (the AEOI Standard), developed by the OECD working with G20 countries. To deliver a level playing field, the Global Forum launched a commitment process under which 100 jurisdictions committed to implement the AEOI Standard in time to commence exchanges in 2017 or 2018’. It is thus clear that the real time information agreement that was signed with Switzerland is part of a larger global initiative and the adoption of the standard developed the OECD.",True,False,True,supports,factly
factly_2192,factly_2192,India with 5288 tops the list of countries with most universities,SOCIAL MEDIA POST,"As per the UGC, there are a total of 1078 universities in the country. Further, according to the All-India Survey on Higher Education 2020-21, there are totally 1,113 Universities/ University like institutions in the country registered under AISHE. The viral data is mostly collected from Webometrics ranking of World Universities in its June 2021 edition. The methodology of this analysis by webometrics is questionable, as it involves the online presence of a university and its content. Hence the claim made in the post is FALSE.",False,True,True,refutes,factly
factly_2192_ret_b0_g5,factly_2192,India with 5288 tops the list of countries with most universities,SOCIAL MEDIA POST,"Over 31,000 universities exist around the WorldWorld, each with a distinct personality that may impress anyone. India’s Indira Gandhi National Open University (IGNOU) is the World’sWorld’s largest university with 3.5 million students enrolled. Countries with the educational institutions on the lists provide tertiary, quaternary, and postsecondary education to students all around the WorldWorld. India has the most number of universities in the World. According to data from July 2021, India had 5,288 universities. Due to its vast population, the country has many universities. However, India is ranked 24th in the WorldWorld regarding educational system strength. [...] Rajasthan, with 85 institutions, is the state with the most universities, and it also has the most private universities, with 52. The state with the most recognized universities (28) and most state universities (35) is Tamil Nadu. Mumbai, formerly known as Bombay, is a popular destination for overseas students in India.",False,False,True,supports,factly
factly_2192_ret_b16_g0,factly_2192,India with 5288 tops the list of countries with most universities,SOCIAL MEDIA POST,"Anand Mahindra Shares List Of Countries With Most Universities [...] Anand Mahindra recently shared a list of countries ranked by the number of universities they have. India topped the list as the country with the highest number of universities. According to the screenshot that Mahindra shared, India has a total of 5,288 universities. [...] Following is the list of the top ten countries with the highest number of universities mentioned in the screenshot: – - India: 5,288 Unis - USA: 3,216 Unis - Indonesia: 2,595 Unis - China: 2,565 Unis - Brazil: 1,297 Unis - Mexico: 1,173 Unis - Japan: 1,063 Unis - Russia: 1,058 Unis - Iran: 704 Unis - France: 617 Unis",False,False,True,supports,factly
factly_2192_ret_bn_g1,factly_2192,India with 5288 tops the list of countries with most universities,SOCIAL MEDIA POST,"A social media post that claims that India tops the list of countries with the most universities is being widely circulated. The post puts India on top of the list with 5288 universities, followed by USA & Indonesia. Through this article let’s fact-check the claim made in the post. [...] This list categorizes universities in a country based on their world rankings. With 56 universities in the top 100, the USA tops the list. Though India did not find any mention under the top 500 universities, as per the list, the total number of universities in the country stands at 5288. Most likely, the viral list of countries with the most universities could have been from this list. Because, according to these rankings, the total number of universities in India stands at 5288, followed by the USA (3216) & Indonesia (2595).",False,False,True,supports,factly
factly_2192_ret_bn_g12,factly_2192,India with 5288 tops the list of countries with most universities,SOCIAL MEDIA POST,"The US-based National Science Foundation (NSF) published a report titled ‘Science & Engineering Indicators 2022,’ that saw India climbing to third place in 2020 from seventh place in 2010. According to the report, six nations contribute more than half of all peer-reviewed Science and Engineering (S&E) papers worldwide. China and America are the major contributors, with a percentage share of 23 and 16, respectively and India occupies the third place with a 5% share. According to a government assessment, just 15.8% of all articles produced by Indian scholars are published in the top ten journals worldwide, and even china (27.6%) is way ahead of us in publishing quality research. Unfortunately, in the most populated country after china, with the largest network of Higher education Institutions in the world (5288 universities) our contribution to scientific research is abysmally low. Compared with the United States (3216) and Indonesia (2595) we have more research institutions at our disposal but the quality of scientific research is atrocious. World University Rankings 2023 conducted by Times Higher Education explicitly shows that Indian institutions are way behind American, European and Chinese Universities in teaching, research, knowledge transfer and international outlook.",False,False,True,supports,factly
factly_2217,factly_2217,"“When the entire opposition unites, then understand that the king of the country is honest”- Chanakya",SOCIAL MEDIA POST,"The viral quote is being shared against the backdrop of opposition parties boycotting the inauguration of the new Parliament building. However, the viral quote is misattributed to Chanakya. There are no authentic sources or references attributing the quote to Chanakya. Moreover, in Arthashastra, Chanakya proposed alliances and the concept of joining forces with the enemies of one’s opponents. Hence the claim made in the post is FALSE.",False,True,True,refutes,factly
factly_2217_ret_bn_g0,factly_2217,"“When the entire opposition unites, then understand that the king of the country is honest”- Chanakya",SOCIAL MEDIA POST,"A social media post attributing a quote to ancient Indian scholar Chanakya (also known as Kautilya) is being widely shared across social media platforms. The Hindi quote attributed to Chanakya loosely translates to ""when the entire opposition unites, then understand that the king of the country is honest"". Through this article, let’s fact-check the authenticity of the quote attributed to Chanakya. [...] In Arthashastra, Chanakya addresses strategies to handle a united opposition, however, he refrains from endorsing the King’s honesty in the face of the united opposition. [...] To sum up, this quote endorsing the King’s honesty in the face of united opposition is misattributed to Chanakya.",False,False,True,refutes,factly
factly_2217_ret_bn_g13,factly_2217,"“When the entire opposition unites, then understand that the king of the country is honest”- Chanakya",SOCIAL MEDIA POST,"2. Couldn't resist sending you this link of this small clip from Chandraprakash Dwivedi's CHANAKYA: [...] March 12, 2015 at 4:04 PM hi ri, chanakya is indeed the FATHER OF OUR NATION.",False,False,True,insufficient-neutral,factly
factly_2217_ret_bn_g6,factly_2217,"“When the entire opposition unites, then understand that the king of the country is honest”- Chanakya",SOCIAL MEDIA POST,"Background: Chanakya has uttered the above sentences. After Chanakya and Chandragupta established the 'Maurya' dynasty kingdom (defeating the Nand dynasty king), there were some difference of opinions between Chanakya and other ministers of the Kingdom. [...] See the confidence of Chanakya in himself! Apart from being self-confident, this subhaashita also teaches us that whatever we loose in life it is nothing... But let us not loose good mind/intellect and other noble qualities in ourselves.",False,False,True,supports,factly
factly_2218,factly_2218,More line of control violations under NDA than UPA,FACEBOOK POST,"Total terror related incidents under UPA & NDA govt. are 9739 & 1219. So, the claim is FALSE.",False,True,True,refutes,factly
factly_2218_ret_b1_gn,factly_2218,More line of control violations under NDA than UPA,FACEBOOK POST,"As Pakistan continues to violate ceasefire along the Line of Control (LoC) in Jammu and Kashmir, the ruling-Bharatiya Janata Party (BJP) and the Opposition-led by the Congress party spar over each other's handling of the situation. [...] There were 1,094 terror-related incidents under the NDA regime (2014, 2015, 2016 and 2017), while under the UPA Government, the figure was 1,218 from 2010 to 2013. [...] Official figures further reveal that more terrorists were killed by the security forces during the BJP's tenure than under the UPA.",False,False,True,refutes,factly
factly_2218_ret_b4_gn,factly_2218,More line of control violations under NDA than UPA,FACEBOOK POST,"The posts claim that in the period between 2009-2014 under the UPA-II regime, fewer number of ceasefire violations by Pakistan have taken place. There were fewer terror attacks, lesser casualties of security forces and civilians when compared to the 2014 - 2019, the period under the Modi-led NDA government. The post further cites the South Asian Terrorism Portal (the Facebook posts) and Central Information Commission (tweets) as its respective data sources. [...] While the numbers in the posts shared above are not correct, the data does show that there have been more CFA violations under the NDA than under the UPA. [...] During 2009 - 2013, 628 CFA violations have taken place during the UPA-II. From 2014 - 2019, 3041 CFA violations have taken place during the NDA. None of the numbers as stated in the viral social media posts are from the SATP.",False,False,True,insufficient-supports,factly
factly_2218_ret_bn_g3,factly_2218,More line of control violations under NDA than UPA,FACEBOOK POST,"Claim 4: Total Line of control violations under UPA & NDA govt. are 563 & 5596 Fact: Total Line of control violations under UPA & NDA govt. are 517 & 2847. So the claim is FALSE A total of 517 Line of Control violations occurred under the UPA government between 2004-2013, whereas a total of 2847 Line of control violations occurred under the NDA government in 4 years, according to the South Asian Terrorism Portal SATP . So, even here, the numbers mentioned in the post are wrong.",False,False,True,supports,factly
factly_2231_ret_b16_gn,factly_2231,1054 essential medicines brought under price control regime,Govt. of India,"Apex think tank Niti Aayog has proposed a change in the manner the government identifies medicines that should be brought under price control. It wants the Drug Price Control Order (DPCO), the rule framed under Essential Commodities Act to fix ceiling prices for drugs, de-linked from the National List of Essential Medicines (NLEM) prepared by the health ministry. The proposal, part of Niti Aayog's draft Three Year Action Plan, if approved, can open a Pandora's box as criteria for selecting medicines that need to be brought under government price control has always been a contentious issue. For instance, the rationale for the much debated decision to cap the prices of cardiac stents was that the medical device was one of the items in the NLEM, and subsequently notified as an essential medicine under DPCO. If the government decides to delink NLEM from the DPCO, it can lead to a fresh debate on the number, category and class of drugs and medical devices that should come under price control. [...] The policy was challenged in the court by public interest groups, which resulted in a Supreme Court directive that ordered the Central government to ensure that no essential medicines should be out of price control because of the change. The government complied with the Court order by deciding to have NLEM as the basis for the medicines and medical devices that should be brought under price control.",False,False,True,insufficient-neutral,factly
factly_2231_ret_b18_gn,factly_2231,1054 essential medicines brought under price control regime,Govt. of India,"The latest DPCO, 2013 [6] was notified on 15 May 2013 for the implementation of the National Pharmaceutical Pricing Policy (NPPP), 2012 [7]. The NPPP’s objective was ‘to put in place a regulatory framework for pricing of drugs to ensure availability of essential medicines at reasonable prices even while offering adequate opportunity for innovation and competition to support the pharmaceutical industry. As per the DPCO, 2013 all the drugs under the National List of Essential Medicines (n = 348) notified by the Ministry of Health and Family Welfare were brought under price control. DPCO 2013 set the price ceilings for these medicines averaging the existing market prices (of all brands that have a market share of 1% or greater) and adding a 16 per cent retailer’s margin to it. In addition, the brands priced below the ceiling price were required to maintain the prices at current levels, whereas the brands priced above the price cap had to reduce their prices.",False,False,True,insufficient-supports,factly
factly_2231_ret_bn_g0,factly_2231,1054 essential medicines brought under price control regime,Govt. of India,"The first claim is that ‘1054 essential medicines brought under price control regime giving consumers total benefit of more than 10,000 crores’. [...] Pursuant to the announcement of National Pharmaceutical Pricing Policy, 2012 (NPPP, 2012), Government notified the DPCO 2013 in May 2013. All the medicines specified in the National List of Essential Medicines prepared by the Ministry of Health and Family Welfare and revised from time to time are included in the Schedule – I of DPCO, 2013 which are under price control in accordance with provisions of DPCO 2013. [...] Claim: 1054 essential medicines brought under price control regime giving consumers total benefit of more than 10,000 crores.",False,False,True,insufficient-supports,factly
factly_2244,factly_2244,A poster branding PM Modi as a nation robber has been put up in New York,SOCIAL MEDIA POST,"This poster is almost a year old and was put up in Hyderabad before the BJP National Executive Meeting in July 2022. Hence, the claim made in the post is False.",False,True,True,refutes,factly
factly_2244_ret_b3_gn,factly_2244,A poster branding PM Modi as a nation robber has been put up in New York,SOCIAL MEDIA POST,"Mr modi we only rob bank you rob the whole nation#ModiNotWelcome pic.twitter.com/T4RuWDud1y— AbdQuddus@Hyderabad@india🇮🇳 (@abdquddus117) June 20, 2023 One poster inspired from popular series Money Heist with text ""Mr. N Modi, we only rob bank, you rob the whole nation"" written on it is being shared on social media platforms in context of the Prime Minister’s visit to the US. The post said, ""Posters in USA,loud and clear message from money heist Mr modi we only rob bank you rob the whole nation (sic)"". It was shared widely on Twitter, including one by Aurangabad Congress Sevadal. [...] When we searched ""Money Heist Posters on PM Modi"", Google search threw up results from several old news reports in July 2022 with Hyderabad dateline. The posters were erected in Hyderabad ahead of BJP’s national executive that was held in July 2022 there. The same was reported by Telangana Today, dated July 1, 2022, titled ""Hyderabad: ‘Money Heist’ hoarding at LB Nagar calls PM Modi ‘nation robber.’""",False,False,True,refutes,factly
factly_2244_ret_b4_gn,factly_2244,A poster branding PM Modi as a nation robber has been put up in New York,SOCIAL MEDIA POST,"Money Heist-inspired Poster In Hyderabad Calls One 'Mr N Modi' A ‘Nation Robber’ [...] ""Mr N Modi, we only rob bank, you rob the whole nation,"" the poster read. [...] ""Posters which just says ‘Mr N_Modi’ was torn by T-BJP Leaders. May be the poster was referring to Nirav Modi? Tearing it was an indication that BJP is aware of who the robbers are,"" he said.",False,False,True,supports,factly
factly_2244_ret_bn_g0,factly_2244,A poster branding PM Modi as a nation robber has been put up in New York,SOCIAL MEDIA POST,"A photo of a famous TV series ‘Money Heist’ poster with the text that reads, ""MR N Modi. We only rob banks. You rob the whole nation,"" is being shared on social media with a claim that it was displayed in New York. This claim coincides with PM Modi’s three-day visit to the US. Let’s fact-check this claim through this article. [...] The Quint reported, ""On 3 July, a billboard mimicking Money Heist came up at LB Nagar – where the BJP has strong presence in local bodies and where the Rashtriya Swayamsevak Sangh (RSS) had held an infamous march in 2020 – stating, ""We only rob bank. You rob the whole nation."" The hoarding addressed PM Modi. Additional news reports on this topic can be found here and here. [...] To sum up, this poster is old and has no connection to PM Modi’s ongoing US visit.",False,False,True,refutes,factly
factly_2252,factly_2252,"India has validated elimination of maternal and neo-natal tetanus in may 2015, before the global target of December 2015.",Govt. of India,The BJP government has published an infographic on the 48-months portal that makes five claims about eliminating diseases & vaccination. This article is a fact check of the claims.,True,True,True,insufficient-neutral,factly
factly_2252_ret_bn_g1,factly_2252,"India has validated elimination of maternal and neo-natal tetanus in may 2015, before the global target of December 2015.",Govt. of India,"Maternal & Neonatal Tetanus Elimination - India has validated Elimination of Maternal & Neonatal tetanus from the country in May 2015, well before the global target date of December 2015. [...] - Out of 21 endemic states/UTs, 5 state/UTs achieved LF elimination target.",True,False,True,supports,factly
factly_2252_ret_bn_g12,factly_2252,"India has validated elimination of maternal and neo-natal tetanus in may 2015, before the global target of December 2015.",Govt. of India,"The first claim is that ‘India has validated elimination of maternal and neo-natal tetanus in May 2015, before the global target of December 2015’. A response in Lok Sabha from August 2016 stated that ‘WHO has certified Maternal and Neonatal Tetanus Elimination (MNTE) in India in May 2015, well before the global target date of December 2015. WHO has also certified India to be free from YAWS, a chronic bacterial disease, in May 2016’. [...] Fact: WHO has certified Maternal and Neonatal Tetanus Elimination (MNTE) in India in May 2015, well before the global target date of December 2015. Hence, the claim is TRUE.",True,False,True,supports,factly
factly_2252_ret_bn_g3,factly_2252,"India has validated elimination of maternal and neo-natal tetanus in may 2015, before the global target of December 2015.",Govt. of India,"Maternal and Neonatal Tetanus Elimination � WHO African Region, 2000, 2005, and 2010�2015 [...] - Liu L, Oza S, Hogan D, Perin J, Rudan I, Lawn JE et al. Global, regional and national causes of child mortality in 2000-13, with projections to inform post-2015 priorities: an updated systematic analysis. Lancet. 2015 Jan 31;385(9966):430-40. PubMed | Google Scholar - World Health Organization. Maternal and Neonatal Tetanus (MNT) elimination: Progress towards global MNT elimination. 2016. Updated November 9, 2016; Cited 2016 December 18. [...] - World Health Organization. Maternal and neonatal tetanus elimination: validation survey in 4 States and 2 union territories in India, May 2015. Wkly Epidemiol Rec. 2015 Oct 30;90(44):589-608. PubMed | Google Scholar - World Health Organization. Maternal and neonatal tetanus elimination: validation survey in 4 States in India, April 2013. Wkly Epidemiol Rec. 2014 May 2;89(18):177-88. PubMed | Google Scholar - Vandelaer J, Partridge J, Suvedi BK. Process of neonatal tetanus elimination in Nepal. J Public Health (Oxf). 2009 Dec;31(4):561-5. PubMed | Google Scholar - Vandelaer J, Olaniran M. Using a school-based approach to deliver immunization-global update. Vaccine. 2015 Jan 29;33(5):719-25. PubMed | Google Scholar - Global Vaccine Alliance Initiative. New and underused vaccines support GAVI; 2016. Accessed 2016 December 20.",True,False,True,insufficient-neutral,factly
factly_2255_ret_b10_gn,factly_2255,"Rs. 1,290 crore rupees allocated under National Bamboo Mission to help setting up small industries.",Govt. of India,"<p class=""title"">The latest budgetary allocation of Rs 1,290 crore for the National Bamboo Mission (NBM) is a significant step to improve the country's bamboo economy, which was so far shackled by legal and regulatory restrictions. In December 2017, the government, in an amendment to the Indian Forest Act, (IFA), 1927, exempted bamboo grown in non-forest areas from definition as a tree. Bamboo, though taxonomically a grass, was legally defined as a 'tree' under the IFA. The twin objectives of the latest amendment aim to promote bamboo cultivation in non-forest areas in order to increase rural incomes and expand the country's green cover. As a result, this dispenses with the requirement to obtain felling/transit permit for commercial use of bamboo and would transform bamboo cultivation and bamboo economy.</p>.<p class=""bodytext"">Bamboo was perceived all along as a wild growth in forest areas and not as a cultivated crop that could be harnessed for profit. Commercial cultivation of bamboo will replace wood as the material of choice for building houses. Success on this score will help stop felling trees, which would otherwise be used as timber, and save the environment from further loss of tree cover.",False,False,True,supports,factly
factly_2255_ret_b4_gn,factly_2255,"Rs. 1,290 crore rupees allocated under National Bamboo Mission to help setting up small industries.",Govt. of India,"Lack of clarity about the manner of disbursal of the Rs 1,290 crore outlay announced in Budget 2018 is making bamboo farmers and other players skeptical about the revival of the sector that has been long ignored. The rural economy has been given a boost with Finance Minister Arun Jaitley’s allocation for a Restructured National Bamboo Mission. The National Bamboo Mission is a wholly-sponsored central scheme. There is a tinge of skepticism in the people for whom the allocation has been announced. Though the Budget has allocated a total outlay of Rs 1,290 crore under the revised bamboo mission, the money is to be paid over a three-year period. ""On an average, Rs 430 crore will be spent annually. The big challenge this poses is to know how the money will be disbursed, who will qualify for it, and how can people apply for it,"" says Kedar Krushna Panda, assistant vice president, ILFS, in-charge of Tripura Bamboo Mission. Panda says the government has to give more clarity on how farmers can apply for the funds.",False,False,True,supports,factly
factly_2255_ret_b6_gn,factly_2255,"Rs. 1,290 crore rupees allocated under National Bamboo Mission to help setting up small industries.",Govt. of India,"New Delhi, Apr 25 () The government today approved a restructured National Bamboo Mission (NBM) with an outlay of Rs 1,290 crore for two years, a move aimed at benefiting one lakh farmers, said an official release. [...] ""An outlay of Rs 1,290 crore (with Rs 950 crore as central share) is provisioned for implementation of the Mission during the remaining period of 14th Finance Commission,"" the release said. [...] The Mission will focus on development of bamboo in limited states where it has social, commercial and economical advantage.",False,False,True,supports,factly
factly_2255_ret_bn_g3,factly_2255,"Rs. 1,290 crore rupees allocated under National Bamboo Mission to help setting up small industries.",Govt. of India,"Rs 1,290 crore announced for the National Bamboo Mission to help setting up of small industries and create new employments opportunities in bamboo sector. [...] New Funds of Rs10,000 crore announced for Fisheries and Animal Husbandry sectors; Re-structured National Bamboo Mission gets Rs.1290 crore. [...] *Allocation for the National Rural Livelihood Mission (NRLM) increased to Rs 5,750 crore in 2018-19 from Rs 4,500 crore.",False,False,True,supports,factly
factly_2259,factly_2259,Recent visuals of liquor mafia gang assaulting a police officer during Mahagatbandhan’s rule in Bihar,SOCIAL MEDIA POST,"Video shows liquor mafia gang thrashing ASI Ashutosh Kumar on 05 September 2020 for obstructing their illegal liquor business. On receiving the information, Jakkanpur Police reached the spot with extra force and rescued the injured ASI. However, during this period, Nitish Kumar served as the CM of Bihar with support from the BJP. Hence the claim made in the post is MISLEADING.",False,True,True,insufficient-refutes,factly
factly_2259_ret_b7_gn,factly_2259,Recent visuals of liquor mafia gang assaulting a police officer during Mahagatbandhan’s rule in Bihar,SOCIAL MEDIA POST,"Bihar Liquor Mafia Mows Down Police Inspector To Death, Injures Home Guard Personnel Police inspector Khamas Chaudhary was mowed down to death by a liquor mafia in Bihar's Begusarai. A Home Guard personnel was also injured in the incident. An inspector with the Begusarai police in Bihar was mowed down to death while on a vigil to stop a car transporting liquor in the state, said the Superintendent of Police, as per ANI. A jawan of the Home Guard who was accompanying inspector Khamas Chaudhary also suffered injuries in the incident, the SP added.",False,False,True,supports,factly
factly_2259_ret_b8_gn,factly_2259,Recent visuals of liquor mafia gang assaulting a police officer during Mahagatbandhan’s rule in Bihar,SOCIAL MEDIA POST,"A recent incident in Darbhanga district shows how fearless the liquor mafia have become in Bihar. A police constable, on Thursday, died after he was run over by a Scorpio which was on its way to collect a consignment of illicit liquor, according to the police. [...] According to reports, the police had received a tip-off about a consignment of liquor that a gang was looking to collect from an auto. This is why the police were on patrol yesterday. However, contrary to the information received, the gang turned up in a Scorpio. A local villager Manoj Gupta, while targeting the government, said that earlier people used to be killed by the consumption of illicit liquor, now the liquor gangs are killing policemen. The situation has worsened after prohibition, he said.",False,False,True,insufficient-supports,factly
factly_2259_ret_bn_g0,factly_2259,Recent visuals of liquor mafia gang assaulting a police officer during Mahagatbandhan’s rule in Bihar,SOCIAL MEDIA POST,"In the context of Bihar’s recent Hooch tragedy, where more than 70 people died after consuming spurious liquor, video of a group of people assaulting a police officer near a railway track is being shared on social media claiming it as recent incident during the current Mahagathbandhan’s rule in Bihar. Let’s verify the claim made in the post. [...] Fact: Video shows liquor mafia gang thrashing ASI Ashutosh Kumar on 05 September 2020 for obstructing their illegal liquor business. On receiving the information, Jakkanpur Police reached the spot with extra force and rescued the injured ASI. However, during this period, Nitish Kumar served as the CM of Bihar with support from the BJP. Hence the claim made in the post is MISLEADING. [...] To sum it up, an old video of liquor mafia assaulting a police officer during NDA’s rule in Bihar is shared as a recent incident during Mahagathbandhan’s rule.",False,False,True,insufficient-refutes,factly
factly_2261,factly_2261,"Raghuram Rajan had warned Rahul Gandhi and P Chidambaram about Nirav Modi, but they forced him to remain silent and kept approving loan till May 2014",FACEBOOK POST,Raghuram Rajan clearly denied such claims while mentioning Social media has a habit of attributing complete rubbish to him. Hence the claim is FALSE,False,True,True,refutes,factly
factly_2261_ret_bn_g0,factly_2261,"Raghuram Rajan had warned Rahul Gandhi and P Chidambaram about Nirav Modi, but they forced him to remain silent and kept approving loan till May 2014",FACEBOOK POST,"The Facebook post claims that Rajan had warned Rahul about the scam involving Nirav but he was asked to remain silent. [...] Several Facebook users such as Jayaram Ramaswamy, Acharya Sannjiv Sharma, Sahil Mittal and JaiRam Tiwari posted an image of Rajan along with a quote attributing him. The quote reads, ""I had warned Rahul Gandhi and P Chidambaram about frauds of Nirav Modi. But they forced me to remain quiet and kept approving the loans till May 2014. Why am I being blamed for the PNB scam now?"" Using reverse search or by searching with the keywords ""Raghuram Rajan + Rahul Gandhi + Nirav Modi"", we could not find any credible report validating the claim. Rather, we came across a news article by News 18 published on March 13, 2018, where Rajan had hit out at social media for a ""fake quote"". ""Social media has a habit of attributing complete rubbish to me,"" Rajan said.",False,False,True,refutes,factly
factly_2261_ret_bn_g1,factly_2261,"Raghuram Rajan had warned Rahul Gandhi and P Chidambaram about Nirav Modi, but they forced him to remain silent and kept approving loan till May 2014",FACEBOOK POST,"In the wake of upcoming general elections India, a lot of fake posts are resurfacing on social media and the following is one such post doing rounds in social media again claiming that Raghuram Rajan had warned Rahul Gandhi and P Chidambaram about Nirav Modi, but they forced him to remain silent and kept approving loan till May 2014. [...] The post claiming Raghuram Rajan had warned Rahul Gandhi and P Chidambaram about Nirav Modi, but they forced him to remain silent and kept approving loan till May 2014 first appeared in social in March 2018 and was debunked by Boom Live then. In the wake of upcoming general election 2019, this post is again doing rounds in social media and a simple google search will result in fact checked articles on this claim. You can also notice Raghuram Rajan denying such claims in an interview quoting ""Social media has a habit of attributing complete rubbish to me,""",False,False,True,refutes,factly
factly_2261_ret_bn_g5,factly_2261,"Raghuram Rajan had warned Rahul Gandhi and P Chidambaram about Nirav Modi, but they forced him to remain silent and kept approving loan till May 2014",FACEBOOK POST,"Several readers sent BOOM an image of Rajan that was circulating on WhatsApp, along with a quote that attributed the following statement to him – ""I had warned Rahul Gandhi and P Chidambaram about frauds of Nirav Modi. But they forced me to remain quiet and kept approving the loans till May 2014. Why am I being blamed for the PNB scam now?."" [...] ""I had warned @OfficeOfRG and @PChidambaram_IN about frauds of #NiravModi. But they forced me to remain silent and kept approving the loans till May 2014. Why am i being blamed for the PNB Scame now""?- Raghuram Rajan, Ex-governor, RBI pic.twitter.com/Hp850LFk1l— Lalitesh Kushwah (@KushwahLalitesh) March 8, 2018 [...] Posted by Rajaram Pattabiraman on Thursday, March 8, 2018 ""I had warned Rahul Gandhi & P Chidambaram about fraud of NIRAV MODI. But, they forced me to remain silent and kept…",False,False,True,supports,factly
factly_2262,factly_2262,Website offering prizes in the name of Mohammed bin Rashid Ramadan Competition,SOCIAL MEDIA POST,There is no such official competition being organised in the name of Sheikh Mohammed bin Rashid Al Maktoum. The URL shared is a phishing website intended to steal personal information of the users. Further the domain of the URL is known for hosting phishing websites. Hence the claim made in the post is FALSE.,False,True,True,refutes,factly
factly_2262_ret_b3_gn,factly_2262,Website offering prizes in the name of Mohammed bin Rashid Ramadan Competition,SOCIAL MEDIA POST,"Winners of Mohammed Bin Rashid’s ramadan contest was announced in the presence of Raed Barqawi, Executive Editor-in-Chief of Al Khaleej newspaper, among jury members on Tuesday. Ibrahim Mohammed BuMelha, Advisor to His Highness Sheikh Mohammed Bin Rashid Al Maktoum for Cultural and Humanitarian Affairs and Chairman of the Jury for His Highness Sheikh Mohammed Bin Rashid Al Maktoum’s Ayyam Al Kheir Competition, published exclusively by Al Khaleej during the holy month of Ramadan, has announced the winners of the top 10 winners of the Dhs1-million competition and the names of 100 winners of Umrah packages. [...] Meanwhile, Barqawi said Al Khaleej readers and followers were proud of Sheikh Mohammed Bin Rashid Al Maktoum’s Ramadan competition, which was exclusively published by Al Khaleej over the holy month of Ramadan every year.",False,False,True,supports,factly
factly_2262_ret_bn_g0,factly_2262,Website offering prizes in the name of Mohammed bin Rashid Ramadan Competition,SOCIAL MEDIA POST,"A social media post accompanying a website link offering prizes in the name of Mohammed bin Rashid Ramadan Competition is being widely shared. Let’s fact-check authenticity of the claim made in this post. [...] Fact: There is no such official competition being organised in the name of Sheikh Mohammed bin Rashid Al Maktoum. The URL shared is a phishing website intended to steal personal information of the users. Further the domain of the URL is known for hosting phishing websites. Hence the claim made in the post is FALSE. [...] To sum it up, website offering prizes in the name of Mohammed bin Rashid Ramadan Competition is fake.",False,False,True,refutes,factly
factly_2262_ret_bn_g2,factly_2262,Website offering prizes in the name of Mohammed bin Rashid Ramadan Competition,SOCIAL MEDIA POST,"This is a phishing campaign that targets individuals during the month of Ramadan using WhatsApp messages. The attack begins with a message from a contact that contains a link to a fraudulent website posing as a competition organized by His Highness Sheikh Mohammed bin Rashid Al Maktoum, offering cash prizes for answering questions about Islam. [...] Ramadan Scam – Mohammed bin Rashid Ramadan Competition [...] ""Urgent.. Mohammed bin Rashid Ramadan Competition🌙 Participate now, answer questions and win daily prizes 💵 Gifted by His Highness Sheikh Mohammed Bin Rashid Al Maktoum, Everyone is a winner. Hurry Up From here >> https[:]//mbr3[.]pages[.]dev/""",False,False,True,refutes,factly
factly_2262_ret_bn_g8,factly_2262,Website offering prizes in the name of Mohammed bin Rashid Ramadan Competition,SOCIAL MEDIA POST,"Ramadan 23–3 prizes $3000, $2000, $1000 Ramadan 25–3 prizes $3000, $2000, $1000 Ramadan 27–5 prizes $3000, $2500, $2000, $1500, $1000",False,False,True,insufficient-neutral,factly
factly_2266_ret_b8_gn,factly_2266,There is no mention of the laptop scheme in 2017-18 budget,Uttar Pradesh Govt.,"The 2017 Union Budget, presented by Finance Minister Arun Jaitley on Wednesday, was broadly focused on 10 themes — the farming sector, the rural population, the youth, the poor and underprivileged health care, infrastructure, the financial sector for stronger institutions, speedy accountability, public services, prudent fiscal management and tax administration for the honest. [...] - Trade infra export scheme will be launched 2017-18.",True,False,True,insufficient-supports,factly
factly_2266_ret_bn_g1,factly_2266,There is no mention of the laptop scheme in 2017-18 budget,Uttar Pradesh Govt.,"There is a primary difference between the nature of budgets for the year 2016-17 and 2017-18 in the way the allocations are made. The central government and most state governments have done away with the Plan/Non-Plan mode of budgeting to Revenue/Capital budgeting. Even UP has done the same. Despite this change, the allocations have increased and not decreased. [...] Even PRS Legislative Research has noted the same in their analysis of the UP Budget 2017-18. PRS noted that compared to the budget estimate for education in 2016-17 of Rs 49808 (including the budget of SCERT), the 2017-18 budget estimate for education increased by Rs 12500 crore. [...] Fact: Yes, there is no mention of such a scheme in 2017-18 while this was introduced in 2016-17 by the previous government. This claim is true.",True,False,True,supports,factly
factly_2274,factly_2274,Interview of Bill Gates where he was accused of stealing Microsoft Software and making money by promoting COVID-19 vaccines,SOCIAL MEDIA POST,"This viral video was created using DeepFake Technology. In the original video, uploaded on ABC News (Australia) YouTube channel on 31 January 2023, Gates was questioned on climate change, COVID-19 conspiracy theories, rise of Artificial Intelligence, etc. Hence, the claim made in the post is FALSE.",False,True,True,refutes,factly
factly_2274_ret_b1_gn,factly_2274,Interview of Bill Gates where he was accused of stealing Microsoft Software and making money by promoting COVID-19 vaccines,SOCIAL MEDIA POST,"A video showing Microsoft co-founder Bill Gates abruptly ending an interview after being accused of profiting off the pandemic by selling COVID-19 vaccines that caused ""side effects and deaths"", is being widely shared on the internet as a real. [...] The video was tweeted by several social media users including lawyer Prashant Bhushan, who shared it with the caption, ""Watch: Bill Gates talking about how he was uniquely qualified to promote the untested & dangerous Covid Vaccines! Would be funny if the man had not done so much damage to the world. But he is still feted in India. Indian Express recently invited him to deliver the Goenka lecture."" The tweet was later deleted by him. [...] We could not find a single instance in the interview, which matched the viral video. Ferguson, in the entire video, does not accuse Gates of stealing software, selling software with bugs or claim that he profited during the pandemic by selling vaccines that had side-effects and caused deaths. Furthermore, Gates is seen finishing the interview amicably, and does not end it abruptly, as seen in the viral video.",False,False,True,refutes,factly
factly_2274_ret_b6_gn,factly_2274,Interview of Bill Gates where he was accused of stealing Microsoft Software and making money by promoting COVID-19 vaccines,SOCIAL MEDIA POST,"Coronavirus: Bill Gates ‘microchip’ conspiracy theory and other vaccine claims fact-checked [...] Rumours took hold in March when Mr Gates said in an interview that eventually ""we will have some digital certificates"" which would be used to show who'd recovered, been tested and ultimately who received a vaccine. He made no mention of microchips. [...] The Microsoft billionaire has been the target of many different false rumours about vaccines.",False,False,True,insufficient-refutes,factly
factly_2274_ret_bn_g0,factly_2274,Interview of Bill Gates where he was accused of stealing Microsoft Software and making money by promoting COVID-19 vaccines,SOCIAL MEDIA POST,"A video of Microsoft co-founder Bill Gates being interviewed by a journalist has gone viral. In the video, the journalist accuses Gates of stealing Microsoft software and promoting COVID-19 vaccines to make billions. She grills him with tough questions, and the interview ends abruptly after Gates appears frustrated. Let’s check the veracity of the video. [...] Fact: This viral video was created using DeepFake Technology. In the original video, uploaded on ABC News (Australia) YouTube channel on 31 January 2023, Gates was questioned on climate change, COVID-19 conspiracy theories, rise of Artificial Intelligence, etc. Hence, the claim made in the post is FALSE. [...] After watching the entire video, we discovered that the anchor never asked Gates the questions seen in the viral video. Instead, she asked him about a range of other topics, including climate change, COVID-19 conspiracy theories, Elon Musk buying Twitter, Gates’ association with Jeffrey Epstein, his philanthropic activities, and the rise of artificial intelligence.",False,False,True,refutes,factly
factly_2281_ret_b4_gn,factly_2281,Karnataka football team made to wait outside CM Siddiramaiah’s residence and made to sit outside for 3 hours,SOCIAL MEDIA POST,"The incident of the Chief Minister of Karnataka making the Santosh Trophy-winning football team wait on the footpath outside his residence happened during the BJP government’s tenure, when Basavaraj Bommai was the CM; not during the newly formed Congress government’s regime. Vishvas News found the viral claim linking it to CM Siddaramaiah to be false. [...] New Delhi Vishvas News – A viral post on social media claims the Chief Minister of Karnataka, Siddaramaiah, made the Santosh Trophy-winning state football team wait on the footpath outside his residence. The post includes a video showing a man questioning why the team was made to wait for hours to meet the Chief Minister. The caption suggests that this incident occurred recently under the new Siddaramaiah-led Congress regime. Vishvas News investigated the matter and found the claim to be false. The incident actually took place in March 2023 when the BJP, not the Congress, governed the state, and Basavaraj Bommai was the CM. [...] Conclusion: The incident of the Chief Minister of Karnataka making the Santosh Trophy-winning football team wait on the footpath outside his residence happened during the BJP government’s tenure, when Basavaraj Bommai was the CM; not during the newly formed Congress government’s regime. Vishvas News found the viral claim linking it to CM Siddaramaiah to be false.",False,False,True,refutes,factly
factly_2281_ret_b9_gn,factly_2281,Karnataka football team made to wait outside CM Siddiramaiah’s residence and made to sit outside for 3 hours,SOCIAL MEDIA POST,"Who is Siddaramaiah - the next Karnataka CM? [...] Siddaramaiah's supporters gather outside his residence, pour milk over his poster As reports came in indicating that Siddaramaiah is likely to be named Karnataka CM once again, supporters of the Congress leader gathered outside his home in Bengaluru and poured milk over his poster, raising slogans. Visuals on local channels showed heavy celebrations as supporters burst crackers and danced on the streets. An official announcement is yet to be made by the Congress party on their decision.",False,False,True,insufficient-neutral,factly
factly_2281_ret_bn_g0,factly_2281,Karnataka football team made to wait outside CM Siddiramaiah’s residence and made to sit outside for 3 hours,SOCIAL MEDIA POST,"A video circulating on social media shows the Karnataka state football team allegedly waiting outside CM Siddaramaiah’s residence for a meet and greet after winning the Santosh Trophy. The claim accompanying the video states that the CM made them wait for almost 3 hours. This article aims to fact-check the claim. [...] The players were indeed made to wait outside the CM’s residence for approximately 1.5 hours and were not invited inside. The CM met them on a footpath outside his residence. Kannada Language news outlet Asianet News too reported this incident. [...] To sum up, the claim that CM Siddaramaiah made the football team wait outside his residence for 3 hours is false. The actual incident involves former CM Bommai.",False,False,True,refutes,factly
factly_2281_ret_bn_g17,factly_2281,Karnataka football team made to wait outside CM Siddiramaiah’s residence and made to sit outside for 3 hours,SOCIAL MEDIA POST,"Karnataka Congress leaders eye chief minister's post if Siddaramaiah vacates seat In Karnataka, amid rumours that CM Siddaramiah may resign and the Chief Minister post may become vacant, Congress leaders are lining up for the post.",False,False,True,insufficient-neutral,factly
factly_2288,factly_2288,Priyanka Gandhi has worn a Christian Cross over her neck during a Congress election rally in Kerala.,FACEBOOK POST,"The image in the post was the one captured during Priyanka Gandhi’s Uttar Pradesh election campaign in 2017. It was photoshopped by a few to gain political mileage for the upcoming general elections. Hence, the claim made in the post stands FALSE.",False,True,True,refutes,factly
factly_2288_ret_bn_g2,factly_2288,Priyanka Gandhi has worn a Christian Cross over her neck during a Congress election rally in Kerala.,FACEBOOK POST,"A collage with a couple of photos of Priyanka Gandhi is being widely shared on social media. It is being claimed that one photo in the collage shows Priyanka wearing a Rudraksha mala during her visit to Uttar Pradesh and the other photo is of Priyanka wearing a ‘Christian cross’ over her neck during her Kerala visit. But, FACTLY has found that the photo of Priyanka Gandhi wearing a ‘Christian cross’ over her neck is photoshopped. In the original image, the chain worn by Priyanka Gandhi does not have a ‘Christian cross’. The photo was captured during an election rally in Uttar Pradesh 2017. Also, FACTLY has debunked the photo when it went viral in 2019. [...] Fact – 1. Getty Images – https://www.gettyimages.in/detail/news-photo/indian-congress-party-leader-priyanka-gandhi-arrives-at-a-news-photo/642274474",False,False,True,refutes,factly
factly_2293_ret_b0_gn,factly_2293,More civilians killed under NDA than UPA,FACEBOOK POST,"Official figures further reveal that more terrorists were killed by the security forces during the BJP's tenure than under the UPA. [...] The number of civilians killed under the current government, however, stands at 100 as compared to 108 under the UPA. Contary to the above-mentioned official data, Surjewala had, on December 29, claimed in a tweet that as many as 134 civilians were killed under the NDA rule, whereas 71 were killed when the UPA was in power.",False,False,True,insufficient-refutes,factly
factly_2293_ret_bn_g0,factly_2293,More civilians killed under NDA than UPA,FACEBOOK POST,"The average number of civilians killed in terrorism per year, during the UPA was 757 vs 241 during the NDA - a difference of 516 civilian deaths every year! [...] Let us look at the activities of the left-wing terrorists during the two regimes. First, the average number of civilians killed per year due to red terror during the UPA rule is 289 vs 114 of the NDA. It is true, however, that a part of the reason why the UPA average is so large is because in 2010, 626 civilians were butchered by the left-wing extremists. The ratio of the left-wing terrorists killed to civilians during NDA is 1.47 vs 0.86 during UPA and, as seen in the picture below, suggests a clear positive break from the trend even when looked at UPA 1 and 2, together, or only the Chidambaram era. [...] Looking at that data, we see that the average number of civilians killed per year during the NDA rule is four compared to 101 during the UPA rule.",False,False,True,insufficient-refutes,factly
factly_2293_ret_bn_g1,factly_2293,More civilians killed under NDA than UPA,FACEBOOK POST,"Claim 3: Total civilians killed under UPA & NDA govt. are 12 & 210 Fact: Total civilians killed under UPA & NDA govt. are 2081 & 1482. So the claim is FALSE A total of 2081 civilians were killed under the UPA government in 10 years, according to 2004-05 & 2013-14 annual reports of Ministry of Home Affairs, whereas a total of 1482 civilians were killed under the NDA government in 4 years, according to a Lok Sabha answer. So, numbers mentioned in the post are wrong.",False,False,True,refutes,factly
factly_2298,factly_2298,"Social media ads propagating a downloadable variant of Google’s AI chatbot, Bard",SOCIAL MEDIA POST,"Google Bard, made available to all users as of 10 May 2023, functions exclusively in-browser and is not offered as downloadable software. The links embedded in these advertisements direct to malicious software, posing a risk of potentially compromising sensitive information on the systems where it’s installed. Hence, the claim made in this post is FALSE.",False,True,True,refutes,factly
factly_2298_ret_b11_gn,factly_2298,"Social media ads propagating a downloadable variant of Google’s AI chatbot, Bard",SOCIAL MEDIA POST,"- Inside Google Bard’s AI Mechanism - 25 Google Bard Prompts for Social Media Advertisers - A Timeline of Google Bard’s Growth and Future Updates [...] Download the 35 Google Bard Prompts for Social Media Advertisers, your free Google Bard cheat sheet. In addition to the 25 prompts above, we’ve included 10 bonus AI prompts for digital marketers to enhance copy ideas and ad concepts. Get it today and discover Bard’s AI-driven brilliance. [...] The rise of Google Bard cements the undeniable role of AI in social media advertising. With Google Bard at your disposal, you can seize the opportunity to tap into the possibilities that Google Bard offers. As a free tool (for the time being), now is the moment to maximize its features and master the art of Bard AI prompts.",False,False,True,insufficient-supports,factly
factly_2298_ret_b13_gn,factly_2298,"Social media ads propagating a downloadable variant of Google’s AI chatbot, Bard",SOCIAL MEDIA POST,"The Financial Times reported on Thursday that Google plans on incorporating the same AI tech powering the Bard chatbot into its advertising tools. This is according to an internal Google presentation for ad buyers cited in the Financial Times report. [...] The Times also reported that there are concerns about ads spreading misinformation this way. Bard famously got basic information wrong in its own announcement, and some Google employees have had ethical concerns about the chatbot since before it launched. For what it's worth, Google apparently will have defenses in place to make sure these AI-generated ad campaigns don't do anything weird.",False,False,True,insufficient-neutral,factly
factly_2298_ret_bn_g0,factly_2298,"Social media ads propagating a downloadable variant of Google’s AI chatbot, Bard",SOCIAL MEDIA POST,"Following the recent launch of Google Bard on 10 May 2023, a flurry of advertisements (here and here) have emerged on social media promoting a ‘downloadable version’ of Google’s AI chatbot. These posts provide a link to what they claim is this downloadable version. This article looks at the authenticity of these claims. [...] These advertisements purport that the provided link offers access to a downloadable version of Google Bard AI. However, considering that Bard is an AI chatbot accessible via a web browser or as a Chrome extension, it’s ill-advised to download any content from such unverified and potentially unsafe sources. The provided link redirects to a website with a URL entirely different from the official Bard AI website, and it hosts a downloadable .EXE file, which could be a form of malicious software. Moreover, there’s a lack of trustworthy online information that corroborates the existence of a downloadable version of Bard AI. In fact, news reports (here and here) warn that cybercriminals are exploiting compromised verified (and unverified) social media accounts to bait users into downloading malware.",False,False,True,refutes,factly
factly_2298_ret_bn_g4,factly_2298,"Social media ads propagating a downloadable variant of Google’s AI chatbot, Bard",SOCIAL MEDIA POST,"Concerns about the growing abilities of chatbots trained on large language models, such as OpenAI’s GPT-4, Google’s Bard and Microsoft’s Bing Chat, are making headlines. Experts warn of their ability to spread misinformation on a monumental scale, as well as the existential risk their development may pose to humanity. As if this isn’t worrying enough, a third area of concern has opened up – illustrated by Italy’s recent ban of ChatGPT on privacy grounds. [...] As chatbots become embedded in the internet and social media, the chances of becoming a victim of malware or malicious emails will increase. The UK’s National Cyber Security Centre (NCSC) has warned about the risks of AI chatbots, saying the technology that powers them could be used in cyber-attacks.",False,False,True,insufficient-neutral,factly
factly_2300_ret_b12_gn,factly_2300,"Setu Bharatam project for safer roads. Making all national highways free of railway level crossings, by 2019, by building railway over bridges/under passes. Total outlay of 20, 800 crore rupees.",Govt. of India,"""Veins give strength to our body. Similarly, infrastructure will give speed and strength to the development of India. There will be progress if we focus on building road and railway network, optical fibre network, water, grid and electricity connectivity along with electricity supply. Our government is working in that direction,"" Mr. Modi said while launching the Rs. 50,000 crore ‘Setu Bharatam’ project. The ‘Setu Bharatam’ project aims to make all national highways free from railway level crossing by 2019 to ensure road safety. Under the project, 208 rail-over bridges and rail-under bridges will be built at the cost of Rs. 20,800 crore, Road Minister Nitin Gadkari said. Also, 1,500 decade-old bridges will be reconstructed and revamped for Rs. 30,000 crore. [...] Published - March 04, 2016 11:44 am IST",Half True,False,True,supports,factly
factly_2300_ret_b1_gn,factly_2300,"Setu Bharatam project for safer roads. Making all national highways free of railway level crossings, by 2019, by building railway over bridges/under passes. Total outlay of 20, 800 crore rupees.",Govt. of India,"Setu Bharatam was launched by Prime Minister Narendra Modi on 4 March 2016 at a budget of ₹102 billion (US$1.2 billion), with an aim to make all national highways free of railway crossings by 2019.[1] [...] Setu Bharatam programme aims to make all National Highways free of railway level crossings by 2019. This is being done to prevent the frequent accidents and loss of lives at level crossings. 208 Railway Over Bridges (ROB)/Railway Under Bridges (RUB) will be built at the level crossings at a cost of ₹20,800 crore as part of the programme. [...] - ^ ""PM Modi launches Rs 50,800 cr Setu Bharatam project to ensure highways without railway crossings by 2019"". The Indian Express. 4 March 2016.",Half True,False,True,supports,factly
factly_2300_ret_b4_gn,factly_2300,"Setu Bharatam project for safer roads. Making all national highways free of railway level crossings, by 2019, by building railway over bridges/under passes. Total outlay of 20, 800 crore rupees.",Govt. of India,"Setu Bharatam was launched by Prime Minister Narendra Modi on 4 March 2016 at a budget of ₹102 billion (US$1.2 billion), with an aim to make all national highways free of railway crossings by 2019.[1] Under the project, as many as 208 rails over and under bridges (ROBs/RUBs) would be constructed at unmanned railway crossings on national highways and 1,500 dilapidated British-era bridges would be widened, rehabilitated or replaced in a phased manner at a cost of ₹208 billion (US$2.5 billion) and ₹300 billion (US$3.6 billion), respectively.[2][3] Setu Bharatam programme aims to make all National Highways free of railway level crossings by 2019. This is being done to prevent the frequent accidents and loss of lives at level crossings. 208 Railway Over Bridges (ROB)/Railway Under Bridges (RUB) will be built at the level crossings at a cost of ₹20,800 crore as part of the programme.",Half True,False,True,supports,factly
factly_2300_ret_bn_g0,factly_2300,"Setu Bharatam project for safer roads. Making all national highways free of railway level crossings, by 2019, by building railway over bridges/under passes. Total outlay of 20, 800 crore rupees.",Govt. of India,"What is the outlay for the Setu Bharatam project? The second claim talks about the Setu Bharatam project which is initiated for safer roads and making all national highways free of railway level crossings by 2019. The claim is that the total outlay for the project to build railway over bridges/under passes is Rs. 20,800 crores. [...] According to another response in Lok Sabha in March 2018, the government mentioned that ‘under this programme, construction of 208 ROBs or RUBs on Level Crossings at an estimated cost of Rs. 20,800 crores are included originally. However, due to site requirements/constraints, construction of bypasses, National Highway entrustment to National Highway Authority of India (NHAI) and corridor construction approach etc., 174 ROBs/RUBs are remaining as on date under Setu Bharatam scheme. 90 ROBs have already been sanctioned for Rs. 7101.24 crores. 40 ROBs have already been awarded & 24 ROBs have been taken for execution.’",Half True,False,True,insufficient-supports,factly
factly_231,factly_231,"British authorities denied Savarkar the barrister degree and law practice, because Savarkar refused to take the oath of allegiance/loyalty to the British Empire",SOCIAL MEDIA POST,Savarkar was denied admission to the bar at Gray’s Inn because of his involvement in political activities. Historical documents endorsed the same view. Biographies of Savarkar also mentioned it is his involvement in political activities cost him admission to the bar. Hence the claim made in the post is FALSE.,False,True,True,insufficient-refutes,factly
factly_231_ret_b10_gn,factly_231,"British authorities denied Savarkar the barrister degree and law practice, because Savarkar refused to take the oath of allegiance/loyalty to the British Empire",SOCIAL MEDIA POST,"Savarkar's benefactor Krishnavarma himself was interested in the independence movement and readily gave the scholarship to Savarkar. He sailed for London in 1906, intending to study law. While in London, he set about recruiting Indian students who were studying abroad and established the Free India Society to organize students for the revolutionary movement. Back home, the Abhinava Bharat was in contact with revolutionary leaders from Russia, Ireland, Egypt and China. Savarkar envisioned the groups forming a large anti–British front, with each group revolting concurrently against the British empire. Savarkar urged the Abhinava Bharat to prepare for war by arming themselves. They smuggled pistols, hidden in false books, into India. Savarkar even went so far as to send some of his peers to study bomb–making. Though Savarkar successfully completed his studies and passed England's barrister examination, he had trouble getting his law degree because of his anti–government activities. Administrators told Savarkar he could have his degree on one condition: that he sign a paper saying he would refrain from participating in politics. He, of course, refused.",False,False,True,insufficient-refutes,factly
factly_231_ret_b7_gn,factly_231,"British authorities denied Savarkar the barrister degree and law practice, because Savarkar refused to take the oath of allegiance/loyalty to the British Empire",SOCIAL MEDIA POST,"Chitragupta, Life of Barrister Savarkar (Madras: B. G. Paul & Co., 1926) [...] Longuet, Jean, Mémoire Présenté à la Cour d'Arbitrage de La Haye au nom de M. Vinayak Damodar Savarkar par Me J. Longuet (Paris, 1911) [...] Vaidya, Prem, Savarkar: A Lifelong Crusader (New Delhi: New Age International (P) Ltd, 1996)",False,False,True,insufficient-neutral,factly
factly_231_ret_bn_g0,factly_231,"British authorities denied Savarkar the barrister degree and law practice, because Savarkar refused to take the oath of allegiance/loyalty to the British Empire",SOCIAL MEDIA POST,"A social media post praising Savarkar claims that despite appearing for the exam and completing his studies, the British authorities denied Savarkar the barrister degree and law practice because Savarkar refused to take the oath of allegiance/loyalty to the British Empire. The post further states that in the British Raj, it was mandatory to take such an oath to get the degree of advocacy and permission to practice. Through this article let’s fact-check the claim made in the post. [...] Fact: Savarkar was denied admission to the bar at Gray’s Inn because of his involvement in political activities. Historical documents endorsed the same view. Biographies of Savarkar also mentioned it is his involvement in political activities cost him admission to the bar. Hence the claim made in the post is FALSE. [...] While it is true that Savarkar passed his examination for the bar at Gray’s Inn and was denied admission as claimed in the viral post, however, it is not because of his denial to take an oath to the British empire, but because of his involvement in political activities. According to the historical documents available on the India Culture portal, in July 1909, benchers at Gray’s Inn College postponed the admission of Savarkar to the bar, considering his active participation in seditious activities, back in India.",False,False,True,refutes,factly
factly_231_ret_bn_g4,factly_231,"British authorities denied Savarkar the barrister degree and law practice, because Savarkar refused to take the oath of allegiance/loyalty to the British Empire",SOCIAL MEDIA POST,"Many people feel that Savarkar was not called to the Bar because he refused to take a pledge of allegiance to the British Crown. The chain of events was as follows: [...] On 14 July 1909 the benchers gave their verdict: ""None of the charges against Savarkar was proven. However, there is still suspicion about him. Therefore he will not be called to the bar as yet. He is a member of this society and will continue to enjoy the privileges of the membership."" Savarkar eventually withdrew from Grays Inn in 1910. All this information is given in Savarkar’s letters from London (Samagra Savarkar Vangmaya, Vol.4 pp. 132/3/4)There was never any question of taking a pledge of allegiance to the British Crown. If there was, Savarkar would not have hesitated even for a moment to take such a pledge. Throughout his life, Savarkar had emphasized that Hindus have suffered terribly over the centuries by foolishly sticking to the pledges given to their enemies - Muslims and the British. Time has come for them to be realistic.",False,False,True,insufficient-neutral,factly
factly_2317,factly_2317,Hindus who wish to express their support for the Uniform Civil Code should give a missed call to ‘9090902024’ before 06 July 2023,SOCIAL MEDIA POST,"Update (08 July 2023): The Law Commission of India has also issued a disclaimer notice stating that certain phone numbers circulating on social media, which are erroneously linked to the Uniform Civil Code, are not associated with them. Individuals can express their views on the Uniform Civil Code by visiting the website of the Department of Legal Affairs or by sending an email to the Law Commission of India.",False,True,True,refutes,factly
factly_2317_ret_b0_g1,factly_2317,Hindus who wish to express their support for the Uniform Civil Code should give a missed call to ‘9090902024’ before 06 July 2023,SOCIAL MEDIA POST,"Update (08 July 2023): The Law Commission of India has also issued a disclaimer notice stating that certain phone numbers circulating on social media, which are erroneously linked to the Uniform Civil Code, are not associated with them. Individuals can express their views on the Uniform Civil Code by visiting the website of the Department of Legal Affairs or by sending an email to the Law Commission of India. In light of PM Modi’s recent remarks strongly advocating for the Uniform Civil Code (UCC) and criticizing opposition parties for allegedly inciting minority communities against it, a post is circulating widely on social media platforms claiming that Hindus who wish to express their support for the UCC should give a missed call to ‘9090902024’ before 06 July 2023. Let’s verify the accuracy of this claim. [...] Fact: The Government of India has not launched any missed call initiative for expressing support or opposition to the Uniform Civil Code. Individuals can share their views on the UCC on website of Department of Legal Affairs or by sending e-mail to Law Commission of India. Moreover, the number ‘9090902024’ is linked to a BJP campaign for the 2024 Lok Sabha Polls, where users can give a missed call to show support for the nine years of the Modi Government. Hence the claim made in the post is FALSE.",False,False,True,refutes,factly
factly_2317_ret_b7_gn,factly_2317,Hindus who wish to express their support for the Uniform Civil Code should give a missed call to ‘9090902024’ before 06 July 2023,SOCIAL MEDIA POST,"In fact, when the issue was being hotly debated in the Parliament during the discussions on the Hindu Code, some apologists for the status quo referred to the Vedas and the dharmashashtras , stating that the rule of conduct is the highest law: they tried to place custom and tradition on a pedestal even above the protection of human rights. Other speakers, while supporting the need for a UCC, cleverly disguised their opposition by emphasising the need to respect diversity amongst the various communities and castes within the Hindus. Of course, some of the more vocal critics spoke about the dangers to the Hindu religion if the UCC was approved. 8 3. And three, and in favour of the UCC, it is also well known that the Hindu law for a long time discriminated against women by depriving them of inheritance, remarriage and divorce. Their condition, especially those of Hindu widows and daughters, was poor due to this and other prevalent customs. Could religious practices be employed to deny basic fundamental rights and freedoms to women? Could not the UCC be employed to rectify the errors of a rigid discriminatory society and bring greater equity and compassion into social life? [...] The Hindu Code and the ""curious"" call for a UCC [...] VII. THE HINDU CODE: DEBATES, DILUTIONS, AND THE CALL FOR A UNIFORM CIVIL CODE",False,False,True,insufficient-neutral,factly
factly_2317_ret_bn_g7,factly_2317,Hindus who wish to express their support for the Uniform Civil Code should give a missed call to ‘9090902024’ before 06 July 2023,SOCIAL MEDIA POST,"A user named Mukesh Vlogs shared the post on Facebook on January 31, 2024. This post reads, ""Prime Minister Narendra Modi wants to bring a Uniform Civil Code for the entire Indian population. For this, the citizens of the country have been asked to give their opinion. Within two days, 4 crore Muslims and 2 crore Christians have voted against UCC. Therefore, before the deadline 6th July, all Hindus in the country are requested to vote in favour of UCC. Please give a missed call on 9090902024 to support UCC and save the country. Your call will be recorded and will be accepted as support to UCC. Please share this information with all Hindus. Best wishes to all who gave a missed call on 9090902024. Bharat Mata Ki Jai. If you like this message If you share this with more than 100 people, you will be doing a great service to the country.""",False,False,True,supports,factly
factly_2317_ret_bn_g8,factly_2317,Hindus who wish to express their support for the Uniform Civil Code should give a missed call to ‘9090902024’ before 06 July 2023,SOCIAL MEDIA POST,Uniform Civil Code – Public Notice 14/06/2023 28/07/2023,False,False,True,insufficient-neutral,factly
factly_2333,factly_2333,RBI issued new guidelines to banks to treat scribbled notes as invalid,SOCIAL MEDIA POST,"RBI did not issue any such new guidelines stating scribbled bank notes as invalid. RBI on their website clearly stated that all bank notes with writings or colour stains on them will continue to be legal tender, provided they are decipherable. Lately, the Press Information Bureau (PIB) through a tweet clarified the same saying that bank notes with scribblings on them will still continue to be legal tender. Hence, the claim made in the post is FALSE.",False,True,True,refutes,factly
factly_2333_ret_b9_gn,factly_2333,RBI issued new guidelines to banks to treat scribbled notes as invalid,SOCIAL MEDIA POST,"Banks Cannot Refuse To Accept Scribbled Bank Notes: RBI [Read Notification] [...] Reserve Bank of India (RBI) has clarified by its notification dated 25th April 2017 that the bank branches cannot refuse to accept scribbled/coloured/faded bank notes.Lately, RBI has received complaints from the general public that bank branches are refusing to take scribbled bank notes or whose colour has faded, particularly the ones in the denomination of INR 500 and INR 2000.Earlier RBI... [...] Thereby, through this notification, RBI has elucidated that bank branches are liable to accept bank notes even though it is scribbled/ coloured/ faded. Such notes are to be treated as soiled notes. In case, bank branches fail to accept such notes then it may invite punitive action.",False,False,True,refutes,factly
factly_2333_ret_bn_g0,factly_2333,RBI issued new guidelines to banks to treat scribbled notes as invalid,SOCIAL MEDIA POST,"Fact: RBI did not issue any such new guidelines stating scribbled bank notes as invalid. RBI on their website clearly stated that all bank notes with writings or colour stains on them will continue to be legal tender, provided they are decipherable. Lately, the Press Information Bureau (PIB) through a tweet clarified the same saying that bank notes with scribblings on them will still continue to be legal tender. Hence, the claim made in the post is FALSE. When searched to check whether RBI has issued any such news guidelines announcing scribbled notes as invalid, we could not find any such new guidelines on the RBI website. RBI in their ‘Frequently Asked Questions’ section mentioned about the scribbled notes and said, ""All Bank notes including Mahatma Gandhi (New) series notes with writing or colour stains on them continue to be legal tender, provided they are decipherable. Such notes can be deposited or exchanged in any bank branch."" [...] On 08 January 2023, the Press Information Bureau (PIB) tweeted clarifying that RBI had not issued any new guidelines announcing scribbled notes as invalid. The RBI has on multiple occasions issued clarifications on these rumours of banks not accepting currency notes with anything written on them, and confirmed these rumours as fake.",False,False,True,refutes,factly
factly_2333_ret_bn_g13,factly_2333,RBI issued new guidelines to banks to treat scribbled notes as invalid,SOCIAL MEDIA POST,"Recently, the Union government issued a clarification about scribbling on bank notes after a viral image stated that the Reserve Bank of India (RBI) released new guidelines, under which writing on a note renders it invalid. The circulated message read: ""As per New Guidelines of Reserve Bank of India, Writing anything on new notes makes the note invalid & it will no more be a legal tender."" [...] ""NO, Bank notes with scribbling are not invalid & continue to be legal tender. Under the Clean Note Policy, people are requested not to write on the currency notes as it defaces them & reduces their life,"" the PIB tweeted, with a graphic of the fake message that was circulated online.",False,False,True,refutes,factly
factly_2334,factly_2334,It is not mandatory for a woman to submit her marriage certificate or divorce decree while applying for passport,Narendra Modi,"The provision for retaining the maiden name in passport always existed. While the PM was referring to the rule about single parents, the media understood it as the maiden name.",True,True,True,insufficient-contradictory,factly
factly_2334_ret_b15_gn,factly_2334,It is not mandatory for a woman to submit her marriage certificate or divorce decree while applying for passport,Narendra Modi,"NEW DELHI: Making the process to get passports friendlier for divorced or separated women, the Ministry of External Affairs (MEA) has done away with the practice of asking for the name of the spouse, following a recommendation from a Parliamentary panel. The step is among a slew of measures announced by the MEA to bring the passport-seeking process up to date with modern norms. ""In case of divorce or separation, the applicant is not required to provide the name of the spouse in the form while applying for the issue of passport,"" said an MEA official. It is mandatory only for married applicants to provide the name of the spouse in the passport application. [...] Taking a leaf out of the experience of other countries, the MEA has made it non-mandatory for the applicant to provide the names of both mother and father in the application form if the parents are divorced or separated. ""Only one parent’s name — either mother or father or legal guardian — is mandatory,"" added the official.",True,False,True,insufficient-supports,factly
factly_2334_ret_bn_g0,factly_2334,It is not mandatory for a woman to submit her marriage certificate or divorce decree while applying for passport,Narendra Modi,"You must provide an original or certified copy* of identity/citizenship status documentation during the application process and the names on all documents must match exactly with the name provided on the application. If you have legally changed your name, you must provide an original or certified name change document (such as marriage certificates and divorce decrees) in addition to the required documentation. Please bring one of the documents in List A to an application center.",True,False,True,insufficient-contradictory,factly
factly_2366_ret_b11_gn,factly_2366,Provided for penalties for offences committed against persons with disabilities (PwDs),Govt. of India,"The Lok Sabha today passed ""The Rights of Persons with Disabilities Bill – 2016"". The Bill will replace the existing PwD Act, 1995, which was enacted 21 years back. The Rajya Sabha has already passed the Bill on 14.12.2016. [...] xviii. The Bill provides for penalties for offences committed against persons with disabilities and also violation of the provisions of the new law. [...] The Bill provides for penalties for offences committed against persons with disabilities and also violation of the provisions of the new law. Special Courts will be designated in each district to handle cases concerning violation of rights of PwDs. Reservation in vacancies in government establishments has been increased from 3% to 4% for certain persons or class of persons with benchmark disability. Office of Chief Commissioner of Persons with Disabilities has been strengthened who will now be assisted by 2 Commissioners and an Advisory Committee comprising of not more than 11 members drawn from experts in various disabilities. Every child with benchmark disability between the age group of 6 and 18 years shall have the right to free education.",True,False,True,supports,factly
factly_2366_ret_b14_gn,factly_2366,Provided for penalties for offences committed against persons with disabilities (PwDs),Govt. of India,"Constitutional Provisions on Disability - Article 41 of the Constitution of India declares that the State shall, within the limits of its economic capacity and development, make effective provisions for securing the right to work to education and to public assistance in cases of unemployment, old age, sickness and disablement and in other cases of undeserved want. [...] - Penalties for offences: Provides for penalties for offences committed against persons with disabilities and violation of provisions of the new law. [...] A central sector scheme under the Department of Empowerment of Persons with Disabilities (DEPwD).",True,False,True,supports,factly
factly_2366_ret_b5_gn,factly_2366,Provided for penalties for offences committed against persons with disabilities (PwDs),Govt. of India,Gehlot informed the media persons that the Bill provides for penalties for offences committed against persons with disabilities. Designated special Courts have been proposed to handle cases concerning violation of rights of PwDs. [...] Bill provides for penalties for offences committed against persons with disabilities. Designated special Courts have been proposed to handle cases concerning violation of rights of PwDs.,True,False,True,supports,factly
factly_2366_ret_b6_gn,factly_2366,Provided for penalties for offences committed against persons with disabilities (PwDs),Govt. of India,Shri Gehlot informed that the Bill provides for penalties for offences committed against persons with disabilities. Designated special courts have been proposed to handle cases concerning violation of rights of PwDs. The Minister said that the additional benefits have been provided for persons with benchmark disabilities and those with high support needs. Every child with benchmark disability between the age group of 6 and 18 years shall have the right to free education. He said that it has been proposed to increase reservation from 3% to 4% in Government jobs for certain persons or class of persons with benchmark disability. [...] xiii. The Bill provides for penalties for offences committed against persons with disabilities. xiv.Designated special Courts have been proposed to handle cases concerning violation of rights of PwDs.,True,False,True,insufficient-supports,factly
factly_237,factly_237,The Titanic ship was switched with the HMS Olympic and deliberately sunk as part of an insurance fraud scheme,SOCIAL MEDIA POST,"There is no evidence to support this conspiracy theory. The theory was propagated by British author Robin Gardiner, but it was debunked by many authors and experts, including Steve Hall and Bruce Beveridge. The differences between the Titanic and the Olympic were more than just cosmetic and included many structural differences that would have made it impossible to switch the two ships. The insurance fraud theory also does not hold up to scrutiny. Several documentary films have presented expert evidence to debunk the conspiracy theories surrounding the Titanic disaster. Hence the claim made in the post is FALSE.",False,True,True,refutes,factly
factly_237_ret_b9_gn,factly_237,The Titanic ship was switched with the HMS Olympic and deliberately sunk as part of an insurance fraud scheme,SOCIAL MEDIA POST,"This tl;dr of this theory is that after the Olympic was damaged, the White Star Line switched it with the Titanic and purposely sunk it to claim the Titanic’s insurance. So, how did the Olympic receive the initial damage? During its fifth for-profit trip, the Olympic literally had a run-in with the HMS Hawke, off the tip of southern England. Both ships received extensive damage from the accident, though ultimately currents from the Olympic were found to be the fault of the incident. It was out of commission for nearly four months, meaning the White Star Line not only lost money on repairs, but also lost out on the cruises the Olympic could have run during that time. In comes the sinister theory – executives on the White Star Line decided to rebrand the Olympic as a new ship – the Titanic. They then took out an insurance policy on the ""new"" ship to get a larger payout than they would have gotten from the damaged ""old"" ship. So let’s get into why this is ridiculous, and why it didn’t happen. [...] Apart from those ethical holes in the plot, the Olympic showed so much wear and tear after having been used for a year that calling it new surely would have raised eyebrows. Additionally, the insurance coverage for the Titanic would not monetarily cover the loss of the Olympic. And while the ships were nearly identical from the outside, the Titanic boasted far more amenities – especially when it came to dining. Those improved dining rooms were found in the wreckage.",False,False,True,refutes,factly
factly_237_ret_bn_g1,factly_237,The Titanic ship was switched with the HMS Olympic and deliberately sunk as part of an insurance fraud scheme,SOCIAL MEDIA POST,"A video circulating on social media is promoting a conspiracy theory surrounding the sinking of the Titanic. According to the theory, the Titanic ship never sunk and it was actually the HMS Olympic, one of the Titanic’s sister ships, that was deliberately sunk. The theory suggests that the Olympic, which had been damaged in an accident, was returned to the manufacturer for repairs while the Titanic was under construction. To recoup the losses from the accident and claim the insurance, the company allegedly switched the names of the two ships, and the Titanic was then deliberately sunk, resulting in the loss of over 1500 lives. The video claims that the source of these claims was Robin Gardner. Let’s check the veracity of these claims. [...] To sum it up, the evidence gathered from various sources including historical documents, shipbuilding records, and testimonies from experts, researchers, and historians strongly suggests that there is no basis to support the claims that the Titanic was switched with the Olympic and intentionally sunk for insurance fraud. Therefore, the theory remains a baseless and unfounded conspiracy.",False,False,True,refutes,factly
factly_237_ret_bn_g10,factly_237,The Titanic ship was switched with the HMS Olympic and deliberately sunk as part of an insurance fraud scheme,SOCIAL MEDIA POST,"Gardiner and van der Vat's theory runs like so: The Titanic did not sink. Rather, her damaged and almost identical sister-ship the Olympic was substituted and deliberately sunk in her place as part of a gigantic insurance fraud. [...] This, the theory continues, was accomplished with a simple switch. To the untrained eye, the Olympic and the Titanic were almost identical, and so a clandestine slight-of-hand was accomplished while the two ships were in dock together at the Harland and Wolff yard at Belfast in March, 1912. Name-plates, life-belts and so forth were secretly swapped. The Olympic"" now disguised as the Titanic, was patched up and deliberately sailed into a known ice-field... The authors stress that this is not a mass murder conspiracy, but ""an insurance fraud which went horribly wrong."" The plan, they speculate, was that the ""Olympic/Titanic"" would indeed hit an iceberg, but that her water-tight compartments would keep her afloat for long enough for other ships of the same line safely to take off all the passengers and crew before the great ship went down. Unfortunately for all concerned, they claim, the liner's ""ever-impetuous"" Captain Smith got it ""wrong"" and hit the ice-field early, resulting in massive and terrible loss of life.",False,False,True,insufficient-neutral,factly
factly_2380_ret_bn_g0,factly_2380,Bridges over Narmada at Bharuch and Chambal at Kota.,Govt. of India,"The second claim is that bridges over Narmada at Bharuch and Chambal at Kota have been built. The annual report of the Ministry of Road Transport and Highways (2017-18) states that, ‘a new four lane, extra-dosed bridge across river narmada at baruch, was inaugurated by the prime minister in March 2017, has brought relief for the people travelling on the vadidara-surat section of NH-8.’ The 1.4 kilometre extra dosed cable stayed bridge is the second such bridge in the country and the longest. The report also states that ‘a 6-lane cable stayed bridge across river Chambal at Kota was inaugurated by the Prime Minister in August 2017.’ It was built at a cost of Rs. 278 crores and marks the completion of the east-west corridor. [...] Fact: The bridge over Narmada at Baruch was approved during the UPA and has been constructed by the present government. The bridge on Chambal at Kota has been under construction since 2006 before a part of it collapsed in 2009. The current government completed the bridge. Since both the previous government and the current government had a role to play in the construction of these bridges, the claim is PARTLY TRUE.",Half True,False,True,supports,factly
factly_2380_ret_bn_g10,factly_2380,Bridges over Narmada at Bharuch and Chambal at Kota.,Govt. of India,"New Narmada Bridge is known as 3rd Narmada Bridge at Bharuch over river Narmada, A extradosed bridge with the longest spans in India and part of the six laning project of a section of NH-8 between Vadodara and Surat. Kota Chambal Bridge is a part of the Kota Bypass located outskirts of the city over the Chambal river in Rajasthan. The cable-stayed bridge is an Iconic Engineering Marvel and around 60-metre-high from the surface. [...] There are more Cable-stayed Bridges in India, completed and under construction such as Kacchi Dargah–Bidupur Bridge,Versova–Bandra Sea Link, Krishnarajapuram bridge,Akkar Bridge Sikkim, Anji Khad Bridge and Nivedita Setu over Hooghly river connecting Howrah with Kolkata.",Half True,False,True,supports,factly
factly_2380_ret_bn_g15,factly_2380,Bridges over Narmada at Bharuch and Chambal at Kota.,Govt. of India,"Nayapura Chambal Bridge, Kota [...] Chawni Fly Over, Kota",Half True,False,True,insufficient-neutral,factly
factly_2380_ret_bn_g9,factly_2380,Bridges over Narmada at Bharuch and Chambal at Kota.,Govt. of India,"A new four lane, Extra-dosed Bridge across river Narmada at Bharuch, inaugurated by the Prime Minister on 9th of March 2017, has brought major relief for people travelling on the Vadodara- Surat section of NH-8. The 1.4 km ‘Extradosed’ cable stayed bridge is the longest in India and the second such bridge in the country after Nivedita Setu over Hooghly. (v) Bridge over River Chambal at Kota A 6-lane Cable Stayed Bridge across river Chambal at Kota was inaugurated by the Prime Minister Shri Narendra Modi on 29th August 2017. Built at a cost of Rs. 278 Crores, this bridge marks the completion of the East-West corridor.",Half True,False,True,supports,factly
factly_2381_ret_b0_gn,factly_2381,"GrAMs, electronically linked to e-NAM, to make direct sale to consumers and bulk purchasers.",Govt. of India,"About GrAMs - GrAMs are defined as ""Retail agricultural markets in close proximity of the farm gate that promote and service a more efficient transaction of the farmers’ produces across the agricultural sub-sectors, by enabling both direct sales, between the producer and consumer, and aggregation of small produce-lots for subsequent transaction, both of which can occur either physically or online"".[iv] - These GrAMs, electronically linked to e-NAM and exempted from regulations of APMCs, will provide farmers facility of direct sale to consumers and bulk purchasers.[v] [...] Objectives of GrAMs - Direct sale: The farmer-producers may offer any of their Agri-produce on sale directly to the consumers without having to go through the market regulations. The consumer could be a retail purchaser or a bulk purchaser (trader, processor, exporter etc); and the sale can occur through a physical negotiation or via an online trade platform like e-NAM. The disintermediation of such a transaction will result in transferring maximum value to the farmer on his produce.[vi]",True,False,True,supports,factly
factly_2381_ret_b10_gn,factly_2381,"GrAMs, electronically linked to e-NAM, to make direct sale to consumers and bulk purchasers.",Govt. of India,"These GrAMs, electronically linked to e-NAM and exempted from regulations of APMCs, will provide farmers facility to make direct sale to consumers and bulk purchasers. Moreover, an Agri-Market Infrastructure Fund with a corpus of Rs.2000 crore will be setup for developing and upgrading agricultural marketing infrastructure in the 22000 Grameen Agricultural Markets (GrAMs) and 585APMCs. He said, so far 470 APMCs have been connected to e-NAM network and rest will be connected by March, 2018. Shri Jaitley announced Rs 200 crore for organized cultivation of highly specialized medicinal and aromatic plants and said that the organic farming by Farmer Producer Organizations (FPOs) and Village Producers’ Organizations (VPOs) in large clusters, preferably of 1000 hectares each will be encouraged. Similarly, allocation of Ministry of Food Processing has been doubled from Rs.715 crore in 2017-18 to Rs.1400 crore in 2018-19. Terming Bamboo as ‘Green Gold’, the Finance Minister announced a Re-structured National Bamboo Mission with an outlay of Rs.1290 crore to promote bamboo sector in a holistic manner. Under Prime Minister Krishi Sinchai Yojna-Har Khet ko Pani, 96 deprived irrigation districts will be taken up with an allocation of Rs 2600 crore.",True,False,True,supports,factly
factly_2381_ret_bn_g4,factly_2381,"GrAMs, electronically linked to e-NAM, to make direct sale to consumers and bulk purchasers.",Govt. of India,"The third claim is that ‘GrAMs, electronically linked to e-NAM, to make direct sale to consumers and bulk purchasers’. A response in Lok Sabha in February 2019 stated that ‘in the Union Budget 2018-19, Government has announced upgradation and development of existing 22,000 village haats to Gramin Agriculture Market (GrAMs) through convergence of various schemes such as Mahatma Gandhi National Rural Employment Guarantee Scheme (MGNREGS) and others. The GrAMs are to be exempted from Agricultural Produce Market Committees (APMCs) regulations and linked to e-NAM. These GrAMs are intended to facilitate farmers in selling their produce to direct buyers’. [...] Fact: GrAMs (Gramin Agriculture Markets) are an up-gradation to the existing village haats through the convergence of different government schemes. These are to be linked to the e-NAM to facilitate farmers in selling their produce directly to buyers. Hence, the claim is TRUE. However, it has to be noted that the village haats have been in existence for a long time.",True,False,True,supports,factly
factly_2381_ret_bn_g8,factly_2381,"GrAMs, electronically linked to e-NAM, to make direct sale to consumers and bulk purchasers.",Govt. of India,"Gramin Agricultural Markets (GrAMs) The Government has also announced to develop and upgrade existing 22,000 rural haats into Gramin Agricultural Markets (GrAMs) to take care of the interests of more than 86% small and marginal farmers. The GrAMs will be electronically linked to e-NAM and exempted from regulations of Agricultural Produce Market Committees (APMCs) which will provide farmers facility to make direct sale to consumers and bulk purchasers.",True,False,True,supports,factly
factly_2385_ret_bn_g1,factly_2385,Inactivated polio vaccine (IPV) introduced in Nov 2015. Around 4 crore doses administered to children.,Govt. of India,"- - 3.15 crore children vaccinated - 80.58 lakh children fully immunized - 80.63 lakh pregnant female immunized - 91.94 lakh vitamin A doses administered - 79.73 lakh ORS packets distributed - 2.73crore zinc tablets distributed - Intensified Mission Indradhanushlaunched by PM on 8th October 2017 at Vadnagar, Gujarat to cover 121 districts, 17 urban areas and 52 districts of NE states (total 190 districts/urban areas across 24 states) for intensified immunization campaign. [...] In concurrence with the World Polio End Game strategy, IPV was introduced in November 2015 in six states and expanded throughout the country by June 2016. Till December’17, nearly 3.87 crore doses of IPV have been administered to children across the country since its introduction. [...] - Till January’18, more than 14 lakh doses of PCV have been administered to children across above mentioned areas.",True,False,True,insufficient-supports,factly
factly_2385_ret_bn_g10,factly_2385,Inactivated polio vaccine (IPV) introduced in Nov 2015. Around 4 crore doses administered to children.,Govt. of India,"Participating in the Global Polio Endgame Strategy (2013–2018), by introducing a highly effective IPV, in addition to OPV in routine immunization, it was introduced on November 30, 2015, and globally synchronized switch activity from trivalent oral polio vaccine (tOPV) to bivalent oral polio vaccine (bOPV) was achieved on April 25, 2016, with Global Alliance for Vaccine Initiative (GAVI) and NTAGI that recommended IPV introduction as an additional dose along with third dose of DPT in the entire country in the first quarter of 2016.11 This was followed by introduction of the fractional intradermal dose IPV (f-IPV) in two doses at 6 weeks and 14 weeks replacing the single-dose intramuscular schedule. As IPV is an inactivated vaccine, it carries no risk of vaccine-associated paralytic polio (VAPP) and vaccine-derived polio virus (VDPP). Injectable polio vaccine provides excellent humoral immunity and also boosts intestinal mucosal immunity in OPV-primed children. Recent studies in India and Bangladesh have shown that two f-IPV intradermal doses provide similar levels of protection as compared with one full intramuscular IPV dose.12 The primary role of IPV will be to maintain immunity against type II poliovirus while removing all polio virus serotypes globally.",True,False,True,supports,factly
factly_2385_ret_bn_g11,factly_2385,Inactivated polio vaccine (IPV) introduced in Nov 2015. Around 4 crore doses administered to children.,Govt. of India,"New vaccines · Inactivated Polio Vaccine (IPV): IPV has been introduced in UIP as part of Global Polio end-game strategy, to mitigate the risk associated with tOPV to bOPV switch. IPV was introduced in November 2015 initially in 6 states, which was expanded across the country by April 2016. [...] · A total of six phases of Mission Indradhanush have been completed covering 554 districts across the country. · It was also identified as one of the flagship schemes under Gram Swaraj Abhiyan (16,850 villages across 541 districts) and Extended Gram Swaraj Abhiyan (48,929 villages across 117 aspirational districts).",True,False,True,insufficient-neutral,factly
factly_2385_ret_bn_g2,factly_2385,Inactivated polio vaccine (IPV) introduced in Nov 2015. Around 4 crore doses administered to children.,Govt. of India,"The annual report (2017-18) of the Ministry of Health & Family Welfare (MoHFW) states that ‘there are three types of Polio viruses namely type-1, 2 and 3 for which the vaccine was provided under Universal Immunization Programme as trivalent oral polio vaccine. Since last case of wild polio virus type-2 was reported in 1999, therefore, Global Polio Eradication Initiative (GPEI) has recommended switch from trivalent OPV to bivalent OPV (containing only type-1 & 3). The tOPV to bOPV switch happened in India on 25th April, 2016. As part of Global Polio end-game strategy, to mitigate the risk associated with tOPV to bOPV switch, MoHFW has introduced Inactivated Polio Vaccine (IPV) in UIP in November, 2015, which was expanded across the country by June, 2016. Currently, two dose fractional schedule is being followed in the country with vaccination at 6 weeks and 14 weeks of age. Till December, 2017, around 3.45 crore doses of IPV have been administered to children across the country since its introduction’. [...] Fact: MoHFW has introduced Inactivated Polio Vaccine (IPV) in UIP in November, 2015, which was expanded across the country by June, 2016. 4.56 crore doses of IPV have been supplied to the state governments and 3.45 crore doses administered till December 2017. Since the claim was made in May 2018, the number might have reached the 4 crore doses. Hence, the claim is TRUE. However, this shift to IPV is part of the larger global movement against Polio and as mandated by GPEI.",True,False,True,supports,factly
factly_2389_ret_b8_gn,factly_2389,Social security has been made a nationwide phenomenon with Jan Suraksha,Govt. of India,"Jan Suraksha Schemes have provided an effective social security cover to the people: PM [...] The Prime Minister, Shri Narendra Modi has extended good wishes to all the beneficiaries of Pradhan Mantri Jan Suraksha Schemes on completion of 8 years of the Schemes . [...] ""The #JanSuraksha schemes launched 8 years ago have been a source of strong support for crores of Indians. They have provided an effective social security cover to the people. My best wishes to all the beneficiaries.""",False,False,True,supports,factly
factly_2389_ret_bn_g0,factly_2389,Social security has been made a nationwide phenomenon with Jan Suraksha,Govt. of India,"The next claim is that social security has been made a nationwide phenomenon with Jan Suraksha. It also claims that more than 19 crore people have been insured against life and accident risk or ensured pension. As per an answer provided by the government in Lok Sabha, ""Three social security schemes were launched in May 2015 pertaining to the Insurance and Pension Sectors namely Pradhan Mantri Jeevan Jyoti Bima Yojana (PMJJBY), Pradhan Mantri Suraksha Bima Yojana (PMSBY) and the Atal Pension Yojana (APY) in a move towards creating a universal social security system, targeted especially for the poor and the underprivileged. The schemes provide essential and affordable social protection to all citizens in a convenient manner linked to auto-debit facility from bank accounts. These schemes address the issue of low coverage of life or accident insurance and old age income security in the country."" PMJJBY was launched in May 2015 and it offers life cover of Rs. 2 lakh to all subscribing bank account holders in the age group of 18 to 50 years, covering death due to any reason, for a premium of Rs.330 per annum per subscriber. The scheme is administered through LIC and other Life Insurance companies willing to offer the product on similar terms. PMJJBY covers death by any cause including suicide and murder. According to the latest progress report on the Jan Suraksha website, a gross enrollment of 5.3 crore has been reported by banks.",False,False,True,insufficient-supports,factly
factly_2389_ret_bn_g5,factly_2389,Social security has been made a nationwide phenomenon with Jan Suraksha,Govt. of India,"Lim SS, Dandona L, Hoisington JA, James SL, Hogan MC, Gakidou E. India's Janani Suraksha Yojana, a conditional cash transfer programme to increase births in health facilities: an impact evaluation. Lancet. 2010;375:2009–23.",False,False,True,insufficient-neutral,factly
factly_2408_ret_b0_gn,factly_2408,Farm credit target has been raised to a record high of 11 lakh crore rupees for 2018-19.,Govt. of India,"Budget 2018: The farm credit target is likely to be raised by a whopping Rs 1 lakh crore to a record Rs 11 lakh crore in the Budget 2018-19 to improve credit flow in the agriculture sector, according to sources. In the current fiscal, the government has kept a credit target of Rs 10 lakh crore. Of which, Rs 6.25 lakh crore has already been disbursed in the first six months till September 2017, the government data showed. ""The government’s priority is agriculture. There is a possibility that the credit disbursal target for the agriculture sector will further be increased to Rs 11 lakh crore for the next fiscal,"" sources said. Since credit is a critical input in achieving higher farm output, the institutional credit will help delink farmers from non-institutional sources of credit where they are compelled to borrow at usurious rates of interest, they said. Normally, farm loan attracts an interest rate of 9 per cent. But the government has been providing interest subvention to make available short-term farm credit at an affordable rate and help boost farm output. The government is providing 2 per cent interest subsidy to ensure farmers get short-term farm loan of up to Rs 3 lakh at an effective rate of 7 per cent per annum.",Half True,False,True,supports,factly
factly_2408_ret_b1_gn,factly_2408,Farm credit target has been raised to a record high of 11 lakh crore rupees for 2018-19.,Govt. of India,"New Delhi: The farm credit target is likely to be raised by a whopping Rs 1 lakh crore to a record Rs 11 lakh crore in the Budget 2018-19 to improve credit flow in the agriculture sector, according to sources. In the current fiscal, the government has kept a credit target of Rs 10 lakh crore. Of which, Rs 6.25 lakh crore has already been disbursed in the first six months till September 2017, the government data showed. ""The government’s priority is agriculture. There is a possibility that the credit disbursal target for the agriculture sector will further be increased to Rs 11 lakh crore for the next fiscal,"" sources said. Since credit is a critical input in achieving higher farm output, the institutional credit will help delink farmers from non-institutional sources of credit where they are compelled to borrow at usurious rates of interest, they said. Normally, farm loan attracts an interest rate of 9 percent. But the government has been providing interest subvention to make available short-term farm credit at an affordable rate and help boost farm output. The government is providing 2 percent interest subsidy to ensure farmers get short-term farm loan of up to Rs 3 lakh at an effective rate of 7 percent per annum. An additional incentive of 3 percent is being given to farmers for prompt repayment of loans within due date, making an effective interest rate for them at 4 percent.",Half True,False,True,supports,factly
factly_2408_ret_bn_g0,factly_2408,Farm credit target has been raised to a record high of 11 lakh crore rupees for 2018-19.,Govt. of India,"The third claim is that farm credit target has been raised to a record high of 11 lakh crore rupees for 2018-19. The Finance minister, in his budget speech (2018-19) announced that the target for the institutional credit for the agricultural sector has been raised to 11 lakh crore rupees from 10 lakh crores in 2017-18 and from 8.5 lakh crore in 2014-15. In the 2013-14 budget, the then Finance Minister had announced increasing the target of farm credit to 7 lakh crore rupees for 2013-14. The following graph shows the increase in farm credit targets in the Union budget since 2009-10. The data has been gathered from the union budget speeches over the years.Successive governments have increased farm credit target every year. During the 2nd term of UPA between 2009-10 to 2013-14, the farm credit target increased from 3.3 lakh crore rupees to 7 lakh crore rupees (an increase of more than 100%). On the other hand, during the current government, the farm credit target has increased from 8 lakh crore rupees in 2014-15 to 11 lakh crore rupees in 2018-19 (an increase of about 40%). [...] Fact: Farm credit target has been set at 11 lakh crores in the budget of 2018-19. Though it is a record high, this is inline with the increase that happens every year during successive governments. Hence, the claim is PARTLY TRUE. It also has to be noted that successive governments have increased the farm credit target and the increase during the UPA-2 was over 100%, more than the percentage increase during the current government.",Half True,False,True,supports,factly
factly_2408_ret_bn_g6,factly_2408,Farm credit target has been raised to a record high of 11 lakh crore rupees for 2018-19.,Govt. of India,Farm credit target raised to Rs 11 lakh crore for 2018-19 from Rs 10 lakh crore in 2017-18. [...] Farm Credit raised to 11 lakh crore in 2018-19 from 8.5 lakh crore in 2014-15. [...] Under SSA. the RE for 2016-17 was Rs 22500 crore out of which 96.35% was spent. The RE for 2017-18 was allocated at Rs 23500 crore out of which 82.21% has been released as on 28 02.2018. The BE for 2018-19 has been increased by 11.2% to Rs 26128.81 crore.,Half True,False,True,supports,factly
factly_2409,factly_2409,Bhutan has become the first country in the world without Mosques,SOCIAL MEDIA POST,"There is only a prayer hall provided for Muslims to offer prayers at Bumthang, Ura Highway, in Semtokha, Bhutan. Apart from this prayer hall, no other prayer hall or Mosque was constructed for Muslims in Bhutan. But there are a few other nations like Monaco and Slovakia where there are no establishments of Mosques for Muslims to offer prayers like Bhutan. Hence, the claim made in the post is Misleading.",False,True,True,insufficient-refutes,factly
factly_2409_ret_bn_g0,factly_2409,Bhutan has become the first country in the world without Mosques,SOCIAL MEDIA POST,"In the Asia-Pacific region, 10 countries (20%) have an official state religion, and nine countries (18%) have a preferred or favored religion. While 44% of Asia-Pacific countries have no official or favored religion, the region has the highest share of countries (18%) with a hostile relationship with religion. Tajikistan’s constitution, for example, does not recognize a state religion and allows individuals to adhere to any religion.16 In practice, however, the government keeps tight control over religious institutions. It restricts Muslim prayer to certain locations, regulates mosques and bars children (those under 18) from participating in public religious activities. Imams must be approved by the Committee on Religious Affairs, and the content of their sermons is controlled. The government also reportedly has surveillance cameras at mosques, and donations to mosques by individuals are banned.17",False,False,True,insufficient-neutral,factly
factly_2409_ret_bn_g8,factly_2409,Bhutan has become the first country in the world without Mosques,SOCIAL MEDIA POST,"A post is being shared on social media claiming that Bhutan has become the first Mosque-free country in the world. The post claims that there is not even a single Mosque in Bhutan for Muslims to offer their religious prayers. Let’s verify the claim made in the post. [...] Upon further research, we found that there are a few countries like Monaco and Slovakia where there are no Mosques for Muslims until now. From all these pieces of evidence, it can be concluded that Bhutan is not the only nation without Mosques in the world. To sum it up, Monaco and Slovakia are a few other nations that have no Mosques in their countries like Bhutan.",False,False,True,insufficient-refutes,factly
factly_2417,factly_2417,Government paying compensation in case of accidental deaths,WhatsApp message,A message about government paying compensation in case of accidental deaths is being widely shared on WhatsApp. This claims made in the message are false.,False,True,True,refutes,factly
factly_2417_ret_b2_gn,factly_2417,Government paying compensation in case of accidental deaths,WhatsApp message,"[orc]A message about government paying compensation in case of accidental deaths is being widely shared on WhatsApp. This claims made in the message are false. This is the age of fake & false news. Not a day passes without coming across at least one fake/false news story. In the past few days, a message has been going around on WhatsApp that the government is obliged to give compensation worth ten times the average annual income of the last three years to that person’s family who dies in an accident. The message also says this is based on a particular section of the Motor Vehicles Act 1988 (MV Act) and a Supreme Court judgement in a related case. Both the claims are false as we explain below. [...] Featured Image: Government Compensation for Accident Deaths",False,False,True,refutes,factly
factly_2417_ret_b6_gn,factly_2417,Government paying compensation in case of accidental deaths,WhatsApp message,"A viral WhatsApp message claims that incase of an accidental death, the government is bound to give 10 times the compensation based on the deceased's average income of the past three years, if the deceased had filed their Income Tax returns. [...] The Supreme Court, in a 2009 case, had decided that the compensation given for accidental deaths would vary on different factors, which would, in turn, determine the multiplier for compensation. [...] Conclusion: The viral claim concerning the compensation for the deceased in case of accidental death is false.",False,False,True,refutes,factly
factly_2417_ret_bn_g1,factly_2417,Government paying compensation in case of accidental deaths,WhatsApp message,"§8102. Compensation for disability or death of employee (a) The United States shall pay compensation as specified by this subchapter for the disability or death of an employee resulting from personal injury sustained while in the performance of his duty, unless the injury or death is-- (1) caused by willful misconduct of the employee; [...] §8133. Compensation in case of death (a) If death results from an injury sustained in the performance of duty, the United States shall pay a monthly compensation equal to a percentage of the monthly pay of the deceased employee in accordance with the following schedule: [...] Compensation paid under this subsection is instead of all other compensation from the United States for the same injury or death, and a payment made under this subsection is deemed compensation under this subchapter and is satisfaction of all liability of the United States in respect to the particular injury or death.",False,False,True,supports,factly
factly_243_ret_b19_gn,factly_243,AMRIT pharmacies provide drugs for cancer and cardiovascular diseases at a discount of 60 to 90 percent,Govt. of India,"The pharmacy named AMRIT -- Affordable Medicines and Reliable Implants for Treatment -- will have 202 drugs of cancer and cardiovascular diseases where the price is going to be reduced on an average by 60 to 90 per cent. ""Under the AMRIT programme, we want to give medicines at an affordable cost. We have identified 202 drugs of cancer and cardio-vascular diseases where the price is going to reduced on an average by 60 to 90 per cent. In the same way, 148 cardiac implants will be given from the centre and sold here and their cost will be reduced by 50 to 60 per cent,"" Mr Nadda said on the occasion. [...] ""Some of the prices of the AMRIT Pharmacy drugs are strikingly low such as Amrit will sell 'Docetaxel 120mg' used for chemotherapy cycle at Rs.888.75 (93 per cent rebate) for one cycle, when the MRP of the injection is Rs.13,440. Similarly, Caboplatin 450 mg would be sold at Rs.1,316.25 while its MRP is Rs 2,561.57,"" said AIIMS Director MC Misra.",False,False,True,supports,factly
factly_243_ret_b1_gn,factly_243,AMRIT pharmacies provide drugs for cancer and cardiovascular diseases at a discount of 60 to 90 percent,Govt. of India,"AMRIT pharmacy outlets which is a revolutionary step towards giving relief to the common man will provide 164 medicines (branded drugs) for cancer, 191 for cardio-vascular diseases and 5,200 other Non Communicable Diseases (NCDs) are now being given at 50-90 per cent less price to the patient. [...] India’s first pharmacy retail store came into being at the All India Institute of Medical Sciences (AIIMS) that will provide drugs for cancer and cardiovascular diseases at a 60 to 90 per cent discount on prevailing market rates. The pharmacy which is branded AMRIT (Affordable Medicines and Reliable Implants for Treatment), will also provide cardiac implants that will be sold at 50 to 60 per cent discount. [...] The chief minister, who along with Nadda also laid the foundation stone of Super Speciality block of IGMC Complex to be constructed at Chamyana, 20 km from Shimla said, ""AMRIT Pharmacy outlet in IGMC campus will provide medicines at 70 to 90 per cent cheaper rates. ""The launch of this would be a major relief for the patients who cannot afford costly medicines for treatment of cancer, cardiac and other diseases. This will also enable the patients to purchase medicines under one roof.""",False,False,True,supports,factly
factly_243_ret_bn_g0,factly_243,AMRIT pharmacies provide drugs for cancer and cardiovascular diseases at a discount of 60 to 90 percent,Govt. of India,"The third claim is that ‘AMRIT pharmacies provide drugs for cancer and cardiovascular diseases at a discount of 60 to 90 percent’. As per information shared in the Lok Sabha, AMRIT (Affordable Medicines and Reliable Implants for Treatment) Pharmacies are being opened and operated by M/s.HLL Lifecare Ltd., a Central Public Sector Undertaking (CPSU) of Ministry of Health & Family Welfare, with an objective of providing affordable medicines for treatment of Cancer, Cardiovascular and other diseases, stents, implants, surgical disposables and other consumables, thereby reducing the out of pocket expenses. The first AMRIT pharmacy was opened in November 2015 at AIIMS, New Delhi. [...] Fact: AMRIT pharmacies provide drugs for cancer, cardiovascular and other diseases, stents, implants, surgical disposables and other consumables. The average discount that patients can avail ranges from 50 to 55%. Hence, the claim is FALSE.",False,False,True,refutes,factly
factly_243_ret_bn_g1,factly_243,AMRIT pharmacies provide drugs for cancer and cardiovascular diseases at a discount of 60 to 90 percent,Govt. of India,"Affordable Medicines And Reliable Implants For Treatment (AMRIT) The AMRIT pharmacies provide drugs for cancer and cardiovascular diseases along with cardiac implants at a 60 to 90 per cent discount on prevailing market rates. - As of now 124 stores have been opened so far across 22 states selling over 5200 drugs (including cardiovascular, cancer, diabetes, stents, etc), implants, surgical disposables and other consumables at significant discount of up to 50 % on market rates.",False,False,True,supports,factly
factly_2431_ret_bn_g13,factly_2431,The time taken for environmental approvals has been brought down to 180 days from 600 days.,Govt. of India,"6. The license must not be issued until the Administrator of the Division is satisfied that the proposed facility will be in compliance with the applicable codes concerning safety of human life, environmental health, and building and zoning, as established respectively by the State Fire Marshal, the State Board of Health and the appropriate local government. A report of inspection by the State Fire Marshal or the Division, finding satisfactory conditions, may be accepted by the Administrator as proof of compliance with the applicable regulations. [...] 9. If the applicant and the proposed facility are in compliance with the provisions of this chapter, as shown by his or her application and related material and the investigation, a license will be issued to the applicant within 30 days after completion of the investigation. [...] 1. To maintain his or her license, the licensee must ensure that his or her facility meets all standards for environmental health which are established by the Division.",True,False,True,insufficient-neutral,factly
factly_2433,factly_2433,Visual capture of the occurrence of snowfall in the great mosque of Mecca,SOCIAL MEDIA POST,The National Meteorological Center of Saudi Arabia has confirmed that the visuals shown in the post are fake. The official Twitter handle of the Emirate of Makkah Province tweeted that the snowfall video is incorrect and was made with additional effects. Hence the claim made in the post is FALSE.,False,True,True,refutes,factly
factly_2433_ret_b10_gn,factly_2433,Visual capture of the occurrence of snowfall in the great mosque of Mecca,SOCIAL MEDIA POST,"Great Mosque of Mecca, mosque in Mecca, Saudi Arabia, built to enclose the Kaaba, the holiest shrine in Islam. As one of the destinations of the hajj and ʿumrah pilgrimages, it receives millions of worshippers each year. The oldest parts of the modern structure date to the 16th century.",False,False,True,insufficient-neutral,factly
factly_2433_ret_b15_gn,factly_2433,Visual capture of the occurrence of snowfall in the great mosque of Mecca,SOCIAL MEDIA POST,"Riyadh: A video clip of snowfall in Grand Mosque in Makkah, has been circulating across social media platforms on Sunday. The 55-second video clip, which appeared on social media platforms, showed heavy snowfall in Grand Mosque, and pilgrims enjoying this rare phenomenon. [...] The official spokesperson for the National Center of Meteorology in Saudi Arabia, Hussain Al-Qahtani, made it clear, through his Twitter account, on Sunday evening, that the circulating video of snowfall on the Grand Mosque is not correct and has been created with additional effects.",False,False,True,refutes,factly
factly_2433_ret_bn_g1,factly_2433,Visual capture of the occurrence of snowfall in the great mosque of Mecca,SOCIAL MEDIA POST,"A viral video of snowfall in the Grand Mosque of Mecca has been widely making rounds on social media in the past few days. However, an official weather institution in Saudi Arabia has debunked the video. [...] The footage shows men and women enjoying the snowfall, while some even shooting the phenomenon on their phones or taking selfies. Even a policeman is seen carrying an umbrella. [...] Arab Weather, an account on Twitter, corroborated the news, tweeting, ""Disclaimer: The circulating video titled ‘For the first time snow in Makkah Al-Mukarramah 1-1-2023’ is a technically modified video using filters, knowing that the temperature in Makkah today reached 30 degrees Celsius, and it is not climatically prepared for snowfall.""",False,False,True,refutes,factly
factly_244,factly_244,Mob lynched a Christian and set him on fire over blasphemy charges in Pakistan’s Nankana Sahib,SOCIAL MEDIA POST,"The deceased in the mob lynching incident that took place recently in Pakistan’s Nankana Sahib is identified as Muhammad Waris, a Muslim. Multiple news agencies have reported this. Even the concerned police official confirmed that deceased is a Muslim. However, we could not find any report associating the viral visuals to the recent incident. Hence the claim made in the post is FALSE.",False,True,True,refutes,factly
factly_244_ret_b11_gn,factly_244,Mob lynched a Christian and set him on fire over blasphemy charges in Pakistan’s Nankana Sahib,SOCIAL MEDIA POST,"Pakistan mob lynches man over blasphemy allegation: Police [...] The killing came just over two months after a Sri Lankan factory manager was beaten to death and set ablaze by a mob over blasphemy in Sialkot city, also in Punjab. [...] Mob killings over accusations of blasphemy – a crime that can carry the death sentence – are fairly frequent in Pakistan, home to 200 million people, mostly Muslims.",False,False,True,insufficient-supports,factly
factly_244_ret_bn_g0,factly_244,Mob lynched a Christian and set him on fire over blasphemy charges in Pakistan’s Nankana Sahib,SOCIAL MEDIA POST,"In light of a recent incident in Nankana Sahib in Pakistan, wherein a man was lynched and set on fire by mob over blasphemy charges, a social media post claiming that the victim, who was set on fire is a Christian is being widely shared. The viral post also shared a video of mob setting a man on fire, attributing the visuals to the recent incident. Through this article let’s fact-check the claim made in the post. [...] According to the news reports, recently in Pakistan’s Nankana Sahib, a mob killed a man who was accused of blasphemy. Earlier, the man was arrested over blasphemy charges, after a mob attacked him for allegedly desecrating the Quran. Later, the mob entered the police station and dragged him out, beat him to death and set him on fire. [...] To sum it up, man lynched to death over blasphemy allegations in Pakistan is not a Christian.",False,False,True,refutes,factly
factly_244_ret_bn_g14,factly_244,Mob lynched a Christian and set him on fire over blasphemy charges in Pakistan’s Nankana Sahib,SOCIAL MEDIA POST,"A victim of blasphemy mob lynching in Pakistan [...] In February of 2023, a charged mob entered the police station located in the Nankana Sahib district of Punjab. They proceeded to violently attack and kill a man who was being detained there. This individual had been accused of desecrating the Holy Quran, and some local residents had accused him of engaging in witchcraft. After the Nankana Sahib incident, PM Shehbaz Sharif launched an investigation and voiced his concern about the police’s failure to prevent the charged mob from committing violence. However, in 2018, when Shehbaz Sharif was the Chief Minister of the Punjab province in Pakistan, he was observed inaugurating a new OPD block at the Services Hospital that was named after Ghazi Ilm-ud-din. The same individual who killed Raj Pal over an alleged blasphemy incident. This raises questions about the message that Shehbaz Sharif was sending by dedicating a building in honour of a murderer [21]. If a building can be named after Ghazi Ilm-ud-din, who was responsible for committing a murder in the name of blasphemy, then one could expect a building to also be named after Mumtaz Qadri, who committed a similar act. Khalid, or the charged mob that lynched an individual in the Nankana Sahib district. After all, all of them committed the same act of killing an alleged blasphemer. This kind of hypocrisy is concerning, where on one hand, there are actions being taken, but on the other hand, there are tributes being paid.",False,False,True,insufficient-supports,factly
factly_244_ret_bn_g4,factly_244,Mob lynched a Christian and set him on fire over blasphemy charges in Pakistan’s Nankana Sahib,SOCIAL MEDIA POST,"The mob lynching of Waris Ali, a man accused of blasphemy in Nankana Sahib, Pakistan, is going viral with claims that he was a man of Christian faith. BOOM found that these claims are false, and a spokesperson from the Nankana Sahib police station confirmed that Waris Ali was Muslim. On February 11, 2023, a mob stormed the Nankana Sahib police station after a man accused of blasphemy was held in custody there. According to Reuters, Waris Ali was taken into custody after a mob attacked him for desecrating the Quran, a serious offence in Pakistan. The mob brought Waris Ali out of custody, and proceeded to beat him to death and tried to set him ablaze. [...] Amid this, the video of a man set ablaze by an angry mob is going viral as the video from this incident. It is also being shared with the claim that Waris Ali was Christian. The caption reads, ""Another day, another #blasphemy lynching. Its #NankanaSahib the Mecca for Sikhs. A Christian Waris Issa, arrested for alleged desecration of Quran. Mad mob attacked Police Station, beat him, stripped him naked, dragged in the streets & set him on fire! Chanting ALLAH-O-AKBAR.""",False,False,True,refutes,factly
factly_245_ret_b11_gn,factly_245,A group of people getting electrocuted during Sri Ramanavami Procession for dancing in front of a Mosque.,SOCIAL MEDIA POST,HASSAN: Tension prevailed for a while at Megalakeri Extension of Channarayapatna town after a youth in a particular community allegedly stabbed two people during the procession of Rama Navami celebrations on Friday. SP Hariram Shankar said the incident occurred over ‘personal rivalry’. The injured have been identified as Muruli and Chetan of the same extension and they are undergoing treatment at taluk hospital. The incident occurred when the procession passed in front of a masjid where a group of youths was airing slogans against Sri Rama.,False,False,True,insufficient-refutes,factly
factly_245_ret_b6_gn,factly_245,A group of people getting electrocuted during Sri Ramanavami Procession for dancing in front of a Mosque.,SOCIAL MEDIA POST,Tamil Nadu: 11 people die after being electrocuted during procession,False,False,True,insufficient-supports,factly
factly_245_ret_b8_gn,factly_245,A group of people getting electrocuted during Sri Ramanavami Procession for dancing in front of a Mosque.,SOCIAL MEDIA POST,"2 groups clash, hurl stones over Ram Navami procession in front of Lucknow mosque The incident allegedly took place in a Lucknow village after a group of people played loud music in front of the mosque. [...] ALSO READ | 1 dead, several others injured during Ram Navami procession in Bengal's Dalkhola",False,False,True,insufficient-neutral,factly
factly_245_ret_bn_g0,factly_245,A group of people getting electrocuted during Sri Ramanavami Procession for dancing in front of a Mosque.,SOCIAL MEDIA POST,"A video showing a group of people being electrocuted by a high-tension wire has been circulating on social media. The post claims that the individuals were part of a group dancing to loud music in front of a mosque during a Sri Ramanavami procession and insinuates that the incident was divine punishment for their disrespectful behaviour. Let’s verify the claim made in the post. [...] According to the media reports (here and here), three men tragically lost their lives due to electrocution while performing stunts during a Ram Navami celebration in Kotra deep/Kodta deep Singh village of Kota district of Rajasthan on 30 March 2023. The incident occurred when seven individuals formed a human pyramid to retrieve a steel ring that was stuck in an overhead high-tension cable. As they attempted to remove the ring, the group received an electric shock. The victims have been identified as Abhishek, 24, Mahendra Yadav, 40, and Lalit Prajapat, 25, all residents of Baroda village. Four other individuals—Amit Mehar, 19, Himanshu, 21, Radhayshyam Mehra, 24, and Palendra Prajapat, 23—also suffered electrocution but survived. [...] To sum it up, the incident in which three people were electrocuted during Ram Navami celebrations in Rajasthan did not take place in front of a mosque.",False,False,True,refutes,factly
factly_2450,factly_2450,India’s National Anthem ‘Jana Gana Mana’ is declared by the UNESCO as the best anthem in the world.,FACEBOOK POST,UNESCO’s official website has a document saying that the news ‘Jana Gana Mana’ declared by the UNESCO as the best anthem in the world is a rumor. Hence the claim is FALSE,False,True,True,refutes,factly
factly_2450_ret_bn_g0,factly_2450,India’s National Anthem ‘Jana Gana Mana’ is declared by the UNESCO as the best anthem in the world.,FACEBOOK POST,"In March 2016, a message claiming that UNESCO had named India's ""Jana Gana Mana"" as the best anthem in the world began circulating on Facebook. This rumor was a reiteration of one that originated in 2008, when it was widely shared via e-mail: [...] ""We are aware of several blogs in India reporting this story, but can assure you that Unesco has made no such announcement concerning the anthem of India or any country,"" she wrote. Regardless of the original intent behind the spreading of this rumor, there is no truth to it. UNESCO has not named India's national anthem, or any other national anthem, to be the world's best:",False,False,True,refutes,factly
factly_2450_ret_bn_g6,factly_2450,India’s National Anthem ‘Jana Gana Mana’ is declared by the UNESCO as the best anthem in the world.,FACEBOOK POST,"An old debunked Facebook post was being shared by people again claiming that the Indian National Anthem ‘Jana Gana Mana’ was declared by UNESCO as the best anthem in the world. Let’s try to analyze it. [...] Fact: UNESCO’s official website has a document saying that the news ‘Jana Gana Mana’ declared by the UNESCO as the best anthem in the world is a rumor. Hence the claim is FALSE When visited the official UNESCO website , a document was found regarding various rumors and fake news spread across the world in the name of UNESCO. In that document it can be found that the news ‘Jana Gana Mana’ being declared as the world’s best anthem by UNESCO was one of the favorite rumors.",False,False,True,refutes,factly
factly_2450_ret_bn_g9,factly_2450,India’s National Anthem ‘Jana Gana Mana’ is declared by the UNESCO as the best anthem in the world.,FACEBOOK POST,"Another favourite Indian rumour involving UNESCO is the claim that India’s national anthem–Jana Gana Mana–has been declared the ""Best National Anthem In The World"". The fake news started in 2008 through email and then caught the UN agency’s attention. ""We are aware of several blogs in India reporting this story, but can assure you that UNESCO has made no such announcement concerning the anthem of India or any country,"" a UNESCO official toldIndia Today in 2008. [...] Congratulations!! ?Our National Anthem ""Jana Gana Mana. ""is now declared as ""THE BEST ANTHEM OF THE WORLD"" By UNESCO.!PROUD to be an INDIAN. [...] It isn't an independence day without ""UNESCO declared india's National Anthem the best"" message on whatsapp, especially on the family group.",False,False,True,refutes,factly
factly_2456,factly_2456,Payment of wages to workers within 15 days in 85% of the cases as compared to long delays in the past.,Govt .of India,The BJP government published an infographic on the 48-months portal making two claims relating to timely payments & women participation in the MGNREGS. This article is a fact check of these claims.,Half True,True,True,insufficient-neutral,factly
factly_2456_ret_b10_gn,factly_2456,Payment of wages to workers within 15 days in 85% of the cases as compared to long delays in the past.,Govt .of India,"Payment of wages – the rights and responsibilities of workers and employers [...] In most employment relationships, there is both an express and implied duty for the employer to pay their workers wages (unless the worker is in repudiatory breach of contract or has agreed to waive their contractual right to be paid for whatever reason). If the employer fails to pay a worker the full amount that they are owed under the contract then the employer has breached the terms of the contract. If this failure to pay wages is deliberate then this is a fundamental breach of contract and the worker can choose to terminate the contract of employment (and claim constructive unfair dismissal, if they are an employee and wish to do so). Alternatively, the worker can choose to waive the employer’s breach. If the failure to pay is a mistake on the employer’s part then there is probably not a fundamental breach of contract unless the employer’s conduct is repeated or unexplained. The obligation for the employer to pay the employee persists even if the employee is refused permission to come to work (i.e. for medical reasons, because of disciplinary suspension or if there is a work shortage).",Half True,False,True,insufficient-neutral,factly
factly_2456_ret_b3_gn,factly_2456,Payment of wages to workers within 15 days in 85% of the cases as compared to long delays in the past.,Govt .of India,"The BJP--whose leader Prime Minister Narendra Modi once said the MGNREGS was ""a living monument"" to the UPA’s policy failures--has now claimed ""payment of wages to workers within 15 days in 85% of the cases as compared to long delays in the past"" and ""highest ever participation of women in 2016-17 at 56%"". ""text-align: justify;"">Both the claims are true, as per government data (here and here), but the truth is more complicated: The 85% claim refers not to actual wages but a technical step in the payment process, and an independent study found less than a third were paid on time.Rural employment for rural development: Payment of wages to workers within 15 days in 85% of the cases as compared to long delays in the past.https://t.co/Vb2FwWPuks #SaafNiyatSahiVikas pic.twitter.com/3ShWmhHBed — BJP (@BJP4India) May 26, 2018 [...] The proportion of payments generated within 15 days almost doubled from 43% in 2016-17 to 85% the next year and increased two times between 2014-15 and 2017-18, according to the MGNREGS dashboard. The rise has been attributed to a Supreme Court order in 2016 to ensure timely payment of MGNREGS wages; the order put pressure on the government to pay wages on time.",Half True,False,True,supports,factly
factly_2456_ret_bn_g1,factly_2456,Payment of wages to workers within 15 days in 85% of the cases as compared to long delays in the past.,Govt .of India,"The first claim is that ‘payment of wages to workers within 15 days in 85% of the cases as compared to long delays in the past’. [...] As per the Government’s MIS system, timely payment of wages has been made in 84.52% cases in 2017-18. However, a research paper by Azim Premji University that analysed a large sample of this data concludes that only 32% of the wage payments have been made on time (payments reaching the wage seeker) contrary to the claims of 85%. [...] Fact: As per the Government’s MIS system, timely payment of wages has been made in 84.52% cases in 2017-18. However, a research paper by Azim Premji University that analysed a large sample of data concludes that only 32% of the wage payments have been made on time (payments reaching the wage seeker) contrary to the claims of 85%. Moreover, the government clarified in 2017 that the delays are calculated only until the Funds Transfer Order (FTO) is generated at the block/panchayat level. It does not take into account the actual receipt of the payment by the worker. Hence the claim is PARTLY TRUE.",Half True,False,True,insufficient-supports,factly
factly_2461,factly_2461,Congress party leaders sat before a banner that reads ‘…Chor Group Meeting.’,SOCIAL MEDIA POST,This is a digitally edited image. The original photo was taken during a Congress working committee meeting in 2019 which does not contain the text ‘…Chor Group Meeting’. Hence the claim made in the post is False.,False,True,True,refutes,factly
factly_2461_ret_b1_g2,factly_2461,Congress party leaders sat before a banner that reads ‘…Chor Group Meeting.’,SOCIAL MEDIA POST,"A photo of senior Indian National Congress leaders Sonia Gandhi, Rahul Gandhi and former Prime Minister Manmohan Singh is being shared by social media users against the background of an image with accompanying text which reads 'Chor Group Meeting' (thief group meeting). [...] The photograph in this report did not contain the words 'Chor Group Meeting'. [...] Evidently, the words 'Chor Group Meeting' were edited onto an old photo of a CWC meeting.",False,False,True,refutes,factly
factly_2461_ret_b4_gn,factly_2461,Congress party leaders sat before a banner that reads ‘…Chor Group Meeting.’,SOCIAL MEDIA POST,"Congressional leaders are responsible for developing the party’s agenda, promoting party unity, communicating with national press, liaising with the Executive Branch, and defending and increasing the number of seats the party holds. Party leadership hierarchies have developed over the years, originating first as informal positions which were then formalized and expanded upon.",False,False,True,insufficient-neutral,factly
factly_2461_ret_bn_g0,factly_2461,Congress party leaders sat before a banner that reads ‘…Chor Group Meeting.’,SOCIAL MEDIA POST,"A photo is doing rounds on social media in which leaders of the congress party can be seen seated in front of a banner that reads ‘…Chor Group Meeting.’ The text on this viral photo mentions that ‘Core’ was misspelled as ‘Chor’, and none of the leaders realized the mistake. Let’s fact-check this claim through this article. [...] Fact: This is a digitally edited image. The original photo was taken during a Congress working committee meeting in 2019 which does not contain the text ‘…Chor Group Meeting’. Hence the claim made in the post is False. [...] To sum up, this photo featuring Congress party leaders with a banner reading ‘Chor Group Meeting’ is digitally manipulated.",False,False,True,refutes,factly
factly_2461_ret_bn_g17,factly_2461,Congress party leaders sat before a banner that reads ‘…Chor Group Meeting.’,SOCIAL MEDIA POST,"An image constituting senior leaders of the Indian National Congress (INC) is being shared on social media. The picture shows INC leaders Sonia Gandhi, Rahul Gandhi, former Prime Minister Dr Manmohan Singh, and other members chairing an event. The banner in the background reads, ""भारतीय राष्ट्रीय कांग्रेस Indian National Congress Chor Group Meeting."" (Chor=Thief) [...] A background banner from an Indian National Congress event reads, ""Chor Group Meeting."" (Chor=Thief) [...] Clearly, the shared image is morphed, and the text ""Chor Group Meeting"" is added here with the help of editing tools.",False,False,True,refutes,factly
factly_2464_ret_b13_g2,factly_2464,BBC removes Kashmir from the Indian map,SOCIAL MEDIA POST,"The maps failed to show the divided territory of Kashmir as a disputed region, Indian media reports say. [...] Most maps depict Kashmir as a disputed region provisionally split into areas under Indian and Pakistani control. [...] The move comes after Delhi reportedly raised objections with the US that the India map ignored India's claim on Kashmir while the corresponding map of Pakistan showed Pakistani-controlled Kashmir as part of Pakistan without acknowledging its disputed status, according to Indian media reports.",False,False,True,insufficient-refutes,factly
factly_2464_ret_b4_gn,factly_2464,BBC removes Kashmir from the Indian map,SOCIAL MEDIA POST,"The conundrum over the BBC documentary is still aflame and gets in yet another controversy anchored on the world’s leading public service broadcaster. Twitter users were quick to notice the faux pas from BBC as the broadcasting agency placed a truncated map of India without Kashmir on their website. BBC removes Kashmir from Indian Map pic.twitter.com/aCRVkstdRn — Rishi Bagree (@rishibagree) January 30, 2023 It was just days before that Anil Antony, son of veteran leader AK Antony apprehended the BBC documentary on PM Modi, much to the chagrin of fellow congress workers. Anil faced a flurry of threats following which he resigned from congress. Albeit resigning, Anil never pulled back any punches and slammed BBC, by sharing on his Twitter page pictures from 2020 showing the news broadcasters' website using an Indian map devoid of Kashmir.",False,False,True,supports,factly
factly_2464_ret_bn_g6,factly_2464,BBC removes Kashmir from the Indian map,SOCIAL MEDIA POST,"Twitter India boss in police case over Kashmir map [...] The map, which has now been removed, did not include Jammu and Kashmir, and Ladakh as part of India in the ""Tweep Life"" section of Twitter on Sunday.",False,False,True,insufficient-supports,factly
factly_2464_ret_bn_g7,factly_2464,BBC removes Kashmir from the Indian map,SOCIAL MEDIA POST,"An old screenshot taken from a BBC News video story, which shows a map of India excluding Jammu and Kashmir, has been revived amidst calls to ban the broadcaster's two-part documentary on Prime Minister Narendra Modi. [...] Against this backdrop, a screenshot of BBC's website showing a map of India minus Jammu and Kashmir, is circulating on Twitter. [...] The same screenshot was tweeted by Rishi Bagree with the caption, ""BBC removes Kashmir from Indian Map."" Click here to view the tweet's archive.",False,False,True,insufficient-supports,factly
factly_2475,factly_2475,Scenes of protesters firing machine guns during recent clashes in Manipur,SOCIAL MEDIA POST,"This video is old and unrelated to the recent Manipur clashes, as it has been circulating online since 2019 on various Spanish-related Facebook and Instagram channels. Therefore, the claim made in the post is FALSE.",False,True,True,refutes,factly
factly_2475_ret_b10_gn,factly_2475,Scenes of protesters firing machine guns during recent clashes in Manipur,SOCIAL MEDIA POST,"As armed clashes ramped up on Thursday, social media footage showed masked gunmen, apparently affiliated with the protesters, firing RPGs and AK-47s from alleyways and from behind garbage dumps and street barriers.",False,False,True,insufficient-supports,factly
factly_2475_ret_bn_g0,factly_2475,Scenes of protesters firing machine guns during recent clashes in Manipur,SOCIAL MEDIA POST,"Amid the recent violent clashes in Manipur, a video showing people firing bullets from machine guns is being circulated on social media with the claim that it depicts the ongoing conflict. Let’s verify the claim made in the post. [...] The Manipur clashes are centred around the demand for Scheduled Tribe (ST) status for the non-tribal Meitei community. The unrest began when the BJP-led government launched an eviction drive in February, which some saw as targeting a specific tribal group. Protests escalated on May 3 after the Manipur High Court directed the state to pursue a 10-year-old recommendation to grant ST status to the Meitei community. Tribal groups oppose this move, fearing a loss of job opportunities and the possibility of the Meiteis acquiring land in the hills, pushing the tribals out. The situation intensified with violent protests, arson, and a death on May 3 and 4 following a ""tribal solidarity rally"" against the move to include the Meiteis in the ST list. In response, the government deployed the army to regain control of the situation. Consequently, the video in question predates the recent violent clashes that unfolded in Manipur. We contacted the previous uploaders of the video to determine if it is from a video game or a real incident and if it is indeed real, to gather more information, such as the location and context of the firing. This article will be updated accordingly once the necessary information is obtained.",False,False,True,insufficient-neutral,factly
factly_2475_ret_bn_g18,factly_2475,Scenes of protesters firing machine guns during recent clashes in Manipur,SOCIAL MEDIA POST,"Manipur Police has procured machine guns, but why? [...] Amid the escalation in attacks by militants on civilian targets, Manipur Police has procured medium machine guns (MMGs), and sought the Indian Army's help in training its personnel for their use. The upgrade of the arsenal by Manipur Police with military-grade sophisticated weapons is raising some questions. [...] ""@BJP4India Government approved the use of Medium Machine Guns (MMG) for the communal Police Commandos in the already violence escalation state, Manipur. Let's wait for how it deploys and on whom,"" posted Haokip on September 6.",False,False,True,insufficient-supports,factly
factly_2476_ret_bn_g4,factly_2476,Document mentioning certain bizarre conditions under which Pakistan’s former PM Imran Khan was arrested.,SOCIAL MEDIA POST,"Imran Khan: What led to charismatic Pakistan PM's downfall Imran Khan has been ousted as Pakistan's prime minister after a vote of no confidence in parliament. But what led to his downfall? [...] Imran Khan's supporters blame global conditions, but public resentment against him has been rising. ""The Sharifs might've filled themselves up, but at least they got work done,"" has become a common grumble.",False,False,True,insufficient-neutral,factly
factly_2478_ret_b15_gn,factly_2478,India ranked 9th on the foreign direct investment (FDI) inflows in 2016 – World Investment Report 2017.,Govt. of India,"Key information about India Foreign Direct Investment India Foreign Direct Investment (FDI) increased by 8.4 USD bn in Dec 2023, compared with an increase of 3.1 USD bn in the previous quarter. See the table below for more data. Explore the most complete set of 6.6 million time series covering more than 200 economies, 20 industries and 18 macroeconomic sectors.",Half True,False,True,insufficient-neutral,factly
factly_2478_ret_b16_gn,factly_2478,India ranked 9th on the foreign direct investment (FDI) inflows in 2016 – World Investment Report 2017.,Govt. of India,"Foreign Direct Investment (FDI) is a stable means of financing capital requirements of a growing economy and both developed and emerging economies have made major efforts for augmenting the information base on FDI at market value. In India, major advancements have been made in this regard with the implementation of the Co-ordinated Direct Investment Survey (CDIS) of the International Monetary Fund (IMF) and compilation of Foreign Affiliate Trade Statistics (FATS). The empirical results from the analysis of key factors influencing FDI inflows indicate that trade openness, economic growth, market size, labour cost and capital account openness of the host countries are major determinants of FDI flows. [...] During the last decade, India focused on increasing FDI inflows and introduced a comprehensive FDI liberalisation strategy. During 2015, FDI rules were relaxed in 15 major sectors which include agriculture, civil aviation, construction, defence, manufacturing and mining. In 2016, direct investment regulations were amended further to encourage foreign investment in start-ups and liberalise the investment regime for foreign venture capital investors. During 2019, restrictions on foreign investment in single-brand retail trading, airlines and power exchanges were relaxed. In the beginning of 2020, FDI policy for e-commerce was liberalised in order to safeguard the interests of domestic offline retailers. [...] The reform made a positive foreign investment climate in India and helped in increasing growth in FDI inflows mainly due to strong investment in top three industry recipients viz., ‘manufacturing’, ‘communication’ and ‘financial services’. FDI inflows into India demonstrate increasing trend during 2014-15 to 2018-19 (Chart 4).",Half True,False,True,insufficient-neutral,factly
factly_2478_ret_b18_gn,factly_2478,India ranked 9th on the foreign direct investment (FDI) inflows in 2016 – World Investment Report 2017.,Govt. of India,"Foreign Direct Investment (FDI) is the investment through capital instruments by a person resident outside India - (a) in an unlisted Indian company OR - (b) in 10 per cent or more of the post-issue paid-up equity capital on a fully diluted basis of a listed Indian company. [...] FDI inflows in India increased to $55.56 bn in 2015-16, $60.22 billion in 2016-17, $60.97 bn in 2017-18, and $62.00 bn (provisional figure) in 2018-19. India has attracted around $74 bn investments across sectors during 2019-20. [...] Foreign Direct Investment in India: Top Countries (2000-2019)",Half True,False,True,insufficient-supports,factly
factly_2478_ret_b7_gn,factly_2478,India ranked 9th on the foreign direct investment (FDI) inflows in 2016 – World Investment Report 2017.,Govt. of India,"Recipients [edit]The World Investment Report 2020 by the UN Conference on Trade and Development (UNCTAD) said that India was the 9th largest recipient of FDI in 2019, with $51 billion of inflow during the year, an increase from $42 billion of FDI received in 2018, when India ranked 12 among the top 20 host economies in the world. In the "" Development Asia"" region, India was among top 5 host economies for FDI. The report said that global FDI flows are forecast to decrease by up to 40% in 2020, from their 2019 value of US$1.54 trillon. According to Financial Times, in 2015 India overtook China and United States as the top destination for the FDI. In first half of 2015 India attracted investment of $31 billion compared to $28 billion and $27 billion of China and US respectively. Data for 2019–2020 indicates that services sector attracted the highest FDI equity inflow of US$7.85 billion, followed by computer software and hardware at US$7.67 billion, telecommunications sector at US$4.44 billion, and trading at US$4.57 billion. [...] India was ranking 15th in the world in 2013 in term of FDI inflow, it rose up to 9th position in 2014[17][unreliable source?] while in 2015 India became top destination for foreign direct investment.[18] The Department for Promotion of Industry and Internal Trade and Invest India has developed the India Investment Grid (IIG) which provides a pan-India database of projects from Indian promoters for promoting and facilitating foreign investments.",Half True,False,True,supports,factly
factly_2480_ret_b10_gn,factly_2480,"Special banking arrangement of Rs. 10,000 crores to clear fertilizer subsidy dues.",Govt. of India,"The Cabinet Committee on Economic Affairs (CCEA) has accorded the ex-post facto approval for implementation of Special Banking Arrangement (SBA) for Rs 10,000 crore for payment of outstanding claims on account of fertilizer subsidy in the year 2016-17, an official statement said here on Wednesday. [...] ""Under the SBA, a total loan of Rs 9,969 crore for settlement of outstanding subsidy bills with SBI was raised by the government. The loan amount along with interest liability on the part of government amounting to Rs 80.90 crore was paid to State Bank of India,"" the statement said. The SBA for an amount of Rs. 10,000 crore for the year 2016-17 has already been implemented/ operationalised to overcome the liquidity problems of the fertilizer companies, it added.",True,False,True,supports,factly
factly_2480_ret_b7_gn,factly_2480,"Special banking arrangement of Rs. 10,000 crores to clear fertilizer subsidy dues.",Govt. of India,"CCEA approves Special Banking Arrangement for payment of outstanding subsidy to fertilizer The Cabinet Committee on Economic Affairs (CCEA) approved implementation of Special Banking Arrangement (SBA) for Rs. 10,000 crore for payment of outstanding claims on account of fertilizer subsidy in year 2016-17. CCEA chaired by Prime Minster Narendra Modi also approved that in future, Department of Fertilizers will avail SBA with concurrence of Department of Expenditure, Ministry of Finance. [...] Accordingly, SBA was worked out with State Bank of India (SBI) for an amount of Rs. 10,000 crore to meet outstanding subsidy claims of fertilizer companies. The loan together with Government interest thereon has been repaid from BE 2017-18 within the sanctioned budget.",True,False,True,supports,factly
factly_2480_ret_b9_gn,factly_2480,"Special banking arrangement of Rs. 10,000 crores to clear fertilizer subsidy dues.",Govt. of India,"Special Banking Arrangement (SBA) for payment of outstanding subsidy [...] The Cabinet Committee on Economic Affairs chaired by the Prime Minister Shri Narendra Modi, has accorded the ex-post facto approval for implementation of Special Banking Arrangement (SBA) for Rs. 10,000 crore for payment of outstanding claims on account of fertilizer subsidy in the year 2016-17. CCEA has also approved that, in future, Department of Fertilizers would avail the SBA with the concurrence of Department of Expenditure. [...] Government is making available fertilizers, namely Urea and 21 grades of P&K fertilizers to farmers at subsidized prices through fertilizer manufacturers/importers. For making funds available to the fertilizer companies against their subsidy claims, Ministry of Finance had approved SBA for an amount of Rs. 10,000 crore with Government interest liability limited to G-Sec rate. Accordingly, an SBA was worked out with SBI for an amount of Rs. 10,000 crore to meet the outstanding subsidy claims of fertilizer companies. The loan together with Government interest thereon has been repaid from BE 2017-18 within the sanctioned budget.",True,False,True,supports,factly
factly_2480_ret_bn_g1,factly_2480,"Special banking arrangement of Rs. 10,000 crores to clear fertilizer subsidy dues.",Govt. of India,"(10) DIRECT BENEFIT TRANSFER SCHEME IN FERTILIZER SUBSIDY SCHEME AND ITS EEXPECTED BENEFITS TO FARMERS: - · The Pilot project has been implemented in 17 districts out of the projected 19 districts. [...] 11.)Special Banking Arrangement (SBA) of Rs. 10,000 crores has been approved in Budget 2017 to clear fertilizer subsidy dues. Cabinet Committee on Economic Affairs (CCEA) chaired by the Prime Minister Shri Narendra Modi, has accorded the ex-post facto approval for implementation of SBA.",True,False,True,supports,factly
factly_2487,factly_2487,Recent picture of US President Joe Biden having ice cream in Ukraine’s capital city Kyiv,SOCIAL MEDIA POST,"The post shared a digitally altered image created by merging a picture of Kyiv’s street food centre and an old image of Joe Biden taken while he was eating ice cream during his visit to Ohio in May 2021. Hence, the claim made in the post is False.",False,True,True,refutes,factly
factly_2487_ret_b14_gn,factly_2487,Recent picture of US President Joe Biden having ice cream in Ukraine’s capital city Kyiv,SOCIAL MEDIA POST,"10 incredibly important photos of Joe Biden eating ice cream [...] Biden's love of ice cream has gotten the president all giddy, too. They haven't even purchased it yet and they already can't control their excitement. The most famous Biden-with-ice-cream photo.",False,False,True,insufficient-neutral,factly
factly_2487_ret_bn_g0,factly_2487,Recent picture of US President Joe Biden having ice cream in Ukraine’s capital city Kyiv,SOCIAL MEDIA POST,"A photo is being shared on social media claiming it is a recent picture showing US President Joe Biden eating ice cream in Kyiv, the capital of Ukraine. The post claims that the picture was taken during Joe Biden’s recent visit to war-torn Ukraine. Let’s verify the claim made in the post. [...] Fact: The post shared a digitally altered image created by merging a picture of Kyiv’s street food centre and an old image of Joe Biden taken while he was eating ice cream during his visit to Ohio in May 2021. Hence, the claim made in the post is False. [...] To sum it up, a digitally-altered image was shared as a recent picture of Joe Biden having ice cream in Ukraine.",False,False,True,refutes,factly
factly_2487_ret_bn_g10,factly_2487,Recent picture of US President Joe Biden having ice cream in Ukraine’s capital city Kyiv,SOCIAL MEDIA POST,"A morphed photo showing United States President Joe Biden eating an ice cream cone in front of a take-away counter in Kyiv, Ukraine has gone viral on social media. [...] The photo of Biden having an ice cream outside a restaurant in Kyiv soon went viral with several sarcastic takes and many users actually falling for the morphed image. [...] The same photo is being widely shared on Facebook with one of the captions reading, ""This is a COOL pic of President Biden enjoying an ice cream cone, a chocolate one, in Kyiv, Ukraine!""",False,False,True,insufficient-refutes,factly
factly_2488,factly_2488,Recent picture of Deepika Padukone posing in saffron-coloured heels,SOCIAL MEDIA POST,"The post shared Deepika Padukone’s old photo taken at the Cannes International Film Festival in 2019. The photo is old and has nothing to do with the ongoing controversy over Shah Rukh Khan and Deepika Padukone’s starrer film ‘Pathaan’. Hence, the claim made in the post is FALSE.",False,True,True,refutes,factly
factly_2488_ret_b16_gn,factly_2488,Recent picture of Deepika Padukone posing in saffron-coloured heels,SOCIAL MEDIA POST,"BHOPAL: More than a month before its release, the Shah Rukh Khan-Deepika Padukone starrer much awaited Bollywood film, ‘Pathaan,’ has landed into trouble in BJP-ruled Madhya Pradesh, due to the saffron coloured costume worn by the film’s lead lady in the song, Besharam Rang.’ Peeved over Deepika Padukone wearing a saffron coloured bikini towards the end of the song (first track of the 2023 movie) whose video was released recently, the MP’s Home, Jail and Law Minister Narottam Mishra said on Wednesday, ""The costume used in the song is highly objectionable. The filming of the song in such a manner reveals a polluted mindset."" [...] ""Since the song is titled ‘Besharam Rang,’ does that mean that saffron colour is shameless? The objectionable scenes in the concerned song should be banned or deleted at the earliest."" The MP Congress’s media wing vice-president Bhupendra Gupta mocked the MP home minister on the issue.",False,False,True,insufficient-contradictory,factly
factly_2488_ret_bn_g0,factly_2488,Recent picture of Deepika Padukone posing in saffron-coloured heels,SOCIAL MEDIA POST,"Amid the controversy over Deepika Padukone’s saffron-coloured costume in ‘Besharam Rang’ song in ‘Pathaan’, a photo is being shared on social media claiming it as a recent picture showing Deepika Padukone wearing saffron-coloured heels. In the wake of Bajrang Dal activists vandalising ‘Pathaan’ posters at a multiplex in Ahmedabad, this post claims that Deepika Padukone had countered protestors by publishing this picture of her wearing saffron-coloured heels. Let’s verify the claim made in the post. [...] On 17 May 2019, Deepika Padukone’s stylist Shaleena Nathani shared the same picture of Deepika Padukone taken at the 2019 Cannes Film Festival. Lately, Deepika Padukone did not pose for any photo wearing saffron-coloured heels. To sum it up, Deepika Padukone’s old photo taken at the 2019 Cannes Film Festival is being linked to the ongoing row over her saffron-coloured costume in Pathaan film.",False,False,True,insufficient-refutes,factly
factly_2488_ret_bn_g16,factly_2488,Recent picture of Deepika Padukone posing in saffron-coloured heels,SOCIAL MEDIA POST,"These guys are obsessed with women’s clothes and their entire weltanschauung seems to revolve around them. First it was jeans and tops in colleges, then salwar-kameez, then the hijab and burqua, and now its the bikini. They just can’t seem to make up their weakened minds about what women should wear. And it’s not just the garment, it’s also its colour. Deepika’s saffron bikini has caused them huge offence (though I personally felt that the sight of her in that thong on the beach resembled a golden Aphrodite rising from the waves, but then I’m aware that not many of these bikini watchers have a flair for Greek mythology). Which too would have been fine and not occasioned a mass migration: my PIO respondents said they could live without saffron underwear, but the question that arose was- which colour underwear could they then wear without raising any, well, hackles (to put it politely)?",False,False,True,insufficient-contradictory,factly
factly_2488_ret_bn_g2,factly_2488,Recent picture of Deepika Padukone posing in saffron-coloured heels,SOCIAL MEDIA POST,"A photograph of Bollywood actor Deepika Padukone, wearing a blue and white stripped pant suit with saffron-coloured footwear, has gone viral. [...] The claim: People shared the image to claim that she wore a saffron shoe recently to mock the people who have been protesting against the movie. [...] Conclusion: Deepika Padukone didn't pose in saffron shoes to mock the 'Boycott Pathaan' trend. The viral image is from 2019, before the outrage against the movie began.",False,False,True,refutes,factly
factly_2489,factly_2489,Modi government reconstructed the Sharda Peeth temple situated in PoK,SOCIAL MEDIA POST,"Union government reconstructed the Sharda Devi temple located in Kupwara, on the Indian side of LoC, whereas the Sharda Peeth is in PoK and has been inaccessible for Indian pilgrims since 1947. The post wrongly compares images of Sharda Peeth with that of the newly constructed Sharda Devi temple. There could at least be 40-50 km distance between these two temples. Hence the claim made in the post is FALSE.",False,True,True,refutes,factly
factly_2489_ret_b2_g1,factly_2489,Modi government reconstructed the Sharda Peeth temple situated in PoK,SOCIAL MEDIA POST,"Home Minister Amit Shah said on March 22 that the government will move forward to open Sharda Peeth on the lines of the Kartarpur corridor. Sharda Peeth, a revered site for the Hindu community, is located in Neelum Valley in Pakistan Occupied Kashmir (PoK) across Teetwal village in Kupwara district of Jammu and Kashmir, along the Line of Control (LoC). [...] He said the architecture and construction of the temple have been done according to mythological scriptures under the aegis of Sharda Peeth. The idol of Sharda Maa was donated by the Sringeri Math on January 24 and has been installed here, he added. ""The reconstruction of Maa Sharda’s temple in Kupwara is a necessary and important step in the direction of discovery of Sharda-civilisation and promotion of Sharda-script. Once upon a time, Sharda Peeth was considered the centre of knowledge in the Indian subcontinent, scholars from all over the country used to come here in search of scriptures and spiritual knowledge. Sharda script is the original script of our Kashmir, which has been named after Maa Sharda,"" he said.",False,False,True,insufficient-supports,factly
factly_2489_ret_bn_g14,factly_2489,Modi government reconstructed the Sharda Peeth temple situated in PoK,SOCIAL MEDIA POST,"Srinagar (Jammu and Kashmir) – Amit Shah, Union Home Minister, inaugurated ancient Shri Sharada temple (Sharada Peeth) that was restored recently, in an online event on 22nd March. The temple is located in Teetwal of the Karnah sector near LoC, in the State of Jammu and Kashmir. It is 30 km away from Kupwara. For several decades, the temple was in ruins. Amit Shah said during the event, ‘Similar to the Kartarpur corridor, our Government is working on building a road to Shri Sharada temple. Since the abrogation of article 370, Kashmir’s ancient culture and traditions are being restored. Sharada Peeth is a historical centre of India’s cultural, religious and academic heritage. Once upon a time, the Sharada Peeth was the centre of knowledge in this subcontinent. Scholars across the country used to visit here to gain spiritual knowledge. The Idol of goddess has been installed here before the ‘Chaitra Navaratri’. This is not just the restoration of a temple but the beginning of research about the Sharada civilization. This is one of the Shakti Peethas. Mother Sati’s left hand had fallen here. The Amrut found during the Samudra Manthan (churning of the ocean) was also brought here. Two drops of the Amrut fell here and they stayed in the form of an Idol. Adi Shankaracharya also visited this place and praised goddess Shri Saraswati’.",False,False,True,insufficient-supports,factly
factly_2489_ret_bn_g2,factly_2489,Modi government reconstructed the Sharda Peeth temple situated in PoK,SOCIAL MEDIA POST,"On March 22, Union Home Minister Amit Shah said that the government will move forward to open Sharda Peeth on the lines of the Kartarpur corridor. And on April 1, the government of Pakistan Occupied Kashmir proposed that Kashmiri Pandits and Hindus living in India should be allowed to visit the historic Sharda Peeth temple situated in the PoK, echoing Shah’s plan. Sharda Peeth, an important pilgrimage site for Hindus, is located in the Neelum Valley of PoK in close proximity to the village of Teetwal in the Kupwara district of Jammu and Kashmir, right along the Line of Control (LoC). [...] ""The reconstruction of Maa Sharda’s temple in Kupwara is a necessary and important step in the direction of discovery of Sharda-civilisation and promotion of Sharda-script,"" Amit Shah said while underlining the significance of the corridor. ""Once upon a time, Sharda Peeth was considered the centre of knowledge in the Indian subcontinent. Scholars from all over the country used to come here in search of scriptures and spiritual knowledge. Sharda script is the original script of our Kashmir, which has been named after Maa Sharda.""",False,False,True,insufficient-supports,factly
factly_268,factly_268,TRS MLA Harish Rao set to join BJP.,FACEBOOK POST,"At the end of the newspaper article, it is written that readers are advised to remember this is April Fool’s Day. Also, Harish Rao countered the claim by terming it as ‘fake news’ on his Twitter account. So, the claim made in the post is FALSE.",False,True,True,refutes,factly
factly_268_ret_b5_gn,factly_268,TRS MLA Harish Rao set to join BJP.,FACEBOOK POST,"Hyderabad: Fed up of being sidelined, top TRS leader T. Harish Rao is said to be seriously considering plans to move to the BJP on an invitation from top leaders of the party. [...] Mr Harish Rao is expected to make his move after the Lok Sabha election results. The BJP wants to build a strong base in the southern states and Mr Harish Rao’s presence in its ranks could give it a strong footing in Telangana state. The BJP has of late begun attracting leaders to its fold. With the withering away of the Congress, it could emerge as the alternative, with the support of Mr Harish Rao and his team from the TRS.",False,False,True,insufficient-supports,factly
factly_268_ret_bn_g1,factly_268,TRS MLA Harish Rao set to join BJP.,FACEBOOK POST,"A post with a newspaper article link is being shared on Facebook by many users claiming that Harish Rao, a TRS MLA, is going to join BJP. Let’s try to analyze the claim made in the post. [...] Harish Rao reacted to this news by tweeting through his official Twitter account. He termed the article as ‘fake news’ and also, asked the outlet which published this article to issue an apology. Finally, TRS MLA Harish Rao is not joining BJP. It’s just an April Fool prank.",False,False,True,refutes,factly
factly_268_ret_bn_g13,factly_268,TRS MLA Harish Rao set to join BJP.,FACEBOOK POST,"They also took TRS legislator T Harish Rao, BJP MLA G Kishan Reddy and party leader K Laxman ‘‘hostage.’’ They relented only after the Telangana Joint Action Committee leaders announced that all MLAs from the region would have to resign by Wednesday. They let doctors conduct posHYDERABAD: After a brief lull, the Telangana movement picked up steam again on Tuesday with the alleged suicide of an MCA student on the Osmania University campus. [...] The Joint Action Committee (JAC) of Telangana leaders from all political parties held an emergency meeting at a hotel here in Vidyanagar soon after news of the student’s death spread and decided to advance its ‘‘deadline’’ for all public representatives in the region to resign, from Jan 28 to Jan 20. The JAC also decided to bring pressure on Speaker N Kiran Kumar Reddy to accept T legislators’ resignations from Thursday. But apparently keen on staying one step ahead of the others, Telangana Rashtra Samiti (TRS) MLAs marched to Kiran Kumar Reddy’s residence demanding that their resignations be accepted. They also staged a demonstration at his residence only to be arrested by the police. They were later let off.",False,False,True,insufficient-refutes,factly
factly_268_ret_bn_g19,factly_268,TRS MLA Harish Rao set to join BJP.,FACEBOOK POST,"At the same time in Tarnaka, TJAC chairman Prof M Kodandaram was cutting green chillies to help out his family members. TRS MLA Harish Rao and P Vishnuvardhan Reddy ate food in the backdrop of Hitech city. Vijayashanthi, who represents Medak district in Lok Sabha, tried her hand at frying 'vadiyalu'. She later offered them to Harish Rao who was appreciative of her culinary talents. Bharatiya Janata Party (BJP) senior leader Bandaru Dattatreya and suspended Telugu Desam Party (TDP) MLA Nagam Janardhan Reddy had 'pulihora' at Gunpark.",False,False,True,insufficient-neutral,factly
factly_276,factly_276,"Under the UPA II, the average annual MSP growth rate was 19.3%, under the NDA government; this has fallen to 3.6%",Dr.Manmohan Singh,A press release issued in the name of former Prime Minister Dr. Manmohan Singh on 07th May 2018 mentioned about the MSP growth rates during the UPA II and the current NDA government. We fact check the claim.,True,True,True,insufficient-neutral,factly
factly_276_ret_b0_gn,factly_276,"Under the UPA II, the average annual MSP growth rate was 19.3%, under the NDA government; this has fallen to 3.6%",Dr.Manmohan Singh,"Data for each indicator was sourced from national and international databases, including the World Bank, the IMF, and national statistical agencies, such as the CMIE. The comparison spans two regimes: UPA's (starting in 2004) and NDA's (starting in 2014). Data was captured using either Financial Year (from April 1 to March 31) or Calendar Year (from January 1 to December 31), depending on the availability of data. The regimes were compared based on these indicators' absolute values and rate of change. While insightful, it's imperative to note that these indicators are influenced by various factors, including global trends and policy changes, and should be interpreted within a broader context.",True,False,True,insufficient-neutral,factly
factly_276_ret_b19_gn,factly_276,"Under the UPA II, the average annual MSP growth rate was 19.3%, under the NDA government; this has fallen to 3.6%",Dr.Manmohan Singh,"Home / Economy / News / NDA govt's growth rate lower than UPA's 10-year average: Chidambaram NDA govt's growth rate lower than UPA's 10-year average: Chidambaram [...] Congress leader P Chidambaram on Saturday took a swipe at the NDA government for claiming that the growth rate was better in its rule, saying it was lower than UPA's 10 years average and was going downward.",True,False,True,insufficient-supports,factly
factly_276_ret_b6_gn,factly_276,"Under the UPA II, the average annual MSP growth rate was 19.3%, under the NDA government; this has fallen to 3.6%",Dr.Manmohan Singh,"Official data on the real economy under the NDA regime has been criticised from several quarters for overestimating its own macroeconomic performance and undervaluing that of the UPA regime. Even then, the simple truth which is evident from the official data is that on average, real GDP growth was at least one percentage point higher during the UPA decade than that of the NDA (See Table 2). Not only did the deep slump following the pandemic and lockdown cause major disruption during NDA-II, but slowdown in the economy was already evident under NDA-I after the successive policy shocks of demonetisation and GST rollout. The UPA era had also witnessed the global financial crisis and consequent worldwide recession in 2008-09, which was also a major external shock. [...] The most problematic aspect of UPA era’s growth process was the high inflation that accompanied it, particularly the double digit food inflation (Table 2). The new series of CPI data reflect a sharp decline in the overall consumer inflation rate by the end of NDA-I’s tenure to 3.4%, but a resumption of the inflationary trend under NDA-II, averaging around 6% annually. As was the case with the UPA regime, NDA too has relied upon the Reserve Bank of India to try and control inflation by raising its policy interest rate and managing liquidity.",True,False,True,insufficient-contradictory,factly
factly_281,factly_281,"A woman gets garlanded, and kisses are blown at her while joining the Congress party in Karnataka",SOCIAL MEDIA POST,"The video features Odisha Congress MLA Taraprasad Bahinipati and his wife, Meenakshi Bahinipati, and neither of them is associated with the Karnataka Congress. Hence the claim made in the post is False.",False,True,True,refutes,factly
factly_281_ret_bn_g0,factly_281,"A woman gets garlanded, and kisses are blown at her while joining the Congress party in Karnataka",SOCIAL MEDIA POST,"A video is being circulated on social media in which a man garlands a woman and then blows kisses at her. A social media post sharing this video describes it as a unique way a woman is honoured for joining Congress in Karnataka. Let’s fact-check this claim through this article. [...] Upon investigation, it was found that the video shows Tara Prasad Bahinipati, an MLA from Odisha, garlanding his wife, Meenakshi Bahinipati, and blowing kisses at her. [...] To sum up, this post wrongly identifies the woman in this video as a Congress minister from Karnataka; she is a Congress leader from Odisha.",False,False,True,insufficient-refutes,factly
factly_281_ret_bn_g15,factly_281,"A woman gets garlanded, and kisses are blown at her while joining the Congress party in Karnataka",SOCIAL MEDIA POST,"Later, around 20 BJP women parliamentarians led by Union Minister of State for Agriculture Shobha Karandlaje complained to the Speaker and demanded stringent action against the Wayanad MP. The leader from Karnataka alleged that Gandhi blew a kiss at Irani and other women MPs. [...] Karandlaje said he left after throwing the kiss. ""After blowing a flying kiss towards Smriti Irani and all the other women members, he went away. This is a inappropriate, indecent behaviour. Senior members told us that such an incident had never happened in the history of Parliament. So, we filed a complaint with the Speaker, urging him to take the CCTV footage and initiate action against the MP,"" she said. [...] ""Throughout the Bharat Jodo Yatra — those who joined it and watched it — were all giving it (flying kiss) as a symbol of love and affection,"" Congress general secretary (organisation) KC Venugopal said.",False,False,True,supports,factly
factly_2813_ret_b10_gn,factly_2813,A woman can choose whether the name in the passport should be of her mother or the father and not both parents.,Narendra Modi,"""Now women won’t have to give their divorce or marriage certificates while applying for a passport. It will be up to a woman on whether she would like to use her mother’s or father’s name."" [...] The second half of the statement made by the Prime Minister was, ""It’ll be their discretion to use their father or mother’s name in the passport."" ""It is entirely up to the woman to choose between her mother’s and her father’s name in the passport. The statement had nothing to do with retaining her maiden name.""",True,False,True,supports,factly
factly_2813_ret_b2_gn,factly_2813,A woman can choose whether the name in the passport should be of her mother or the father and not both parents.,Narendra Modi,"Exclusion of father/mother name from passport of minor in single parent custody 1. The online passport application form now permits that an applicant may provide the name of father or mother or legal guardian, i.e., only one parent and not both. This would enable single parents to apply for passports for their children and get passport(s) issued where the name of either the father or the mother is not required to be printed at the request of the applicant. [...] (a) A self-declaration on a plain paper stating that he/she does not want to have biological father/mother’s name on his/her passport and instead of that, the name of the step father/mother be mentioned against the column of father’s/mother’s name. The applicant also has to declare that in future if there is litigation, the entire onus to defend such a case will be on him/her.",True,False,True,supports,factly
factly_2813_ret_b8_gn,factly_2813,A woman can choose whether the name in the passport should be of her mother or the father and not both parents.,Narendra Modi,"""Now women won’t have to give their divorce or marriage certificates while applying for a passport. It will be up to a woman on whether she would like to use her mother’s or father’s name."" [...] The second half of the statement made by the Prime Minister was, ""It’ll be their discretion to use their father or mother’s name in the passport."" It is entirely up to the woman to choose between her mother’s and her father’s name in the passport. The statement had nothing to do with retaining her maiden name.",True,False,True,supports,factly
factly_2819,factly_2819,India remains the world’s fastest growing large economy.,Govt. of India,The BJP government published an infographic on the 48-months portal. This info-graph makes three claims about India’s economic growth. This article is a fact check of the claims.,True,True,True,insufficient-neutral,factly
factly_2819_ret_b18_gn,factly_2819,India remains the world’s fastest growing large economy.,Govt. of India,"India continues to be the fastest-growing major economy in the world and its GDP growth is projected to hit 6.2 per cent in 2024, according to the ‘World Economic Situation and Prospects 2024’ report by the UN Department of Economic and Social Affairs. It said there is a robust domestic demand and strong growth in the manufacturing and services sectors. [...] 1) India remains the fastest-growing large economy in the world. Though growth in India is projected to reach 6.2 per cent in 2024, it is slightly lower than the 6.3 per cent estimate for 2023, amid robust domestic demand and strong growth in the manufacturing and services sectors. [...] 8) India is benefiting from growing interest from multinationals, which see the country as a key alternative manufacturing base in the context of developed economies’ supply chain diversification strategies.",True,False,True,supports,factly
factly_2819_ret_bn_g16,factly_2819,India remains the world’s fastest growing large economy.,Govt. of India,"The macroeconomic assumptions underlying USDA’s long-term projections reflect a dichotomy between relatively weak long-run sustainable growth in developed countries and relatively strong, above-average growth in developing countries. As a result, developing countries are projected to become a larger part of the world economy. Gross Domestic Product (GDP) worldwide is projected to increase at an average annual rate of around 3.3 percent over the next decade. In developing countries, the projected growth rate is 5.6 percent per year. The developing-country share of global real GDP is expected to climb from 33 percent in 2010 to 42 percent by 2022. Robust economic growth is anticipated across most developing countries in Asia, the Middle East, Africa, and Latin America. China and India are expected to remain among the world’s fastest growing economies, each averaging more than 7 percent a year. [...] Among countries in Asia, Indonesia has the fastest growing wheat imports and is expected to replace Brazil as the world’s second-largest wheat-importing country. Historically, India has been a big wheat importer in some years and a big exporter in others. In the past 2 years, India exported significant amounts of wheat, partially as a result of high price-supports and large government stocks. Exports from India are expected to be larger than usual for several years until stocks are drawn down from high levels.",True,False,True,insufficient-supports,factly
factly_2819_ret_bn_g8,factly_2819,India remains the world’s fastest growing large economy.,Govt. of India,"India's economic growth is projected to reach 6.2 per cent in 2024 India remains the fastest-growing large economy and its growth is projected to reach 6.2 per cent in 2024, according to the World Economic Situation and Prospects 2024 report published by the UN Department of Economic and Social Affairs. [...] Though India's growth is projected to reach 6.2 per cent in 2024, it slightly lower than the 6.3 per cent estimated for 2023. This year's growth will be supported by robust domestic demand and strong growth in the manufacturing and services sectors, the UN report said.",True,False,True,supports,factly
factly_2825,factly_2825,"During UPA government’s tenure, the unemployment rate was 2.2% while under NDA government, the unemployment rate is 7.9%.",Indian National Congress Official Twitter,"Soon after the GDP growth for quarter-1 of 2019-20 was known to be a poor 5%, the Congress party uploaded an infographic with a bunch of claims on GDP growth, Unemployment rate, Exports growth etc. Here is a fact check of these claims.",Half True,True,True,insufficient-neutral,factly
factly_2825_ret_b16_gn,factly_2825,"During UPA government’s tenure, the unemployment rate was 2.2% while under NDA government, the unemployment rate is 7.9%.",Indian National Congress Official Twitter,Unemployment rate 7.2 7.4 6.8 6.8 7.0 [...] Unemployment rate 3.2 2.9 2.7 2.5 2.5 [...] Unemployment rate 2.2 2.1 2.0 1.9 1.9 [1] This category includes people with a high school diploma or equivalent.,Half True,False,True,insufficient-neutral,factly
factly_2825_ret_b6_gn,factly_2825,"During UPA government’s tenure, the unemployment rate was 2.2% while under NDA government, the unemployment rate is 7.9%.",Indian National Congress Official Twitter,"The employment-unemployment data released by Labour bureau (EUS 2015) has put the rate of unemployment at 5%. Independent estimates also suggested that 2013-15 period saw the total employment shrinking by 70 lakhs heralding a new job loss growth under Modi. The most recent BSE-CMIE data suggested that the rate of unemployment stood at 5.7% in June 2018 and the December data puts it at 7.02%. The GDP estimates also recorded a significant deceleration from 7.5% in July-September 2017 to 5.7% in April-June 2018. The Niti Ayog Vice Chairperson Rajiv Kumar’s rejection of the job data was grounded on his optimism from the high growth rates. But all the window dressing got exposed after the resignation of the acting Chairperson and another member of the National Statistical Commission (NSC) opposing the government decision to delay the findings of the NSSO EUS which was finalised and ready for publishing way back in December 2018. This data that leaked out subsequently in the public domain showed alarmingly higher levels of unemployment. According to this, the country’s unemployment rate stood at over a four-decade high of 6.1% during 2017-18, compared to 2.2% in 2011-12 (see table 1.1) by the usual status approach. [...] 2.2 Lower allocations to MGNREGS",Half True,False,True,refutes,factly
factly_2825_ret_bn_g0,factly_2825,"During UPA government’s tenure, the unemployment rate was 2.2% while under NDA government, the unemployment rate is 7.9%.",Indian National Congress Official Twitter,"Fact: As per quinquennial (recurring every 5 years) NSSO surveys on employment & unemployment, the unemployment rate during the UPA was around 2.2%. The unemployment rate during the NDA as per the PLFS 2017-18 was 6.1%. The figure of 7.9% is based on the survey of a Mumbai based private organization. Hence the claim is PARTLY TRUE. According to a Mumbai based organisation, Centre for Monitoring Indian Economy, in June 2019, the unemployment rate in India had reached 7.9%. The report has further added that the rate of labour participation has also declined. According to the report, labour participation rate is the proportion of working age population comprising of those above the age of 15 years, that is actively looking for a job, be it employed or unemployed. Unemployment rate has been calculated as the proportion of labour force that is not employed. The sample size used is 5,22, 000. The sampling method has not been mentioned. [...] According to the National Sample Survey Office (68th round), in 2011-12, the unemployment rate stood at 2.2%. This survey was based on 4,56,999 persons spread out across the country selected using appropriate statistical sampling methods. The Periodic Labour Force Survey (PLFS) published in May 2019 states that the unemployment rate in India as of 2017-18 was 6.1%. PLFS was based on 4,33,339 persons across the country. The unemployment rate as per earlier NSSO surveys was 2% in 2009-10 and 2.3% in 2004-05.",Half True,False,True,insufficient-contradictory,factly
factly_2845_ret_b13_gn,factly_2845,"The number of ITRs filed during FY 2017-18 is 6.84 crore, a jump of 80.5% compared to FY 2013-14",Govt. of India,"""2017-18 direct tax collection recorded at Rs 9.95 lakh crore, up by 17.1 percent year-on-year. Nearly 6.84 crore tax returns were filed compared to 5.43 crore, thus registering a 26 percent year-on-year hike,"" CBDT Chairman Sushil Chandra said here at a press conference. [...] During FY 2017-18, 6.84 crore Income Tax Returns (ITRs) were filed with the Income Tax Department as compared to 5.43 crore ITRs filed during FY 2016-17, showing a growth of 26 percent. There has been a sustained increase in the number of ITRs filed in the last four financial years. As compared to 3.79 crore ITRs filed in F.Y. 2013-14, the number of ITRs filed during F.Y. 2017-18 (6.84 crore) has increased by 80.5 percent. During FY 2017-18, the number of new ITR filers has also increased to 99.49 lakh (as on March 30) as compared to 85.51 lakh new ITR filers added during FY 2016-17, which translates into a growth of 16.3 percent. (ANI)",True,False,True,supports,factly
factly_2845_ret_b2_gn,factly_2845,"The number of ITRs filed during FY 2017-18 is 6.84 crore, a jump of 80.5% compared to FY 2013-14",Govt. of India,"During FY 2017-18, 6.84 crore Income Tax Returns (ITRs) were filed with the Income Tax Department as compared to 5.43 crore ITRs filed during FY 2016-17, showing a growth of 26%. There has been a sustained increase in the number of ITRs filed in the last four financial years. As compared to 3.79 crore ITRs filed in F.Y. 2013-14, the number of ITRs filed during F.Y. 2017-18 (6.84 crore) has increased by 80.5%. During FY 2017-18, the number of new ITR filers has also increased to 99.49 lakh (as on 30.03.2018) as compared to 85.51 lakh new ITR filers added during FY 2016-17, which translates into a growth of 16.3%. The increase in total returns filed and new returns filed during FY 2017-18 is a result of sustained efforts made by the Income Tax Department in following up with potential non-filers through email, SMS, statutory notices, outreach programmes, etc. as well as through structural changes made in law and the Government’s emphasis on widening of tax net.",True,False,True,supports,factly
factly_2845_ret_b4_gn,factly_2845,"The number of ITRs filed during FY 2017-18 is 6.84 crore, a jump of 80.5% compared to FY 2013-14",Govt. of India,"The government has released provisional figures of direct tax collections for FY 2017-18. According to the data, in FY 2017-18, 6.84 crore income tax returns (ITRs) were filed with the Income Tax Department as compared to 5.43 crore ITRs filed during FY 2016-17, a growth of 26 per cent. Driving the growth in the number of income tax return filings is the growth in new ITR filers. The government data shows the number of new ITR filers has increased to 99.49 lakh (as on 30.03.2018) during FY 2017-18, as compared to 85.51 lakh new ITR filers added during FY 2016-17, a growth of 16.3 per cent. The government also said that refunds amounting to Rs.1.49 lakh crore have been issued during 2017-18. [...] 8) As compared to 3.79 crore ITRs filed in FY 2013-14, the number of ITRs filed during FY 2017-18 (6.84 crore) has increased by 80.5 per cent. 9) The increase in total returns filed and new returns filed during FY 2017-18 is a result of sustained efforts made by the Income Tax Department in following up with potential non-filers through email, SMS, statutory notices, outreach programmes, etc. as well as through structural changes made in law and the government's emphasis on widening of tax net, the finance ministry statement said.",True,False,True,supports,factly
factly_2845_ret_bn_g0,factly_2845,"The number of ITRs filed during FY 2017-18 is 6.84 crore, a jump of 80.5% compared to FY 2013-14",Govt. of India,"The first claim of the government is that the number of Income Tax Returns (ITRs) filed during financial year (FY) 2017-18 is 6.84 crore, a jump of 80.5% compared to FY 2013-14. [...] The claim here pertains to the ITRs filed during the financial years of 2017-18 and 2013-14. A press release of the income tax department notes, ‘During FY 2017-18, 6.84 crore Income Tax Returns (ITRs) were filed with the Income Tax Department as compared to 5.43 crore ITRs filed during FY 2016-17, showing a growth of 26%. There has been a sustained increase in the number of ITRs filed in the last four financial years. As compared to 3.79 crore ITRs filed in FY 2013-14, the number of ITRs filed during F.Y. 2017-18 (6.84 crore) has increased by 80.5%."" These numbers can be corroborated from the income tax department website. [...] Fact: The number of ITRs filed have increased substantially over the last 4 financial years from 3.79 crores to 6.84 crores. Hence, the claim is TRUE. But the total direct tax collections have not increased proportionately.",True,False,True,supports,factly
factly_2868,factly_2868,Visuals of a boy offering namaz in the middle of the road,SOCIAL MEDIA POST,"The video was initially shared by a social media user who is based in Dubai. Further, clues like vehicle registration plates, food delivery executives and uniform of security guard suggests that the video is from Dubai. Hence the claim made in the post is FALSE.",False,True,True,insufficient-refutes,factly
factly_2868_ret_b1_gn,factly_2868,Visuals of a boy offering namaz in the middle of the road,SOCIAL MEDIA POST,"Viral Video Of Boy Performing Namaz In Middle Of Road Is Not From Pakistan Contrary To Claims [...] A video showing a young boy doing namaz on the road is being circulated with the claim that it was filmed in Pakistan. Canadian columnist and social media personality Tarek Fatah along with several netizens, shared the video with this claim. The video shows a boy who is performing namaz on the road after laying down a green prayer mat. The boy offers namaz as vehicles stop at the signal and as people look on. A traffic police officer looks on to the child as he performs namaz. After the boy completes his prayers, the vehicles start to move.",False,False,True,supports,factly
factly_2868_ret_bn_g3,factly_2868,Visuals of a boy offering namaz in the middle of the road,SOCIAL MEDIA POST,"Viral Video Shows Boy Offering Namaz In Middle Of Road After Congress Wins In Karnataka? No, Viral Claim Is False [...] A video showing a young boy doing namaz on the road is being circulated with the claim that it was filmed in Karnataka post-Congress win in the state. The video went viral after the Congress landslide victory on May 13 in the Karnataka assembly elections as it won 135 seats defeating the BJP in the state. The video shows a boy who is performing namaz on the road after laying down a green prayer mat. The boy offers namaz as vehicles stop at the signal and a traffic police officer looks at the child as he performs namaz. After the boy completes his prayers, the vehicles start to move.",False,False,True,insufficient-refutes,factly
factly_2873,factly_2873,"Chilli Prices were Rs 12000 per quintal then, now is Rs 3000 to Rs 4000 per quintal",Rahul Gandhi,Rahul Gandhi visited Telangana and addressed a public meeting in which he made a lot of claims. We fact check some of his claims.,Half True,True,True,insufficient-neutral,factly
factly_2873_ret_b4_gn,factly_2873,"Chilli Prices were Rs 12000 per quintal then, now is Rs 3000 to Rs 4000 per quintal",Rahul Gandhi,"At the Enumamula agricultural market, you just touch any farmer, he would relate a heart rending tale. ""I harvested 22 bags of chilli and paid ₹22,000 for labour. Now, the trader is offering ₹3,000 per bag. What is left for me? What about my investment?"" posed Nalmela Shankaraiah, who came from Chelpur village of Mulug Ghanpur mandal in Bhupalpalli district. According to him, the same chilli variety Sagar Wonderhot fetched him ₹12,000 per quintal last year. Hoping that the price will remain the same this year, he opted for chilli crop this time also, but in vain. [...] A police officer who was standing there on security duty remarked ""What is this sir? The same chilli commanded ₹12,000 to ₹17,000 per quintal. Now, offering an average of ₹3,000 is too much"".",Half True,False,True,insufficient-contradictory,factly
factly_2873_ret_b7_gn,factly_2873,"Chilli Prices were Rs 12000 per quintal then, now is Rs 3000 to Rs 4000 per quintal",Rahul Gandhi,"VIJAYAWADA: Fluctuating prices of chilli is forcing farmers to rush to Guntur agriculture market yard with stocks. Official sources said at least 1 lakh bags of dry chilli are arriving in the market yard every day, prompting traders to form a cartel and trim the prices. Chilli, which fetched over 25,000 per quintal last season, is now fetching between 12,000 to 20,000 per quintal. While fine variety chill is fetching around 20,000, the rates for medium grade varieties start from 12,000 per quintal. [...] Farmers also thought they would get at least last year's price of 25,000 per quintal. However, the prices have dipped by nearly 15-20 per cent over the last year purely due to the cartel of traders. ""There is huge demand in both domestic and global markets for Guntur chilli. However, the farmers' rush to clear the stocks is helping traders who are making a killing,"" said an official of the agriculture marketing department.",Half True,False,True,insufficient-supports,factly
factly_2873_ret_bn_g3,factly_2873,"Chilli Prices were Rs 12000 per quintal then, now is Rs 3000 to Rs 4000 per quintal",Rahul Gandhi,"Uttam Kumar Reddy said that the chilli farmers were justified in holding a protest seeking supportive price for their produce. Instead of intervening on the issue to bail out distressed farmers, Chief Minister K. Chandrashekar Rao crushed their agitation using intimidating tactics. ""KCR wrongly implicated poor chilli farmers in a fake case. The innocent farmers were immediately arrested and sent to jail. Today the Chief Minister crossed all limits by ordering the police to produce the arrested farmers before the court hand-cuffed. This is the height of arrogance of power,"" he said. [...] Uttam Kumar Reddy reiterated the demand that the State Government immediately procure the chilli by paying Rs. 12,000 per quintal. He warned the TRS Government of serious implications if it continues to neglect the farmers of Telangana State. ""KCR remained a mute spectator to suicide by more than 3,000 farmers. TRS Government did nothing when farmers lost four consecutive crops and when a favourable monsoon increased their production in Rabi season, they were denied remunerative prices. Congress party will not tolerate this injustice with farmers and will launch mass agitation,"" he announced.",Half True,False,True,insufficient-supports,factly
factly_2876,factly_2876,WHO issued an advisory to the Government of India stating that 87% population of the country will suffer from cancer by 2025 because of the consumption of adulterated milk,SOCIAL MEDIA POST,"WHO did not issue any such advisory to the Indian Government over the issue of adulteration of milk or milk products. WHO and the Government of India have issued clarifications about this false news being shared on the internet. According to the Economic Survey 2021-22, the per day average milk production in India was 50.58 crore litres in the fiscal year 2020-21. Hence, the claim made in the post is False.",False,True,True,refutes,factly
factly_2876_ret_bn_g0,factly_2876,WHO issued an advisory to the Government of India stating that 87% population of the country will suffer from cancer by 2025 because of the consumption of adulterated milk,SOCIAL MEDIA POST,"A screenshot of a news paper clipping is being shared on social media claiming that the World Health Organization (WHO) has issued an advisory to the Government of India stating that 87% population of India will suffer from cancer by 2025 because of consuming adulterated milk. According to the post, WHO has stated that India produces only 14 crore litres of milk every day but consumes 64 crore litres of adulterated milk every day. The post claims that the Animal Welfare Board members have intimated government that 68.7 per cent of milk or milk products sold in the country are not as per the standards laid down by the Food Safety and Standards Authority of India (FSSAI). Let’s verify the claim made in the post. [...] The Press Information Bureau (PIB) through a tweet clarified that WHO had not issued any such advisory to the Government of India. On 22 November 2019, while answering a parliament member’s question about the rumours of WHO issuing an advisory to the government over 87% population going to suffer from cancer because of consuming adulterated milk, Dr. Harsh Vardhan, the then Minister of Family and Health Welfare, stated that no such advisory was issued by WHO to the Government of India on milk adulteration.",False,False,True,refutes,factly
factly_2876_ret_bn_g2,factly_2876,WHO issued an advisory to the Government of India stating that 87% population of the country will suffer from cancer by 2025 because of the consumption of adulterated milk,SOCIAL MEDIA POST,"Reports being circulated on social media regarding adulteration in milk adversely affecting the health of public in the country is false and contrary to facts [...] It has come to the notice of Department of Animal Husbandry & Dairying , Ministry of Fisheries, Animal Husbandry and Dairying that a media report about a WHO advisory to the Government of India allegedly states that, if adulteration of milk and milk products is not checked immediately, 87 % of citizen would be suffering from serious disease like cancer by the year 2025. Dissemination of this kind of false information is creating unnecessary panic among the consumers. [...] The Quality of milk and milk products to be sold in market is governed by Standards laid down and enforced by Food Safety and Standards Authority of India (FSSAI). In the last nation-wide National Milk Safety and Quality Survey(NMQS-2018) conducted by FSSAI, out of 6,432 samples of milk taken, only 12 samples (0.19%) were found adulterated that render the milk unsafe for human consumption. While, this is a concern but it is far from the perception that liquid milk in the country is largely adulterated.",False,False,True,refutes,factly
factly_2889,factly_2889,Brahmins hold a significant majority in high-level government positions,SOCIAL MEDIA POST,"The names and job titles of officers employed in significant government offices like the Prime Minister’s Office, the President’s Office, and various ministries are publicly accessible. However, these disclosures do not provide information regarding their specific categories or classifications. Similar assertions have circulated for years, suggesting that these prominent offices are predominantly controlled by Muslims or Christians, while neglecting Hindus. Nevertheless, these claims lack substantiation and lack a verified source. Hence, the claim made in the post is FALSE.",False,True,True,refutes,factly
factly_2889_ret_b2_gn,factly_2889,Brahmins hold a significant majority in high-level government positions,SOCIAL MEDIA POST,"The PSC annual report for 2017-18 shows that Brahmins secured 33.39 percent of total government jobs, followed by a 20.01 percent share of the Chhetris, from among the 7,718 candidates recommended for civil service positions. [...] ""Brahmins and Chhetris are the two communities conventionally focused on government jobs,"" said PSC Chairman Umesh Mainali. ""So it’s natural that they continue to lead in the number of government jobs as well as applying for them."" The percentage of fresh recruits in civil service was more than 40 in the fiscal year 2016-17. According to the PSC, 22.96 percent new jobs went to Brahmins and 18.67 percent to Chhetris that year.Massive applications from these two communities also raise their chance for selection in civil service even as the Civil Service Act reserves 45 percent seats for women, indigenous groups, Madhesis, Dalits, people with disability and those from the backward regions. Open competition is held only for 55 percent seats.Forty-four percent of applicants came from the two castes last fiscal year. According to the commission, of the 567,853 total applicants, 26.47 percent were Brahmins and 17.37 percent Chhetris.",False,False,True,insufficient-refutes,factly
factly_2889_ret_bn_g0,factly_2889,Brahmins hold a significant majority in high-level government positions,SOCIAL MEDIA POST,"A widely shared social media post alleges that Brahmins hold a significant majority in high-level government positions. The post provides a list of officials in different secretariats, ministries, the Prime Minister’s Office, and the President’s Office, categorizing them to support its claim of Brahmin domination in these offices. The post highlights the prevalence of Brahmins in these positions. Through this article let’s fact-check the claim made in the post. [...] Fact: The names and job titles of officers employed in significant government offices like the Prime Minister’s Office, the President’s Office, and various ministries are publicly accessible. However, these disclosures do not provide information regarding their specific categories or classifications. Similar assertions have circulated for years, suggesting that these prominent offices are predominantly controlled by Muslims or Christians, while neglecting Hindus. Nevertheless, these claims lack substantiation and lack a verified source. Hence, the claim made in the post is FALSE.",False,False,True,refutes,factly
factly_2889_ret_bn_g14,factly_2889,Brahmins hold a significant majority in high-level government positions,SOCIAL MEDIA POST,"The highest of all the castes, and traditionally priests or teachers, Brahmins make up a small part of the Indian population. The British colonial authorities gave Brahmins influential clerical jobs. They now dominate the key positions in science, business and government.",False,False,True,supports,factly
factly_2889_ret_bn_g4,factly_2889,Brahmins hold a significant majority in high-level government positions,SOCIAL MEDIA POST,"Overall Brahmins hold a high status in Hindu society, and are considered to be smart and influential. They set the standard of social conduct and morality due to their leadership in society. Hindu priesthood is dominated by Brahmins, but other castes due in fact have ""sacred specialists"" but their status does not compare to that of a Brahmin. [...] The two primary roles of the Kshatriya Varna were to govern the land and to wage war, which led to professions as rulers and soldiers. The male children in Kshatriya were considered symbols of masculinity whereas the female child needed to be gentle and well behaved. Like Brahmin and the rest of the Varnas, men and women were not allowed to marry outside their specific Varna. Kshatriyas also hold a high status of power, second only to the Brahmin. They make sure everyone stays within their Varna.",False,False,True,insufficient-supports,factly
factly_2898_ret_b9_gn,factly_2898,The allocation to secondary education is down to Rs 576 crore in 2017-18 from Rs 9990 crore in 2016-17.,Uttar Pradesh Govt.,"Budget allocation on education sector during the period 2017-18 to 2022-23 presented in Table 1 reveals that the same barring the year 2021-22 has consistently increased from 81,868 crores in 2017-18 to 1,04,278 crores in the latest budget 2022-23 which is 11.86 per cent more than the same in the previous budget. During 2021-22, the allocation to education was declined by 6,088 crores which is 6.13 per cent of the allocation in the previous year. Table 1: Budget Allocation to Education Sector: 2017-18 to 2022-23 [...] The scheme to provide incentives to girls pursuing secondary education was launched in the year 2008-09 the main objective of which was to improve retention and to reduce the drop-outs and also to promote the enrolment of girl children belonging to SC/ST communities in secondary schools. In view of the low participation at this level of education, the incentive can play an important role but no amount has been allocated to this scheme as against only Rs. 1 crore allocated in the previous budget. Maybe the same will now be taken care of by the Samagara Shiksha which covers both elementary as well secondary levels of education.",False,False,True,refutes,factly
factly_2898_ret_bn_g0,factly_2898,The allocation to secondary education is down to Rs 576 crore in 2017-18 from Rs 9990 crore in 2016-17.,Uttar Pradesh Govt.,"Compared to the budget estimates of 2016-17 by the Akhilesh Yadav government, the education allocation in 2017-18 budget estimate has gone up by over 25%. The allocations have increased in Primary, Secondary as well as Higher education sectors. If one compares the revised estimates of 2016-17, the increase in allocations is over 30%. [...] Fact: The total allocation for secondary education in 2017-18 is Rs 9387 crore as per the UP Budget documents. So this claim is false. Claim 2: The allocation to higher education is down to Rs 272.77 crore in 2017-18 from Rs 2,469.73 crore in 2016-17.",False,False,True,refutes,factly
factly_2898_ret_bn_g19,factly_2898,The allocation to secondary education is down to Rs 576 crore in 2017-18 from Rs 9990 crore in 2016-17.,Uttar Pradesh Govt.,"288 [Grant 70.) APFROPRIATION ACCOUNTS OF THE CENTRAL [...] Secoudary Eduention "" 62.000 T4821 —TATO Fa —T,470 [...] Secondary Schools, . « &0rtoo Iusso9 5,201 —S,I71 — |",False,False,True,insufficient-neutral,factly
factly_2914,factly_2914,"The UPA government constructed only 25 lakh houses in their last 4 years where as the current BJP government in the last 4 years constructed 1.25 crore houses, a difference of 1 crore houses.",Narendra Modi,The Prime Minister Narendra Modi claimed that the previous UPA government constructed only 25 lakh houses during their last 4 years. We find that this claim is FALSE.,False,True,True,refutes,factly
factly_2914_ret_bn_g0,factly_2914,"The UPA government constructed only 25 lakh houses in their last 4 years where as the current BJP government in the last 4 years constructed 1.25 crore houses, a difference of 1 crore houses.",Narendra Modi,"- Fact: The UPA in its last 4 years constructed 89.65 lakh houses and not 25 lakh houses. Hence the claim is FALSE. [...] The Prime Minister Narendra Modi while addressing a gathering to mark the Grihapravesh (housewarming) of Prime Minister Awas Yojana- Grameen (PMAY-G) beneficiaries in Maharashtra, claimed that the UPA constructed only 25 lakh houses during their last four (4) years while the current government constructed 1.25 crore houses in the last four (4) years, one crore more houses. Here is a fact check of this claim. [...] As far as UPA’s last four years in concerned, the prime minister was way off the mark. The UPA constructed 89.65 lakh houses, almost 3.5 times the number of houses claimed by the PM. As far as the current government is concerned and if the houses constructed in the last six months is also taken into account, the figure might be closer to the 1.25 crore houses as mentioned by the PM. It has to be noted that this is only the count of rural houses for both governments. If the urban housing numbers are also included, then the numbers for both the governments could be higher.",False,False,True,insufficient-refutes,factly
factly_2921_ret_b2_gn,factly_2921,Screenshot of the ABP opinion poll predicting 115-117 seats to BJP and 68-80 seats to Congress in the upcoming Karnataka Assembly Elections 2023,SOCIAL MEDIA POST,"A viral screenshot showing an ABP-CVoter survey graphic predicting a Bharatiya Janata Party (BJP) victory in the upcoming 2023 Karnataka assembly election is edited and false. [...] BOOM found that the viral screenshot is edited and the ABP-CVoter survey actually predicted a Congress victory in the upcoming 2023 Karnataka assembly election giving it 115 - 127 seats. A simple keyword search led us to the ABP-CVoter survey which was published on March 29, 2023. The ABP-CVoter Karnataka Opinion Poll projected 115-127 seats for the Congress, 68-80 seats for the BJP, and 23-35 seats for the JD(S).",False,False,True,refutes,factly
factly_2921_ret_bn_g0,factly_2921,Screenshot of the ABP opinion poll predicting 115-117 seats to BJP and 68-80 seats to Congress in the upcoming Karnataka Assembly Elections 2023,SOCIAL MEDIA POST,"A screenshot of a purported ABP news bulletin is being shared on social media claiming that an opinion poll conducted by ABP-CVoter survey had predicted that BJP could secure 115-127 seats and Congress could secure 68-80 seats in the upcoming Karnataka Assembly Elections. Let’s verify the claim made in the post. [...] Fact: The ABP News bulletin photo shared in the post is a morphed one. The ABP-CVoter survey opinion poll had predicted 115-117 seats for Congress and 68-80 seats for BJP in the upcoming Karnataka Assembly Elections 2023. Hence, the claim made in the post is False. [...] To sum it up, this ABP opinion poll predicting 15-117 seats to BJP and 68-80 seats to Congress in the upcoming Karnataka Assembly Elections 2023 is a morphed one.",False,False,True,insufficient-refutes,factly
factly_2921_ret_bn_g18,factly_2921,Screenshot of the ABP opinion poll predicting 115-117 seats to BJP and 68-80 seats to Congress in the upcoming Karnataka Assembly Elections 2023,SOCIAL MEDIA POST,"Next president of JDS HDD’s son RJD Lalu's son TDP Naidu's son SP MSY's son AY DMK Stalin’s son TMC Mamata’s nephew NCP Pawar's daughter Congress Rahul's Sister BJP will be Decided by cadres AND These are the people who lecture us on DEMOCRACY,ankurparasar,[],2019-05-06,Mon,1125394255906623488,0,0,0.0 _gadkari Next president of JDS HDD’s son RJD Lalu's son TDP Naidu's son SP MSY's son AY DMK Stalin’s son TMC Mamata’s nephew NCP Pawar's daughter Congress Rahul's Sister BJP will be Decided by cadres AND These are the people who lecture us on DEMOCRACY,DeepakS77264694,[],2019-05-06,Mon,1125393984459698176,0,0,0.0 [...] Ideally it should be. But BJP is losing more seats to others like SP BSP RLD Rjd JDS etc. Congress will get around 70 seats from BJPs loss and others are getting around 50.,MailVineet,[],2019-05-10,Fri,1126829039631527936,0,0,0.7 [...] AND ALL POLITICAL PARTIES IN HINDUSTAN ARE GREEDY SO ARE THE PEOPLE HAD CONGRESS/SP/BSP/TMC/RJD BEEN IN PLACE OF BJP IN KARNATAKA… ALL WOULD HAVE TRIED SAME DIRTY TRICKS WHICH YEDDI OF BJP NOW TRYING TO ENACT IN KARNATAKA...,michaelalok,[],2019-05-11,Sat,1127165280658923521,0,0,-0.2",False,False,True,insufficient-contradictory,factly
factly_293,factly_293,Rural road connectivity increased from 56% in 2014 to 82% villages.,Govt. of India,Has the average speed of rural road construction doubled? Has the average speed of national highway construction increase substantially? Here is a fact check,True,True,True,insufficient-neutral,factly
factly_293_ret_b0_g0,factly_293,Rural road connectivity increased from 56% in 2014 to 82% villages.,Govt. of India,"Has rural road connectivity increased and by how much? The first claim of the government is that rural road connectivity increased from 56% in 2014 to 82% villages. The impact assessment report of the Pradhan Mantri Gram Sadak Yojana (PMGSY) states that ‘PMGSY was launched in December 2000 as a special intervention of the Government of India with the broad objective of ensuring sustainable poverty reduction. The scheme aims to provide good quality all-weather single connectivity road to every eligible habitation. Rural roads are a state subject under the Constitution and as such are the basic responsibility of the states. However, under the PMGSY, the construction of good quality and well-engineered roads are fully funded by the Government of India. Maintenance of these roads is the responsibility of the states. The year 2013 saw the launch of PMGSY-II with the objectives of consolidating the existing rural road network and upgrading existing rural roads that provide connectivity to rural growth centres. PMGSY-II envisages sharing of construction costs between the Centre and the states with maintenance costs continuing to be funded fully by the states.’ [...] Fact: By June 2014, 56% of the target habitations under PMGSY were connected by roads. By July 2018, 88% of the target of PMGSY (II) have been connected by roads. Hence, the claim is TRUE. But, it has to be noted that the percentages correspond to the target under PMGSY and not the total habitations in the country.",True,False,True,supports,factly
factly_293_ret_b18_gn,factly_293,Rural road connectivity increased from 56% in 2014 to 82% villages.,Govt. of India,"Since late 2004, World Bank support has helped build and improve some 16,000 km of rural roads. About six million people living in the remotest parts of India have benefitted. As of February 2014, around 36,000 habitations in participating states now have access to all-weather roads. From the rough, mountainous terrain of Himachal Pradesh to the dry, rugged landscape of Rajasthan, new roads are revitalizing the rural economy, raising incomes, and improving the quality of rural life. Farmers now find it easier to take their produce to market in time, school enrollment is on the rise, and families' access to health care has improved.",True,False,True,insufficient-neutral,factly
factly_293_ret_bn_g2,factly_293,Rural road connectivity increased from 56% in 2014 to 82% villages.,Govt. of India,"Has rural road connectivity increased and by how much? The third claim is that rural road connectivity increased from 56% in 2014 to 82% villages. The impact assessment report of the Pradhan Mantri Gram Sadak Yojana (PMGSY) states that ‘PMGSY was launched in December 2000 as a special intervention of the Government of India with the broad objective of ensuring sustainable poverty reduction. The scheme aims to provide good quality all-weather single connectivity road to every eligible habitation. Rural roads are a state subject under the Constitution and as such are the basic responsibility of the states. However, under the PMGSY, the construction of good quality and well-engineered roads are fully funded by the Government of India. Maintenance of these roads is the responsibility of the states. The year 2013 saw the launch of PMGSY-II with the objectives of consolidating the existing rural road network and upgrading existing rural roads that provide connectivity to rural growth centres. PMGSY-II envisages sharing of construction costs between the Centre and the states with maintenance costs continuing to be funded fully by the states.’ [...] Fact: By June 2014, 56% of the target habitations under PMGSY were connected by roads. By July 2018, 88% of the target of PMGSY (II) have been connected by roads. Hence, the claim is TRUE. But, it has to be noted that the percentages correspond to the target under PMGSY and not the total habitations in the country.",True,False,True,supports,factly
factly_2931,factly_2931,"A woman with ten kids from ten different men was buried in a Phallus-shaped coffin in Ghana, Africa",SOCIAL MEDIA POST,"The person buried inside the Phallus-shaped coffin is not a woman but a man named John Nii Addo Allotey. When he was alive, he used to perform circumcision. John’s family decided to build a Phallus-shaped coffin for him as an honour to his profession. Hence the claim made in the post is Misleading.",False,True,True,refutes,factly
factly_2931_ret_b1_gn,factly_2931,"A woman with ten kids from ten different men was buried in a Phallus-shaped coffin in Ghana, Africa",SOCIAL MEDIA POST,"A woman has been laid to rest in a casket designed in a form of a man’s private part. Ghanaian media practitioner and lawyer, Gabby Otchere-Darko shared the video and further revealed that he was told the deceased had 10 children with different men hence the male organ-shaped casket. [...] ""I am told this was the final funeral rites with the casket of an amazing woman who died leaving behind 10 children from 10 different men here in Ghana. May she rest in p……""",False,False,True,supports,factly
factly_2931_ret_b4_gn,factly_2931,"A woman with ten kids from ten different men was buried in a Phallus-shaped coffin in Ghana, Africa",SOCIAL MEDIA POST,"A woman has been laid to rest in a casket designed in a form of a man’s private part. Ghanaian media practitioner and lawyer, Gabby Otchere-Darko shared the video and further revealed that he was told the deceased had 10 children with different men hence the male organ shaped casket. [...] ""I am told this was the final funeral rites with the casket of an amazing woman who died leaving behind 10 children from 10 different men here in Ghana. May she rest in p……""",False,False,True,supports,factly
factly_2931_ret_b5_gn,factly_2931,"A woman with ten kids from ten different men was buried in a Phallus-shaped coffin in Ghana, Africa",SOCIAL MEDIA POST,"A Facebook post claiming that a woman Who Had 10 Kids With 10 Different buried in a coffin-shaped like a man’s genitals has been shared thousands of times. [...] ""Woman Who Had 10 Kids With 10 Different Men Buried In P€nis-like Casket- A woman has been laid to rest in a casket designed in a form of a man’s private part."" [...] Isaac Tettehfio, who runs an Instagram page showcasing the business’ fancy coffins, said that while he has designed penis-shaped coffins before, he does not recall making one for a sex worker.",False,False,True,insufficient-refutes,factly
factly_2931_ret_bn_g0,factly_2931,"A woman with ten kids from ten different men was buried in a Phallus-shaped coffin in Ghana, Africa",SOCIAL MEDIA POST,"A video that seems like the last rites of a person put in a coffin that is shaped like the phallus is being shared on social media. The post which shares this video claims that the deceased person in this video is a woman with ten children from ten different men. Let’s verify the claim in this post. [...] Fact: The person buried inside the Phallus-shaped coffin is not a woman but a man named John Nii Addo Allotey. When he was alive, he used to perform circumcision. John’s family decided to build a Phallus-shaped coffin for him as an honour to his profession. Hence the claim made in the post is Misleading. [...] To sum up, a woman with ten kids from ten different men was not buried in this coffin that looks like the phallus.",False,False,True,refutes,factly
factly_2941_ret_b10_gn,factly_2941,All students studying Business Management at Seton Hall University in the USA are obligated to study Bhagavad Gita,SOCIAL MEDIA POST,"Since last year, all students of business management at Seton Hall University (SHU), New Jersey, have had to compulsorily study the Bhagavad Gita. Not to glean some tactical insights for use in corporate warfare, but to ground themselves in multiple religious cultures. A laudable objective that would resonate with US president Barack Obama’s vision of a pluralist America where Christians and Muslims, Hindus and Jews, and non-believers, live together. It all began as a pilot project last year, to teach the Gita to business students as a ‘signature course’ on a full-time basis. From this year, the Gita has become part of the core curriculum at the SHU, which happens to be a Roman Catholic-run institution. [...] So at one of the core curriculum meetings, Amar proposed that Hinduism should be included. As the world’s oldest religion, he argued, it had put in most thought into the ‘perennial questions.’ His suggestion was accepted, and the SHU committee included the Gita, along with the Koran, the Bible, besides texts from the Buddhist sutras and the Greek philosophers. The course was called The Journey Of Transformation.",False,False,True,supports,factly
factly_2941_ret_bn_g0,factly_2941,All students studying Business Management at Seton Hall University in the USA are obligated to study Bhagavad Gita,SOCIAL MEDIA POST,"A post circulating on social media claims that all students studying Business Management at Seton Hall University in the USA are obligated to study the ancient Hindu Scripture Bhagavad Gita. Further, the post also questions the absence of a similar course within the Indian educational system. Let’s verify the claim made in the post. [...] Fact: ‘The Journey of Transformation,’ the first course in Seton Hall University’s core curriculum, includes not only the Bhagavad Gita but also religious texts from diverse traditions such as Christianity, Hebrew, Greek, and others. Furthermore, it is evident that the Bhagavad Gita has been integrated into the curriculum of various Indian universities and is also referenced in NCERT textbooks at the school level. Hence the claim made in the post is MISLEADING. Upon conducting an internet search to gather more information, we discovered media reports (here & here) regarding this matter. According to these reports, Seton Hall University, a prominent Catholic university located in New Jersey, made the study of the Bhagavad Gita compulsory for all students starting in 2008. The university aimed to introduce a transformative course that would profoundly impact the character and lives of its students.",False,False,True,insufficient-refutes,factly
factly_2941_ret_bn_g6,factly_2941,All students studying Business Management at Seton Hall University in the USA are obligated to study Bhagavad Gita,SOCIAL MEDIA POST,"Universities from across the world such as Seton Hall University have made it mandatory for students to study the Bhagavad Gita. It’s ironical that top business management institutes are teaching Bhagavad Gita as part of their curriculum while India’s young generation remains deprived of its benefits. [...] Teaching children at the very step of life about the beauty lied in Bhagavad Gita is to set positivity at the very beginning. In terms of teaching non-Hindu students or foreseers about the noble book, they have their rights to select an optional subject over the study of Bhagavad Gita. One should be free from obligations and must be provided with choice of decision. Academic institutions must provide ease to the non-Hindu followers, giving them a chance to consider the essence of Bhagavad Gita on their own will.",False,False,True,supports,factly
factly_2941_ret_bn_g9,factly_2941,All students studying Business Management at Seton Hall University in the USA are obligated to study Bhagavad Gita,SOCIAL MEDIA POST,"In USA, the study of the Bhagvad Gita has become mandatory for every student joining Seton Hall University in New Jersey from 2008.The university wanted to introduce a transformational course that will influence the character and life of its students. Also, it wanted a course that seek answers to perennial questions like the purpose of life, why are we here, where are we going, etc,. as part of the course. In India, a bill was introduced by Ramesh Bidhuri, who calls it ""Compulsory Teaching of Bhagavad Gits As a Moral Education Text Book In Educational Institutions Bill, 2016. It is believed that every educational institution shall compulsorily teach Bhagavad Gita as a moral education text book. It is justified by its universal message that shaped the greatest thinkers of the time. As per the Bill, ""The teachings of Gita is ageless and unbounded. It contains the teaching ranging from spiritual awakening to leadership and management. Teachings of Gita is teaching of humanity and brotherhood. Many great thinkers from our time such as Swami Vivekananda, Sri Aurobindo, Albert Einstein, Mahatma Gandhi as well as Madhavacharya, Shankara and Ramanuja, from bygone ages, have all deliberated upon its timeless teachings.""",False,False,True,supports,factly
factly_2957,factly_2957,Sangeeta Phogat suffered a devastating 0-10 defeat in the Hungary Ranking Series tournament,SOCIAL MEDIA POST,"Despite a 10-0 loss in the first round against US wrestler Jennifer Page Rogers, Sangeeta Phogat made a strong comeback and eventually won the Bronze Medal for India at the Hungary Ranking Series tournament. Hence, the claim made in the post is Misleading.",False,True,True,supports,factly
factly_2957_ret_b2_gn,factly_2957,Sangeeta Phogat suffered a devastating 0-10 defeat in the Hungary Ranking Series tournament,SOCIAL MEDIA POST,"A photo of Indian wrestler Sangeeta Phogat after her 10-0 defeat against US wrestler Jennifer Page Rogers during a wrestling event in Hungary is being shared with the false claim that she lost the series and mocking her for protesting against Wrestling Federation of India chief Brij Bhushan Sharan Singh who has been accused of sexual harassment. [...] BOOM found that the viral claim is false and Indian wrestler Sangeeta Phogat secured bronze after her initial defeat in the first round at the Budapest Ranking Series 2023. Phogat also dedicated her victory to those fighting crime against women. Phogat made a remarkable comeback by clinching a bronze medal in the 59 kg category at the Budapest Ranking Series 2023 held on July 15, 2023, reported Mint.",False,False,True,refutes,factly
factly_2957_ret_bn_g0,factly_2957,Sangeeta Phogat suffered a devastating 0-10 defeat in the Hungary Ranking Series tournament,SOCIAL MEDIA POST,"A photo is being shared on social media claiming that wrestler Sangeeta Phogat suffered a devastating loss with a score of 0-10 in the Hungary Ranking Series tournament. Sharing the picture, many users taunted Sangeeta Phogat for participating in the protests. Sangeeta Phogat was one of the six wrestlers who took part in the protests against WFI chief Brij Bhushan Singh, who has been accused of sexual harassment. Let’s verify the claim made in the post. [...] When we searched for the details of the claim made in the post, we found the results and videos of the Hungary Ranking Series tournament on the United World Wrestling website. As per the details provided on this website, Sangeeta Phogat in her first round at the Hungary Ranking Series tournament suffered a devastating 0-10 defeat against the US wrestler Jennifer Page Rogers. [...] To sum it up, despite a 10-0 loss in the first round, Sangeeta Phogat made a strong comeback and eventually won the Bronze Medal at the Hungary Ranking Series tournament.",False,False,True,supports,factly
factly_2963_ret_b11_gn,factly_2963,Shram Suvidha Portal has been launched that allocates Unique labour identification number and enables online registration of establishments,Govt. of India,"Shram Suvidha Portal, launched by the Government on 16.10.2014, caters to four major Organisations under the Ministry of Labour & Employment, namely Office of Chief Labour Commissioner (Central), Directorate General of Mines Safety, Employees’ Provident Fund Organization and Employees’ State Insurance Corporation. The main features of the Portal are as follow:- - Allotment of Unique Identity i.e. Labour Identification Number (LIN) for effective, efficient and real-time governance in Labour Administration - To bring transparency and accountability in enforcement of labour laws through Online Inspection System and Filing of Online Inspection Report - Common Online Registration and Filing of Self-Certified and Simplified Single Online Annual Return for multiple labour laws to ease the complexity of compliance - Unified ECR under EPFO/ESIC to encourage compliance by reducing transaction costs and promoting ease of business. With these initiatives, the procedures have been simplified; returns and registration forms have been unified to provide an ease of doing business environment through Shram Suvidha Portal. Further, the portal provides a platform for sharing of information among the labour enforcement agencies. In this way, the Portal has not reduced but eased the compliance burden on establishments by simplifying the way of doing business and also facilitated effective enforcement of labour laws enhancing wage, job and social security for workers.",True,False,True,supports,factly
factly_2963_ret_b2_gn,factly_2963,Shram Suvidha Portal has been launched that allocates Unique labour identification number and enables online registration of establishments,Govt. of India,"1. Ministry of Labour & Employment, Government of India and the State Governments enforce more than 44 labour laws in their respective spheres. There have been requests from various stakeholders for ensuring simplification of formats, ease of compliance, transparency in inspections and speedy redressal of grievances. In order to address these concerns Ministry of Labour & Employment has developed a single unified Web Portal for Online Registration of units, Reporting of inspections and submissions of Annual Returns. [...] 4. This integrated portal operate through common Unique Labour Identification Number (Shram Pehchan Sankhya) for each Establishment. The employers will be allotted Labour Identification Number (LIN) after registration on web portal. The enforcement agency will upload the data of inspection on the web portal which will be updated periodically.",True,False,True,insufficient-supports,factly
factly_2963_ret_bn_g0,factly_2963,Shram Suvidha Portal has been launched that allocates Unique labour identification number and enables online registration of establishments,Govt. of India,"The first claim is that ‘Shram Suvidha Portal has been launched that allocates Unique labour identification number and enables online registration of establishments.’ As stated in the ‘Annual Report (2017-18)’ of the Ministry of Labour and Employment, ‘Allotment of Unique Labour Identification Number (LIN) to Units to facilitate online registration was started on the Portal with its launch in October 2014.. The unique Labour Identification Number has been issued to 2275391 units as of November 2017’. [...] Fact: Unique labour identification number has been launched along with the launch of the portal in 2014. Hence, the claim is TRUE.",True,False,True,supports,factly
factly_2963_ret_bn_g14,factly_2963,Shram Suvidha Portal has been launched that allocates Unique labour identification number and enables online registration of establishments,Govt. of India,"The Shram Suvidha Portal, a digital marvel launched as part of the Shramev Jayate Yojana, plays a pivotal role in streamlining labor-related processes and ensuring compliance with labor laws. This online platform serves as a one-stop destination for a range of activities, ranging from labor registration to compliance reporting. The portal, inaugurated on October 16, 2014, serves as a paradigm shift in how industries interact with labor-related regulations. By facilitating the allotment of the unique Labor Identification Number (LIN), the Shram Suvidha Portal empowers industries to seamlessly navigate the regulatory landscape. The Shram Suvidha Portal offers an array of advantages that are poised to transform the labor-industry interface: The Shram Suvidha Portal is underpinned by a set of lofty objectives that collectively serve as a guiding light for this digital revolution in the labor domain:",True,False,True,supports,factly
factly_2993,factly_2993,20 Gokul Grams are being established and 41 Bull Mother farms modernized.,Govt. of India,The BJP government has made three claims in an infographic published on the 48-months portal. These claims are related to the Rashtriya Gokul Mission & quantum of milk production. This article is a fact check of these claims.,True,True,True,insufficient-neutral,factly
factly_2993_ret_b8_g2,factly_2993,20 Gokul Grams are being established and 41 Bull Mother farms modernized.,Govt. of India,It is proposed to establish Integrated Indigenous Cattle Centres or Gokul Grams in the breeding tracts of indigenous breeds. Gokul Grams will be established in: [...] Each Gokul Gram will be set up by the EIA and function under the auspices of the SIA/ EIA or in a PPP mode. The Gokul Gram will maintain milch and unproductive animals in the ratio of 60:40 and will have the capacity to maintain about 1000 animals. Achievements under Rashtriya Gokul Mission - 14 Gokul Grams are being established and 41 Bull Mother Farms modernized.,True,False,True,refutes,factly
factly_2993_ret_bn_g0,factly_2993,20 Gokul Grams are being established and 41 Bull Mother farms modernized.,Govt. of India,"The second claim is that ‘20 Gokul Grams are being established and 41 Bull Mother farms are modernized’. [...] A response to a question in the Lok Sabha in August 2018 mentions that 20 Gokul Grams and 41 Bull Mother farms are under progress in various states. [...] Fact: 20 Gokul Grams have been sanctioned for 13 states under the scheme. As of August 2018, 20 Gokul Grams and 41 bull mother farms are under progress in various states. Hence the claim is TRUE.",True,False,True,supports,factly
factly_2993_ret_bn_g1,factly_2993,20 Gokul Grams are being established and 41 Bull Mother farms modernized.,Govt. of India,Rs. 190 crores allotted during 2017-18 · 20 Gokul Grams are being established and 41 Bull Mother Farms modernized.,True,False,True,supports,factly
factly_2994_ret_bn_g11,factly_2994,"Double taxation avoidance agreement signed with Mauritius, Cyprus, Singapore",Govt. of India,"On May 10, 2016, India and Mauritius signed a protocol amending the India-Mauritius double income tax treaty that would, among other things, permit India to tax a Mauritian resident on capital gains arising from the sale of shares of Indian companies acquired on or after April 1, 2017. Although equity investments made prior to April 1, 2017 will not be subject to the protocol, the protocol will have a profound impact on foreign investors’ use of Mauritian entities to structure inbound equity investment into India. Foreign equity investors will likely turn away from Mauritius and toward jurisdictions that have more favorable tax treaties with India such as the Netherlands, Cyprus (although it is currently blacklisted in India) and UAE. Although Singapore historically has been among the more favored countries for inbound India investment, the protocol will also apply to Singapore investors because the India-Singapore double income tax treaty links its capital gains tax regime to the capital gains tax regime in the India-Mauritius double income tax treaty.",False,False,True,insufficient-supports,factly
factly_2994_ret_bn_g3,factly_2994,"Double taxation avoidance agreement signed with Mauritius, Cyprus, Singapore",Govt. of India,"India and Singapore Sign a Third Protocol for Amending the Double Taxation Avoidance Agreement (DTAA) India and Singapore have amended the DTAA for the avoidance of double taxation and prevention of fiscal evasion with respect to taxes on income, by signing a Third Protocol today. This is in line with India’s treaty policy to prevent double non-taxation, curb revenue loss and check the menace of black money through automatic exchange of information, as reflected in India’s recently revised treaties with Mauritius and Cyprus and the joint declaration signed with Switzerland. [...] The revised DTAA between India and Cyprus signed on 18th November, 2016, provides for source based taxation of capital gains arising from alienation of shares, instead of residence based taxation provided under the DTAA signed in 1994. However, a grandfathering clause has been provided for investments made prior to 1st April, 2017, in respect of which capital gains would continue to be taxed in the country of which taxpayer is a resident. It also provides for assistance between the two countries for collection of taxes and updates the provisions related to Exchange of Information to accepted international standards.",False,False,True,supports,factly
factly_2994_ret_bn_g8,factly_2994,"Double taxation avoidance agreement signed with Mauritius, Cyprus, Singapore",Govt. of India,"The first claim is that ‘double taxation avoidance agreement signed with Mauritius, Cyprus, Singapore’. [...] The website of the Income Tax department displays all the DTAAs that India has signed. Mauritius, Cyprus and Singapore are on that list along with tens of others. As per the Income Tax website, there are about 135 such agreements of varying nature. [...] The agreement with Cyprus states that ‘an agreement and protocol between the Government of the Republic of India and the Government of the Republic of Cyprus for the avoidance of double taxation and the prevention of fiscal evasion with respect to taxes on income as set out in the Annexure to this notification, was signed at Nicosia, Cyprus on the 18th day of November, 2016’.",False,False,True,insufficient-neutral,factly
factly_2999_ret_bn_g0,factly_2999,153 integrated cluster action plans (ICAPs) for 29 states and 1 UT have been developed.,Govt. of India,"The second claim is that Agro based and thematic clusters for skilled manpower and economic opportunities are being identified. According to an answer provided in the Lok Sabha, ‘Rs. 19,961.81 crores of investment have been estimated in the first 197 Integrated Cluster Action Plans (ICAPs). Of the total investment proposed, nearly 78% is targeted towards saturation of Economic and Basic Amenities. Various Thematic Areas have been identified for saturation of Economic Amenities, such as Agri Services and Processing, followed by Skill development to promote Small and Medium Scale Enterprises and Tourism.’ The details of the specific clusters based on various economic themes is available on the SPMRM website. [...] The third claim is that 153 integrated cluster action plans (ICAPs) for 29 states and 1 UT have been developed. As per the answer provided in the Lok Sabha in March 2018, ‘through intense engagements with the States, 197 Integrated Cluster Action Plans (ICAPs), which are the blue prints of investment for each cluster, have been approved for 29 States and 2 UTs.’ [...] Fact: 197 Integrated Cluster Action Plans (ICAPs), which are the blue prints of investment for each cluster, have been approved for 29 States and 2 UTs as of March 2018. Hence, the claim is TRUE.",True,False,True,supports,factly
factly_2999_ret_bn_g6,factly_2999,153 integrated cluster action plans (ICAPs) for 29 states and 1 UT have been developed.,Govt. of India,"The Government approved the Shyama Prasad Mukherji Rurban Mission (SPMRM) with an outlay of Rs. 5142.08 crores on 16th September, 2015 with the objective to transform rural areas into economically, socially and physically sustainable spaces. Under this Mission, 300 clusters in rural areas, across 29 States and 5 UTs, with latent potential for growth are to be identified, following clearly enunciated methodologies in the framework of implementation. [...] 153 Integrated Cluster Action Plans (ICAPs), which are the blue prints of investment for each cluster, have been approved for 29 States and one UT of Dadra & Nagar Haveli. The work in the clusters in areas identified are ongoing and nearly Rs 1500 crores of expenditure has been incurred under the Mission till date.",True,False,True,supports,factly
factly_2999_ret_bn_g9,factly_2999,153 integrated cluster action plans (ICAPs) for 29 states and 1 UT have been developed.,Govt. of India,"To create 300 such Rurban growth clusters over the next 3 years, which will be ODF, green and also create agro based and thematic clusters based on skilled manpower and access to economic opportunities. - 267 clusters already identified. 153 integrated Cluster Action Plans (ICAPs), which are the blueprints of investment for 29 states and one UT of Dadra & Nagar Haveli. [...] Organic clusters are being especially developed in tribal, rainfed, hilly and remote areas for the welfare of disadvantaged farmers of these regions.",True,False,True,supports,factly
factly_3003,factly_3003,"Allocation in budget 2018 raised to 3 lakh crore rupees, a rise of 20% over previous year.",Govt. of India,The BJP government published an infographic titled ‘Harnessing yuva shakti through self-employment’ on the 48-months portal. The infographic makes four claims about self-employment related schemes of Startup India and MUDRA. This article is a fact check of these claims.,False,True,True,insufficient-neutral,factly
factly_3003_ret_b0_gn,factly_3003,"Allocation in budget 2018 raised to 3 lakh crore rupees, a rise of 20% over previous year.",Govt. of India,"Union Budget 2018 allocated Rs 3 lakh crore for Micro-Units Development & Refinance Agency Ltd (MUDRA), a nearly 20 per cent rise from the last year. The Budget 2017 had allocated Rs 2.44 lakh crore for Mudra. [...] This may provide the NDA government's job-creation target a much-needed boost ahead of the 2019 general elections.",False,False,True,supports,factly
factly_3003_ret_b17_gn,factly_3003,"Allocation in budget 2018 raised to 3 lakh crore rupees, a rise of 20% over previous year.",Govt. of India,"While funding for health, education and sanitation programmes in Budget 2018-19 appears to be the highest over the last three years–a 13 percent rise from the previous year–the money set aside has declined from actual allocations of 2017-18, according to a FactChecker analysis of Budget data . With an eye on the 2019 general elections, finance minister Arun Jaitley announced the world’s largest national health insurance programme, scholarships for 1,000 doctorate engineering students at the Indian Institutes of Technology and Indian Institute of Science, and the construction of 18.8 million toilets by 2019. The estimated budgetary expenditure on health, education and social protection for 2018-19 is now Rs.1.38 lakh crore, a 13 percent rise over the estimated expenditure of Rs.1.22 lakh crore in 2017-18. [...] On a positive note, the budget for the National Nutrition Mission –a programme that seeks to reduce stunting, undernutrition, anemia and low birth weight of babies–under the women and child development ministry, rose over three times, from Rs 950 crore in 2017-18 (revised estimates) to Rs 3,000 crore in 2018-19 (budget estimate). This restores the government’s commitment to the improving nutrition status among Indian children, after the programme’s budget was cut in the revised estimate for 2017-18. From an allocation of Rs 1,500 crore, the revised estimate came down 36.6 percent to Rs 950 crore for that year.",False,False,True,insufficient-refutes,factly
factly_3003_ret_bn_g0,factly_3003,"Allocation in budget 2018 raised to 3 lakh crore rupees, a rise of 20% over previous year.",Govt. of India,"The last claim is that, for the MUDRA scheme, ‘Allocation in budget 2018 raised to 3 lakh crore rupees, a rise of 20% over previous year.’ In Union Budget speech of 2018-19, the finance minister said, ‘It is proposed to set a target of 3 lakh crore for lending under MUDRA for 2018-19 after having successfully exceeded the targets in all previous years.’ It has to be noted that the 3 lakh crore is the lending target and not budget allocation by the government. This lending is to be done by various banks and other financial institutions. The actual budget allocation through equity capital to MUDRA Bank is only Rs. 900 crores. The total budget allocation including other credit guarantee is less than Rs. 2000 crore.The overall credit flow to Micro and Small Enterprises (MSE) sector has been over Rs. 3 lakh crores in the past as well, as per this answer & this answer in the Lok Sabha. [...] Fact: The Rs. 3 lakh crore is the lending target, not the budget allocation. The budget allocation to MUDRA bank is less than Rs. 2000 crore. Hence, the claim is FALSE.",False,False,True,refutes,factly
factly_3003_ret_bn_g2,factly_3003,"Allocation in budget 2018 raised to 3 lakh crore rupees, a rise of 20% over previous year.",Govt. of India,"Under union budget of India 2018–2019, INR 3762 crore (USD 581.09 million), was allotted for grid-interactive renewable power schemes and projects. As per the 31.12.2018, the installed capacity of total renewable power (excluding large hydropower) in the country amounted to 74.08166 GW. Around 9.363 GW of solar energy, 1.766 GW of wind, 0.105 GW of small hydropower (SHP), and biomass power of 8.7 GW capacity were added in 2017–2018. Table 11 shows the installed capacity of renewable energy over the last 10 years until the 31.12.2018. Wind energy continues to dominate the countries renewable energy industry, accounting for over 47% of cumulative installed renewable capacity (35,138.15 MW), followed by solar power of 34% (25,212.26 MW), biomass power/cogeneration of 12% (9075.5 MW), and small hydropower of 6% (4517.45 MW). In the renewable energy country attractiveness index (RECAI) of 2018, India ranked in fourth position. The installed renewable energy production capacity has grown at an accelerated pace over the preceding few years, posting a CAGR of 19.78% between 2014 and 2018 [45].",False,False,True,insufficient-neutral,factly
factly_3007,factly_3007,Bio-toilets are introduced in train coaches only after 2014,SOCIAL MEDIA POST,"Indian Railways in collaboration with DRDO, developed the existing bio-toilet system in 2010. And by June 2014, Indian Railways have installed 11,777 bio-toilets in 4356 passenger coaches. Hence the claim made in the post is MISLEADING.",False,True,True,refutes,factly
factly_3007_ret_b14_gn,factly_3007,Bio-toilets are introduced in train coaches only after 2014,SOCIAL MEDIA POST,"One Lakh Twenty Five Thousands Bio-Toilets Installed in Trains Coaches [...] Beginning with the introduction of 57 bio-toilets in one train i.e. Gwalior-Varanasi Bundelkhand Express in January 2011, Indian Railways has provided about 1,25,000 bio-toilets in its coaches till March 2018. This covers about 60% of coaching fleet of Indian Railways. During 2017-18, IR has installed highest ever bio-toilets in coaches which is 40% higher than the set target of 40,000 bio-toilets and 64% higher than the fitment of 34134 bio-toilets in 2016-17. [...] ""Bio-Toilet project"" of Indian Railways is an innovative & indigenous development of technology. This technology is first of its kind being used by any railroad in the world for On-board accelerated digestion of human waste. These bio-toilets are fitted underneath the lavatories and the human waste discharged into them is acted upon by a colony of anaerobic bacteria that convert human waste mainly into water and small amount of bio-gases. The gases escape into atmosphere and waste water is discharged after chlorination onto the track. Human waste, thus, does not fall on the railway tracks thus improving cleanliness and hygiene at platforms, and facilitate track and coaches maintenance staff to perform their work more efficiently. The Bio-toilet project is very much aligned with ‘Swachh Bharat Mission’, launched by Hon’ble Prime Minister of India.",False,False,True,refutes,factly
factly_3007_ret_b4_gn,factly_3007,Bio-toilets are introduced in train coaches only after 2014,SOCIAL MEDIA POST,"Bio-Toilets in Indian Railways: In line with Prime Minister Narendra Modi’s mission of Swacch Bharat, Piyush Goyal-led Indian Railways has fulfilled the pledge of bio toilets in passenger trains. According to the national transporter, 100 per cent of passenger coaches have been fitted with bio toilets. This has ensured that no human waste is discharged from coaches of passenger trains on rail tracks. With this effort of the Railway Ministry, around 2,74,000 litres per day of excreta on rail tracks are being avoided. Indian Railway had said that with this move, human waste led corrosion of rails and fittings costing an amount of Rs 400 crore per annum, is also avoided. As many as 73,078 passenger train coaches have been fitted with 2,58,906 bio toilets. Further, the national transporter has planned to supplement the existing system of bio toilet with vaccum flushing system toilet (bio vaccum toilets), which substantially reduces the requirement of water for flushing, while ensuring effective flushing of fecal matter from the pans. According to Indian Railways, bio vaccum toilets have been provided in a total of 1,372 LHB (Linke Hofmann Busch) coaches and also, it has been decided to provide bio vaccum toilets in air-conditioned LHB train coaches. Besides, sanctions for 8,500 coaches are also available, Indian Railways said.",False,False,True,insufficient-neutral,factly
factly_3007_ret_bn_g1,factly_3007,Bio-toilets are introduced in train coaches only after 2014,SOCIAL MEDIA POST,"A social media post claims that, earlier governments have ignored the issue of cleanliness of railway toilets, and it is only during the current government after 2014, that the issue is acknowledged, and railway coaches were equipped with bio-toilets. The post compares an image of a railway tract filled with litter with that of an image showing a clean track, as a symbolic representation. Through this article let’s fact-check the claim made in the post. [...] It is true that the equipping of rail coaches with bio-toilets has increased after 2014. However, it is not the current government which introduced these bio-toilets, but the previous government. It is during the previous Congress led UPA regime (2009-14), Indian Railways introduced these bio-toilets. [...] 4356 train coaches equipped with bio-toilets by June 2014:",False,False,True,refutes,factly
factly_3007_ret_bn_g3,factly_3007,Bio-toilets are introduced in train coaches only after 2014,SOCIAL MEDIA POST,"Further, in the 2012-13 budget, the then-government announced that 2,500 coaches would be equipped with bio-toilets as part of green measures. As of June 30, 2014, Indian Railways had installed 11,777 bio-toilets in 4,356 passenger coaches. However, the Modi government was only formed in May 2014, making it impossible for them to have installed all 11,777 bio-toilets. According to data cited by the then Minister of Railways Piyush Goyal in 2018, between 2013-14, 8,024 bio-toilets were installed in train coaches. Since 2014, there had been an increase in the implementation of bio-toilets in railway coaches, his data showed. Approximately 2.5 lakh bio-toilets have been installed in Indian Railway coaches as of March 25, 2022, meeting the daily needs of more than 100 lakh passengers, according to a Lok Sabha response. Therefore, the claim that the current government under Modi was the first to introduce bio-toilets in trains is false. The Congress-led UPA regime implemented bio-toilets in trains between 2009 and 2014. The NDA government led by BJP has continued the installation of bio-toilets since taking office.",False,False,True,refutes,factly
factly_3008_ret_bn_g0,factly_3008,417 Mandis and 87.5 lakh farmers and sellers registered.,Govt. of India,"The second claim is that Produce worth 41,591K crore rupees has been transacted through 417 Mandis and 87.5 lakh farmers and sellers registered through the e-NAM portal. As per a response provided by the government in the Lok Sabha in March 2018, ‘National Agriculture Market (eNAM) is a pan-India electronic trading portal which networks the existing APMC Mandis to create a unified national market for agricultural commodities.’ The government further stated that e-NAM has been deployed 551 regulated wholesale markets in 15 States and 02 UTs across the country as of March 2018. The pilot of the e-NAM was launched in 2016. [...] Claim: Produce worth 41,591k crore rupees has been transacted through 417 Mandis and 87.5 lakh framers and sellers registered. Fact: The e-NAM website shows 585 Mandis in different states and UTs. A total of 1.12 crore farmers have been registered on the platform. The amount of transaction is unverified. The first part of the claim remains UNVERIFIED but the latter two are TRUE.",True,False,True,insufficient-supports,factly
factly_3008_ret_bn_g3,factly_3008,417 Mandis and 87.5 lakh farmers and sellers registered.,Govt. of India,- The mandi system too needs to be revisited and alternatives have to be made available so that farmers can choose the point of sale. [...] - The key changes seek to free agricultural markets from the limitations imposed by permits and mandis that were originally designed for an era of scarcity. [...] - These mandis are usually overflowing with fruits and vegetables and the labour force at these centres usually handles the produce without safety gears.,True,False,True,insufficient-neutral,factly
factly_3034,factly_3034,"Minimum wage increased by 42%, directly benefiting 55 lakh workers.",Govt. of India,The BJP government published an infographic on the 48-months portal that makes 3 claims about labour welfare under the present government. This article is a fact check of the claims.,False,True,True,insufficient-neutral,factly
factly_3034_ret_b6_gn,factly_3034,"Minimum wage increased by 42%, directly benefiting 55 lakh workers.",Govt. of India,"Highest Ever Growth Of 42% Recorded in Minimum Wages of Labours during last 5 years During the last 5 years, the minimum wages of labours of all classes have been increased by 42% which is the highest increase so far. While presenting the Interim Budget 2019-20 in Parliament today, the Union Minister for Finance, Corporate Affairs, Railways and Coal, Shri Piyush Goyal said that the high growth and formalistation of the economy has led to the expansion of employment opportunities as shown in EPFO membership, which has increased by nearly 2 crore in 2 years reflecting formalisation of the economy and job creations. Shri Goyal said that the 7th Pay Commission recommendations were implemented and New Pension Scheme (NPS) has been liberalized. The Government’s contribution in NPS had been increased 10% to 14%. The limit of gratuity payment has been increased from Rs. 10 lakh to Rs. 20 lakh. The limit of eligibility cover of ESIC has been increased from Rs. 15,000 per month to Rs. 21,000 per month. The minimum pension for all labours has been fixed at Rs. 1,000 per month. In case of the death of a labour during the service, the EPFO contribution has been increased from Rs. 2.5 lakh to Rs. 6 lakh. The honorarium of all classes of labours under Anganwadi and Asha scheme has been increased by about 50%.",False,False,True,insufficient-supports,factly
factly_3034_ret_bn_g3,factly_3034,"Minimum wage increased by 42%, directly benefiting 55 lakh workers.",Govt. of India,"Notifications for all the Scheduled Employments in the Central Sphere were issued on 1st September, 2016 simultaneously, in fact for the first time. The basic rate of minimum wages for an unskilled worker in the scheduled employment other than agriculture has been proposed at Rs.350 in Area ‘C’ from the current minimum wage (basic wage + variable dearness allowance) of Rs.246 resulting in an increase of about 42%. The basic rate of minimum wages for an unskilled worker in the scheduled employment ""agriculture"" has been proposed at Rs.300 in Area ‘C’ from the current minimum wage (basic wage + variable dearness allowance) of Rs.211 resulting in an increase of about 42%. [...] Due to this revision, additional 55 lakh workers would be benefited. This would indeed, be a good gesture on the part of the Government towards the labour fraternity.",False,False,True,supports,factly
factly_3034_ret_bn_g4,factly_3034,"Minimum wage increased by 42%, directly benefiting 55 lakh workers.",Govt. of India,"A minimum wage is the lowest remuneration that employers may legally pay to workers or it is the price floor below which workers may not sell their labour. [...] The basic rate of minimum wages for an unskilled worker in the scheduled employment other than agriculture has been proposed at Rs.350 in Area ‘C’ from the current minimum wage (basic wage + variable dearness allowance) of Rs.246 resulting in an increase of about 42%. The basic rate of minimum wages for an unskilled worker in the scheduled employment ""agriculture"" has been proposed at Rs.300 in Area ‘C’ from the current minimum wage (basic wage + variable dearness allowance) of Rs.211 resulting in an increase of about 42%. [...] Due to this revision, additional 55 lakh workers would be benefited. This would indeed, be a good gesture on the part of the Government towards the labour fraternity.",False,False,True,supports,factly
factly_3054,factly_3054,"Pervez Musharraf has said “Biggest strength of Pakistan is Indian Muslims, not the nuclear bombs. They are converting India into an Islamic nation by population explosion. India can repeal article 370 from Kashmir, India can build Ram Temple, India can win war against Pakistan, but India cannot prevent itself from becoming an Islamic nation”.",FACEBOOK POST,Pervez Musharraf hasn’t made any such comments. No credible source was found to authenticate the claim. Hence the claim made in the post is FALSE.,False,True,True,refutes,factly
factly_3054_ret_bn_g0,factly_3054,"Pervez Musharraf has said “Biggest strength of Pakistan is Indian Muslims, not the nuclear bombs. They are converting India into an Islamic nation by population explosion. India can repeal article 370 from Kashmir, India can build Ram Temple, India can win war against Pakistan, but India cannot prevent itself from becoming an Islamic nation”.",FACEBOOK POST,"Few Facebook users are posting that Pakistan’s Ex-President Pervez Musharraf has made statements about India becoming a Muslim state and it becoming the strength of Pakistan. Let’s try to analyze the authenticity of the statements and also how true they are. [...] Fact: Pervez Musharraf hasn’t made any such comments. No credible source was found to authenticate the claim. Hence the claim made in the post is FALSE. [...] Hence, it can be concluded that Pervez Musharraf hasn’t made any statements about India becoming a Muslim state.",False,False,True,refutes,factly
factly_3054_ret_bn_g14,factly_3054,"Pervez Musharraf has said “Biggest strength of Pakistan is Indian Muslims, not the nuclear bombs. They are converting India into an Islamic nation by population explosion. India can repeal article 370 from Kashmir, India can build Ram Temple, India can win war against Pakistan, but India cannot prevent itself from becoming an Islamic nation”.",FACEBOOK POST,"Pakistan’s use of the Islamic card had hindered India’s engagement with the region including prohibiting participation in the Organisation of Islamic Cooperation (OIC) despite having one of the largest Muslim populations in the world. India was particularly worried about Pakistan’s membership in the pro-western Baghdad Pact along with Turkey and Iran. The pro-western political, military and strategic partnership fostered a special relationship between Pakistan and Saudi Arabia including the stationing of Pakistani troops in Saudi Arabia and the funding of Pakistani arms acquisitions and its emerging nuclear weapons program. As the war against the Soviet Union in Afghanistan intensified, the United Arab Emirates (UAE) also became a particularly strong Pakistan supporter. These same two Arab countries became the staunchest supporters of the Taliban regime. [...] Turkey under Pakistan’s influence has been highly vocal about India’s decision to abrogate Article 370. India has countered Turkey’s criticism calling it as an internal affair. India is also worried about Turkey’s growing regional aspirations. India to stymie Turkey’s postures has increased dialogue with Cyprus, Greece, and Armenia. [...] On 5 August 2019, the Government of India (GoI) announced the repeal of Article 370 of the Constitution and reorganisation of the Jammu and Kashmir (J & K) State into two union territories. This sparked an unprecedented, if ill-informed, international response, especially to the region's post-decision limits. Indeed, many countries have acknowledged that the reorganisation is India's internal affair and that the J&K issue must be resolved through dialogue between India and Pakistan.",False,False,True,insufficient-neutral,factly
factly_3054_ret_bn_g15,factly_3054,"Pervez Musharraf has said “Biggest strength of Pakistan is Indian Muslims, not the nuclear bombs. They are converting India into an Islamic nation by population explosion. India can repeal article 370 from Kashmir, India can build Ram Temple, India can win war against Pakistan, but India cannot prevent itself from becoming an Islamic nation”.",FACEBOOK POST,"/Producer (Michael R Chambers) [...] Balance of Power, Bilateral Security Cooperation, Book, China, Conflict Threat Assessment and Risk Analysis, Defense Alliances, Defense Planning, Defense Policy, Demographic Forecasting, Economic Forecasting, Geopolitics, India, Indo-Pakistani Conflict, Nuclear Weapons, Nuclear Weapons Proliferation, Pakistan, Regional Stability, Security Threat Perceptions, South Asia, Strategic Culture, War on Terrorism (2001-Present) [...] Conflict Threat Assessment and Risk Analysis",False,False,True,insufficient-neutral,factly
factly_3059,factly_3059,Eating eggs and banana at the same time will kill a man in five minutes.,FACEBOOK POST,"The mixture of egg and banana will not lead to poisoning. In many dishes like Banana egg pancakes and Banana scrambled eggs, eggs and banana are mixed to make the dish. Also, the image used in the post has been used previously for other posts related to the Iftar party. Hence the claim made in the post is FALSE.",False,True,True,refutes,factly
factly_3059_ret_b0_gn,factly_3059,Eating eggs and banana at the same time will kill a man in five minutes.,FACEBOOK POST,"Since early 2017, the Internet has been littered with ""warnings"" about the dangers of eating bananas and eggs together (or serially): [...] It is unlikely, for example, that a large restaurant chain such as Denny’s would so enthusiastically promote their ""salted caramel banana cream pancake breakfast"" (which contains both eggs and bananas) if the risk of death were real. Similarly, the risks of Starbucks' banana bread, which is made with eggs and bananas, would likely discourage the coffee chain from prominently featuring the product in their pastry section if it were going to kill the company's customers. We have uncovered no evidence the story referenced in the warning of a young man's dropping dead on the spot after consuming a banana and an egg is real, and we understand no mechanism by which a person’s death could be triggered by the consumption of a benign egg and banana combination, absent a severe allergy to either food.",False,False,True,refutes,factly
factly_3059_ret_b13_gn,factly_3059,Eating eggs and banana at the same time will kill a man in five minutes.,FACEBOOK POST,"It's sometimes said that eating a lot of bananas at once could be dangerous - it has even been suggested that eating more than six in one sitting could kill you. Can this really be true? [...] ""Before when you were talking about bananas... I had that fact, about if you eat more than six, it can kill you,"" he said in one of his conversations with Gervais and fellow comedian Stephen Merchant, external.",False,False,True,insufficient-supports,factly
factly_3059_ret_b1_gn,factly_3059,Eating eggs and banana at the same time will kill a man in five minutes.,FACEBOOK POST,"""URGENT!!! Never eat an egg and a banana at the same time because the mixture gives a poison that kills within 5 minutes,"" reads a warning shared on Facebook. [...] The player did not respond to a query about how he had survived. Two food toxicologists told us that it was not scientifically possible for eggs and bananas eaten together to produce a poison.",False,False,True,refutes,factly
factly_3059_ret_b4_gn,factly_3059,Eating eggs and banana at the same time will kill a man in five minutes.,FACEBOOK POST,"A social media post claims that consuming Egg and Banana together is harmful. We did a fact check on the same and found out that the claim is false. [...] Most of the claims revolve around ""Never eat an egg and banana at the same time because their mixture gives a poison that kills within 5 minutes."" [...] Vartika Singhal, Wellness & Performance Dietitian and Founder of nutriAahar says, ""There is no harm in eating eggs and bananas at the same time – unless they are contaminated by harmful substances. People with extremely high diabetes may avoid bananas but there is no question of it causing any poisonous effect in the body. If someone is consuming raw egg mixing it with banana, then the sulphur content in raw egg may react with the carbohydrate in the banana resulting into digestion issues, but again its not fatal.""",False,False,True,refutes,factly
factly_3072,factly_3072,All 34 international airports and all 48 domestic airports have been provided with accessible feature.,Govt. of India,The government made certain claims with respect to providing universal accessibility for Persons with Disabilities (PwDs). Here is a Fact Check.,Half True,True,True,insufficient-neutral,factly
factly_3072_ret_bn_g0,factly_3072,All 34 international airports and all 48 domestic airports have been provided with accessible feature.,Govt. of India,"The first claim is that all 34 international airports and all 48 domestic airports have been provided with accessible features. The 2017-18 annual report of the DEPwD throws light on this matter. The report mentions that, ‘All 34 International Airports & 48 Domestic Airports, have been provided with accessibility features namely, ramps, accessible toilets, lifts with braille symbols and auditory signals’. These changes were initiated under the accessible India campaign. [...] Fact: All 34 International Airports & 48 Domestic Airports, have been provided with accessibility features. The infographic says all 48 domestic airports, but the number of domestic airports in India is more than 48. Hence, the claim is PARTLY TRUE. Have Railway Stations been provided with accessible features?",Half True,False,True,supports,factly
factly_3072_ret_bn_g13,factly_3072,All 34 international airports and all 48 domestic airports have been provided with accessible feature.,Govt. of India,"Claim 6: All 34 international and all domestic airports have been made accessible Fact: True. All 34 international and 48 domestic airports have been fitted with accessibility features like ramps,accessible signals, lifts with braille and auditory signals, according to this reply to the Lok Sabha on March 6, 2018. The target to make all airports (domestic and international) accessible was achieved before its deadline (set by the Accessible India scheme) of March 2018",Half True,False,True,supports,factly
factly_3072_ret_bn_g19,factly_3072,All 34 international airports and all 48 domestic airports have been provided with accessible feature.,Govt. of India,"Sec.36.211 Maintenance of accessible features. [...] (g) Duty to provide accessible features in the event of disproportionality. (1) When the cost of alterations necessary to make the path of travel to the altered area fully accessible is disproportionate to the cost of the overall alteration, the path of travel shall be made accessible to the extent that it can be made accessible without incurring disproportionate costs. [...] Section 36.211 Maintenance of Accessible Features",Half True,False,True,insufficient-neutral,factly
factly_3072_ret_bn_g3,factly_3072,All 34 international airports and all 48 domestic airports have been provided with accessible feature.,Govt. of India,"(19) Where provided, baggage check-in and retrieval systems shall be on an accessible route complying with 4.3, and shall have space immediately adjacent complying with 4.2. If unattended security barriers are provided, at least one gate shall comply with 4.13. Gates which must be pushed open by wheelchair or mobility aid users shall have a smooth continuous surface extending from 2 inches above the floor to 27 inches above the floor. [...] Section 36.211 Maintenance of Accessible Features Section 36.211 provides that a public accommodation shall maintain in operable working condition those features of facilities and equipment that are required to be readily accessible to and usable by persons with disabilities by the Act or this part. The Act requires that, to the maximum extent feasible, facilities must be accessible to, and usable by, individuals with disabilities. This section recognizes that it is not sufficient to provide features such as accessible routes, elevators, or ramps, if those features are not maintained in a manner that enables individuals with disabilities to use them. Inoperable elevators, locked accessible doors, or ""accessible’’ routes that are obstructed by furniture, filing cabinets, or potted plants are neither ""accessible to’’ nor ""usable by’’ individuals with disabilities.",Half True,False,True,insufficient-neutral,factly
factly_3073,factly_3073,"More than 1.16 crore antenatal check-ups conducted at over 12,900 health facilities.",Govt. of India,The BJP government has published an infographic on the 48- months portal that makes four claims about welfare & benefits to pregnant women. This article is a fact check of the claims.,True,True,True,insufficient-neutral,factly
factly_3073_ret_b2_gn,factly_3073,"More than 1.16 crore antenatal check-ups conducted at over 12,900 health facilities.",Govt. of India,"Shri J P Nadda, Union Minister of Health and Family Welfare expressed heartfelt gratitude to the Hon’ble Prime Minister Shri Narendra Modi for his un-daunting support to the Pradhan Mantri Surakshit Matritva Abhiyan (PMSMA), as the programme crossed one crore mark in antenatal check-ups. The Union Health Minister stated that Hon’ble Prime Minister of India had envisioned that 9th of every month, symbolizing the 9 months of pregnancy, should be dedicated to pregnant women. The PMSMA programme was launched in 2016 to fulfil his vision and ensure comprehensive and quality antenatal checkups to pregnant women across India. ""More than one crore antenatal check-ups have been conducted under the ambitious Pradhan Mantri Surakshit Matritva Abhiyan (PMSMA), which has provided quality antenatal checkups to pregnant women on the 9th of every month. Now safe pregnancy has become a social movement in our country,"" Shri Nadda added.",True,False,True,insufficient-supports,factly
factly_3073_ret_bn_g0,factly_3073,"More than 1.16 crore antenatal check-ups conducted at over 12,900 health facilities.",Govt. of India,"The first claim is that ‘more than 1.16 crore antenatal check-ups conducted at over 12,900 health facilities’. [...] In a question answered in the Lok Sabha in July 2018, it is stated that ‘since its inception in 2016, free quality antenatal services are provided to all pregnant women visiting 13047 PMSMA sites across the country. Over 1.35 crore antenatal check-ups have been conducted under the progamme till date’. However, this is not the first ever program on antenatal care. The previous governments also had dedicated antenatal care programs. [...] Fact: 1.35 crore antenatal check-ups have been conducted under the progamme. Hence, the claim is TRUE.",True,False,True,supports,factly
factly_3073_ret_bn_g3,factly_3073,"More than 1.16 crore antenatal check-ups conducted at over 12,900 health facilities.",Govt. of India,"In the series on the performance of various ministers in the Modi government, today we take a look at the health ministry. [...] The Government has identified 201 high focus districts across 28 states, in the country that have the highest number of partially immunized and unimmunized children. Earlier the increase in full immunization coverage was 1% per year, which has increased to 6.7% per year through the first two phases of Mission Indradhanush. Four phases of Mission Indradhanush have been conducted till August 2017, and more than 2.53 crore children and 68 lakh pregnant women have been vaccinated. [...] Pradhan Mantri Surakshit Matritva Abhiyan (PMSMA) – PMSMA was launched in November 2016 to provide assured, comprehensive and quality antenatal care, free of cost, universally to all pregnant women on the 9th of every month. PMSMA guarantees a minimum package of antenatal care services, to women in their 2nd and 3rd trimesters of pregnancy at designated government health facilities. Under this scheme, more than 1.16 crore antenatal check-ups have been conducted at over 12,900 health facilities across all states and union territories. More than 6 lakh high-risk pregnancies were identified and were provided all possible care.",True,False,True,supports,factly
factly_3073_ret_bn_g9,factly_3073,"More than 1.16 crore antenatal check-ups conducted at over 12,900 health facilities.",Govt. of India,"323 of 12,900 antyaja children, which is equal to 7 per cent, of their popula- tion. In addition to the two Boarding Houses for antyajas at Baroda [...] The following tabular statement shows the number of labour cases opnducted by the midwives attached to the various hospitals and dispensaries during the last <""3 years : — [...] An examination of the above figures shows that the work of register- ing births, though unsatisfactory in the begin- ning, has improved during the last decade.",True,False,True,insufficient-neutral,factly
factly_3078,factly_3078,The colour markers printed on toothpaste represents the type of ingredient used in it,SOCIAL MEDIA POST,"The colour markers on the toothpaste are not an indication of the ingredients or the formula of the toothpaste. These colour markers help during the manufacturing of toothpaste. Light beam sensors scan this colour code (markers) and feed the machines instructions where to cut, fold, and seal the toothpaste packet. These colour markers have nothing to do with the raw ingredients of the toothpaste. Hence, the claim made in the post is False.",False,True,True,refutes,factly
factly_3078_ret_b4_gn,factly_3078,The colour markers printed on toothpaste represents the type of ingredient used in it,SOCIAL MEDIA POST,"Multiple social media users believe that the colour coding on the edge of toothpaste tubes indicate towards the ingredients used in the toothpaste. [...] According to most social media users who post this popular myth, you should be paying close attention to the bottom edge of your toothpaste tubes. The small rectangle or square colour at the bottom, black, blue, red, or green, reveals the ingredients of the toothpaste: [...] No. The colour in the toothpaste tube doesn’t reveal anything about their ingredients. Colgate, one of the largest toothpaste manufacturers, mentions on their website, ""Oral care companies don’t mark their toothpaste with coloured squares to try to trick consumers and hide ingredients from them.""",False,False,True,refutes,factly
factly_3078_ret_b9_gn,factly_3078,The colour markers printed on toothpaste represents the type of ingredient used in it,SOCIAL MEDIA POST,"Fact Check: No, Colored Boxes On Toothpaste Tube Don't Represent Its Ingredients [...] Posts shared on social media claim that different colours on the strip at the bottom of toothpaste indicate its ingredients. An image being shared with the posts says that the black stripe represents pure chemical, the red stripe represents natural and chemical composition, the blue stripe shows natural and medicine, and the green stripe shows natural. The image is shared with the caption, ""Meaning behind the colour codes of Toothpaste: BLACK-pure chemical, RED-natural + chemical, GREEN-natural, BLUE-natural + medicine."" [...] The website of Colgate mentions that colour code means nothing. According to the website, if you want to know what kind of ingredients your toothpaste has, don't look for a coloured block at the end of the tube. Instead, take a look at the packaging for a comprehensive list of ingredients.",False,False,True,refutes,factly
factly_3080,factly_3080,5 Hindus were caught raping a half-burnt dead body in the Sikar district of Rajasthan,SOCIAL MEDIA POST,"Sikar Police through a tweet clarified that the news reported by the ‘Asianet News Hindi’ is false. As per the police officials, three days after the cremation of a woman, an outsider, who came to meet his acquaintance, was beaten up by the villagers on suspicion of performing tantric rituals with the corpse. Sikar Police in the tweet emphasized that no such heinous activity as rape was detected in the incident. Hence, the claim made in the post is False.",False,True,True,refutes,factly
factly_3080_ret_b0_gn,factly_3080,5 Hindus were caught raping a half-burnt dead body in the Sikar district of Rajasthan,SOCIAL MEDIA POST,"CLAIMSeveral Twitter users are posting a photo of two cops standing next to a burning pyre to claim that 5 Hindu men in Sikar, Rajasthan took out a burnt dead body of a woman and raped her. [...] Pakistan to keep rapists away, in Sikar, India, five Hindus have been caught for raping the dead body of a woman by taking it out of a burning pyre,"" he tweeted. TRUTHThe claim of 5 Hindu men raping a half-burnt dead body of a woman in Sikar is false. The image used to make this claim is sourced from the internet.",False,False,True,refutes,factly
factly_3080_ret_b11_gn,factly_3080,5 Hindus were caught raping a half-burnt dead body in the Sikar district of Rajasthan,SOCIAL MEDIA POST,"The men, who were arrested on August 2, have been formally charged with rape, murder, and destruction of evidence, among other crimes, the Ministry of Home Affairs said in a statement. They could face the death penalty if found guilty. The victim belonged to India’s Dalit community, the most oppressed in Hinduism’s caste-based hierarchy, senior police official Ingit Pratap Singh told CNN. The victim was allegedly gang-raped and killed on August 1 in a southwestern district of the Indian capital, after she had gone to fetch water from a crematorium, he said.",False,False,True,insufficient-supports,factly
factly_3080_ret_bn_g0,factly_3080,5 Hindus were caught raping a half-burnt dead body in the Sikar district of Rajasthan,SOCIAL MEDIA POST,"Referring to an article published by the ‘Asianet News Hindi’, a post is being shared on social media claiming that five miscreants were caught raping a half-burnt dead body of a woman in the Sikar district of Rajasthan. Ashok Swain, a Professor at Uppsala University, shared the same article of ‘Asianet News Hindi’ and tweeted, ""While Indian media spreading fake news about the locked grave in Pakistan to keep rapists away, in Sikar, India, five Hindus have been caught for raping the dead body of a woman by taking it out of a burning pyre."" Let’s verify the claim made in the post. [...] ‘Asianet News Hindi’ deleted their article reporting about five miscreants raping a half-burnt dead body in the Sikar district of Rajasthan. When we searched for the details of the claim made in the post using relevant keywords, we found an article published by ‘Patrika’ related to the same incident on 19 April 2023. The article reported that police had arrested five persons from the crematorium ground in the Ajitgarh area after the villagers thrashed all five on suspicion of performing tantric rituals with the burnt corpse of a woman. [...] To sum it up, the viral claims about five Hindus raping a half-burnt woman in the Sikar district of Rajasthan are not true.",False,False,True,refutes,factly
factly_3080_ret_bn_g19,factly_3080,5 Hindus were caught raping a half-burnt dead body in the Sikar district of Rajasthan,SOCIAL MEDIA POST,"Police said that the rapists had tried to muzzle her voice and as a result she died of asphyxiation. Those arrested include Naveen, Mohammad Pasha, Shiva and C Chenna Keshavulu. The state government and police officials have appealed to the citizens to call police, especially, the number 100, in case of emergency. [...] They took turns to rape her at a brick kiln. After the incident, police had registered a case and formed a special investigation team. The 12 accused have been arrested. [...] The accused--Karan, 28, had abducted and raped the child, two weeks ago in Sikar. In this case, the police completed probe and presented charge-sheet in record time.",False,False,True,insufficient-supports,factly
factly_3083_ret_b7_gn,factly_3083,"For pre-matric scholarship for OBCs, the rates of scholarship increased substantially.",Govt. of India,"The scheme of Pre-matric Scholarship for the benefit of children belonging to Weaker Section amongst OBCs has been formulated and this Scholarship would be helpful in spreading education amongst such children especially amongst the girl child of weaker sections. [...] The scholarships may be given to the students enrolled in class I or any subsequent class of pre-matric stage in the case of day scholars, and class III or any subsequent class of pre-matric stage in the case of hostlers. The scholarship will terminate at the end of class X. The duration of scholarship in an academic year will be 10 months. [...] Source: For Complete information on Pre Matric Scholarship Scheme for Other Backward Classes (OBC) Students for Studies in India, Click here",True,False,True,insufficient-neutral,factly
factly_3083_ret_bn_g0,factly_3083,"For pre-matric scholarship for OBCs, the rates of scholarship increased substantially.",Govt. of India,"[orc]The government claimed in an infographic that the scholarship amounts for SCs & OBCs have been increased. Here is a fact check of the claim. [...] Have the rates of Pre-Matric scholarships increased for OBCs? The fourth claim is that for pre-matric scholarship of OBCs, the rates of scholarship increased substantially. According to a press release of the ministry in February 2018, ‘the earlier rates of scholarships of day scholars from Class I to V, Class VI to VIII and Class IX to X of ₹25, ₹40 and ₹50 respectively for 10 months has been revised to ₹100 per month for 10 months from Class I to X. Earlier rates of scholarships of hostellers from Class III to VIII and Class IX to X of ₹200 and ₹250 respectively for ten months has been revised to ₹500 per month for 10 months from Class III to X.’ The scheme has been revised with effect from 2017-18.",True,False,True,insufficient-supports,factly
factly_3084,factly_3084,Muslim Advocate Adeel Ahmed recently filed a petition in the Supreme Court seeking a ban on Gadar-2 film,SOCIAL MEDIA POST,"As on date, no such petition seeking a ban on Gadar 2 film was filed in the Supreme Court of India. Supreme Court Advocate Adeel Ahmed released a video clarifying that he did not file any such petition against Gadar 2 film. The producers of the movie have not yet announced the official release date of the film. Hence, the claim made in the post is FALSE.",False,True,True,refutes,factly
factly_3084_ret_b15_gn,factly_3084,Muslim Advocate Adeel Ahmed recently filed a petition in the Supreme Court seeking a ban on Gadar-2 film,SOCIAL MEDIA POST,"A user named Pushpendra Kulshreshtha wrote- ""Muslim advocate Adil Ahmed filed a petition in the Supreme Court to ban Sunny Deol’s upcoming film Gadar 2, this film has been made to hurt the sentiments of Muslims. Another user wrote- ""A jihadi advocate Adil Ahmed has filed a case on Sunny Deol’s film Gadar 2 to be banned. Now it’s our responsibility to hit. Shri Radhekrishna"" [...] Claim Review: Muslims file petition in Supreme Court seeking ban on Gadar-2",False,False,True,insufficient-supports,factly
factly_3084_ret_bn_g0,factly_3084,Muslim Advocate Adeel Ahmed recently filed a petition in the Supreme Court seeking a ban on Gadar-2 film,SOCIAL MEDIA POST,"A post is being shared on social media claiming that a Muslim advocate named Adeel Ahmed had filed a petition in the Supreme Court of India seeking a ban on Gadar 2 film, which is said to be released on 26 January 2023. According to the post, the advocate had appealed to the Supreme Court to stop the screening of the Gadar 2 film, accusing the filmmakers of hurting the religious sentiments of the Muslims. Let’s verify the claim made in the post. [...] Fact: As on date, no such petition seeking a ban on Gadar 2 film was filed in the Supreme Court of India. Supreme Court Advocate Adeel Ahmed released a video clarifying that he did not file any such petition against Gadar 2 film. The producers of the movie have not yet announced the official release date of the film. Hence, the claim made in the post is FALSE. When we searched to check whether any Muslim lawyer named Adeel Ahmed had filed a petition in the Supreme Court seeking a ban on Gadar 2 film, we could not find any such news on the internet. Though ‘Zee Studios’ confirmed the release of Gadar 2 in 2023, they did not announce the official release date of the film as yet.",False,False,True,refutes,factly
factly_3084_ret_bn_g1,factly_3084,Muslim Advocate Adeel Ahmed recently filed a petition in the Supreme Court seeking a ban on Gadar-2 film,SOCIAL MEDIA POST,"Several people on social media claimed that a lawyer named Adeel Ahmed had filed a petition in the Supreme Court to stop Gadar 2's release. India Today's AFWA team fact checks the claim. [...] ""Gadar 2"" is the official sequel of ""Gadar: Ek Prem Katha"" released in 2001. While extending support to the upcoming movie that will supposedly be released on September 8, several people claimed that a lawyer named Adeel Ahmed had filed a petition in the Supreme Court to ban the film’s release citing that it may hurt Muslim sentiments. [...] AFWA's investigation found that Adeel Ahmed did not file any petition in the apex court to ban ""Gadar 2"". At the same time, the film’s release date has not been announced yet.",False,False,True,refutes,factly
factly_3084_ret_bn_g4,factly_3084,Muslim Advocate Adeel Ahmed recently filed a petition in the Supreme Court seeking a ban on Gadar-2 film,SOCIAL MEDIA POST,"- Sunny Deol-starrer ‘Gadar 2’ enters £50 million club - GG2 (September 4, 2023) [...] - ‘Gadar 2’ becomes first film to be screened at new Parliament Building in India - GG2 (August 25, 2023) [...] - ‘Gadar 2’: Everything you need to know about Sunny Deol starrer - GG2 (July 27, 2023)",False,False,True,insufficient-neutral,factly
factly_3092,factly_3092,The Electronic Voting Machines (EVMs) can only accomodate up to 64 candidates.,FACEBOOK POST,"While the pre-2006 (M1) and post-2006 EVMs can accommodate up to a maximum of 64 candidates (including NOTA), the upgraded post-2006 EVMs (M3) can cater to 384 candidates. Hence, the claim stands FALSE.",False,True,True,refutes,factly
factly_3092_ret_b8_gn,factly_3092,The Electronic Voting Machines (EVMs) can only accomodate up to 64 candidates.,FACEBOOK POST,"What’s the maximum number of candidates an EVM can cater to? Each Balloting unit has a provision for 16 candidates. If the number of candidates exceed 16, a second balloting unit is linked parallel to the first one. The maximum number of candidates an EVM can cater to is 64 (That is 4 Balloting units). If there are constituencies with more than 64 contesting candidates, they must adopt the conventional voting method wiz, ballot box and ballot paper.",False,False,True,supports,factly
factly_3092_ret_bn_g0,factly_3092,The Electronic Voting Machines (EVMs) can only accomodate up to 64 candidates.,FACEBOOK POST,"Fact: While the pre-2006 (M1) and post-2006 EVMs can accommodate up to a maximum of 64 candidates (including NOTA), the upgraded post-2006 EVMs (M3) can cater to 384 candidates. Hence, the claim stands FALSE. [...] While the pre-2006 (M1) and post-2006 EVMs can accommodate up to a maximum of 64 candidates (including NOTA), the upgraded post-2006 EVMs (M3) can cater to 384 candidates. All the details about the EVMs can be found in the latest version of the manual on Electronic Voting Machine and VVPAT. [...] Finally, the claim that Electronic Voting Machines (EVMs) can only accomodate up to 64 candidates is False and the upgraded post-2006 EVMs (M3) can cater up to 384 candidates (including NOTA).",False,False,True,refutes,factly
factly_3092_ret_bn_g1,factly_3092,The Electronic Voting Machines (EVMs) can only accomodate up to 64 candidates.,FACEBOOK POST,"The Election Commission is working on a new design for electronic voting machines (EVMs) which will accommodate more than the present maximum limit of 64 candidates. This information was given in the Lok Sabha by Law and Justice minister Salman Khurshid in response to a question. ""The present EVM is so designed that it can be used only in a constituency, where the maximum number of candidates is sixty four,"" Mr. Khurshid said in his written reply. ""The Election Commission has intimated that they are working on a new design of EVMs, which will accommodate more than 64 candidates,"" he said.",False,False,True,supports,factly
factly_3108,factly_3108,Shark Tank India’s Judge Vineeta Singh played the role of Raju’s Mother in ‘3 Idiots’ movie,SOCIAL MEDIA POST,"The character of Raju’s mother, Mrs. Rastogi, was played by actress Amardeep Jha. When a similar post went viral in 2022, Vineeta dismissed the claims sportively by acting in a meme video based on 3 Idiots movie scene. Hence the claim made in the post is FALSE.",False,True,True,refutes,factly
factly_3108_ret_bn_g0,factly_3108,Shark Tank India’s Judge Vineeta Singh played the role of Raju’s Mother in ‘3 Idiots’ movie,SOCIAL MEDIA POST,"A post is being widely shared on social media claiming that entrepreneur and Shark Tank India judge Vineeta Singh had played the role of Raju’s Mother in ‘3 Idiots’ movie. Let’s verify the claim made in the post. [...] Fact: The character of Raju’s mother, Mrs. Rastogi, was played by actress Amardeep Jha. When a similar post went viral in 2022, Vineeta dismissed the claims sportively by acting in a meme video based on 3 Idiots movie scene. Hence the claim made in the post is FALSE. [...] To sum it up, Raju’s mother character in 3 idiots movie was played by Amardeep Jha, not by entrepreneur and Shark Tank India’s judge Vineeta Singh.",False,False,True,refutes,factly
factly_3108_ret_bn_g5,factly_3108,Shark Tank India’s Judge Vineeta Singh played the role of Raju’s Mother in ‘3 Idiots’ movie,SOCIAL MEDIA POST,"An image is widely shared on social media stating that Sugar Cosmetics CEO and Shark Tank India judge Vineeta Singh had played the character of Raju’s Mother in the 3 Idiots movie. The image is shared on Facebook with a caption: ""CEO of Sugar Cosmetics, Vineeta Singh, didn’t feel ashamed or nervous and proudly played the role of a poor mother in 3 Idiots"" [...] According to the film’s end credits and IMDb, actress Amardeep Jha, 62, played Raju’s mother (Mrs Rastogi). Vineeta Singh did not appear in this film.",False,False,True,refutes,factly
factly_3108_ret_bn_g7,factly_3108,Shark Tank India’s Judge Vineeta Singh played the role of Raju’s Mother in ‘3 Idiots’ movie,SOCIAL MEDIA POST,"Shark Tank India season 1 judge, Vineeta Singh, has continuously been juxtaposed with actress Amardeep Jha, as netizens find both somewhat similar in their appearance. Amardeep Jha has played Raju Rastogi’s (Sharman Joshi) mother in famous movie 3 Idiots. Netizens started a meme fest where Vinita was replaced by actress in some photos. Vinita went a step ahead and moulds herself in actual character of Amardeep Jha in a video. The CEO of Sugar Cosmetics has dressed herself in a saree and got a bit makeover to look like Raju’s mother of movie 3 Idiots. The video has been shared by Vineeta on her Twitter as a response to the viral meme comparing her with Raju’s mother in 3 Idiots. [...] The videos begins with an employee noticing Vinita’s meme on social media. He later goes to Vineeta and talk about approvals of budget. Vineeta, portrayed as Raju’s mother, recreates 3 Idiots scene and says, ""Paise kya ped pe ugte hai? Tumhe pta hai bhindi barah rupay ki ho gayi hai or paneer to sone k daam pe bik raha hai."" He then left her cabin completely baffled and went to his seat.",False,False,True,refutes,factly
factly_3108_ret_bn_g8,factly_3108,Shark Tank India’s Judge Vineeta Singh played the role of Raju’s Mother in ‘3 Idiots’ movie,SOCIAL MEDIA POST,"Shark Tank India's Vineeta Singh Hits Back At Trolls As She Turns Raju's Mother From 3 Idiots In A Viral Meme: Fans Call Her ‘Boss Lady’ Vineeta Singh shared a hilarious meme that presented her as Raju Rastogi’s mother from ‘3 Idiots’ 56706 Reads | [...] Taking to her Twitter handle, Vineeta shared a hilarious meme featuring her as Raju Rastogi’s mother (Amardeep Jha) and wrote, ""All is not well! Stop with the photoshopping, Team @trySUGAR."" Her post came after she found herself featuring in a viral meme that presented her as Raju Rastogi’s mother from 3 Idiots. Vineeta shared a hilarious response via a video that has left netizens in splits. The clip begins with an employee coming across Vineeta’s meme while scrolling on social media. He later goes to her cabin to discuss some budget approval. But he gets shocked seeing Vineeta sitting in a saree. She reminds him and every one of Rastogi’s mother from 3 Idiots as she complaints about the rise in prices of ‘bhindi’ and ‘paneer’.",False,False,True,refutes,factly
factly_3112,factly_3112,"Vandana Tiwari, Sister of Bageshwar Dham Dhirendra Shastri, is marrying a Muslim man",SOCIAL MEDIA POST,"The woman seen in this photo is Actress Gehana Vasisth, whose original name is Vandana Tiwari. Dhirendra Shastri’s sister married a Hindu named Kamlesh Chauraha in 2015. Hence, the claim made in the post is False.",False,True,True,refutes,factly
factly_3112_ret_bn_g0,factly_3112,"Vandana Tiwari, Sister of Bageshwar Dham Dhirendra Shastri, is marrying a Muslim man",SOCIAL MEDIA POST,"A photo of a couple in traditional attire is viral on social media, claiming that the woman seen in it is Bageshwar Dham Dhirendra Shastri’s sister ‘Vandana Tiwari’. A post that shares this photo claims that she is marrying a Muslim man without the knowledge of her brother. Let’s verify the truth behind these claims through this fact-checking article. [...] According to BBC, Bageshwar Dham’s Dhirendra Shastri has a sister named Rita Garg, and she is already married. Regarding this issue, Bageshwar Dham’s PRO, Kamal Awasthi, told Aaj Tak that she married a Hindu man called Kamlesh Chauraha in 2015. All of this makes it evident that the viral photo is being misquoted as a picture of Dhirendra Shastri’s sister and her Muslim husband while it actually features Actress Gehana Vasisth and her husband.",False,False,True,refutes,factly
factly_3112_ret_bn_g1,factly_3112,"Vandana Tiwari, Sister of Bageshwar Dham Dhirendra Shastri, is marrying a Muslim man",SOCIAL MEDIA POST,"A picture showcasing a newly married couple wearing garland is doing rounds on social media. It is claimed that the photo shows a woman named Vandana Tiwari, the sister of Dhirendra Shastri of Bageshwar Dham. Further, it is claimed that she married a Muslim and converted to Islam. [...] (English translation: Dhirendra Shastri of Bageshwar Dham sees people's pamphlets and also claims to make India a Hindu nation, but it is interesting that his religious sister ""Vandana Tiwari"" is abandoning her Brahmin clan and leaving Hinduism and is marrying a Muslim youth. And Bageshwar is not even aware of it.) The photo was shared on June 13 and has garnered 17.5k views with over 300 retweets. [...] To sum up, photos from the marriage of Gehna Vasistha and Faizan Ansari are viral on social media to claim that the woman is Vandana Tiwari, the sister of Dhirendra Shastri of Bageshwar Dham, who married a Muslim and converted to Islam. However, the viral claim is false as Shastri has only one sister named Rita Garg, who was married to a Hindu Brahmin in 2015.",False,False,True,refutes,factly
factly_3112_ret_bn_g5,factly_3112,"Vandana Tiwari, Sister of Bageshwar Dham Dhirendra Shastri, is marrying a Muslim man",SOCIAL MEDIA POST,"New Delhi (Vishvas News): A post has been going viral on the internet with claims that a disciple of Dhirendra Shastri of Bageshwar Dham has eloped with the wife of one of the organisers (yajman) of his event. Several social media users have started targeting Dhirendra Shastri over the viral post. However, Vishvas News, in its investigation, found the viral post to be misleading. The incident was found to be true but the man who eloped with the woman has no connection with Dhirendra Shastri of Bageshwar Dham. The man was found to be the disciple of Acharya Dhirendra of Chitrakoot. [...] No mention of Bageshwar Dham or Dhirendra Shastri was found anywhere in the news published on Aaj Tak’s website on May 8. ""Organising a Ramkatha became costly for a host in Chhatarpur, Madhya Pradesh. A disciple of the narrator, who had come to recite the Ramkatha, eloped with the host’s wife. The case started from 2021 when the woman’s husband Rahul Tiwari had organized Ramkatha in Gaurishankar temple. Storytellers from Chitrakoot were called for reciting Ramkatha. Acharya had come to perform Ramkatha with his disciple Narottam Das Dubey,"" the Aaj Tak report stated. [...] - Claim Review : Disciple of Dhirendra Shastri of Bageshwar Dham has eloped with the wife of one of the organisers - Claimed By : Fb user: Yashvi Oswal - Fact Check : Misleading",False,False,True,refutes,factly
factly_329,factly_329,"Congress Manifesto: “Will withdraw the AFSPA, reduce army presence if voted”.",Govt. of India,"The Congress Manifesto promises to amend or review the AFSPA, not withdraw it. Hence, the claim made in the post is FALSE.",False,True,True,refutes,factly
factly_329_ret_b13_gn,factly_329,"Congress Manifesto: “Will withdraw the AFSPA, reduce army presence if voted”.",Govt. of India,"With the country set to elect the 17th Lok Sabha, the Congress on Tuesday released its election manifesto which among other things promised a review of the AFSPA and reduction in the presence of Army and personnel of Central Armed Police Forces (CAPF) in Valley. The Congress Manifesto on Kashmir also said a review of both the Armed Forces (Special Powers) Act and the Disturbed Areas Act would be carried out, and ""suitable changes will be made in the text of the laws"". ""Congress promises to review the deployment of armed forces, move more troops to the border to stop infiltration completely, reduce the presence of the Army and CAPFs in the Kashmir Valley, and entrust more responsibility to the J&K police for maintaining law and order,"" the party said in the manifesto released by Congress president Rahul Gandhi in New Delhi on Tuesday.",False,False,True,insufficient-supports,factly
factly_329_ret_b19_gn,factly_329,"Congress Manifesto: “Will withdraw the AFSPA, reduce army presence if voted”.",Govt. of India,"Jammu and Kashmir Chief Minister Omar Abdullah feels the Armed Forces Special Powers Act can be withdrawn from some areas in the state with a rider that the army could step in again if the situation so warranted. [...] ""I think the time has come where we can start to objectively look at areas from where the AFSPA can be removed with the understanding that if there is a situation requiring the Army to intervene, we can make a temporary sort of return to that,"" Mr. Omar said. [...] Commenting on opposition to the withdrawal of AFSPA, the Chief Minister said, ""No right-thinking person can turn around and tell you that AFSPA should be revoked in one shot. It is not possible at a point where you still have militant encounters and things like that going on.",False,False,True,supports,factly
factly_329_ret_bn_g4,factly_329,"Congress Manifesto: “Will withdraw the AFSPA, reduce army presence if voted”.",Govt. of India,Patronising private armies in the guise of cow protection or moral policing. Murderously attacking Dalits and Muslims. Private armies’ unrestricted activities leading to incidents of mob lynching. [...] • Repeal the Armed Forces Special Powers Act and replace it with a suitable law which provides a legal framework for the operation of the armed forces without the draconian provisions. [...] • Complete withdrawal of AFSPA.,False,False,True,supports,factly
factly_343,factly_343,Union Minister of State for Home Affairs of India Kiren Rijiju has been re-elected as Member of Parliament from Arunachal Pradesh,FACEBOOK POST,The photo in the post is the one taken in the context of Kiren Rijiju’s filing of nomination papers with the Returning Officer for the upcoming Lok Sabha elections 2019. Hence the claim made in the post stands FALSE.,False,True,True,refutes,factly
factly_343_ret_b0_g0,factly_343,Union Minister of State for Home Affairs of India Kiren Rijiju has been re-elected as Member of Parliament from Arunachal Pradesh,FACEBOOK POST,"Kiren Rijiju (born 19 November 1971) is an Indian politician serving as 28th Minister of Parliamentary Affairs and 7th Minister of Minority Affairs since 2024. He was the Cabinet Minister of Earth Sciences and Food Processing Industries in the Government of India since 2023 till June 2024 and a member of the parliament in Lok Sabha from Arunachal West since 2014 and from 2004 to 2009. Earlier, he served as the Minister of State for Home Affairs from 2014 to 2019, Minister of State for Minority Affairs from 2019 to 2021, Minister of State (Independent Charge) for Sports and Youth Affairs from 2019 to 2021 and the Law minister from 2021 to 2023.[3][4] [...] Political career [edit]Kiren Rijiju is a three time MP in Lok Sabha from Arunachal Pradesh (2004, 2014, and 2024). He has served as minister of state (MoS) (independent charge) youth affairs and sports, MoS minority affairs, MoS home affairs, and Minister of Law and Justice. His tenure as Law Minister was marked by controversies. On 18 May 2023, he was assigned the portfolio of Ministry of Earth Sciences.[8] On 10 June 2024, he was appointed as the Union Cabinet Minister for Parliamentary Affairs and Minority Affairs in the Government of India. He is one of the three Buddhist MPs in the 18th Lok Sabha.[9]",False,False,True,insufficient-neutral,factly
factly_343_ret_b1_gn,factly_343,Union Minister of State for Home Affairs of India Kiren Rijiju has been re-elected as Member of Parliament from Arunachal Pradesh,FACEBOOK POST,"Shri Rijiju was welcomed by Secretary Shri Srinivas Katikithala and other senior officials of the Ministry. Shri Rijiju is a Lok Sabha MP from Arunachal (West), Arunachal Pradesh. Born on 19th November 1971, Shri Rijiju has studied B.A., LLB from Delhi. This is the fourth term of Shri Rijiju as the member of parliament. He earlier served as the Cabinet Minister of Earth Sciences and Food Processing Industries in the Government of India since 2023 till June 2024. He also served as the Minister of State for Home Affairs from 2014 to 2019, Minister of State for Minority Affairs from 2019 to 2021, Minister of State (Independent Charge) for Sports and Youth Affairs from 2019 to 2021 and as the Law minister from 2021 to 2023. Shri Rijiju has keen interest in badminton, football and athletics. He has also participated in National games. Shri Rijiju has written many articles in the Newspapers and Magazine related to Social, Cultural and Political issues. He has special interests in strategic and security affairs. An active social worker since school days, Shri Rijiju led several social movements as a social worker and student leader. He has represented India in various social and cultural events held in many countries. He was adjudged as the best young parliamentarian by the media during 14th Lok Sabha.",False,False,True,supports,factly
factly_343_ret_bn_g7,factly_343,Union Minister of State for Home Affairs of India Kiren Rijiju has been re-elected as Member of Parliament from Arunachal Pradesh,FACEBOOK POST,"Earlier this year, the BJP-ruled state of Maharashtra banned the slaughter of cows, as well as the sale and possession of beef. Such laws have been passed before, but never has the basis for them been articulated as an overarching philosophy until now. The union minister of state for home affairs, Kiren Rijiju, who is from Arunachal Pradesh, offered this explanation shortly after: ""If Maharashtra is Hindu majority, or if Gujarat is Hindu majority, Madhya Pradesh is Hindu majority, if they are to make laws conducive to the Hindu faith, let them be. But in our place, in our state where we are majority, where we feel whatever steps we take, you know, laws which are conducive to our beliefs, it should be."" [...] The practical implications of Article 29(1) are yet to be fully worked out in a court of law, as there have been very few direct challenges to the powers of the government that depend solely on it. But there is no mistaking that by intent it is a direct refutation of what the BJP stands for. The faction that dominates the BJP government has adversely affected the freedoms of a large number of Indian citizens. We should not hesitate in stating that the views that Rijiju represents within the BJP, and the even more extreme ones that are basic to the RSS, are simply unconstitutional.",False,False,True,insufficient-neutral,factly
factly_344,factly_344,"Families of the deceased persons to be given an assistance of 4 lakh rupees, up from 2.5 lakh rupees.",Govt. of India,The BJP government has made four claims about standing with farmers in times of need ( referring to the SDRF) in an infographic published on the 48-months portal. This article is a fact check of the claims made in the infographic.,True,True,True,insufficient-neutral,factly
factly_344_ret_b11_gn,factly_344,"Families of the deceased persons to be given an assistance of 4 lakh rupees, up from 2.5 lakh rupees.",Govt. of India,"Supporting relatives and carers at the end of a patient’s life [...] Effective support can make a considerable difference to the relatives of people who are dying; helping to allay fears, reducing stress and anxiety, and minimising suffering in bereavement. Clear communication around practical considerations (death certificate, funeral arrangements, information around autopsy, etc) and psychosocial support (normalising grief, cultural and spiritual considerations) is key.",True,False,True,insufficient-neutral,factly
factly_344_ret_bn_g0,factly_344,"Families of the deceased persons to be given an assistance of 4 lakh rupees, up from 2.5 lakh rupees.",Govt. of India,"Is assistance of Rs. 4 lakh being provided for families of deceased persons? The third claim is that ‘families of the deceased persons to be given an assistance of 4 lakh rupees, up from 2.5 lakh rupees’. It is true that the revised norms of assistance from the SDRF increase the assistance per deceased persons to Rs. 4 lakh from the existing Rs. 1.5 lakh per person. It has to be noted that is not for farmers alone, but for any deceased person during a notified natural disaster.",True,False,True,refutes,factly
factly_344_ret_bn_g11,factly_344,"Families of the deceased persons to be given an assistance of 4 lakh rupees, up from 2.5 lakh rupees.",Govt. of India,"Death case- 2 lakh Serious injury- 50,000/- 4.5 2 1 10 [...] Death case- 2 lakh Serious injury- 50,000/- 14.5 7 1 4 [...] Death case- 2 lakh Serious injury- 50,000/- 52.50 25 5 4",True,False,True,insufficient-supports,factly
factly_346_ret_b0_gn,factly_346,Contribution of 12% to EPF for new employees for 3 years by the government in sectors employing large number of people.,Govt. of India,"Government will pay the 12 per cent of wages to the Employees Provident Fund (EPF) contribution on behalf of new employees in all sections for the next three years. The decision was announced by Finance Minister Arun Jaitley during his Union Budget presentation in Lok Sabha on Thursday. Mr. Jaitley also said the Employees Provident Fund Act will be amended to reduce contribution of women to eight per cent from 12 per cent with no change in employer’s contribution. This would effectively mean women employees will be able to get a higher take-home pay. According to the Employees’ Provident Fund Organisation (EPFO), 36.8 lakh new members in the age group of 18-25 years were added as of November 2017.",True,False,True,supports,factly
factly_346_ret_b1_gn,factly_346,Contribution of 12% to EPF for new employees for 3 years by the government in sectors employing large number of people.,Govt. of India,"Union Budget 2018: Govt to pay 12% employer EPF contribution for 3 years for new workforce [...] The government will pay the employer’s contribution of 12% of basic salary towards the retirement corpus of individuals in the Employees’ Provident Fund (EPF) in the first three years of employment. [...] ""I am happy to announce that the Government will contribute 12% of the wages of the new employees in the EPF for all the sectors for next three years,"" finance minister Arun Jaitley said in his budget speech.",True,False,True,supports,factly
factly_346_ret_bn_g2,factly_346,Contribution of 12% to EPF for new employees for 3 years by the government in sectors employing large number of people.,Govt. of India,"The third claim is that ‘contribution of 12% to EPF for new employees for 3 years by the government in sectors employing large number of people’. [...] The scheme document of the Pradhan Mantri Rojgar Protsahan Yojana states that ‘in the Budget Speech 2016-17, it was stated that in order to incentivize creation of new jobs in the formal sector, Government of India will pay the Employee Pension Scheme contribution of 8.33% for all new employees enrolling in EPFO for the first three years of their employment. This will incentivize the employers to recruit unemployed persons and also to bring into the books the informal employees. In order to channelize this intervention towards the target group of semi-skilled and unskilled workers, the scheme will be applicable to those with salary up to Rs 15,000 per month. I have made a budget provision of Rs 1,000 crore for this scheme’. [...] Fact: Government of India will pay the full employer’s contribution (both EPF & EPS) of 12%. Hence, the claim is TRUE.",True,False,True,supports,factly
factly_346_ret_bn_g3,factly_346,Contribution of 12% to EPF for new employees for 3 years by the government in sectors employing large number of people.,Govt. of India,"- Contribution of 8.33% of Employee Provident Fund (EPF) for new employees bythe Government for three years. - Contribution of 12% to EPF for new employees for three years by the Government in sectors employing large number of people like textile, leather and footwear. [...] The Cabinet Committee on Economic Affairs on 28 FEB 2018 approved the continuation of (PMEGP) beyond 12th Plan for three years from 2017-18 to 2019-20 with a total outlay of Rs.5,500 crore.",True,False,True,supports,factly
factly_348,factly_348,"S.M.S English Medium School in Karnataka designed a Social Studies question paper for 7th standard students, which exclusively asked questions related to Muslim and other communities, indicating bias against Hinduism",SOCIAL MEDIA POST,"The allegation of prejudice in the Social Studies question paper at S.M.S English Medium School has been refuted by the school management. The first-month lessons covered topics on Christianity, Islam, crusades, the Mongols, and renaissance as per the prescribed syllabus. These topics were then included in the unit test for 7th standard students. Hence, the claim made in the post is MISLEADING.",False,True,True,insufficient-refutes,factly
factly_348_ret_b14_gn,factly_348,"S.M.S English Medium School in Karnataka designed a Social Studies question paper for 7th standard students, which exclusively asked questions related to Muslim and other communities, indicating bias against Hinduism",SOCIAL MEDIA POST,"S M S English Medium School is a Senior Secondary, affiliated to CBSE. Affiliation ID is 830083. Address of the school is: Varambally Village, Brahmavar Post Udupi Taluk & District Brahmavar, Udupi, Karntaka. PIN Code: 576213. Email address of the school is smsems93@gmail.com. More Schools - Vidyavardhaka English Medium School – Udupi, Karnataka - S R Public School – Udupi, Karnataka - Vishwa Vinayaka National English Medium School – Udupi, Karnataka - Dr. N. Shankara Adyanthaya Memorial English Medium High School Nitte – Udupi, Karnataka - G M Vidyanikethan Public School – Udupi, Karnataka - Madhavakripa English Nursery And Higher Primary School – Udupi, Karnataka - Christ School – Udupi, Karnataka - Gurukul Public School – Udupi, Karnataka - Little Rock Indian School – Udupi, Karnataka - Jawahar Navodaya Vidyalaya – Udupi, Karnataka",False,False,True,insufficient-neutral,factly
factly_348_ret_b3_gn,factly_348,"S.M.S English Medium School in Karnataka designed a Social Studies question paper for 7th standard students, which exclusively asked questions related to Muslim and other communities, indicating bias against Hinduism",SOCIAL MEDIA POST,"The question paper analysis of the SSLC Karnataka social science subject has been provided below after the availability of the final exam paper. Inputs have been taken from expert faculty and students (who took the exam) for doing a proper analysis of the question paper. The Karnataka SSLC Social Science question paper was of the moderate difficulty level. All the questions in the exam was asked from the standard syllabus. The objective questions were simple and scoring. The subjective questions were a bit lengthy. Overall the exam paper was scoring. As per the experts, students who would have practiced in the final days can score above 90 percent comfortable. The students also reported that they could complete the exam in time. [...] The Karnataka SSLC Social Science model paper 2024 contains questions from the standard syllabus prescribed by the Karnataka Board. The model question paper has been released in both Kannada and English language, just like the exam paper. The model paper contains exactly the same number of questions in the exact pattern as present in the actual board exam paper. That is why, students must practice the sample paper to have an idea about the question nature and difficulty level.",False,False,True,insufficient-neutral,factly
factly_348_ret_b7_gn,factly_348,"S.M.S English Medium School in Karnataka designed a Social Studies question paper for 7th standard students, which exclusively asked questions related to Muslim and other communities, indicating bias against Hinduism",SOCIAL MEDIA POST,"S M S English Medium School is a Co-Educational school affiliated to CBSE syllabus. S M S English Medium School is located in Udupi,Karnataka. The school was established in the year 1960 and is managed by Osc Education Society. Location of S M S English Medium School [...] S M S English Medium School has Library facility constituting , Periodicals, Dailies, Reference Books, Magazine, and with about 8900 books.",False,False,True,insufficient-neutral,factly
factly_348_ret_bn_g0,factly_348,"S.M.S English Medium School in Karnataka designed a Social Studies question paper for 7th standard students, which exclusively asked questions related to Muslim and other communities, indicating bias against Hinduism",SOCIAL MEDIA POST,"An image of a Social Studies question paper from S.M.S English Medium School in Brahmavar, Karnataka, designed for 7th standard students for the month of June 2023, is currently circulating widely on social media. The claim being made in the post suggests that the questions asked in the paper are exclusively related to Muslims and other communities, indicating bias against Hinduism by the school management. Let’s verify the authenticity of the claim made in the post. [...] Fact: The allegation of prejudice in the Social Studies question paper at S.M.S English Medium School has been refuted by the school management. The first-month lessons covered topics on Christianity, Islam, crusades, the Mongols, and renaissance as per the prescribed syllabus. These topics were then included in the unit test for 7th standard students. Hence, the claim made in the post is MISLEADING. [...] To summarize, the first-month lessons for 7th-standard students at S.M.S English Medium School covered topics on Christianity, Islam, the Crusades, the Mongols, and Renaissance, following the prescribed syllabus. These topics were subsequently included in the unit test.",False,False,True,insufficient-refutes,factly
factly_354,factly_354,No organisation associated with Islam participated in the relief work during the Odisha train accident,SOCIAL MEDIA POST,"Islamic organizations, such as Dawat-e-Islami India and Jamiat-Ulama-i-Hind, have actively participated in the relief work following the Odisha accident. They have provided essential supplies like food and water to the victims and facilitated transportation to nearby hospitals. Hence, the claim made in the post is MISLEADING.",False,True,True,refutes,factly
factly_354_ret_b11_gn,factly_354,No organisation associated with Islam participated in the relief work during the Odisha train accident,SOCIAL MEDIA POST,"Reliance Foundation on Monday announced a 10-point relief plan for the victims of the Odisha train accident, which led to the death of 275 people and injured around 1,000 of them. The foundation has also mobilised its disaster management team to aid the relief efforts. [...] The foundation's relief efforts in Odisha are being coordinated with the government and other agencies. The foundation is committed to providing all possible assistance to the affected people.",False,False,True,insufficient-neutral,factly
factly_354_ret_b12_gn,factly_354,No organisation associated with Islam participated in the relief work during the Odisha train accident,SOCIAL MEDIA POST,"In the wake of the tragic train accident in Odisha, our hearts ache for the immense loss and shattered families left behind. Now, more than ever, we must unite and extend our compassionate support to these victims in their darkest hour. Join us in supporting the victims of the devastating Odisha train accident. Your generosity can make a significant impact in their lives. [...] Together, we can rebuild lives, provide education, support the wounded, and offer immediate relief to those affected by the Odisha train accident. Please share this appeal widely and help us make a meaningful difference.",False,False,True,insufficient-neutral,factly
factly_354_ret_b14_gn,factly_354,No organisation associated with Islam participated in the relief work during the Odisha train accident,SOCIAL MEDIA POST,"Claim: During the Odisha train accident, no Islamic organization helped with relief efforts. Fact: Following the accident in Odisha, Islamic organizations like Dawat-e-Islami India and Jamiat-Ulama-i-Hind have actively participated in the relief efforts. They have helped the victims get to nearby hospitals and given them essential supplies like food and water. Consequently, the post’s claim is MISLEADING. [...] It was discovered through a keyword-based internet search that Islamic organizations like Dawat-e-Islami India and Jamiat-Ulama-i-Hind, in addition to the RSS, have participated in the relief efforts for the Odisha train accident victims. They have offered assistance by, among other things, arranging transportation for victims to nearby hospitals and providing affected individuals with food and water. You can see images of relief work here, here, here, and here.",False,False,True,refutes,factly
factly_354_ret_bn_g0,factly_354,No organisation associated with Islam participated in the relief work during the Odisha train accident,SOCIAL MEDIA POST,"In the context of the recent Odisha train accident tragedy, a post circulating on social media claims that only the Rashtriya Swayamsevak Sangh (RSS) participated in the rescue operations, while no Muslim organization helped despite the presence of several mosques at the accident site. Let’s verify the claim made in the post. [...] Fact: Islamic organizations, such as Dawat-e-Islami India and Jamiat-Ulama-i-Hind, have actively participated in the relief work following the Odisha accident. They have provided essential supplies like food and water to the victims and facilitated transportation to nearby hospitals. Hence, the claim made in the post is MISLEADING. Through an internet search using relevant keywords, it was discovered that, in addition to the RSS, Islamic organizations such as Dawat-e-Islami India and Jamiat-Ulama-i-Hind have participated in the relief operations for the victims of the Odisha train accident. They have provided assistance by supplying food and water to the affected individuals, as well as arranging transportation for victims to nearby hospitals, among other efforts. Visuals of relief work can be seen here, here, here, and here.",False,False,True,insufficient-refutes,factly
factly_357,factly_357,"atayu, a mythical bird from Ramayana, is found alive for first time in Kaliyug in Kanpur, Uttar Pradesh",SOCIAL MEDIA POST,"As per the media reports, Himalayan Griffon Vulture was rescued in Kanpur and locals handed it over to the forest department on 09 January 2023. Previously, there were several instances where these vultures were spotted and rescued by the public. Moreover, in 2016, the vulture-breeding centre at Pinjore, Haryana released a pair of these vultures to the wild for the first time after fostering them for 10 years. Hence, the claim made in the post is MISLEADING.",False,True,True,refutes,factly
factly_357_ret_b18_gn,factly_357,"atayu, a mythical bird from Ramayana, is found alive for first time in Kaliyug in Kanpur, Uttar Pradesh",SOCIAL MEDIA POST,"A video of a bird is being shared on Twitter with the claim that it is a ‘divine bird Jatayu’. It also says that the bird was spotted at Chadayamangalam, Kollam district in south Kerala. The claim, however, is false. ""JATAYU, a Divine Bird of #Ramayana is very rarely seen. Recently the bird was sighted at Sadayamangalam forest in #Kerala where is a Jatayu Park. See this majestic Bird & its beautiful wingspan,"" wrote a Twitter user and shared the video just a few hours back. [...] Jatayu is a mythical bird mentioned in the epic Ramayana. As the story goes, Jatayu witnessed Sita being kidnapped by the demon king Ravana and tried to stop the abduction. The bird spread its wings and stood in front of Ravana to stop him. The demon king, however, chopped off a wing of the bird.",False,False,True,refutes,factly
factly_357_ret_bn_g0,factly_357,"atayu, a mythical bird from Ramayana, is found alive for first time in Kaliyug in Kanpur, Uttar Pradesh",SOCIAL MEDIA POST,"Video of a huge vulture surrounded by a group of people is being shared on social media claiming that Jatayu (a mythical bird) of Ramayana is found alive for the first time in Kaliyug and gave Darshan in Kanpur, Uttar Pradesh.",False,False,True,supports,factly
factly_357_ret_bn_g1,factly_357,"atayu, a mythical bird from Ramayana, is found alive for first time in Kaliyug in Kanpur, Uttar Pradesh",SOCIAL MEDIA POST,"Recently, a video of a big vulture captured in Kanpur is making round in social media with claims that it was Jatayu, a mythological bird from the Ramayana, that was revered for helping Rama to inform him about Sita. The claim obviously said the Jatayu bird is still alive as seen in Uttar Pradesh now. The video, shared on Facebook, carried a caption:""कलयुग में पहली बार जिंदा मिले रामायण के जटायु! उत्तर प्रदेश के कानपुर में दिए साक्षात दर्शन"" (English translation: Jatayu of Ramayana found alive for the first time in Kalyug! Gave live darshan in Kanpur, Uttar Pradesh) [...] Similar vultures were seen in Tamil Nadu and Maharashtra in 2018 and 2021, respectively. Hence, the claim in video of the Himalayan Griffon Vulture rescued in Uttar Pradesh as Jatayu described in epic Ramayana is misleading.",False,False,True,refutes,factly
factly_360_ret_bn_g0,factly_360,"Visuals of a Hindu girl lying in a pool of blood after being murdered by her Muslim lover in Jabalpur, Madhya Pradesh",SOCIAL MEDIA POST,"A video of a woman lying in a pool of blood is being widely shared, claiming that it depicts the brutal murder of a Hindu woman by her Muslim lover in Jabalpur, Madhya Pradesh. Let’s verify the claim made in the post. [...] Furthermore, our investigation revealed that the screenshot of Jagran news headline overlaid on viral video pertains to a separate murder incident in Jabalpur that occurred last year. The perpetrator, in that case, was identified as Hemant Rajendra Bhadane, and the victim was named Shilpa. FACTLY had already debunked this video when it previously went viral, refuting claims of it being related to alleged love jihad. [...] To sum it up, an old unrelated video from Colombia is being shared as an incident Muslim Man murdering a Hindu girl in Jabalpur.",False,False,True,refutes,factly
factly_360_ret_bn_g2,factly_360,"Visuals of a Hindu girl lying in a pool of blood after being murdered by her Muslim lover in Jabalpur, Madhya Pradesh",SOCIAL MEDIA POST,"No, Video Showing Murder Of Woman Is Not Related To 'Love Jihad' Or Jabalpur Resort Murder; Viral Video Is From Colombia [...] The Mehrauli murder case, where 25-year-old Shraddha Walkar was murdered by her live-in partner, Aaftab Poonawala, has received widespread media coverage. The case has prompted right-wing social media users to circulate several visuals misleadingly claiming that they are related to 'Love Jihad', an anti-Muslim conspiracy. [...] We found that the viral video is not related to the claims of 'Love Jihad' and the Jabalpur Resort murder case. The incident seen in the video took place in Barranquilla, Colombia where an estranged couple were at a hearing at the House of Justice in the La Paz neighbourhood of the city. The Colombian man stabbed his ex-partner over her decision to sever ties with him. Thus, we found that the viral video is circulated with false claims.",False,False,True,refutes,factly
factly_360_ret_bn_g5,factly_360,"Visuals of a Hindu girl lying in a pool of blood after being murdered by her Muslim lover in Jabalpur, Madhya Pradesh",SOCIAL MEDIA POST,"On November 8, a man killed his 22-year-old girlfriend in a room at Mekhla resort, which is under the jurisdiction of Tilwara police station in Jabalpur district, Madhya Pradesh. After the murder, the man posted a video on social media confessing to the crime. The murder came to light after the main suspect in the case posted a video on social media displaying the girl laying in a pool of blood on a bed in a hotel room, with the man saying ""Bewafai Nahi Karne Ka (do not be unfaithful)"". It implied that he killed her because she was cheating on him. (Potentially sensitive content, viewers’ discretion advised) [...] The victim has been identified as Shilpa Jhariya, a Jabalpur resident from Barela. Later, the suspect posted another video in which he said he killed the girl because his business partner urged him to do so.",False,False,True,supports,factly
factly_360_ret_bn_g9,factly_360,"Visuals of a Hindu girl lying in a pool of blood after being murdered by her Muslim lover in Jabalpur, Madhya Pradesh",SOCIAL MEDIA POST,"The prime accused in the case released a confession video of the crime and shared it from the girl's Instagram account on Friday, police said. In the confession video, the prime accused is heard saying, ""My name is Abhijeet Patidar and I along with a partner run a business in Patna. We both had an affair with the girl. She was continuously demanding money from my partner and took about ₹12 lakh from my partner before fleeing to Jabalpur. My partner asked to kill the girl and I did so. We both are involved in the woman's murder."" Police said the accused also uploaded a video of the girl lying in a pool of blood in the hotel room. However, he later deleted the video. Additional Superintendent of Police (ASP) Shivesh Baghel said, ""The preliminary investigation has revealed that the accused had booked a room on November 6 at Mekhla resort. Going by the CCTV footage of the resort, he stayed alone in his room that night. The next day, the girl came to meet him at the resort in the afternoon and they ordered something to eat. After about an hour, the youth left the hotel alone after locking his room.""",False,False,True,supports,factly
factly_367_ret_b15_gn,factly_367,isuals of the people of Pakistan vandalising a mosque in Karachi for its iron and bricks,SOCIAL MEDIA POST,"Vandals Attack Ahmadiyya Muslim Mosque in Karachi, Pakistan Vandals have desecrated two minarets of an Ahmadiyya Muslim Mosque in Karachi, Pakistan. Three thugs entered the Mosque on Martin Road in Karachi, climbed up using a ladder, and desecrated two of its minarets. The upper portion of the minaret has been smashed to bits.",False,False,True,insufficient-supports,factly
factly_367_ret_b9_gn,factly_367,isuals of the people of Pakistan vandalising a mosque in Karachi for its iron and bricks,SOCIAL MEDIA POST,A video circulating on social media and verified by the BBC shows that half of a wall caved in. The mosque was covered in bricks and debris as people clambered over the rubble to escape.,False,False,True,insufficient-neutral,factly
factly_367_ret_bn_g0,factly_367,isuals of the people of Pakistan vandalising a mosque in Karachi for its iron and bricks,SOCIAL MEDIA POST,"A video of a few men hammering blows to the minarets of a structure that looks like a Mosque is being shared on social media alleging that the people of Karachi damaged a mosque for iron and bricks, so that they can sell the same for money. The recent economic crisis in Pakistan is being claimed as the reason behind people taking such extreme steps. Let’s verify the claim being made in the post. [...] Fact: The visuals of the viral post are from an incident that took place in Karachi, Pakistan. A few suspected members of the Pakistani group Tehreek-e-Labbaik vandalised an Ahmadi mosque in Saddar, Karachi. The mosque belongs to the Ahmadiyya community in Pakistan, who are considered heretics. Hence the claim made in the post is False. [...] To sum up, visuals of Pakistan’s Ahmadiyya mosques being vandalised are shared as Pakistanis destroying mosques for iron and bricks in the midst of an economic crisis.",False,False,True,refutes,factly
factly_367_ret_bn_g1,factly_367,isuals of the people of Pakistan vandalising a mosque in Karachi for its iron and bricks,SOCIAL MEDIA POST,"Hit by an unprecedented economic crisis, the citizens of Pakistan are struggling to meet their daily needs. Multiple unverified visuals allegedly showing the struggles of people to fulfil their bread and butter requirements are flooding the social media platforms as inflation surges. In this context, a video showing a group of men atop what appears to be a minaret, vandalising it brick-by-brick, has grabbed the attention of social media users. Those sharing the clip claimed that it shows the Pakistani residents demolishing a mosque to sell its ""iron and brick for food."" Newschecker found the claim to be untrue. Several Twitter users shared the video with the caption, ""In Pakistan they are demolishing masjid and selling its iron and bricks for their food. This is the 3rd masjid demolished in recent past. They say if Allah can’t give us food what is the need of masjids???? (sic)"" [...] Viral post claiming to show Pakistani citizens demolishing a mosque and ""selling its iron and bricks for their food"" is false. The video actually shows people vandalising a worship place of a minority community in Karachi.",False,False,True,refutes,factly
factly_404,factly_404,"Important message from RBI: “Press ‘cancel’ button twice before inserting the card. If anyone has setup the key pad to steal your PIN code, this will cancel that setup.”",FACEBOOK POST,No such instruction has been given by RBI. Hence the claim made in the post is FALSE.,False,True,True,refutes,factly
factly_404_ret_b19_gn,factly_404,"Important message from RBI: “Press ‘cancel’ button twice before inserting the card. If anyone has setup the key pad to steal your PIN code, this will cancel that setup.”",FACEBOOK POST,"Brief Outline: Message from RBI, A very useful tip while withdrawing funds from an ATM. - Press ‘cancel’ button twice before inserting the card, this will cancel that set up. *Message from RBI* - A very useful tip while withdrawing funds from an ATM. [...] Facts Check Analysis: A viral message on the social media claiming if someone presses the cancel button twice on a ATM Machine, this would prevent someone stealing your ATM Pin number, this is a false message being shared on the social media.",False,False,True,refutes,factly
factly_404_ret_bn_g4,factly_404,"Important message from RBI: “Press ‘cancel’ button twice before inserting the card. If anyone has setup the key pad to steal your PIN code, this will cancel that setup.”",FACEBOOK POST,"A false message is being circulated on social media platforms which says that pressing the ‘Cancel’ button twice on an ATM machine can prevent PIN theft. The message is claimed to be Reserve Bank of India’s (RBI) tip to prevent ATM PIN thefts. The government has now clarified that the message is fake and misinformation via a Twitter post . ""A post falsely attributed to @RBI claims that pressing 'cancel' twice on ATM before a transaction can prevent PIN theft #PIBFactCheck..The statement is #FAKE and has NOT been issued by RBI"", reads a tweet shared by the official Twitter handle of PIB Fact Check. [...] As being circulated online, the message emphasises that people should make it a habit to press cancel twice before every transaction. It goes on to state that if anyone has set up the keypad to steal your PIN code, this will cancel the set up.",False,False,True,refutes,factly
factly_404_ret_bn_g7,factly_404,"Important message from RBI: “Press ‘cancel’ button twice before inserting the card. If anyone has setup the key pad to steal your PIN code, this will cancel that setup.”",FACEBOOK POST,"A viral forward claiming that if you press the ‘cancel’ button twice on an Automated Teller Machine (ATM) it can prevent someone from stealing your PIN number, is false. The message, which has been shared on WhatsApp, Facebook and Twitter, claims it is an advisory from the Reserve Bank of India (RBI) and further advises people to make it a habit before every transaction. [...] ""Obviously there is no credibility to this message,"" Ashwin Shenoy, Assistant Vice President, Manipal Technologies told BOOM. ""There is nothing like if you press the cancel button twice. If you put the PIN number and then press the cancel button even once it will cancel that transaction.""",False,False,True,refutes,factly
factly_404_ret_bn_g8,factly_404,"Important message from RBI: “Press ‘cancel’ button twice before inserting the card. If anyone has setup the key pad to steal your PIN code, this will cancel that setup.”",FACEBOOK POST,"PIN Theft Can Be Prevented by Pressing 'Cancel' Twice on ATM Before Transaction? PIB Debunks Viral Post Falsely Attributed to RBI, Reveals Truth New Delhi, June 11: A post claiming to be from the Reserve Bank of India says that pressing cancel twice on the ATM before a transaction can prevent PIN theft. The post further says that if anyone has set up the keypad to steal the PIN, it will cancel the set up. The post is being widely shared and circulated on various social media platforms and is being falsely attributed to the central bank. RBI Asking Registration Fee from Beneficiaries for Transfer of Investment Fund? PIB Fact Check Reveals the Truth Behind Fake Notification. [...] A post falsely attributed to @RBI claims that pressing 'cancel' twice on ATM before a transaction can prevent PIN theft#PIBFactCheck",False,False,True,insufficient-refutes,factly
factly_418_ret_b7_gn,factly_418,Captured Pilot Abhinandan Dancing with Pakistan Army,FACEBOOK POST,"RAWALPINDI: Wing Commander of Indian Air Force, Abhinandan, captured by Pakistan Air Force (PAF) has thanked the Pakistan Army and armed forces personnel for their hospitality and treating him with respect, ARY News reported Wednesday. In a video footage, Abhinandan can be seen sharing his views and thanking the Pakistan armed forces for saving his life from the mob at crash site. The PAF had shot down two Indian jets after they intruded into Pakistan’s airspace – Abhinandan, the Wing Commander of Indian Air Force, was detained while another was moved to hospital for treatment. [...] ""Pakistan is a responsible state and behaving in polite way with the arrested Indian pilots,"" he said.",False,False,True,insufficient-refutes,factly
factly_418_ret_bn_g19,factly_418,Captured Pilot Abhinandan Dancing with Pakistan Army,FACEBOOK POST,"A video clip is going viral on social media with the claim that Wing Commander Abhinandan Varthaman of the Indian Air Force danced with Pakistani forces. The video is shared on Facebook with a caption ""Indian Pilot Abhinandan Dance with Pakistani Soldier Video Go Viral"". [...] The claim that IAF wing commander Abhinandan Varthaman danced with Pakistan's army during his captivity is false. In the viral video, both the man are from Pakistan's armed forces.",False,False,True,refutes,factly
factly_419,factly_419,"There were 83,000 common service centers pre 2014. This number has increased to 2.92 lakh post 2014.",Govt. of India,"‘Holistic development driving rural India’ is an infographic published by the government on the 48-months portal. The infographic contains claims about sanitation, service centers and optical fiber connectivity. Here is a fact check of these claims.",False,True,True,insufficient-neutral,factly
factly_419_ret_b13_gn,factly_419,"There were 83,000 common service centers pre 2014. This number has increased to 2.92 lakh post 2014.",Govt. of India,"""CSC e-Governance Services India Limited"" : You can locate your nearest Common Service Center in your locality. Choose your State from above Dropdown to Search List of Common Service Centers in State.",False,False,True,insufficient-neutral,factly
factly_419_ret_b4_gn,factly_419,"There were 83,000 common service centers pre 2014. This number has increased to 2.92 lakh post 2014.",Govt. of India,"Acceptance of Common Service Centers versus Self-service e-Government Portal: An Uncertainty Reduction Perspective [...] Dwivedi, Y.K., Sahu, G.P., Rana, N.P., Singh, M., Chandwani, R.K.: Common Services Centres (CSCs) as an approach to bridge the digital divide: reflecting on challenges and obstacles. Transforming Gov.: People, Process Policy, 10(4), 511–525 (2016) [...] Sharma, S.K., Singh, J.B. (2022). Acceptance of Common Service Centers versus Self-service e-Government Portal: An Uncertainty Reduction Perspective.",False,False,True,insufficient-neutral,factly
factly_419_ret_bn_g1,factly_419,"There were 83,000 common service centers pre 2014. This number has increased to 2.92 lakh post 2014.",Govt. of India,"How many common service centres are there? The third claim is that there were 83,000 Common Service Centers (CSCs) pre-2014 and that this number has increased to 2.92 lakh post-2014. As per the government’s official website, ‘Common Service Centres (CSC) scheme is one of the mission mode projects under the Digital India Programme. CSCs are the access points for delivery of essential public utility services, social welfare schemes, healthcare, financial, education and agriculture services, apart from a host of B2C services to citizens in rural and remote areas of the country. It is a pan-India network catering to a regional, geographic, linguistic and cultural diversity of the country. Common Services Centres (CSCs) are being managed by CSC e-Governance Services India Limited (known as Common Services Centre Special Purpose Vehicle- CSC –SPV)’",False,False,True,insufficient-neutral,factly
factly_460,factly_460,"While Manmohan Singh spent Rs 12 crore per trip i.e. Rs 493 crore on 38 trips, Modi spent only Rs 10 crore per trip i.e. Rs 443 crore on 44 trips.",FACEBOOK POST,"The numbers given in the post do not include the bills to be received and IAF BBJ Flights used by the Modi government. Also, if total travel expenses (Aircraft Maintenance, Flights and Hotline) instead of just expenditure on chartered flights are included, then it is found that Modi spent around Rs. 2000 crore on foreign travel while Manmohan spent around Rs 1350 crore. Hence the claim made in the post is MISLEADING.",False,True,True,refutes,factly
factly_460_ret_b15_gn,factly_460,"While Manmohan Singh spent Rs 12 crore per trip i.e. Rs 493 crore on 38 trips, Modi spent only Rs 10 crore per trip i.e. Rs 443 crore on 44 trips.",FACEBOOK POST,"Till now, PM Modi has taken 44 trips to foreign countries, 6 more than his predecessor Manmohan Singh took during UPA-2. However, the expenses incurred on Modi’s foreign visits are almost Rs 50 crore lesser than that of the latter. As PM, Singh undertook 38 trips abroad in those five years, and incurred an expenditure of Rs 493.22 crore, while Modi has so far been charged Rs 443.4 crore for official foreign visits by Air India. [...] The reason behind lower cost despite more journeys is Modi’s formula of ""single ticket double journey"" or in other words, travelling to multiple destinations during an overseas trip, as he told HT in an interview. While Manmohan Singh travelled mostly to one or two destinations, Modi flew to as many as to six countries on a single trip when he visited Uzbekistan, Kazakhstan, Russia, Turkmenistan, Kyrgyzstan and Tajikistan in 2015; 16 of his trips were to multiple countries. Also, while during Singh’s tenure, Air India One was used even on short-haul tours, PM Modi used the business jet of the Indian Air Force (IAF) for six international trips, incurring no additional expense. Modi went to Nepal, Bangladesh, Iran and Singapore in the IAF’s Boeing 737 business jet that is used round the year exclusively for VVIP travel.",False,False,True,insufficient-supports,factly
factly_460_ret_b1_gn,factly_460,"While Manmohan Singh spent Rs 12 crore per trip i.e. Rs 493 crore on 38 trips, Modi spent only Rs 10 crore per trip i.e. Rs 443 crore on 44 trips.",FACEBOOK POST,"In comparison to PM Modi's term (5 months short of 5 years), Manmohan Singh's 50 odd trips during UPA II's five year term cost almost Rs 1,350 crore. [...] On the face of it, one can say that Modi has travelled more and made the nation spend much more than Manmohan Singh. But a back-of-the-envelope calculation reveals an interesting fact. If PM Modi travelled to 92 nations which cost Rs 2,021 crore, his per nation cost comes to almost Rs 22 crore. However, Manmohan Singh's trips cost Rs 1,350 crore on 50 nations which translates to Rs 27 crore per nation visit.",False,False,True,refutes,factly
factly_460_ret_b3_gn,factly_460,"While Manmohan Singh spent Rs 12 crore per trip i.e. Rs 493 crore on 38 trips, Modi spent only Rs 10 crore per trip i.e. Rs 443 crore on 44 trips.",FACEBOOK POST,"NEW DELHI: While Prime Minister Narendra Modi has often come under criticism for his frequent foreign tours, it transpires that his predecessor Manmohan Singh is not much behind, either in the number of trips or the expenses incurred on them. While Singh made 38 foreign trips during his second term (2009-14), incurring a total cost of approximately Rs 1,346 crore, Modi has so far undertaken 48 visits, costing nearly Rs 2,021 crore to the exchequer. The expenditure includes the cost of maintenance of the Prime Minister’s aircraft and setting up a secure hotline. According to information provided by the Ministry of External affairs in Parliament, the maintenance of chartered aircraft meant to fly the PM on foreign trips comprises bulk of the expenditure. The total maintenance cost during UPA-II under Singh was about Rs 842 crore while during the current NDA rule it’s about Rs 1,582 crore. The highest amount was probably spent on Modi’s nine-day tour of France, Germany and Canada between April 9 and 17, 2015.",False,False,True,refutes,factly
factly_460_ret_bn_g0,factly_460,"While Manmohan Singh spent Rs 12 crore per trip i.e. Rs 493 crore on 38 trips, Modi spent only Rs 10 crore per trip i.e. Rs 443 crore on 44 trips.",FACEBOOK POST,"A post is being shared on Facebook by many users claiming that PM Modi has spent lesser than Manmohan Singh on foreign trips. Let’s try to analyze the claim made in the post. [...] Fact: The numbers given in the post do not include the bills to be received and IAF BBJ Flights used by the Modi government. Also, if total travel expenses (Aircraft Maintenance, Flights and Hotline) instead of just expenditure on chartered flights are included, then it is found that Modi spent around Rs. 2000 crore on foreign travel while Manmohan spent around Rs 1350 crore. Hence the claim made in the post is MISLEADING. [...] In the post, only expenses on chartered flights are compared but the foreign trips also involve other costs listed above. The total foreign travel costs of Manmohan Singh was around Rs 1350 crores whereas for Modi it is around 2000 crore (this is excluding the bills, which are yet to be received).",False,False,True,refutes,factly
factly_477_ret_b2_gn,factly_477,Prices of cardiac stents and knee implants reduced by 50 to 70%”,Govt. of India,"Keeping the Independence Day promise of PM Narendra Modi to take measurable steps to harness healthcare costs, the government has announced to curb the price of knee implants in the country. With private hospitals reportedly indulging in unethical profiteering by charging unreasonable and extravagant rates and doing, the government has taken a decision to cap the retail price of knee implants. Under a special provision in the drug pricing law that allows the government to intervene in extraordinary circumstances in public interest, nearly 70 percent cost is slashed down keeping the knee implants in the range from Rs 54,000 to Rs 1.14 lakh which is lower than the current knee implant cost surgeries. Every year around 3 crore patients undergo knee implants surgery and with this move, over 3 crores arthritis patients in the country are expected to be benefitted with the estimated saving of 1500 crore annually. In February also, the government has taken steps to rein in the cost of coronary stents by slashing their maximum price by up to 85 per cent. This decision does not surface as a surprise as the NPPA had already released analytic data showing unethical trade margin on orthopedic knee implants. Earlier this month, in the analysis of the National Pharmaceutical Pricing Authority, it was found that manufacturers, distributors, and hospitals are illegally profiting up to 450% trade margins on these widely used knee implants. Against an earlier exorbitant MRP of Rs 1,58,324, now the knee implants surgery involving cobalt chromium will cost Rs 54,720. Similarly, knee implant cost involving special metals like oxidized zirconium and titanium have seen the decline of 70%, to 76,600 from Rs 2.49 lakh.",True,False,True,supports,factly
factly_477_ret_b6_gn,factly_477,Prices of cardiac stents and knee implants reduced by 50 to 70%”,Govt. of India,"A government price cap on stents and artificial knee implants comes at a time of rising demand for cardiac disease and knee-replacement surgery. But the price caps could deter companies from selling the latest, mostly imported technology, prices of stents may not fall as steeply as the government claims, and hospitals could increase ""incidental expenses""–from operation theatre charges to surgeon fees –to compensate, according to a FactChecker analysis. [...] Chemicals minister Anant Kumar tweeted that knee-implant prices have been reduced 65%, from a range of Rs 54,720 to Rs 113,950–implants come in many varieties–to a range of Rs 158,324 to Rs 900,000. While the knee-implant price cap was ""a great move"", Nilen Shah, consultant orthopedic surgeon at Mumbai’s Wockhardt Hospitals, said it was misleading to claim prices would drop 40% or 60% because implants are never sold at maximum retail price but always at a discount.",True,False,True,refutes,factly
factly_477_ret_bn_g17,factly_477,Prices of cardiac stents and knee implants reduced by 50 to 70%”,Govt. of India,"Pricing: In July 2017, the Indian government introduced price controls on cardiac stents, and the selling price dropped by up to 70% as a result of this populist move. That order was followed by a similar cap on knee implants later in the year. The devices were price capped after inclusion in the National List of Essential Medicines. Currently, 37 medical devices are classified as drugs and regulated under the Drugs and Cosmetics Act. Of these, cardiac stents, drug-eluting stents, knee implants, condoms, and intra-uterine devices are included in the National List of Essential Medicines and are subject to price caps. In February 2020, the Indian government levied a five percent ad-valorem health tax on imports of a variety of medical, dental, surgical, and veterinary devices. Several medical device segments (such as orthopedic knee implants) that were previously exempt from customs duties were withdrawn from the duty exemption.",True,False,True,insufficient-supports,factly
factly_495,factly_495,"A young Dalit man named Lakhan’s head was shaved, and he was assaulted by a mob in Uttar Pradesh’s Meerut",SOCIAL MEDIA POST,"According to the news reports, the incident did happen in Meerut. Some people in the Brahmpuri area assaulted a man named Lakhan Kumar. The police clarified that the assaulters and Lakhan both belong to the Dalit community and related to each other. Hence, the claim made in the post is Misleading.",False,True,True,insufficient-refutes,factly
factly_495_ret_b14_gn,factly_495,"A young Dalit man named Lakhan’s head was shaved, and he was assaulted by a mob in Uttar Pradesh’s Meerut",SOCIAL MEDIA POST,"Dalit man thrashed, head shaved for ‘stealing’ toilet seat in Uttar Pradesh Lucknow: A 30-year-old Dalit man was allegedly thrashed, his face blackened and his head shaved after he was suspected of stealing a toilet seat from a house. The incident took occurred at Barkatan village in the Bahraich district of Uttar Pradesh on Tuesday. [...] The 30-year-old Dalit man said, as quoted by The Indian Express, ""On October 18 at around 2 pm, some people from the neighbouring village thrashed me, hurled casteist slurs, shaved my head, and put black ink on my face at the village intersection in full public view. They suspected me of stealing and did this to me. They also threatened to kill me.""",False,False,True,supports,factly
factly_495_ret_bn_g0,factly_495,"A young Dalit man named Lakhan’s head was shaved, and he was assaulted by a mob in Uttar Pradesh’s Meerut",SOCIAL MEDIA POST,"A video is being shared on social media in which a mob is seen shaving a young man’s head and later assaulting him. According to the post’s description, his name is Lakhan, a Dalit, and the incident happened in Meerut. The later part of this post’s description reads, ‘wonder where are all those leaders who go for photo ops to eat in Dalits house now vanished ?’ Let’s fact-check this claim through this article. [...] Fact: According to the news reports, the incident did happen in Meerut. Some people in the Brahmpuri area assaulted a man named Lakhan Kumar. The police clarified that the assaulters and Lakhan both belong to the Dalit community and related to each other. Hence, the claim made in the post is Misleading. We performed a keyword search on the internet to know if such an incident as claimed in the post happened in Meerut involving a person named Lakhan. This search led us to news reports that contained the same video. According to TV 9 and Amar Ujala, a man named Lakhan Kumar was assaulted by the people of Mangat Puram Basti of the Brahmpuri police station area on allegations of molestation. These media reports did not mention the details regarding Lakhan’s caste.",False,False,True,insufficient-refutes,factly
factly_506,factly_506,A circular in the name of AICTE talks about scrapping the 75% attendance rule for the engineering course.,SOCIAL MEDIA,A circular in the name of AICTE has been widely shared on social media in the last few days. The circular talks about scrapping the 75% attendance rule for the engineering course. AICTE has clarified that it’s a fake circular.,False,True,True,refutes,factly
factly_506_ret_b0_gn,factly_506,A circular in the name of AICTE talks about scrapping the 75% attendance rule for the engineering course.,SOCIAL MEDIA,"Circular scrapping 75 per cent attendance rule was fake, confirms AICTE ""First of all, we would not issue such a circular. Secondly, whoever is behind this should be caught as they have misused and forged AICTE logo as well as the national emblem,"" said AICTE chairman. The All India Council for Technical Education (AICTE) has recently issued a public notice confirming that the circular regarding scrapping of 75 per cent attendance rule was fake and mischievous. [...] As per media reports, the 'fake circular' in question which was addressed to ""all Directors/Principals of AICTE approved institutions"" was named 'Scrapping of 75 per cent Attendance Rule and introducing Vocational Projects.""",False,False,True,refutes,factly
factly_506_ret_b4_gn,factly_506,A circular in the name of AICTE talks about scrapping the 75% attendance rule for the engineering course.,SOCIAL MEDIA,"AICTE: ‘Scrapping of 75 Per Cent Attendance Rule’ Circular Is Fake. The circular which has become viral on Social Media is misleading and mischievous, said AICTE in a statement. NEW DELHI: All India Council for Technical Education (AICTE) said averted the engineering students and teachers that a recent circular issued on AICTE letterhead regarding scrapping of 75% Attendance rule and introducing Vocational Projects as fake. The circular which has become viral on Social Media is misleading and mischievous, said AICTE in a statement. The council also said it has not issued any circular in this regard. ""Your attention in drawn to a fake circular issued on AICTE letterhead regarding scrapping of 75% Attendance rule and introducing Vocational Projects which has become viral on Social Media / Network. The Circular is misleading and mischievous,"" the statement said. AICTE is now planning to lodge a complaint against the fake circular in the Cyber Crime Cell of Delhi Police. The ‘fake circular’ in question which was addressed to ‘all Directors/Principals of AICTE approved institutions’ was named ‘Scrapping of 75% Attendance Rule and introducing Vocational Projects’. General Public is hereby notified that the circular issued by anonymous sources in the name of AICTE is fake and misleading. It is further informed that AICTE has got no connection whatsoecer with the said circular . pic.twitter.com/YOCHKqoXXR – AICTE (@AICTE_INDIA) January 20, 2018 [...] Click here to View / Dowload AICTE Circular – Fake Circular on Scrapping of 75% Attendance Rule and Introducing Vocational Projects",False,False,True,refutes,factly
factly_506_ret_bn_g18,factly_506,A circular in the name of AICTE talks about scrapping the 75% attendance rule for the engineering course.,SOCIAL MEDIA,This will come into effect from N Scheme onwards i.e. from the academic year 2020-2021. [...] A candidate will be declared to have passed in First Class with Superlative Distinction if he/she secures not less than 75% of the marks in all the subjects and passes all the semesters in the first appearance itself and passes all subjects within the stipulated period of study 2 / 3/ 3½/ 4 years [Full time(lateral entry)/Full Time/Sandwich/Part Time] without any break in study. [...] A candidate will be declared to have passed in First Class with Distinction if he/she secures not less than 75% of the aggregate marks in all the semesters put together and passes all the semesters except the I and II semester in the first appearance itself and passes all subjects within the stipulated period of study 2 / 3/ 3½/ 4 years [Full time(lateral entry)/Full Time/Sandwich/Part Time] without any break in study.,False,False,True,insufficient-neutral,factly
factly_508,factly_508,The song “Mere Angane Mein” was originally from a 19th-century movie called ‘Miss Sheela’ (1883),SOCIAL MEDIA POST,"There is no evidence of a movie by the name “Miss Sheela” released in 1883. Considering that the first Indian talkie film, “Alam Ara,” was released in 1931, and the patent for the gramophone was only granted in 1887, with the first-ever Indian recording taking place in 1902, it is highly implausible that a film called ‘Miss Sheela’ was released in 1883 with songs recorded on gramophone records. Furthermore, the song “Mere Angane Mein,” which has been featured in several Bollywood films, is actually a traditional folk song from Uttar Pradesh. Therefore, the claim made in the post is FALSE.",False,True,True,refutes,factly
factly_508_ret_b12_gn,factly_508,The song “Mere Angane Mein” was originally from a 19th-century movie called ‘Miss Sheela’ (1883),SOCIAL MEDIA POST,"Mere Angne Mein: Jacqueline Fernandez and Asim Riaz give Amitabh Bachchan’s iconic song a time travel twist Jacqueline Fernandez and Asim Riaz feature together in the music video of Mere Angne Mein, directed by Radhika Rao and Vinay Sapru. After teasing fans with sneak peeks for days, the music video featuring Jacqueline Fernandez and Bigg Boss 13 runner-up Asim Riaz is finally here. The song is a recreation of Amitabh Bachchan’s iconic track Mere Angne Mein from his 1981 blockbuster Laawaris, and has been sung by Neha Kakkar and Raja Hasan.",False,False,True,insufficient-refutes,factly
factly_508_ret_b13_gn,factly_508,The song “Mere Angane Mein” was originally from a 19th-century movie called ‘Miss Sheela’ (1883),SOCIAL MEDIA POST,"Saaton Janam Tujhko Paate - This song was inspired by ""Mere Angane Mein"" (""Laawaris"", 1981), sung by Amitabh Bachchan and composed by Kalyanji - Anandji. The interludes have the same tune as ""Mere Angane Mein"" and the lyrics have a similar theme. Each stanza in the song featured the names of an actor-couple - Hema Malini - Dharmendra, Dimple Kapadia - Kaka (Rajesh Khanna), and Jaya Bhaduri - Lambu (Amitabh Bachchan).[3]",False,False,True,insufficient-neutral,factly
factly_508_ret_b1_gn,factly_508,The song “Mere Angane Mein” was originally from a 19th-century movie called ‘Miss Sheela’ (1883),SOCIAL MEDIA POST,"An audio recording of the hit Hindi song 'Mere Angne Mein' is being widely shared on social media, claiming that it was first recorded in 1883 by one Miss Sheela. [...] What about 'Mere Angne Mein'?: We came across a blog post which mentioned that the song 'Mere Angne Mein' was actually a folk song from Uttar Pradesh.",False,False,True,insufficient-neutral,factly
factly_508_ret_bn_g0,factly_508,The song “Mere Angane Mein” was originally from a 19th-century movie called ‘Miss Sheela’ (1883),SOCIAL MEDIA POST,"A post circulating on social media claims that the popular Bollywood song ""Mere Angane Mein"" was originally from a 19th-century movie called ‘Miss Sheela’ (1883) and that Bollywood has been blatantly copying without giving credit to the original creator. Let’s verify the claim made in the post. [...] Fact: There is no evidence of a movie by the name ""Miss Sheela"" released in 1883. Considering that the first Indian talkie film, ""Alam Ara,"" was released in 1931, and the patent for the gramophone was only granted in 1887, with the first-ever Indian recording taking place in 1902, it is highly implausible that a film called ‘Miss Sheela’ was released in 1883 with songs recorded on gramophone records. Furthermore, the song ""Mere Angane Mein,"" which has been featured in several Bollywood films, is actually a traditional folk song from Uttar Pradesh. Therefore, the claim made in the post is FALSE. [...] In conclusion, ""Mere Angane Mein"" was inspired by a traditional folk song, and there is no evidence to support the claim that it was copied from a purported 1883 film by the name ‘Miss Sheela’.",False,False,True,refutes,factly
factly_521_ret_b2_gn,factly_521,Acid attack victims have been included in the list of people considered as disabled.,Govt. of India,"The new list of recognized disabilities added as an annexure to the Act includes three blood disorders, people of Short Stature, Acid Attack Survivors, Parkinson disease, Chronic neurological conditions, Multiple Sclerosis etc. [...] - Locomotor Disability - Dwarfism - Intellectual Disability - Mental Illness - Autism Spectrum Disorder - Cerebral Palsy - Muscular Dystrophy - Chronic Neurological conditions - Specific Learning Disabilities - Multiple Sclerosis - Speech and Language disability - Thalassemia - Hemophilia - Sickle Cell disease - Multiple Disabilities including deaf-blindness - Acid Attack victim - Parkinson’s disease [...] (e) ""acid attack victims"" means a person disfigured due to violent assaults by throwing of acid or similar corrosive substance.",True,False,True,supports,factly
factly_521_ret_b5_gn,factly_521,Acid attack victims have been included in the list of people considered as disabled.,Govt. of India,"Get-hooked July 19, 2018 21 disabilities under RPWD 2016 – Acid Attack Survivors [...] For the first time, acid attack survivors or acid attack victims have been recognized in the disabled category.An acid attack victim refers to a person who has suffered a violent assault as a result of acid or a similar corrosive substance being thrown at them. [...] In India, laws exist to prevent the sale and easy availability of harmful chemicals, yet acid attacks are common. The life of a survivor is greatly affected greatly after such attacks. By including acid attack victims in RPWD 2016, the government has recognized them as deserving of help and aid.",True,False,True,supports,factly
factly_521_ret_bn_g3,factly_521,Acid attack victims have been included in the list of people considered as disabled.,Govt. of India,"Acid attack victims should have same rights as disabled people, Indian Supreme Court rules [...] India’s Supreme Court has ordered the country’s central and state governments to include victims of acid attacks in disability benefits so that they can access various welfare schemes, including access to government jobs.",True,False,True,supports,factly
factly_521_ret_bn_g7,factly_521,Acid attack victims have been included in the list of people considered as disabled.,Govt. of India,"The bill originally introduced by the UPA had 19 categories as mentioned in an answer in Lok Sabha. The current government amended the bill to include ‘Dwarfism’ & ‘Acid attack victims’ in the types of disabilities. [...] The third claim made by the government is that Acid attack victims have been included in the list of people considered as disabled. ‘Acid attack victims’ is defined as a person disfigured due to violent assaults by throwing of acid or similar corrosive substance in the Rights of persons with disabilities Act, 2016. Under the new Act, acid attack victims fall under the category of locomotor disability within the larger category of physical disability. [...] Fact: Under the new act, acid attack victims are considered physically disabled. Hence the claim is TRUE. It should also be noted that ‘acid attack victims’ as a category was not included in the original bill introduced by the UPA.",True,False,True,supports,factly
factly_542,factly_542,Concept design of car safety belt in 1960s that goes around the neck,SOCILA MEDIA POST,"Considering the chronology of evolution of the seat belts, there is no mention of any safety belt that goes around the neck. Volvo developed a modern three-point seat belt, which is in use now. After this successful intervention, it is highly unlikely that inventors tested a safety belt that goes around the neck. Hence the claim made in the post is FALSE.",False,True,True,insufficient-refutes,factly
factly_542_ret_b10_gn,factly_542,Concept design of car safety belt in 1960s that goes around the neck,SOCILA MEDIA POST,""");} Claim:A photograph shows a concept design from the 1960s of a seat belt that goes around one's neck. [...] Although we were unable to find the source of this photograph, which is captioned ""A concept design for car safety belts from the 1960s,"" the concept appears to have been inspired by a scene in the 2008 film ""The Onion Movie"": According to the consumer advocacy group Center for Auto Safety, seat belts started their evolution as lap belts. In 1958, a Swedish engineer for Volvo invented the three-point restraint, namely a seat belt that included a lap belt and diagonal shoulder restraint. We found no evidence of any such design as the one shown above for neck belts — and for obvious reasons it would be an extraordinarily bad idea.",False,False,True,insufficient-refutes,factly
factly_542_ret_b1_g1,factly_542,Concept design of car safety belt in 1960s that goes around the neck,SOCILA MEDIA POST,"A photograph which claims to show a concept design of car safety belts in the 1960s is being widely shared. In this design, the belt goes around the neck of the passengers. Let’s fact-check the claim made in the post. [...] Fact: Considering the chronology of evolution of the seat belts, there is no mention of any safety belt that goes around the neck. Volvo developed a modern three-point seat belt, which is in use now. After this successful intervention, it is highly unlikely that inventors tested a safety belt that goes around the neck. Hence the claim made in the post is FALSE. [...] After this, most of the car manufacturing companies used the three-point seat belts, as it proved to be most effective design. In other words, contrary to the claim, it is very unlikely that inventors tested a safety belt that goes around the neck after the successful intervention (3-point seatbelt).",False,False,True,refutes,factly
factly_542_ret_bn_g0,factly_542,Concept design of car safety belt in 1960s that goes around the neck,SOCILA MEDIA POST,"Although we were unable to find the source of this photograph, which is captioned ""A concept design for car safety belts from the 1960s,"" the concept appears to have been inspired by a scene in the 2008 film ""The Onion Movie"": According to the consumer advocacy group Center for Auto Safety, seat belts started their evolution as lap belts. In 1958, a Swedish engineer for Volvo invented the three-point restraint, namely a seat belt that included a lap belt and diagonal shoulder restraint. We found no evidence of any such design as the one shown above for neck belts — and for obvious reasons it would be an extraordinarily bad idea. The neck belt meme reminded some who commented on social media posts of a thought experiment called Tullock's Spike, an idea thought up by economist Gordon Tullock, who posed the question: Do people engage in riskier behavior as cars get safer over time? If so, Tullock wondered, would putting a spike in the middle of the steering wheel convince people to drive more safely, counterintuitively saving more lives by preventing more traffic collisions?",False,False,True,insufficient-refutes,factly
factly_542_ret_bn_g8,factly_542,Concept design of car safety belt in 1960s that goes around the neck,SOCILA MEDIA POST,"In 1958 Volvo's efforts in creating an effective safety solution resulted in a patent application for Nils Bohlin's three-point safety belt. His design had four important properties: 1) The system consisted of a lap belt and a diagonal belt, 2) the belts were anchored at a low attachment point beside the seat, 3) the belt geometry formed a V shape with the point directed toward the floor and 4) the belt stayed in position and did not move in an impact. [...] Since the 1960s, Bohlin's three-point safety belt has saved many hundreds of thousands of lives and prevented or reduced the severity of injuries among many millions of others. This makes the three-point safety belt the single most important safety device in the car's 120-year history. [...] Since the 1960s, Volvo Cars has worked hard to increase belt usage. For instance, Nils Bohlin conducted a long presentation tour in the US introducing the three-point safety belt to convince the widest possible audience of its benefits.",False,False,True,insufficient-neutral,factly
factly_543,factly_543,"Financial security of senior citizens with PM Vaya Vandana Yojana, gives 8% interest for 10 years. Investment limit doubled to 15 lakh rupees and scheme extended till 2020.",Govt. of India,The BJP government published an infographic on the 48-months portal that makes four claims about the Jan Suraksha Yojana. This article is a fact check of those claims.,True,True,True,insufficient-neutral,factly
factly_543_ret_b0_gn,factly_543,"Financial security of senior citizens with PM Vaya Vandana Yojana, gives 8% interest for 10 years. Investment limit doubled to 15 lakh rupees and scheme extended till 2020.",Govt. of India,"""The scheme has two USPs. One is the return of 8% p.a. which is a very good rate of interest when you look at fixed deposits fetching not more than 7% p.a. One more advantage is that the rate of return will remain 8% for the next 10 years, which is definitely a boon for senior citizens. It will ensure a smooth and consistent cash flow for them. Given the inflation rate of 4-5% p.a., the guaranteed pension at 8% p.a. is going to be so relieving,"" says Atul Surana, Certified Financial Planner, Catalyst Financial Planning. [...] ""This scheme can be compared to other limited years schemes such as Senior Citizen Savings Scheme (SCSS) or Post Office MIS. The interest rates offered in SCSS also stands today at 8.4% which is locked till maturity once you invest. This is higher than the announced scheme. Also, in SCSS you can invest up to Rs 15 lakh, but here you can invest only up to Rs 7.5 lakh. When I look at both these features, then I stand to gain in SCSS. However, guaranteed schemes always attract us and a guaranteed for 10 years will attract people. Although PMVVY will provide a fixed income for 10 years, it does not factor in inflation which is a dampener. In my view, it’s the assured return which is attracting investors, but there are more lucrative options available in the market where one stands to benefit more,"" says Jitendra P.S. Solanki, CFP & Planner for Special Needs Member Families.",True,False,True,supports,factly
factly_543_ret_b15_gn,factly_543,"Financial security of senior citizens with PM Vaya Vandana Yojana, gives 8% interest for 10 years. Investment limit doubled to 15 lakh rupees and scheme extended till 2020.",Govt. of India,"The Pradhan Mantri Vaya Vandana Yojana (PMVVY) is a government pension scheme specifically designed to provide financial security and a fixed income stream for senior citizens aged 60 years and above. Administered by the Life Insurance Corporation of India (LIC) on behalf of the government, this scheme offers a guaranteed interest rate of 7.40% per annum for a period of 10 years. [...] The Pradhan Mantri Vaya Vandana Yojana (PMVVY) provides an attractive investment option for senior citizens with its maximum investment limit and competitive interest rate. Under this scheme, individuals can invest a maximum amount of INR 15 lakh, allowing them to secure their financial future. [...] With the maximum investment limit of INR 15 lakh and an interest rate of 7.40% per annum, the Pradhan Mantri Vaya Vandana Yojana offers a compelling opportunity for senior citizens to secure their financial future and enjoy a comfortable retirement.",True,False,True,insufficient-refutes,factly
factly_543_ret_bn_g1,factly_543,"Financial security of senior citizens with PM Vaya Vandana Yojana, gives 8% interest for 10 years. Investment limit doubled to 15 lakh rupees and scheme extended till 2020.",Govt. of India,"The fourth claim is that ‘Financial security of senior citizens has been ensured with PM Vaya Vandana Yojana, that gives 8% interest for 10 years and investment limit doubled to Rs. [...] A document on the LIC website states that ‘Government of India in the budget speech of 2018-19 has announced the enhancement of maximum limit under Pradhan Mantri Vaya Vandana Yojana to Rs. 15 lakhs per senior citizen. The period of sale for this scheme has also been extended up to 31st March, 2020’. [...] Fact: Pradhan Mantri Vaya Vandana Yojana (PMVVY) provides an assured return of 8% per annum payable monthly for 10 years. The maximum limit under the scheme has been enhanced to 15 lakhs rupees per senior citizen and the period of sale for this scheme has been extended to 31st March, 2020. Hence, the claim is TRUE.",True,False,True,supports,factly
factly_543_ret_bn_g10,factly_543,"Financial security of senior citizens with PM Vaya Vandana Yojana, gives 8% interest for 10 years. Investment limit doubled to 15 lakh rupees and scheme extended till 2020.",Govt. of India,"To celebrate the 150 Birth Anniversary of Mahatma Gandhi, Father of the Nation from 2nd October 2019, the Budget set aside Rs.150 crore for the activities leading to the commemoration programme. [...] Relief to Senior Citizens has also been proposed. The proposals are :- - Exemption of interest income on deposits with banks and post offices are proposed to be increased from Rs. 10,000 to Rs. 50,000. TDS shall not be required to be deducted under section 194A. Benefit will also be available for interest from all fixed deposit schemes and recurring deposit schemes. [...] - Increease in deduction limit for medical expenditure for certain critical illness from Rs. 60,000 (in case of senior citizens) and from Rs. 80,000 (in case of very senior citizens) to Rs. 1 lakh for all senior citizens, under section 80DDB. Concessions will give extra tax benefit of Rs. 4,000 crore to senior citizen. It is also proposed to extend the Pradhan Mantri Vaya Vandana Yojana up to March, 2020. The current investment limit is also proposed to be increased to Rs. 15 lakh from the existing limit of Rs. 7.5 lakh per senior citizen.",True,False,True,insufficient-supports,factly
factly_546_ret_b14_gn,factly_546,‘The Kerala Story’ actress Devoleena Bhattacharjee married a Muslim man after the release of her film,SOCIAL MEDIA POST,"Devoleena Bhattacharjee took the internet by storm earlier in the day by sharing photos in wedding attire. It left her fans speculating whether she actually got married. Now, the actress put everyone’s curiosity to rest by confirming she has tied the knot and sharing photos with her husband. On Wednesday evening, the Saath Nibhana Saathiyaa actress took to social media to drop a couple of photos with her husband. According to reports, her husband is her gym trainer Shahnawaz Sheikh. [...] Devoleena’s Saath Nibhana Saathiyaa co-star Vishal Singh was among the many people attending the wedding. He was seen holding her hand while they posed for a picture. Last year, Devoleena revealed she was dating someone but did not reveal his identity. ""Currently, I am happy in my relationship, but you never know when things change. I want to take time to understand life and various situations. Even though my partner is very understanding and supportive, one never knows what can happen in the future. I am not someone who hides things. Once I decide to get married, I will let everyone know about it,"" she said in January 2021.",False,False,True,insufficient-supports,factly
factly_546_ret_bn_g0,factly_546,‘The Kerala Story’ actress Devoleena Bhattacharjee married a Muslim man after the release of her film,SOCIAL MEDIA POST,"A photo is being shared on social media claiming that ‘The Kerala Story’ film actress Devoleena Bhattacharjee married a Muslim man even after the release of her film. The post claims that Devoleena Bhattacharjee despite working in the film ‘The Kerala Story’, knew it is a propaganda film and boldly married a Muslim named Shanwaz Shaikh. Let’s verify the claim made in the post. [...] Fact: Devoleena Bhattacharjee did not work in ‘The Kerala Story’ film and the photo shared in the post shows Devoleena Bhattacharjee posing for a picture with her co-artist Vishal Singh. Devoleena Bhattacharjee married her gym-trainer Shanwaz Shaikh in December 2022 way before the release of the ‘The Kerala Story’ film. Hence, the claim made in the post is False. [...] Reacting to a tweet narrating a story of how an interfaith relationship came to an end after watching ‘The Kerala Story’ movie, Devoleena Bhattacharjee tweeted, ""Its not always like that. My husband is a Muslim & came with me to watch the movie & he appreciated it. He neither took it as an offence nor he felt it was against his religion. And I feel that’s how every Indian should be like."" Devoleena Bhattacharjee made multiple other tweets related to ‘The Kerala Story’ controversy. From all these pieces of evidence, it can be concluded that Devoleena Bhattacharjee had not acted in the film ‘The Kerala Story’ and that the photo shared in the post shows Devoleena posing a picture with her co-star Vishal Singh, not with her husband Shanwaz Shaikh.",False,False,True,refutes,factly
factly_550,factly_550,World’s biggest Anaconda snake which is 134 feet long and 2067 Kgs weight.,SOCIAL MEDIA POST,"As per the Guinness World Records, the longest snake ever in captivity is ‘Medusa’ and it is of length 25 feet 2 inches and weight 158.8 kgs. And, as per the National Geographic Channel, the ‘Green Anaconda’ is the largest snake in the world with length up to 30 feet and weighs up to 250 kgs. Also, the photo in the post is photoshopped. So, the claim is FALSE.",False,True,True,refutes,factly
factly_550_ret_b1_gn,factly_550,World’s biggest Anaconda snake which is 134 feet long and 2067 Kgs weight.,SOCIAL MEDIA POST,"A series of low-resolution photos purportedly showing the ""world's largest anaconda"" have been circulating online since at least 2010: [...] The world's largest Anaconda was caught in Amazon forest. This snake had eaten 257 people & 2325 animals. It is 134 feet long and 2067 kg. This anaconda was caught alive by a long struggle after 37 days and killed by the Royal British commando force. [...] This claim contains several giveaways beyond the obviously manipulated photographs. Most obviously, a 134-foot-long snake is more than four times longer than the world's largest snake, the Green Anaconda, which (according to National Geographic) can reach a length of about 30 feet. Even Titanoboa, the enormous Cretaceous fossil discovered in 2012, topped out at under 50 feet.",False,False,True,refutes,factly
factly_550_ret_b5_gn,factly_550,World’s biggest Anaconda snake which is 134 feet long and 2067 Kgs weight.,SOCIAL MEDIA POST,"An image of a snake, claiming to be the ""World’s biggest snake Anaconda found in Africa's Amazon river"" is doing rounds on the internet. The post also says that the giant snake has killed 257 human beings and 2325 animals. The posts say, ""Africa’s Royal British commandos took 37 days to get it killed."" The image is fake and the claim is untrue. According to the post the snake is 134 feet long and 2067 kgs. The image is not recent and has been circulating for at least since 2015. [...] The posts also claim that the reptile is ""134 feet long and 2067 kgs."" According to National Geographic, the green anaconda is the world’s largest snake and it can weigh up to 550 kgs – which is far less than what the posts claim.",False,False,True,refutes,factly
factly_550_ret_bn_g0,factly_550,World’s biggest Anaconda snake which is 134 feet long and 2067 Kgs weight.,SOCIAL MEDIA POST,"An image is being shared widely on Facebook with the claim ‘World’s biggest snake Anaconda found in Africa’s Amazon river. It has killed 257 humans & 2325 animals. Africa’s Royal British Commandos took 37 days to get it killed’. Let’s try to analyze the claim made in the post. [...] Claim: Photo of the World’s biggest ‘Anaconda’ snake which is 134 feet long and 2067 Kgs weight. [...] And as per the National Geographic Channel, the ‘Green Anaconda’ is the largest snake in the world with length up to 30 feet and weigh up to 250 kgs. But the dimensions of the anaconda given in the post are much higher than any of these figures.",False,False,True,insufficient-refutes,factly
factly_563,factly_563,"Disinvestment crossed target of 72,500 crore rupees.",Govt. of India,"The BJP government published an infographic on the 48-months portal. In this infographic, the government makes four claims about the reforms and setting up of institutions in the economy. This article is a fact check of these claims.",True,True,True,insufficient-neutral,factly
factly_563_ret_bn_g0,factly_563,"Disinvestment crossed target of 72,500 crore rupees.",Govt. of India,"- Loans to Women Self Help Groups will increase to Rs.75,000 crore in 2019 from 42,500 crore last year. [...] - Centres of excellence to be set up on robotics, AI, Internet of things etc - Disinvestment crossed target of Rs 72,500 crore to reach Rs 1,00,000 crore - Comprehensive Gold Policy on the anvil to develop yellow metal as an asset class - 100 percent deduction proposed to companies registered as Farmer Producer Companies with an annual turnover upto Rs. 100 crore on profit derived from such activities, for five years from 2018-19. [...] - Relief to Senior Citizens proposed:- - Exemption of interest income on deposits with banks and post offices to be increased from Rs. 10,000 to Rs. 50,000.",True,False,True,supports,factly
factly_563_ret_bn_g10,factly_563,"Disinvestment crossed target of 72,500 crore rupees.",Govt. of India,"Relief to salaried taxpayers: standard deduction of Rs 40,000 allowed in lieu of present exemptions 2.5 Crores salaried employees and pensioners to benefit Differently-Abled will continue to get transport allowance at enhanced rate [...] Further, the Finance Minister proposed raising the limit of deduction for medical expenditure in respect of certain critical illness from Rs. 60,000/- in case of senior citizens and from Rs. 80,000/- in case of very senior citizens, to Rs. 1 lakh in respect of all senior citizens, under section 80DDB. [...] Disinvestment crossed target of Rs 72,500 crore to reach Rs 1,00,000 crore",True,False,True,supports,factly
factly_563_ret_bn_g2,factly_563,"Disinvestment crossed target of 72,500 crore rupees.",Govt. of India,"Budget guided by the mission to strengthen agriculture, rural development, health, education, employment, MSME, and infrastructure sectors. [...] Loans to Women Self Help Groups will increase to Rs.75,000 crore in 2019 from 42,500 crores last year. [...] - Disinvestment crossed target of Rs 72,500 crore to reach Rs 1,00,000 crore - Comprehensive Gold Policy on the anvil to develop yellow metal as an asset class.",True,False,True,supports,factly
factly_563_ret_bn_g5,factly_563,"Disinvestment crossed target of 72,500 crore rupees.",Govt. of India,"Re-structured National Bamboo Mission gets R5.l290crore Loans to Women Self Help Groups will increase to Rs. 75,000 crore in 2019 from 42,500 crore last year. [...] Disinvestment crossed target of Rs 72,500 crore to reach Rs 1,00,000 crore. [...] Rs. 75,000 crore rupees will be provided as loans to Women Self Help Groups till March, 2019.",True,False,True,supports,factly
factly_565,factly_565,"In an open letter written by Dr. Devi Shetty, he called on people to gather at the Governor’s residence of each state with a petition to oppose the recently proposed health care service tax which he labels as a ‘Misery tax’",SOCIAL MEDIA POST,"This letter was indeed written by Dr. Devi Shetty, but in 2011 when the then Finance minister Pranab Mukherjee proposed to levy a service tax of 5% on the healthcare services provided by hospitals with 25 or more beds with central air conditioning facilities. This letter and the opposition to this bill from various healthcare professionals led the government to withdraw the proposed provision. The 2023-24 union budget also does not contain any provision for service tax on healthcare. Hence the claim made in the post is Misleading",False,True,True,refutes,factly
factly_565_ret_b9_gn,factly_565,"In an open letter written by Dr. Devi Shetty, he called on people to gather at the Governor’s residence of each state with a petition to oppose the recently proposed health care service tax which he labels as a ‘Misery tax’",SOCIAL MEDIA POST,"When I did a 100 heart operations in 1989, I knew it was possible to start a revolution in cardiac surgery: Dr Devi Shetty [...] Theatre of life: Dr Devi Shetty When Devi Shetty was just 14 years old, something remarkable happened in the world of medicine. Christiaan Barnard, a South African cardiac surgeon, performed the world’s first human-to-human heart transplant operation, and the patient lived for 18 days. Shetty, who was studying in a school in Mangalore, Karnataka, was so awed by the development that he decided he would become a heart surgeon. That ambition was reinforced by the respect he saw in people’s eyes for doctors in his town. ""They looked at doctors as if they were gods,"" he recalls.",False,False,True,insufficient-neutral,factly
factly_565_ret_bn_g0,factly_565,"In an open letter written by Dr. Devi Shetty, he called on people to gather at the Governor’s residence of each state with a petition to oppose the recently proposed health care service tax which he labels as a ‘Misery tax’",SOCIAL MEDIA POST,"A social media post containing an open letter allegedly written by Dr. Devi Shetty opposing a proposed 5% service tax on healthcare in the recent budget is being shared on social media. This letter also calls out to people to assemble at the Governor’s house of each state at 11 am on 12 March with a petition to roll back the tax. Let’s know the details behind this letter in this fact-checking article. [...] We performed a reverse image search on the image to learn more details about the letter. This search led us to two blog posts (here and here) from March 2011, which contained the same letter. One of those two posts mentions that Dr. Devi Shetty issued this open letter to the people of India urging them to ‘observe 12th March 2011 as ‘Misery Day’. The letter also opposed the Union Government’s proposal to impose an additional 5 per cent service tax on healthcare provided by the private hospitals. He called this new proposed tax as ‘Misery Tax’. We then looked for relevant news articles regarding this and found the related information. Reportedly, in 2011, the then Union Finance Minister Pranab Mukherjee proposed to levy a service tax of 5% on the healthcare services provided by hospitals with 25 or more beds with central air conditioning facilities. This proposal received a negative response from the healthcare industry. Opposing this Service Tax, Dr Devi Prasad Shetty, chairman of Narayana Hrudayalaya, wrote an open letter (here and here) calling it a ‘Misery tax‘.",False,False,True,insufficient-refutes,factly
factly_565_ret_bn_g1,factly_565,"In an open letter written by Dr. Devi Shetty, he called on people to gather at the Governor’s residence of each state with a petition to oppose the recently proposed health care service tax which he labels as a ‘Misery tax’",SOCIAL MEDIA POST,"On February 25, Trinamool Congress’s Rajya Sabha MP Jawhar Sircar shared an open letter by Dr Devi Shetty of Narayana Hridayalaya where he had called service tax on healthcare ‘misery tax’. Sircar wrote in the post, ""Agree fully with Dr Devi Shetty that Modi-Nirmala’s service tax on health services will devastate the middle class and poor. Withdraw this tax!"" In the letter published as an advertisement in the newspapers, Dr Devi Shetty opposed a proposed service tax of 5 per cent on healthcare in the budget. Calling it a ‘misery tax’, Dr Shetty had called people to assemble at the Governor’s house of each state at 11 AM on March 12 with a petition to roll back the tax. [...] To summarise, a service tax on Healthcare was proposed by FM Mukherjee in the 2011 budget. After backlash, it was withdrawn by the government. The post that Sircar shared has the clipping of an open letter Dr Shetty wrote in 2011. Thus, Sircar’s post is misleading.",False,False,True,refutes,factly
factly_567_ret_b17_gn,factly_567,More than 6 lakh high risk pregnancies identified.,Govt. of India,"New Delhi: More than 550,000 women were found to be going through high-risk pregnancies during screening between June 2016 to December 2017 under a government scheme for protection of pregnant women. [...] ""Women identified as high-risk pregnancy were referred to a specialist or a higher health facility for appropriate care. Identifying high-risk pregnancies is the first step towards saving mothers and infants from preventable deaths,"" said J.P. Nadda, Union minister of health and family welfare, in New Delhi on Friday. [...] To enable early detection of high-risk pregnancies, 8.4 million haemoglobin tests, 5.5 million HIV tests, 4.1 million tests for gestational diabetes, 3.3 million tests for syphilis and more than 1.5 million ultrasound examinations were conducted under the programme. The government is also providing free of cost management of any existing clinical condition such as anaemia, pregnancy-induced hypertension and gestational diabetes under the programme.",True,False,True,insufficient-supports,factly
factly_567_ret_bn_g2,factly_567,More than 6 lakh high risk pregnancies identified.,Govt. of India,- More than 1.16 crore antenatal check-ups conducted. - Conducted at over 12900 health facilities across all State/UTs - Over 4900 volunteers registered on PMSMA portal across all State/UTs - More than 6 lakh high risk pregnancies have been identified,True,False,True,supports,factly
factly_567_ret_bn_g3,factly_567,More than 6 lakh high risk pregnancies identified.,Govt. of India,"The fourth claim is that ‘more than 6 lakh high risk pregnancies identified’. One of the critical components of the Pradhan Mantri Surakshit Matritva Abhiyan is identification and follow-up of high risk pregnancies. Since its inception in 2016, Over 7 lakh women with high risk conditions have been identified. [...] Fact: Since its inception in 2016, Over 7 lakh women with high risk conditions have been identified. Hence, the claim is TRUE.",True,False,True,supports,factly
factly_567_ret_bn_g4,factly_567,More than 6 lakh high risk pregnancies identified.,Govt. of India,- More than 2.1 crore children and around 56 lakh pregnant women have been immunized under Mission Indradhanush which was launched to reach the unreached. [...] - More than 40 lakh antenatal checkups have been conducted at PMSMA sites for comprehensive services under the programme. [...] - More than 2.70 lakh high risk pregnancies have been identified under PMSMA.,True,False,True,refutes,factly
factly_574_ret_b0_gn,factly_574,1000 scholarships per annum are available,Govt. of India,"More than 1000 fully funded scholarships are available at world top universities for international students. These scholarships provide average monthly stipend of $1000 along with tuition fees, accommodation charges, health insurance and travel allowance. [...] Imperial Collage London PhD Scholarship is a fully funded scholarship for international students. Up to 10 fully-funded scholarships are awarded each year. This scholarship covers both tuition fees and an annual tax-free contribution to maintenance costs of £16,553. [...] Melbourne Research Scholarship (MRS) is a fully funded scholarship for international students. Approximately 600 scholarships are available for Masters and doctoral research studies. This scholarship offers living allowance of $31,200 per year, Full fee offset, Overseas Student Health Cover (OSHC) Single Membership, Relocation grant and many other benefits.",False,False,True,insufficient-supports,factly
factly_574_ret_b11_gn,factly_574,1000 scholarships per annum are available,Govt. of India,"Harrow School, another prestigious old English public school, has a range of scholarships on offer, though most are only worth 5% of the cost of school fees – which equates to around £1,000 per annum. However, they also have a bursary scheme that could cover up to 100% of your school fees, and these are usually awarded to boys who also have a scholarship. Scholarships are available for those with a talent in art or music, as well as general academic promise. There’s also the ""Outstanding Talent Scholarship"", which seeks to reward boys who are able to demonstrate exceptional talent in a maximum of three activities that would ""make a significant contribution at Harrow, such as ball games, athletics, swimming, drama or design technology."" If you think Harrow might be the right school for you, you’ll also have to be prepared for a lot of singing – the school is famous for it!",False,False,True,insufficient-refutes,factly
factly_574_ret_bn_g15,factly_574,1000 scholarships per annum are available,Govt. of India,"Whitworth offers generous scholarships ranging from $18,000-$30,000 per year, based on students' academic achievement, personal background and other factors. These scholarships are offered after a holistic review of your admissions application and are renewable up to four years as long as the student maintains satisfactory academic progress. [...] Talent and Participation Scholarships: $1,000+",False,False,True,insufficient-neutral,factly
factly_574_ret_bn_g16,factly_574,1000 scholarships per annum are available,Govt. of India,"ICAPP Scholarship ($1,000 per year) The Institute for Civics and Public Policy (ICAPP) Scholarship is awarded to students with a passion for civics, public policy or public service. ICAPP Scholars will have unique opportunities to pursue a variety of programs sponsored through the Institute for Civics and Public Policy at Ohio Northern University. Two students will be named ICAPP Scholars and awarded a renewable annual scholarship of $1,000. The deadline to apply is Feb. 29, 2024. TO APPLY - CLICK HERE!",False,False,True,insufficient-neutral,factly
factly_930,factly_930,"Ladli Foundation supports poor families who cannot bear the burden of marriage expenses. The foundation will take care of the total cost of the wedding and will provide the bride with the basic things worth Rs. 1 lakh, to start a new family.",FACEBOOK POST,The message in the post is fake. Ladli Foundation only conducts mass marriage ceremonies for couples from poor families and provides basic things to start a new life. It does not support single marriage ceremonies as written in the message and does not give Rs. 1 lakh worth goods. Hence the claim made in the post is FALSE.,False,True,True,refutes,factly
factly_930_ret_bn_g0,factly_930,"Ladli Foundation supports poor families who cannot bear the burden of marriage expenses. The foundation will take care of the total cost of the wedding and will provide the bride with the basic things worth Rs. 1 lakh, to start a new family.",FACEBOOK POST,"Fact: The message in the post is fake. Ladli Foundation only conducts mass marriage ceremonies for couples from poor families and provides basic things to start a new life. It does not support single marriage ceremonies as written in the message and does not give Rs. 1 lakh worth goods. Hence the claim made in the post is FALSE. When searched for the details of the marriage support on the Ladli Foundation Trust’s Facebook page, it is found that Ladli Foundation’s Founder Devendra Gupta has already denied the claim way back in 2015. He posted on the Ladli Foundation Trust’s Facebook page that their message has been edited and being falsely shared. He clarified that they do not give financial support to individual marriages but conduct mass marriage ceremonies, where basic things to start a new life are given to couples. He also appealed to people not to share the message and not call on the numbers given in the message. [...] To sum it up, Ladli Foundation does not support private individual marriages. They only conduct mass marriage ceremonies.",False,False,True,refutes,factly
factly_949,factly_949,"In 2004, under the Manmohan government, there was no tax on income upto Rs. 50,000. In 2019, under the Modi government, there is no tax on income upto Rs. 5,00,000.",FACEBOOK POST,"There was no tax on income upto Rs. 50,000 in 2004 but that limit can be extended to Rs. 1,00,000 by taking tax rebate. When the tax is rebated there is no effective tax on the income, so there was no tax on the income upto Rs 1,00,000 in 2004. In 2019, Rs. 5,00,000 tax exemption limit is after considering the tax rebate. Without the tax rebate, the actual income limit for no income tax is just Rs. 2,50,000 (in 2019). So the claim is MISLEADING.",False,True,True,insufficient-refutes,factly
factly_949_ret_b11_gn,factly_949,"In 2004, under the Manmohan government, there was no tax on income upto Rs. 50,000. In 2019, under the Modi government, there is no tax on income upto Rs. 5,00,000.",FACEBOOK POST,"Under his tutelage, the tax system was rationalised. Many controls and regulations that saddled Indian business were scrapped and entrepreneurs found themselves empowered with new business freedoms. Productivity jumped and the industry grew in unprecedented leaps. Years later, India’s industry captains still look to Singh with reverence and gratitude. And there is a general expectation that with the ""reformist"" back at the helm, India’s economy will be in safe hands.",False,False,True,insufficient-neutral,factly
factly_955_ret_b10_gn,factly_955,Agro based and thematic clusters for skilled manpower and economic opportunities are being identified,Govt. of India,"One of the most promising strategies is the cluster-based development approach. Clusters are defined as ""groups of industries closely related by skill, technology, supply, demand and/or other linkages"" (Delgado, Porter, and Stern 2016). A cluster-based development approach involves collaborative actions by groups of companies, governments, and other related institutions to improve the competitiveness of a group of interlinked economic activities in a specific geographic region (Ketels and Memedovic 2008). Sonobe and Otsuka’s (2006) empirical study of cluster-based industrial development in developing countries suggests that a cluster can be an effective institution for HVP value chain development as well. Indeed, Gálvez-Nogales (2010) finds numerous successful agro-based clusters in many countries. As an illustration, Figure 1 shows the structure of an agro-based cluster. In the cluster, farmers are entrepreneurs who see their farms as businesses. They are not just farming but operating complicated businesses, employing workers, coordinating the division of labor among teams, and collaborating with outsiders. In other words, entrepreneurial farmers are skillful at not only producing but also grading, marketing, branding, and management.",True,False,True,supports,factly
factly_955_ret_b3_gn,factly_955,Agro based and thematic clusters for skilled manpower and economic opportunities are being identified,Govt. of India,Agro-based clusters in developing countries: staying competitive in a globalized economy [...] Part II [751kb] 5. Agro-based clusters in Asia 6. Agro-based clusters in Africa 7. Conclusions and recommendations 8. Annexes 9. References and further reading © FAO 2010,True,False,True,insufficient-supports,factly
factly_955_ret_bn_g0,factly_955,Agro based and thematic clusters for skilled manpower and economic opportunities are being identified,Govt. of India,"The second claim is that Agro based and thematic clusters for skilled manpower and economic opportunities are being identified. According to an answer provided in the Lok Sabha, ‘Rs. 19,961.81 crores of investment have been estimated in the first 197 Integrated Cluster Action Plans (ICAPs). Of the total investment proposed, nearly 78% is targeted towards saturation of Economic and Basic Amenities. Various Thematic Areas have been identified for saturation of Economic Amenities, such as Agri Services and Processing, followed by Skill development to promote Small and Medium Scale Enterprises and Tourism.’ The details of the specific clusters based on various economic themes is available on the SPMRM website. [...] Fact: As per the government’s response in the Lok Sabha, thematic Areas have been identified for saturation of Economic Amenities, such as Agri Services and Processing, followed by Skill development to promote Small and Medium Scale Enterprises and Tourism. The SPMRM website also has details of these thematic clusters. Hence, the claim is TRUE. [...] The last claim is that 300 Rurban clusters are ODF and are about green growth. The annual report of the Ministry of Rural Development (2016-17) states that, ‘the mission outcome as per the current design will see Rs. 30,000 crores of investment in 300 clusters benefitting more than 3000 gram panchayats, across the country, saturating them with all basic, social and digital amenities. At the end if the mission period, the country will have 300 Rurban clusters which will be ODF, green, agro based and thematic clusters with skilled manpower and access to economic opportunities.’",True,False,True,supports,factly
factly_955_ret_bn_g12,factly_955,Agro based and thematic clusters for skilled manpower and economic opportunities are being identified,Govt. of India,"When we compare our skill clusters to the thematic categories in the Lightcast Open Skills taxonomy, we find partial agreement, suggesting our method may offer a different way to group skills based on observed usage rather than prescribed expert categories based on competencies and sectors.",True,False,True,insufficient-neutral,factly
factly_958,factly_958,Nepal bans all Indian TV channels except DD News,SOCIAL MEDIA POST,"Cable operators in Nepal banned Indian private TV News channels in 2020 for broadcasting content detrimental to their country’s interests. But the ban was lifted after a short period. As claimed in the viral message, the Nepal government has recently not banned the Indian TV channels except DD News. Hence, the claim made in the post is False.",False,True,True,refutes,factly
factly_958_ret_b0_g2,factly_958,Nepal bans all Indian TV channels except DD News,SOCIAL MEDIA POST,"The claim that all private Indian news channels are banned in Nepal except DD News is misleading. While such a ban was imposed for a limited time in 2020, it was subsequently lifted. The circulating post is sharing old news with a misleading claim, leading to confusion among social media users. [...] The viral post was shared by a user named ‘Bhashan Ya Rashan,’ (Archive) with the caption, ""Nepal bans DD News. Banned all Indian channels except… Nepal was troubled by the injury of Dankapati’s sting."" Many other users on different social media platforms have shared the same image with identical or similar claims. [...] - Claim Review : All private Indian news channels are banned in Nepal except DD News.",False,False,True,refutes,factly
factly_958_ret_b17_gn,factly_958,Nepal bans all Indian TV channels except DD News,SOCIAL MEDIA POST,"New Delhi: Nepal has banned all Indian news channels, except DD News, for alleged propaganda against the country. Reports say that Nepal cable operators have stopped getting signals of Indian news channels. [...] Earlier, Nepal has amended its map which shows some Indian territory as part of it.",False,False,True,supports,factly
factly_958_ret_bn_g1,factly_958,Nepal bans all Indian TV channels except DD News,SOCIAL MEDIA POST,"A message is doing rounds on social media, which claims that Nepal has banned all private Television channels of India, except DD News. Let’s verify the truthfulness of this claim through this article. [...] Fact: Cable operators in Nepal banned Indian private TV News channels in 2020 for broadcasting content detrimental to their country’s interests. But the ban was lifted after a short period. As claimed in the viral message, the Nepal government has recently not banned the Indian TV channels except DD News. Hence, the claim made in the post is False. [...] To sum up, the Government of Nepal has not banned all private Indian TV channels except DD News.",False,False,True,refutes,factly
factly_958_ret_bn_g4,factly_958,Nepal bans all Indian TV channels except DD News,SOCIAL MEDIA POST,"Nepal has banned all Indian news channels except the state-run Doordarshan, reports in Indian media said on Thursday. [...] Nepali Cable TV providers tell ANI, signals for Indian news channels have been switched off in the country. No official government order of the same till now. [...] Breaking now: Nepal bans all Indian news channels except DD. Says channels running false anti Nepal propaganda.. well, some run propaganda, period!🙏 — Rajdeep Sardesai (@sardesairajdeep) July 9, 2020",False,False,True,supports,factly
factly_963,factly_963,Silver foil making process still involves animal products,SOCIAL MEDIA POST,"It is true that traditional methods of silver foil manufacturing involve animal products. However, after the intervention of food regulatory authorities, courts, and animal rights activists, most of these manufacturers have shifted to modern manufacturing, avoiding animal products. While sporadic events of manufacturers using traditional methods/adulterating have been reported, according to officials, these practices have reduced to a large extent. The viral video could be an old video or related to manufacturer still practicing traditional method. Hence the claim made in the post is PARTLY TRUE.",Half True,True,True,insufficient-refutes,factly
factly_963_ret_b2_gn,factly_963,Silver foil making process still involves animal products,SOCIAL MEDIA POST,"The product is created by pounding silver into very thin foil sheets that are backed by paper. It must be handled delicately as even a light touch can cause it to break and crumble. Although it is supposed to be made with at least 99.9 percent silver, which is even more pure than sterling silver, a number of kinds of varak have been found to be far less pure, mixed with other types of metals such as aluminum or even cadmium. Many vegetarians believe that varak is not suitable for their diets because there is speculation that the process of making the silver foil includes the use of animal products.",Half True,False,True,insufficient-supports,factly
factly_963_ret_b6_gn,factly_963,Silver foil making process still involves animal products,SOCIAL MEDIA POST,"HYDERABAD: The officials of the State Food Safety and Standards Authority of India (FSSAI) have now started to crack the whip on the process of making silver foil, used on sweets like Kaju kathli and other barfi sweets. [...] ""In Chetha Bazar at Charminar, a lot of silver foil is prepared using the traditional method, In this method, where the ‘chandi-ka-warq’ or the silver leaf is made by placing silver inside folded buffalo skin and hammering it until the desired thickness is arrived at,"" explained an FSSAI official. Though the traditional practice has been a long used method to make silver foil, recently, FSSAI issued guidelines opposing the mode of preparing the silver leaf. According to the latest guidelines, the silver leaf is not supposed to be prepared using any form of animal origin.",Half True,False,True,supports,factly
factly_963_ret_bn_g0,factly_963,Silver foil making process still involves animal products,SOCIAL MEDIA POST,"Fact: It is true that traditional methods of silver foil manufacturing involve animal products. However, after the intervention of food regulatory authorities, courts, and animal rights activists, most of these manufacturers have shifted to modern manufacturing, avoiding animal products. While sporadic events of manufacturers using traditional methods/adulterating have been reported, according to officials, these practices have reduced to a large extent. The viral video could be an old video or related to manufacturer still practicing traditional method. Hence the claim made in the post is PARTLY TRUE. [...] However, in line with the claim made in the viral video, traditional making of silver foils involves animal products. Like mentioned in the video, foils are made by placing the metal in between two layers (made of animal intestine) and pounding till a very thin layer of foil is produced. [...] The ban on making silver foils using animal products was stalled for a brief period, when the Delhi High Court in July 2017 stayed the enforcement of the FSSAI order, after some manufacturers went to court citing loss of livelihood for several workers in the business. But later in February 2018, the court lifted the stay and allowed the ban on using animal products in making. And FSSAI has communicated the court’s decision to all the states and UTs and requested them to implement the earlier orders with respect to manufacturing of silver foils.",Half True,False,True,insufficient-supports,factly
factly_966,factly_966,"The share of GDP allocated for education (primary, secondary and tertiary) saw an increase from 3.29 per cent in 2004-2005 to 3.83 per cent in 2012-13.",Indian National Congress,The Congress party has made a series of claims about the budget allocation & expenditure on education and health during the UPA. The following article is a fact check of the claims made on the Congress website.,True,True,True,insufficient-neutral,factly
factly_966_ret_b13_gn,factly_966,"The share of GDP allocated for education (primary, secondary and tertiary) saw an increase from 3.29 per cent in 2004-2005 to 3.83 per cent in 2012-13.",Indian National Congress,"Government spending on education has become a priority action globally to meet the 2030 Sustainable Development Goal (SDG) of free, equitable, and quality primary and secondary education for all. Prior to the Covid-19 pandemic, governments in low and middle-income countries had increased education expenditures to approximately 4.45% of Gross Domestic Product (GDP) in conjunction with an increased share of education expenditures in overall government spending. Using panel data analysis, this chapter investigates the impact of education spending of 78 low and lower-middle income economies and 111 upper-middle and high-income countries on education outcomes at primary, secondary, and tertiary levels of schooling. The study finds that despite additional channels of external funding such as Official Development Assistance loans, it is government spending across all levels of educational enrollments, primary, secondary, and tertiary, that has had a greater impact on education outcomes. We find that government spending on education as a share of GDP has contributed the most toward achieving global development goals. [...] A World Bank study [17] on how the Covid-19 pandemic has affected on education financing reports that due to larger populations in low- and middle-income countries, the share of GDP spent on education is insufficient to achieve the improved quality of education.",True,False,True,insufficient-refutes,factly
factly_966_ret_b1_gn,factly_966,"The share of GDP allocated for education (primary, secondary and tertiary) saw an increase from 3.29 per cent in 2004-2005 to 3.83 per cent in 2012-13.",Indian National Congress,"Public spending on education as a share of GDP [...] ""Data Page: Public spending on education as a share of GDP"". Our World in Data (2024). Data adapted from World Bank, Tanzi & Schuknecht. Retrieved from https://ourworldindata.org/grapher/total-government-expenditure-on-education-gdp [online resource] [...] World Bank (2023); Tanzi & Schuknecht (2000) – processed by Our World in Data. ""Public spending on education as a share of GDP"" [dataset]. World Bank, ""World Bank Education Statistics (EdStats) 2023""; Tanzi & Schuknecht, ""Public Expenditure on Education OECD"" [original data]. Retrieved October 9, 2024 from https://ourworldindata.org/grapher/total-government-expenditure-on-education-gdp",True,False,True,insufficient-neutral,factly
factly_966_ret_bn_g2,factly_966,"The share of GDP allocated for education (primary, secondary and tertiary) saw an increase from 3.29 per cent in 2004-2005 to 3.83 per cent in 2012-13.",Indian National Congress,"Gross Domestic Product expenditure of on higher education 39, 43, 46, 52, 59, 284-285, 288, 379 growth in 281 growth in higher education (see also demand) 17-21, 88, 274 Harris report 144, 152, 158, 182 health and safety 171, 235, 277, 303 higher education compact 11- 12, 86, 107-108, 158, 197, 228-229, 235, 253, 282-283, 289, 297-298, 322, 347, 362, 366, 368, 434, 446 [...] Quality Assurance Agency 37, 122, 124, 142-143, 151, 157-161, 163-164, 178-179, 182, 254-255, 259, 262, 308, 356, 367-368, 371, 373, 378-379 quality of higher education 24, 36, 143, 160, 163, 202, 221 rates of return see economic benefits to individual and to society regional role of higher education 1, 251-252, 260, 358, 369, 382, 448, 458 encouraging entrepreneurship 201, 375 engaging in cultural and community development 195-196",True,False,True,insufficient-neutral,factly
