id,claim_id,claim,claimant,evidence,factcheck_verdict,is_gold,relevant,evidence_stance,fc_source
factcheckni_1,factcheckni_1,Public spending in Northern Ireland is 45% higher than it is in Ireland.,University of Liverpool,"Using public expenditure as a measure of public spending, total public expenditure per person in Northern Ireland in 2015–16 was 10% higher than in Ireland. More recently, it was near par with Ireland. As a part of national output (GDP), government consumption contributed an estimated 45% more, per person, in Northern Ireland than it did in Ireland. But government consumption excludes aspects of spending, like investment in roads and social welfare.",False,True,True,insufficient-supports,factcheckni
factcheckni_1_ret_b10_gn,factcheckni_1,Public spending in Northern Ireland is 45% higher than it is in Ireland.,University of Liverpool,"Even using the modified measure of national income (GNI ), the differential remains significant. Expressed per head, GNI is more than 10% higher than GDP per head in the UK and roughly 45% higher than GDP per head in NI. [...] Looking again at the public sector, is government spending in this area indeed a key differential? Certainly the public sector is a bigger proportion of the economy in NI than in the Republic. Some 24% of Irish employment is in public administration, health and education and in NI the figure is almost 30%. A differential, but perhaps less pronounced than many expect. Spending comparisons are rather tricky due to a range of definitional issues. For example, Ireland incurs spending on national debt and central services (like the Treasury) which NI does not. But taking a subset of public services, namely education, health, justice, social protection (including benefits and pensions) agriculture and transport; spending is actually very similar on a per head basis at current exchange rates.",False,False,True,insufficient-neutral,factcheckni
factcheckni_1_ret_b15_gn,factcheckni_1,Public spending in Northern Ireland is 45% higher than it is in Ireland.,University of Liverpool,"- Bill 1: Provisions included within Northern Ireland Budget (Anticipation and Adjustments) Bill 2017-19 that seek to ensure funding is available to the NI Civil Service for the remainder of 2017-18 and for the start of 2018-19 (45% of allocated funding), and thereby continue public service delivery in NI. But as the House of Commons Library Briefing Paper about the Bill states, the Bill ‘…does not constitute the setting of a budget for the Northern Ireland Assembly’. [...] Health Spending accounted for 48.2% of NI’s day-to-day spending in the 2017-18 baseline. The NI DoH Allocation of £5,306.2 million for 2018-19 represents 49.2% of the total NI Allocations – an increase of one percentage point. All other things being equal, it appears from the current proposals and the prior trend that Health will consume more than half of NI’s day-to-day spending from 2019 onwards. Education Spending accounted for 17.8% of NI’s day-to-day spending in the 2017-18 baseline. The NI DE Allocation of £1,859.4 million for 2018-19 represents 18.0% of the total proposed NI Allocations – an increase of one fifth of a percentage point compared to the baseline. In other words, there is only a very marginal increase in the relative priority afforded to DE as a proportion of the total funding allocated by the Secretary of State in her proposals.",False,False,True,insufficient-neutral,factcheckni
factcheckni_101_ret_b14_gn,factcheckni_101,Face coverings/masks became “mandatory” in shops in Northern Ireland as of 1 August 2020.,Kellie Armstrong,"- ^ a b ""Face masks could be mandatory in shops by 20 August"". BBC News. 23 July 2020. [...] - ^ ""NI public told to wear masks in shops"". BBC News. 6 August 2020. [...] - ^ McCormack, Jayne (10 August 2020). ""Face coverings now compulsory for NI shoppers"". BBC News.",False,False,True,insufficient-supports,factcheckni
factcheckni_101_ret_b5_gn,factcheckni_101,Face coverings/masks became “mandatory” in shops in Northern Ireland as of 1 August 2020.,Kellie Armstrong,"Health Minister Robin Swann has welcomed the Northern Ireland Executive’s decision to make the wearing of face coverings mandatory in shops. Health Minister Robin Swann has welcomed the NI Executive decision on face coverings. [...] ""This is particularly important in light of the fact that shielding is due to be paused from July 31. As people who have been shielding start resuming everyday activities, the wearing of face coverings in shops is a practical way to reassure them and help them keep safe.",False,False,True,insufficient-supports,factcheckni
factcheckni_102_ret_b12_gn,factcheckni_102,The Department of Health (England) needs the consent of families to release information of deceased relatives.,Nick Watt,"Guide to the legal framework that health professionals need to take account of in obtaining valid consent to examination, treatment or care. [...] Since 2001, the Department of Health guidance on consent has required NHS Trusts to adopt a model consent policy, model forms and information leaflets with the aim of ensuring that good practice in seeking consent was put in place throughout the NHS. The department has been considering the future role of its guidance and has been undertaking a review of consent in the NHS which will not only identify and evaluate the NHS approach to, and practice on, gaining consent but which will also evaluate the impact on practice of existing Department of Health guidance and forms. [...] As part of our review, we will evaluate the impact on practice of the Department of Health consent forms and consider the best approach to promoting quality consent processes (including documentation) in the future. In the interim, trusts are free to develop their own documentation, including their consent forms (using the DH model form if they so wish), to reflect the current legal position and reflect local practice as appropriate. These documents include some advice on how legal terminology has evolved since the forms were produced, which may help in this regard.",False,False,True,insufficient-neutral,factcheckni
factcheckni_102_ret_b7_gn,factcheckni_102,The Department of Health (England) needs the consent of families to release information of deceased relatives.,Nick Watt,"- Access to records of deceased people: People may request access to the records of someone who has died, for example a family member. See the NHS Transformation Directorate guidance on Access to the health and care records of deceased people and Primary Care Support England also has guidance on their website about Accessing Medical Records. [...] Data protection laws do not apply to deceased people, but the common law duty of confidentiality does apply. For more information, please see NHS England’s Transformation Directorate guidance on access to the health and care records of deceased people. [...] For more information, please see the guidance on consent and confidential patient information, sharing information with confidence and the article in these Guidelines on consent to using and sharing patient information.",False,False,True,insufficient-neutral,factcheckni
factcheckni_102_ret_bn_g1,factcheckni_102,The Department of Health (England) needs the consent of families to release information of deceased relatives.,Nick Watt,"- if you are aware of any wishes (written or verbal) of the deceased individual relating to their information being shared - if there is anything in the record which would either cause distress to the family or benefit them to know - if there is any third party information in the record; for example, information about other family members - if there is anything in the record which if disclosed might cause harm to another person - to explain any clinical abbreviations or terminology in the record, to help the person who has asked for a copy of the record understand it [...] Where confidential information about a deceased person is required for a purpose beyond individual care, such as research, service evaluation or national clinical audit, the requester should obtain approval from the Health Research Authority, under section 251 of the NHS Act 2006. [...] You will also need to consider the likelihood of information sharing being of benefit to the family of the deceased; for example, sharing certain information could reduce the emotional or mental harm experienced by grieving relatives. For example, where a person died of COVID-19 and their relatives were unable to visit them because of the infection control measures in place; or where a parent asks for information about the circumstances and causes of their child's death.",False,False,True,insufficient-neutral,factcheckni
factcheckni_102_ret_bn_g7,factcheckni_102,The Department of Health (England) needs the consent of families to release information of deceased relatives.,Nick Watt,"135. There are circumstances in which you must disclose relevant information about a patient who has died. For example: [...] 138. Archived records relating to deceased patients remain subject to a duty of confidentiality, although the potential for disclosing information about, or causing distress to, surviving relatives or damaging the public's trust will diminish over time. [...] Usually, if an individual who is known to the deceased is requesting information in relation to the circumstances surrounding the death, it will be appropriate to rely on the above GMC guidance.",False,False,True,insufficient-neutral,factcheckni
factcheckni_104,factcheckni_104,41% of those living with HIV in Northern Ireland are heterosexual.,Paula Bradley,"The claim is accurate. Furthermore, Northern Ireland has observed the fastest growth in diagnoses over the past 10 years, when compared to the average both in Ireland and in the United Kingdom.",True,True,True,supports,factcheckni
factcheckni_104_ret_b13_gn,factcheckni_104,41% of those living with HIV in Northern Ireland are heterosexual.,Paula Bradley,"Number living with HIV in Northern Ireland rises 10% [...] The annual HIV in Northern Ireland report highlighted a continuing rise in new HIV diagnoses, up by 3%, from 80 in 2010 to 82 in 2011. [...] Gay men are the group still most at risk of acquiring HIV within the UK, while the majority of heterosexual cases are acquired abroad.",True,False,True,insufficient-neutral,factcheckni
factcheckni_104_ret_b14_gn,factcheckni_104,41% of those living with HIV in Northern Ireland are heterosexual.,Paula Bradley,"Northern Ireland has had the largest proportional increase in new cases of HIV in the UK since 2000. [...] Of the new diagnoses of HIV in Northern Ireland in 2013, 57% occurred in men who have sex with men. Seven hundred and forty-nine HIV-infected residents of Northern Ireland received care for the virus during 2013.",True,False,True,insufficient-supports,factcheckni
factcheckni_104_ret_b17_g2,factcheckni_104,41% of those living with HIV in Northern Ireland are heterosexual.,Paula Bradley,"A new report from the Public Health Agency (PHA) shows that there are 1,325 people in Northern Ireland living with HIV. The ‘HIV surveillance in Northern Ireland 2022’ report also shows that 76 new cases of HIV were diagnosed here in 2021, a 12% increase from 68 in 2020. [...] ""Of the 76 new cases of HIV which were diagnosed, thirty-one (41%) occurred through gay, bisexual and other men who have sex with men (GBMSM). Twenty-one (28%) new HIV diagnoses occurred through heterosexual transmission and fourteen (18%) new HIV diagnoses occurred through injecting drug use. [...] People with HIV have a near-normal life expectancy if diagnosed early and treated promptly. Once diagnosed, individuals are less likely to pass on their infection due to treatment and changing their behaviour. Of those on treatment in Northern Ireland, 97% had an undetectable viral load, and at this level a person living with HIV has effectively zero risk of sexually transmitting the virus to someone who does not have HIV.",True,False,True,supports,factcheckni
factcheckni_106,factcheckni_106,Medicinal tea ‘help with’ COVID-19,Basile 'G-Star' Sery,"There is no evidence of tea curing or alleviating the symptoms of COVID-19. In fact, according to the World Health Organization, there are no medicines that have yet been shown to prevent or cure COVID-19.",False,True,True,refutes,factcheckni
factcheckni_106_ret_b12_gn,factcheckni_106,Medicinal tea ‘help with’ COVID-19,Basile 'G-Star' Sery,"Traditional herbal medicines are poorly or not regulated as licensed/registered medicines in quite a few countries, including the USA, and therefore are considered ""food,"" precluding any high-level discussion on their potential contributions to human health. Consequently, the U.S. Food and Drug Administration (FDA) considers fraudulent to sell any herbal products with attached claims and has sent warning letters to companies offering herbal products such as teas, essential oils, and tinctures claiming to prevent, treat or cure the symptoms of COVID-19. It is also encouraging the public to report the unlawful sales of medicinal products on the Internet (FDA, 2020). The North American public is receiving advice on the use of herbal products from dedicated academic groups. One of them is the Andrew Weil Center for Integrative Medicine which recommends polyphenol-rich plants (chamomille, Chinese skullcap, licorice, onions, apples, tomatoes, oranges, nuts, berries, parsley, celery, turmeric root, and green tea) to reduce the risk of infection (Alschuler et al., 2020), but no detailed assessment is available.",False,False,True,insufficient-refutes,factcheckni
factcheckni_106_ret_b3_gn,factcheckni_106,Medicinal tea ‘help with’ COVID-19,Basile 'G-Star' Sery,"The medicinal value of tea drinking in the management of COVID-19 - PMID: 36647394 - PMCID: PMC9833859 - DOI: 10.1016/j.heliyon.2023.e12968 The medicinal value of tea drinking in the management of COVID-19 Corona Virus Disease 2019 (COVID-19) is presently the largest international public health event, individuals infected by the virus not only have symptoms such as fever, dry cough, and lung infection at the time of onset, but also possibly have sequelae in the cardiovascular system, respiratory system, nervous system, mental health and other aspects. However, numerous studies have depicted that the active ingredients in tea show good antiviral effects and can treat various diseases by regulating multiple pathways, and the therapeutic effects are associated with the categories of chemical components in tea. In this review, the differences in the content of key active ingredients in different types of tea are summarized. In addition, we also highlighted their effects on COVID-19 and connected sequelae, further demonstrating the possibility of developing a formulation for the prevention and treatment of COVID-19 and its sequelae through tea extracts. We have a tendency to suggest forestalling and treating COVID-19 and its sequelae through scientific tea drinking.",False,False,True,supports,factcheckni
factcheckni_106_ret_bn_g11,factcheckni_106,Medicinal tea ‘help with’ COVID-19,Basile 'G-Star' Sery,"There is no evidence of tea curing or alleviating the symptoms of COVID-19. In fact, according to the World Health Organization, there are no medicines that have yet been shown to prevent or cure COVID-19. A weekend news report in the Sunday Life quotes Basile ‘G-Star’ Sery – who was selling medicinal tea on Facebook – telling its reporter that it can ""aid"" people suffering from COVID-19. Sery is also quoted saying ""Coronavirus is mucus blocking the oxygen supply and the tea can flush out the mucus… It can help with coronavirus because it’s an anti-inflammatory. It’s the same as you’ll find in health shops.""",False,False,True,refutes,factcheckni
factcheckni_109,factcheckni_109,One in four women in Northern Ireland have at some point in their lives have been a victim of domestic violence.,MKB Law,Approximately one in four women in Northern Ireland are estimated to have been victims of domestic violence.,True,True,True,supports,factcheckni
factcheckni_109_ret_b9_gn,factcheckni_109,One in four women in Northern Ireland have at some point in their lives have been a victim of domestic violence.,MKB Law,"Domestic abuse occurs across all groups in society, regardless of age, gender, race, religion, sexuality, wealth or geography. The majority of victims are women and children although research is highlighting the prevalence and context of male victims. Recent PSNI statistics show that 86% of perpetrators of domestic abuse were male and 12% (were female. It is estimated that 1 in 4 women will suffer domestic violence at some point in their lives. [...] Research has shown that approximately 1 in 4 women have or currently experience domestic abuse. It is therefore very common. PSNI statistics highlight the prevalence of the issue in Northern Ireland. Domestic abuse is not just a problem for Northern Ireland, statistics indicate that domestic violence is a worldwide problem. Research shows domestic violence occurs in all social, economic, religious and cultural groups. According to the Family Violence Prevention Fund, one in every three women in the world has experienced sexual, physical, emotional or other abuse in her lifetime.",True,False,True,insufficient-supports,factcheckni
factcheckni_110,factcheckni_110,Unionism was against the NI Protocol from day one,Sir Jeffrey Donaldson,"The Protocol had two iterations in October 2019 In the Executive in 2021, the DUP opposition remained with some nuance All of the main Unionist parties have opposed the Protocol Polls also suggest a lack of support for the NI Protocol amongst the Unionist community, more generally",True,True,True,insufficient-supports,factcheckni
factcheckni_110_ret_b8_gn,factcheckni_110,Unionism was against the NI Protocol from day one,Sir Jeffrey Donaldson,"Many of those involved in taking legal action against the NI protocol have openly opposed the Belfast Agreement or, worse yet, called for the peace treaty to be scrapped entirely. Therein lies the looming red flag of duplicity and ulterior motives, flying higher than any union flag, and blanketing the citizens of this region in its stagnating shadow. [...] Political unionism uniting against the protocol leaves those within unionism who support the protocol with little political space to call home [...] Political unionism uniting against the protocol leaves those within unionism who support the protocol, or who voted against Brexit, with little political space to call home. Unionism no longer holds a majority in Northern Ireland. Opting for reruns of a tired Brexit game instead of seeking workable solutions to the protocol will only further shrink their base.",True,False,True,insufficient-refutes,factcheckni
factcheckni_110_ret_bn_g0,factcheckni_110,Unionism was against the NI Protocol from day one,Sir Jeffrey Donaldson,"In considering this claim, it is important to take into account the positions of other parties who designate as ""Unionist"" – as well as the views of those who describe themselves as ""Unionist"", more generally. When exploring whether the DUP have opposed the NI Protocol, it is important to ask: which one? And what constitutes ""day one"" with regard to the NI Protocol? [...] An April 2022 a poll conducted by the Institute for Irish Studies at the University of Liverpool found that 21% Unionists indicated that the NI Protocol was the most important issue that concerns them (in contrast to 2% of Nationalists, and 4% of neither Unionist or Nationalist respondents). Similarly, in 2021, Lucid Talk surveyed Unionist voters’ attitudes to the Protocol with 91% supporting its abolition and just 6% supporting keeping it in place. [...] The DUP along with other Unionist parties have all opposed the Protocol as outlined in the UK-EU Withdrawal Agreement. Polls also suggested a lack of support for the NI Protocol among the Unionist community, more generally.",True,False,True,insufficient-supports,factcheckni
factcheckni_110_ret_bn_g2,factcheckni_110,Unionism was against the NI Protocol from day one,Sir Jeffrey Donaldson,"Did Unionism always oppose the Northern Ireland Protocol? [...] On 15 March, DUP leader Sir Jeffrey Donaldson MP told the National Press Club in Washington DC: ""Unionism rejected the NI Protocol from day one.""Articles |",True,False,True,insufficient-supports,factcheckni
factcheckni_111,factcheckni_111,Seventy percent of people in Northern Ireland and the majority of its Assembly Members support marriage equality for LGBT couples.,IrishCentral,"The claim is accurate.On 28th January 2018, IrishCentral claimed that “Seventy percent of people in Northern Ireland and the majority of its Assembly Members support marriage equality for LGBT couples.”",True,True,True,supports,factcheckni
factcheckni_111_ret_bn_g0,factcheckni_111,Seventy percent of people in Northern Ireland and the majority of its Assembly Members support marriage equality for LGBT couples.,IrishCentral,"- ^ Clakre, Liam (3 October 2014). ""Slim majority in Northern Ireland supports same sex marriage law"". Belfast Telegraph. Archived from the original on 8 December 2015. Retrieved 3 October 2014. [...] - ^ ""Survey shows 70% support for same-sex marriages in Northern Ireland – BelfastTelegraph.co.uk"". Belfasttelegraph.co.uk. Archived from the original on 3 May 2019. Retrieved 29 June 2016. - ^ ""76% of Northern Ireland back marriage equality in latest poll"". Gaytimes.co.uk. 9 April 2018. Archived from the original on 21 June 2018. Retrieved 20 May 2019.",True,False,True,insufficient-contradictory,factcheckni
factcheckni_111_ret_bn_g16,factcheckni_111,Seventy percent of people in Northern Ireland and the majority of its Assembly Members support marriage equality for LGBT couples.,IrishCentral,"There was hence large agreement that opening the institution of marriage to same-sex couples ""signals clearly that same-sex couple relationships should be treated with fairness and dignity.""139 [...] [S]i impone invece la risposta affermativa sia perché il diritto a contrarre matrimonio appartiene al novero dei diritti fondamentali, sia perché opinare diversamente comporterebbe negare il rispetto della dignità della persona e delle sue scelte di vita. [...] [T]o fully implement the rights granted under Article 2 and Article 3 of Directive 2004/38/EC not only to different sex spouses, but also to the registered partner, member of the household and the partner, including same-sex couples recognized by a Member State, irrespective of nationality and without prejudice to their non-recognition in civil law by another Member State, on the basis of the principles of mutual recognition, equality, non-discrimination, dignity, and private and family life.",True,False,True,insufficient-neutral,factcheckni
factcheckni_111_ret_bn_g9,factcheckni_111,Seventy percent of people in Northern Ireland and the majority of its Assembly Members support marriage equality for LGBT couples.,IrishCentral,"Lots of experts were surprised that ""Catholic Ireland"" voted in gay marriage. They haven't been paying attention. Last weekend, Ireland overwhelmingly approved a constitutional amendment legalizing same-sex marriage, the first country in the world to do so by popular vote. The reaction invariably included some degree of shock that a country about 85 percent Roman Catholic would embrace marriage equality. Well, the Irish Catholics aren't alone. Much to the Vatican's evident chagrin, majorities of Catholics all over the West support same-sex marriage, often at higher rates than other Christian denominations. In majority-Protestant Northern Ireland, the provincial Assembly has refused to join the rest of the United Kingdom in allowing same-sex marriage — most recently in January — and First Minister Peter Robinson recently agreed with his wife that homosexuality is ""an abomination.""",True,False,True,insufficient-supports,factcheckni
factcheckni_112_ret_b17_gn,factcheckni_112,Michael Davitt Gaelic Athletic Club offered as a coronavirus field hospital.,Irish News,"Michael Davitt (1950-2005) was a key figure in the literary movement associated with the poetry magazine Innti, which he established as a student broadsheet with his fellow students Gabriel Rosenstock and Con Ó Drisceoil at University College Cork in 1970. Important influences during his UCC years were the creative trio of Seán Ó Ríordáin (see the entry in this series for 1971), Seán Ó Tuama, poet and professor of Irish, and the composer Seán Ó Riada, all of whom were exploring and experimenting with inherited art forms. Davitt, born and raised in Cork city, was himself a charismatic man, and he took the Irish language and Irish poetry out of classrooms and lecture halls and into the pubs and clubs of youth culture. For Davitt and many of his peers from urban English-speaking backgrounds, commitment to Irish was a conscious countercultural move, in tune with youth movements and civil-rights politics.",True,False,True,insufficient-neutral,factcheckni
factcheckni_112_ret_b2_gn,factcheckni_112,Michael Davitt Gaelic Athletic Club offered as a coronavirus field hospital.,Irish News,"Michael Davitt's GAC Swatragh (Irish: CLG Míceal Mhic Dhaíbheid Suaitreach) is a Gaelic Athletic Association club based in the village of Swatragh, Northern Ireland. The club is a member of the Derry GAA and currently caters for Gaelic football, hurling and camogie. The club is named after republican patriot and revolutionary Michael Davitt. [...] History [edit]In 1946 John McCormack proposed the idea of forming a Gaelic football club in Swatragh. Other founder members included Patsy Collins, Jim McMullan, John Eddie Friel and James McGurk. They choose to name the club after Michael Davitt, because he had given Irish Land League speeches in Swatragh in the late 19th century.[1] It also marked 100 years since Davitt's birth. The club colours were initially red and white, but in 1949 the present green and white colours were adopted.",True,False,True,insufficient-neutral,factcheckni
factcheckni_112_ret_b9_gn,factcheckni_112,Michael Davitt Gaelic Athletic Club offered as a coronavirus field hospital.,Irish News,"Michael Davitt (born March 25, 1846, Straide, County Mayo, Ire.—died May 31, 1906, Dublin) was the founder of the Irish Land League (1879), which organized resistance to absentee landlordism and sought to relieve the poverty of the tenant farmers by securing fixity of tenure, fair rent, and free sale of the tenant’s interest.",True,False,True,insufficient-neutral,factcheckni
factcheckni_113,factcheckni_113,Workers have trapped their van inside bollards they are installing outside a hospital in Belfast.,Viral social media post,"This claim is not accurate. The building is an office block in Manchester, not a hospital in Belfast. And the bollards are removable.",False,True,True,refutes,factcheckni
factcheckni_113_ret_b13_gn,factcheckni_113,Workers have trapped their van inside bollards they are installing outside a hospital in Belfast.,Viral social media post,"In fact, installing bollards is a cost-effective way to balance security and appeal of workplaces. While considering bollards as safety equipment, people often ask a few common questions. Here are the answers to the four most common questions about bollards : [...] - Bollards can be installed to control traffic and prevent car ramming attacks. [...] - Bollards are recommended for commercial applications where the budget is a primary concern.",False,False,True,insufficient-neutral,factcheckni
factcheckni_113_ret_b3_gn,factcheckni_113,Workers have trapped their van inside bollards they are installing outside a hospital in Belfast.,Viral social media post,"Bollards can be considered as one of the most effective traffic control and security solutions on the market. Found in residential areas, public spaces and around commercial sites, bollards are everywhere - keeping people safe, unauthorised access low and reducing vehicle-related accidents. [...] Bollards are a versatile security measure found in different contexts all over the UK, that reduce unauthorised access, increase pedestrian safety, help to control road traffic and minimise vehicle-related accidents (to name a few). [...] In the UK, bollard placement is governed by the security regulations laid out by the Department of Transport - a department under the British Government. They have laid out guidance for bollard placement, which should be followed where appropriate.",False,False,True,insufficient-neutral,factcheckni
factcheckni_113_ret_bn_g0,factcheckni_113,Workers have trapped their van inside bollards they are installing outside a hospital in Belfast.,Viral social media post,"This claim is not accurate. The building is an office block in Manchester, not a hospital in Belfast. And the bollards are removable. A number of much shared Facebook posts claim ""These workmen are just finished installing cast-iron bollards to stop people from parking on the pavement outside the Royal Hospital in Belfast. They are cleaning up at the end of the day. If you can spot why they’re not going home hit share, and don’t say!"" The image in these humour Facebook posts frequently appears in memes and Facebook posts. The location varies. This well shared version claims that the workmen are installing bollards outside ""the Royal Hospital in Belfast"".",False,False,True,refutes,factcheckni
factcheckni_117,factcheckni_117,There is a new ‘Brothers-in-Arms’ mural in Belfast depicting a partnership between the UDA and the DUP.,@LADFLEG,There is no ‘Brothers-in-Arms’ UDA-DUP mural in Belfast.,False,True,True,refutes,factcheckni
factcheckni_117_ret_b9_gn,factcheckni_117,There is a new ‘Brothers-in-Arms’ mural in Belfast depicting a partnership between the UDA and the DUP.,@LADFLEG,"UDA leader Jackie McDonald admitted that the previous mural could have been regarded as ""intimidating"". [...] The mural, funded by the Republic’s Department of Foreign Affairs, Belfast City Council and the Housing Executive, was officially unveiled by DSD Minister Nelson McCausland. [...] The new mural is part of a major project to give loyalist and republican communities in Belfast a new image.",False,False,True,supports,factcheckni
factcheckni_117_ret_bn_g0,factcheckni_117,There is a new ‘Brothers-in-Arms’ mural in Belfast depicting a partnership between the UDA and the DUP.,@LADFLEG,There is no ‘Brothers-in-Arms’ UDA-DUP mural in Belfast. [...] The claim is false. There is no ‘Brothers-in-Arms’ UDA-DUP mural in Belfast. Image: Brothers-in-Arms UDA-DUP mural,False,False,True,refutes,factcheckni
factcheckni_117_ret_bn_g12,factcheckni_117,There is a new ‘Brothers-in-Arms’ mural in Belfast depicting a partnership between the UDA and the DUP.,@LADFLEG,Masked and armed UDA/UFF members at a show of strength in Belfast [...] A UDA/UFF mural in Bangor [...] A UDA/UFF South-East Antrim Brigade mural in Newtownabbey,False,False,True,insufficient-supports,factcheckni
factcheckni_118,factcheckni_118,"By 2026, 96% of the projected population growth in Northern Ireland will be represented by people aged 65 and over.",Spend it Like Stormont,"This claim is accurate. NISRA has published a projection of an increased population of 77,587 people; the 65+ age profile will see the largest change.",True,True,True,insufficient-supports,factcheckni
factcheckni_118_ret_b0_g0,factcheckni_118,"By 2026, 96% of the projected population growth in Northern Ireland will be represented by people aged 65 and over.",Spend it Like Stormont,"On 12 June 2019, the BBC programme, Spend it Like Stormont, stated: ""Between 2016 and 2026, the population here [Northern Ireland] is projected to grow by more than 77,000 — 96% of which will be 65 and over."" [...] Overall, the growth in the population of Northern Ireland of those aged 0-64 is low (3,085 people) and those aged 65+ is high (74,502 people). Those aged 65+ represent 96% of total projected growth. [...] Data from the NISRA show that over the 10-year period from mid-2016 to mid-2026, Northern Ireland’s population is projected to rise by 4.2% (i.e. 77,600 people); 96% of this growth will be represented by those aged 65 and over.",True,False,True,supports,factcheckni
factcheckni_118_ret_b1_gn,factcheckni_118,"By 2026, 96% of the projected population growth in Northern Ireland will be represented by people aged 65 and over.",Spend it Like Stormont,Projected future population of Northern Ireland by age and sex 30 January 2024 12 January 2022 21 October 2019,True,False,True,insufficient-neutral,factcheckni
factcheckni_118_ret_b3_gn,factcheckni_118,"By 2026, 96% of the projected population growth in Northern Ireland will be represented by people aged 65 and over.",Spend it Like Stormont,"Northern Ireland population to hit almost 2m by 2026, with 25% rise in people aged 65 and over Northern Ireland's population is expected to reach almost two million by 2026, with an explosion in the number of people aged over 65. [...] The number of people aged 65 and over is expected to increase by 25% across the region, with this proportion of the population set to outnumber children by 2028.",True,False,True,insufficient-refutes,factcheckni
factcheckni_119_ret_b13_gn,factcheckni_119,A £400m pot left unallocated by Stormont is going to be used to cover ongoing spending by departments.,Sammy Wilson,"Two-year timetable for Stormont to repay £300m ‘overly punitive’, says economist [...] A two-year timetable for Stormont to repay an almost £300 million overspend is ""overly punitive"", a senior economist has said. [...] PA ReadyStormontRobert ChoteChris Heaton-HarrisNorthern IrelandWestminsterMPsUK GovernmentRebecca Black 1/1Two-year timetable for Stormont to repay £300m ‘overly punitive’, says economist",False,False,True,insufficient-neutral,factcheckni
factcheckni_119_ret_b14_gn,factcheckni_119,A £400m pot left unallocated by Stormont is going to be used to cover ongoing spending by departments.,Sammy Wilson,"Meanwhile, Mr Murphy said the pot of money left unspent at Stormont due to the ongoing political stalemate now stands at £421 million. [...] A draft three-year budget along with £300m in unallocated funding from the UK Treasury was left on the Executive table when Paul Givan resigned as first minister in February as part of the DUP’s protest over the Northern Ireland Protocol.",False,False,True,insufficient-neutral,factcheckni
factcheckni_120,factcheckni_120,The economy in Derry/Londonderry has contracted 21% since the restoration of the Northern Ireland Assembly in 2007.,Derry University Group,"between 2007 and 2015, where the DUG assessment stops, GVA (adjusted for inflation to 2018 prices) grew by less than 1%, from £2.52bn to £2.55bn; and since the restoration of the Northern Ireland Assembly in 2007 to 2019, the latest year for which ONS data is available, the Derry and Strabane area economy grew by 15.4%, from £2.524bn to £2.912bn (shown in figure below).",False,True,True,refutes,factcheckni
factcheckni_120_ret_b0_gn,factcheckni_120,The economy in Derry/Londonderry has contracted 21% since the restoration of the Northern Ireland Assembly in 2007.,Derry University Group,"This claim is inaccurate. Since 2007, economic output in the Derry and Strabane area has grown by 15% whether measured by Gross Value Added (GVA)Economy | [...] Derry/Londonderry only city without its own university?",False,False,True,refutes,factcheckni
factcheckni_120_ret_b14_gn,factcheckni_120,The economy in Derry/Londonderry has contracted 21% since the restoration of the Northern Ireland Assembly in 2007.,Derry University Group,"Delivering Local Development in Derry~Londonderry, Northern Ireland [...] Derry-Londonderry has a challenging period ahead as it seeks to create 12 000 much needed jobs in the city over the next 10 years. It is now an outward-looking and learning city, seeking to learn from international best practice and in turn contribute to new thinking and understanding. Through One Plan – the Regeneration Plan for Derry Londonderry 2020 – the city can determine a different future: a stronger economy and equal society. Delivering Local Development in Derry~Londonderry, Northern Ireland: Inclusive Growth Through One Plan helps the city set out a path to reshape its future to ensure that the economy is able to generate sufficient, productive and sustainable employment, with opportunities for progression and accessibility for all.",False,False,True,insufficient-neutral,factcheckni
factcheckni_120_ret_b18_gn,factcheckni_120,The economy in Derry/Londonderry has contracted 21% since the restoration of the Northern Ireland Assembly in 2007.,Derry University Group,"This article (Part I) begins by summarising the evidence that substantiates the claim that Derry is an economic outlier – suffering from a level of financial and social deprivation that is quite unique within Northern Ireland (and even the UK). The second article (Part II) will consider the range of reasons why the city finds itself in such a perilous state today. And the third and final article (Part III) will conclude with an analysis of what can be done to enable Derry to genuinely fulfil its potential and role as NI’s second city and as an important cross-border regional capital – particularly in light of Brexit. [...] Whilst further evidence abounds to prove that Derry is the UK and Northern Ireland’s economic problem child, the above should provide sufficient proof that the city does indeed suffer from a cocktail of high unemployment, high deprivation, low qualifications, low wages, low home ownership, low entrepreneurship and a high dependency upon public sector employment – all of which anchors it at the bottom of the pile in Northern Ireland. And while post-Troubles NI as a whole continues to converge with the rest of the UK on many key economic indicators, it is leaving it’s own second city firmly behind as it does so. Stormont – we have a problem. Part II of this article will go on to consider how Derry has ended up in this economic position, and what has made Derry so poor.",False,False,True,insufficient-neutral,factcheckni
factcheckni_120_ret_bn_g0,factcheckni_120,The economy in Derry/Londonderry has contracted 21% since the restoration of the Northern Ireland Assembly in 2007.,Derry University Group,"On 9 July 2021, the Derry Journal published an article about a report, ""Comparison of the economic growth of Derry and Belfast since the Good Friday Agreement (1998)"", written in 2018 by Cormac Duffy for Derry University Group (DUG) campaign group. The report used Gross Value Added (GVA) data to compare economic performance across the local authorities of Belfast, Derry City and Stranbane, and Lincoln (England). Among the report’s key findings is the claim: ""Derry economy has contracted 21% since the restoration of Stormont in 2007."" [...] The central claim of the report that the Derry and Strabane area economy has contracted by 21% since 2007 appears to be inaccurate on a number of fronts: - between 2007 and 2015, where the DUG assessment stops, GVA (adjusted for inflation to 2018 prices) grew by less than 1%, from £2.52bn to £2.55bn; and - since the restoration of the Northern Ireland Assembly in 2007 to 2019, the latest year for which ONS data is available, the Derry and Strabane area economy grew by 15.4%, from £2.524bn to £2.912bn (shown in figure below).",False,False,True,refutes,factcheckni
factcheckni_121,factcheckni_121,The Police Service of Northern Ireland (PSNI) are to pilot a Snapchat social media platform initiative to monitor social mitigation compliance in Northern Ireland.,Viral social media post,"1,115 Community Resolution Notices (CRNs) 1,775 Penalty Notices (Covid 1 Notice) 449 Prohibition Notices (Covid 2 Notice) 47 Failure to Isolate fines (£1,000) (Covid 3 Notice)",False,True,True,insufficient-neutral,factcheckni
factcheckni_121_ret_b2_gn,factcheckni_121,The Police Service of Northern Ireland (PSNI) are to pilot a Snapchat social media platform initiative to monitor social mitigation compliance in Northern Ireland.,Viral social media post,"The Police Service of Northern Ireland (PSNI; Irish: Seirbhís Póilíneachta Thuaisceart Éireann;[7] Ulster-Scots: Polis Service o Norlin Airlan), is the police service responsible for law enforcement and the prevention of crime within Northern Ireland. [...] Accountability [edit]The PSNI is supervised by the Northern Ireland Policing Board. [...] - ^ PSNI (2015). April 2015, Keeping People Safe PSNI, Belfast.",False,False,True,insufficient-neutral,factcheckni
factcheckni_121_ret_bn_g0,factcheckni_121,The Police Service of Northern Ireland (PSNI) are to pilot a Snapchat social media platform initiative to monitor social mitigation compliance in Northern Ireland.,Viral social media post,"The PSNI have no plans to introduce any monitoring scheme on any social media platform. Complaints about social mitigation compliance can be registered on the PSNI website. A claim was published on social media, that the Police Service of Northern Ireland (PSNI) is ""to roll out a new ‘Snap-fish’ pilot scheme"" on the Snapchat social media platform ""to help catch individuals not adhering to social distancing, social bubbles and gathering more than six people"" (often referred to as ""social mitigation compliance""). [...] ""The Police Service of Northern Ireland has no plans to introduce a ‘snap-fish’ scheme … nor indeed any new social media platforms around the enforcement of COVID-19 restrictions.""",False,False,True,refutes,factcheckni
factcheckni_122,factcheckni_122,A scone can equal a third of one’s recommended daily calories.,The Irish News,"An average scone equals a fifth of recommended daily calories for females, and a sixth for males. The number of calories tends to be proportionate to the size of a scone rather than the luxuriousness of its filling.",True,True,True,refutes,factcheckni
factcheckni_122_ret_b13_gn,factcheckni_122,A scone can equal a third of one’s recommended daily calories.,The Irish News,"A large scone can equate to a third of recommended daily calories, a survey has shown. [...] ""As scones tend to be a regular favourite for many across Northern Ireland, we felt it was important to raise awareness that this common snack can contain a greater number of calories than consumers may think. [...] - The range of calories varied widely from 154kcal to 756kcal - The portion sizes of scones ranged from 44g to 233g - The average scone provided 20g of sugar, which is the equivalent of five sugar cubes - The range of sugar per scone varied between 3.1g to 39.2g - Fruit scones generally provided higher sugar levels",True,False,True,supports,factcheckni
factcheckni_122_ret_bn_g0,factcheckni_122,A scone can equal a third of one’s recommended daily calories.,The Irish News,"On 11 February 2019, a headline of the Irish News and the Belfast Telegraph stated that ""One large scone can equal a third of recommended daily calories"". Both articles used a Press Association report that referred to ""a survey"". [...] The report states that ""the highest calorie scone, without the addition of spread or jam, provides over a third (38%) of the recommended daily calorie intake"". [...] For people aged 19 to 64, the Government Dietary Recommendations suggest a daily intake of 2,000kcal for females and 2,500kcal for males. The largest scone of the survey, then, indeed equals a third of recommended calories; taking up 37.8% of a daily female diet, and 30.2% of a daily male diet.",True,False,True,supports,factcheckni
factcheckni_123_ret_b0_gn,factcheckni_123,"For every child coming into school in Northern Ireland, they are getting much less than their counterparts in other regions of the United Kingdom.",Corinne Latham,"Public expenditure on pre-primary and primary education in Northern Ireland is least per child (£3,440; UK average: £4,316) and per head of population (£416; UK average: £473). Meanwhile, Northern Ireland has the second highest level of expenditure on overall education per head of population (£1,453); the situation is better explained by the amount spent per head on education subsidies and n.e.c. categories (£257; UK average: £102). On Tuesday 13th March during an interview conducted on BBC Radio Ulster Evening Extra, Corinne Latham, principal of Seaview Primary School in North Belfast, claimed: ""For every child coming into school in Northern Ireland, they are getting much less than their counterparts in other regions of the United Kingdom."" [...] At face value, Latham’s claim is correct; primary aged children in Northern Ireland receive less direct education expenditure than their counterparts in the rest of the UK.",True,False,True,supports,factcheckni
factcheckni_123_ret_b3_gn,factcheckni_123,"For every child coming into school in Northern Ireland, they are getting much less than their counterparts in other regions of the United Kingdom.",Corinne Latham,"THE DATAThe new figures show that the number of schoolchildren without English as their first language increased more than seven-fold in Northern Ireland between 2001/02 and 2012/13. In 2001/02 there were 1,366 newcomer children in NI’s schools – 0.5% of the total school population. At that time they were called ‘English as an Additional Language’ pupils. [...] ""We find that newcomer children have at times outperformed their Northern Irish counterparts in assessments. This has meant pupils have an added stimulus to keep striving to be the best they can be as they see children who have English as their second language achieve so much and they want to achieve also.",True,False,True,insufficient-neutral,factcheckni
factcheckni_123_ret_bn_g17,factcheckni_123,"For every child coming into school in Northern Ireland, they are getting much less than their counterparts in other regions of the United Kingdom.",Corinne Latham,"- England and Northern Ireland score particularly badly on numeracy compared to other major economies. [...] England and Northern Ireland have one of the lowest levels of numeracy skills when compared to other OECD countries. 24% scored at or below the OECD's basic level of numeracy skills in tests conducted for its report on the 2013 skills outlook (confusingly, their basic level refers to a different Level 1 to the one above). [...] If you live in England and Northern Ireland, it's more likely that your social background will influence your literacy performance too, according to the report. Particularly so among young people.",True,False,True,insufficient-refutes,factcheckni
factcheckni_125,factcheckni_125,A map shared on Twitter shows the amount of green space in Northern Ireland which is available to the public.,GreenspacesNI,"A map shared on Twitter claims to show all the greenspace in Northern Ireland currently available to the public. The GreenspaceNI map is a work in progress, and currently only features green areas at least two hectares in size. As things stand, the map – compiled from a host of sources – is the best-available representation of public-accessible natural space in NI.",True,True,True,supports,factcheckni
factcheckni_125_ret_b0_g0,factcheckni_125,A map shared on Twitter shows the amount of green space in Northern Ireland which is available to the public.,GreenspacesNI,"- A map shared on Twitter claims to show all the greenspace in Northern Ireland currently available to the public. [...] ""This map of Northern Ireland shows the amount of green space available to the public – not a lot, is it"" [...] ""[The map] is a collated Northern Ireland-wide map of all accessible natural space over two hectares and off-road routes. It includes natural spaces and trails where the public have the landowner’s permission to visit, such as in urban and country parks, forests, beaches and walking trails.""",True,False,True,supports,factcheckni
factcheckni_125_ret_b9_gn,factcheckni_125,A map shared on Twitter shows the amount of green space in Northern Ireland which is available to the public.,GreenspacesNI,"Every council in Northern Ireland will receive funding from the UK Government to enhance green spaces in their communities through the UK Shared Prosperity Fund. - £1.3 million from UK Government to revive 26 green spaces across Northern Ireland - New play parks, improved cycle paths and a King’s Garden to mark the Coronation included in the successful projects - Part of £127 million UK Shared Prosperity Fund to help spread opportunity and level up Northern Ireland [...] Green spaces are so integral to all communities, and it’s fantastic that every council area across Northern Ireland will benefit from this boost from the UK Shared Prosperity Fund.",True,False,True,insufficient-neutral,factcheckni
factcheckni_125_ret_bn_g1,factcheckni_125,A map shared on Twitter shows the amount of green space in Northern Ireland which is available to the public.,GreenspacesNI,"In general, based on the 2012 data, the area of publicly accessible green space per inhabitant tends to be higher in cities in northern European countries than in cities in southern and eastern European countries, with the exception of Poland, where public green space per inhabitant is also higher (Maes et al., 2019). Looking at capital cities in Europe (Figure 2), the data from the Urban Atlas 2018 suggests that the proportions of urban green space (i.e. accessible vegetated areas such as public gardens, parks, urban forests and cemeteries) are relatively low overall; nonetheless, some capitals (for example Stockholm, Dublin or Athens) tend to have higher proportions of such publicly available green space. An assessment based on 2012 data (Maes et al., 2019) suggests that less than half of Europe’s urban population lives within 300m of a park, with large differences across Europe. For example, while more than 80% of the population of Stockholm has access to a public park a short walk (300m) away, in Heraklion, Greece, under 20% enjoys such access.",True,False,True,insufficient-neutral,factcheckni
factcheckni_127,factcheckni_127,There is 51% support for a united Ireland.,Sinn Féin,"This claim is accurate. Although the Sinn Fein manifesto didn’t declare the exclusion of “don’t knows”, this revises a 45/46/9 split to a rounded 49/51 split between staying in the UK and leaving the UK and joining the Republic of Ireland.",True,True,True,supports,factcheckni
factcheckni_127_ret_b14_gn,factcheckni_127,There is 51% support for a united Ireland.,Sinn Féin,A new poll in Northern Ireland has shown that 51% would vote in favor of a United Ireland if there were a border poll tomorrow. [...] The results then broke down to 51% to 49% for unification. [...] Fifty-one percent also claimed that Brexit made a United Ireland more likely:,True,False,True,supports,factcheckni
factcheckni_127_ret_b3_gn,factcheckni_127,There is 51% support for a united Ireland.,Sinn Féin,"Attitudes towards a United Ireland are significantly different amongst age groups. Sub-samples of polls can only tell you much so the following numbers should be taken with a pinch of salt. In the latest Kantar poll, support for a United Ireland was 50% amongst 18-24 year olds and 42% amongst 25-34 year olds. Amongst the 55-64 category it was just 28% and 26% in the 65+ category. Furthermore, 23% of 18-24 year olds support neither option compared to 14% of the 65+ age group. This suggests there are more younger people open to the possibility of a United Ireland even if they do not not currently support it. Whilst the numbers can only be looked at more generally, it is clear that there is significant divergence between generations. [...] People often forget that it is not just Northern Ireland who would be voting in a border poll. Voters in the Republic of Ireland would also have to vote in favour in a poll of their own. It is fair to say that the vast majority of those from south of the border would support a United Ireland in principle. The most recent poll saw a the pro-United Ireland camp at 51%, the rejection camp at 27% and undecideds at 22%. Excluding the undecideds that leaves the result at 66%-34%.",True,False,True,supports,factcheckni
factcheckni_127_ret_bn_g10,factcheckni_127,There is 51% support for a united Ireland.,Sinn Féin,"However, he says unionists should not be too alarmed because coming from a Catholic or Protestant community background does not necessarily equate with support for a United Ireland or for remaining in the UK. [...] It is likely there will be ""more examination of what a United Ireland might mean,"" according to Dr Nolan. [...] Dismissing opinion polls declaring support for a united Ireland, Dr Nolan says the polls ask the wrong question.",True,False,True,insufficient-refutes,factcheckni
factcheckni_127_ret_bn_g17,factcheckni_127,There is 51% support for a united Ireland.,Sinn Féin,"In NI, 49% of people said if there was a border poll today they would vote to remain in the UK, with 43% backing a united Ireland and 8% undecided. [...] In the Republic of Ireland, where a vote would have to be held in parallel with any border poll in Northern Ireland, 51% said they would vote for a United Ireland, 27% would vote for Northern Ireland to stay in the UK and 22% were not sure. [...] The results from a number of other questions in the survey regarding what should happen to the Irish flag, national anthem, the Stormont Executive and the health service in the event of a United Ireland will be released on BBC Northern Ireland's political programme The View on Thursday night.",True,False,True,supports,factcheckni
factcheckni_128_ret_b13_gn,factcheckni_128,Ireland has the fastest growing economy in the Eurozone.,University of Liverpool,"Irish economy smiling as GDP growth beats eurozone rivals [...] Ireland has just been confirmed as the fastest-growing economy in the eurozone for the fourth consecutive year. Irish GDP grew in 2017 by 7.8%, up from 5.2% in 2016, with almost all parts of the economy growing strongly.",True,False,True,supports,factcheckni
factcheckni_128_ret_b9_gn,factcheckni_128,Ireland has the fastest growing economy in the Eurozone.,University of Liverpool,"Irish economy fastest-growing in eurozone as region’s GDP revised up to 0.3% Figures released today show that Ireland’s Gross Domestic Product (GDP) grew by 2.3 per cent between July and September, with Cyprus and Malta growing by 1.3 per cent",True,False,True,supports,factcheckni
factcheckni_128_ret_bn_g12,factcheckni_128,Ireland has the fastest growing economy in the Eurozone.,University of Liverpool,"For one of Europe’s smallest countries, Ireland continuously punches above its weight. It has the fastest growing economy in the Eurozone and has the third highest real GDP per capita in the world. A slow starter in ecommerce user penetration, it has quickly caught up with its European neighbours. 72% of the population now shop online, predominantly for clothing and electronics. Payments in Ireland are dominated by credit and debit cards, with Visa leading the way. The average shopper holds 1-2 cards. Digital wallet adoption is on the rise with PayPal the most widely used.",True,False,True,supports,factcheckni
factcheckni_128_ret_bn_g16,factcheckni_128,Ireland has the fastest growing economy in the Eurozone.,University of Liverpool,"Ireland is the fastest growing economy in the European Union, growing at a rate three times faster than its European partners. With a GDP growth of 7.3% in 2017, Ireland is one of the most open, Foreign Direct Investment (FDI) driven economies in the world. - 3% GDP growth year over year (European Commission) [...] Ireland’s strategic geographical location also positions the country as a gateway to Europe with access to a wider market of 740 million people. Upon the United Kingdom’s departure from the EU, Ireland will be the only country that is a member of the EU, Eurozone and English speaking.",True,False,True,supports,factcheckni
factcheckni_129,factcheckni_129,"If Ireland’s population density was the same as England, its population would be 35 million people.",Tadhg Hickey,"The population density of England is around 433 people per km2. If the Republic of Ireland had that population density, around 30 million people would live there. However, Ireland can also refer to the island of Ireland – which would indeed have a population of around 35 million people.",True,True,True,supports,factcheckni
factcheckni_129_ret_b3_gn,factcheckni_129,"If Ireland’s population density was the same as England, its population would be 35 million people.",Tadhg Hickey,"Demographics of Ireland Population 5,348,000 (2023) Density 73 per km2 Growth rate 8.1% Birth rate 10.5 births/1,000 population (2023 est.) Death rate 6.7 deaths/1,000 population (2023 est.) Life expectancy 80.19 years • male 78 years • female 82.6 years Fertility rate 1.70 children born/woman (2022 est.) Infant mortality rate 3.85 deaths/1,000 live births Net migration rate 0.86 migrant(s)/1,000 population 0–14 years 19.98% 15–64 years 65.26% 65 and over 14.76% Total 0.99 male/female At birth 1.057 male/female Under 15 1.07 male/female 15–64 years 1.00 male/female 65 and over 0.81 male/female Nationality Irish Major ethnic Irish 76.5% Minor ethnic Other White 10.3%, Asian: 3.7%, Black: 1.5%, Irish Travellers 0.7%, Other 1.3%, Not stated 6.7% (2022) Official Irish, English Spoken Irish sign language , Shelta , Ulster Scots [...] The island of Ireland's population has fluctuated over history. In the 18th and early 19th centuries, Ireland experienced a major population boom as a result of the Agricultural and Industrial Revolutions. In the 50-year period 1790–1840, the population of the island doubled from 4 million to 8 million. At its peak, Ireland's population density was similar to that of England and continental Europe. [...] Northern Ireland 36,538 35,986 39,567 49,928 49,171 58,470 57,389 61,750",True,False,True,insufficient-neutral,factcheckni
factcheckni_131,factcheckni_131,The EU sends Northern Ireland €500 million a year,"SDLP leader, Colum Eastwood","65,648,000 persons in the UK and 1,862,000 persons in Northern Ireland UK’s contribution to the EU budget in 2017 was approximately £13.0 billion, or £198 per person Northern Ireland contribution equivalent to £368,724,104, or €445,418,718 (1.2081 EUR/GBP exchange rate on 30/6/2016) Northern Ireland surplus estimate of €54,581,282, or £45,183,180 (2016/17 financial year)",True,True,True,insufficient-neutral,factcheckni
factcheckni_131_ret_b10_gn,factcheckni_131,The EU sends Northern Ireland €500 million a year,"SDLP leader, Colum Eastwood","The European Commission will continue funding cross-border projects in Northern Ireland after Brexit. [...] Northern Ireland and the Republic of Ireland have benefited from EU funding, particularly in border areas.",True,False,True,insufficient-supports,factcheckni
factcheckni_131_ret_b6_gn,factcheckni_131,The EU sends Northern Ireland €500 million a year,"SDLP leader, Colum Eastwood","Together with the UK's financial commitment and additional national co-financing from Ireland and Northern Ireland, this will result in a total investment of €1.1 billion in peace and prosperity on the island of Ireland. Vice-President for Inter-institutional Relations and Foresight, Maroš Šefčovič, said: ""The EU has proven time and again its commitment to the Good Friday (Belfast) Agreement. Today is another concrete example of that support – together with the Irish and British governments, the new PEACE PLUS programme will provide around €1 billion to Northern Ireland and the border counties. Preserving the hard-earned gains of the peace process will always be of paramount importance to all Europeans."" Commissioner for Cohesion and Reforms, Elisa Ferreira, added: ""Since 1995, the EU has been committed to make a constructive contribution to the peace process. The new ambitious PEACE PLUS, the largest ever cross-border cooperation programme in the island, is built on the same principles of partnership that have made the past PEACE programmes effective instruments for cooperation and peace building. We invite partners in Ireland and Northern Ireland to continue their work to achieve our shared ambitions for reconciliation, peace and prosperity.""",True,False,True,insufficient-supports,factcheckni
factcheckni_132,factcheckni_132,Northern Ireland eats more meat than in the rest of the UK.,Malachái O’Hara,"This claim is accurate. According to recent survey reports. For adults aged 19 to 64 years, the mean consumption in Northern Ireland was 82 grams per day, compared to 71 grams for all of the UK; yet for Ireland the figure is 108 grams (adults aged 18 to 64 years).",True,True,True,supports,factcheckni
factcheckni_132_ret_b0_gn,factcheckni_132,Northern Ireland eats more meat than in the rest of the UK.,Malachái O’Hara,"In a BBC Radio Ulster discussion on the lunchtime Talkback show on 22 October 2018 about flexitarianism — a diet where you only eat meat a few times each week — Malachái O’Hara (Green Party) made the claim (at 40:58): ""We eat the most meat in the UK"". Dietitian Kate McCulla added weight to this claim (at 45:24), saying: ""Meat is very much a part of our culture; we do eat more red meat here than in the rest of the UK"". [...] Its report states that ""red and processed meat consumption was higher in Northern Ireland compared with the UK in all age/sex groups, and reached statistical significance in all age/sex groups except for adults aged 65 years and over"". On the other hand, the mean daily consumption of fish and vegetables in Northern Ireland was significantly lower within the UK. [...] Note that the mean of daily grams of meat for Northern Ireland adults (aged 19-64 years) is 121g (82g of red meat plus 39g of white meat) and for UK adults 109g (71g plus 38g of white meat) for 2008-2012, and so would be classified as ""high meat-eaters"".",True,False,True,supports,factcheckni
factcheckni_132_ret_b10_gn,factcheckni_132,Northern Ireland eats more meat than in the rest of the UK.,Malachái O’Hara,"NI red meat consumption stable, but concern for female groups [...] ""It is also pleasing to see that red meat consumption in the UK is within the recommended guidelines, and we can focus on encouraging consumers to continue choosing Northern Ireland Farm Quality Assured beef and lamb, as a world class product."" COVID-19 brought about many lifestyle changes, with the NDNS report highlighting that since the start of the pandemic 59% of households reported that they had cooked at home more.",True,False,True,insufficient-neutral,factcheckni
factcheckni_132_ret_b11_gn,factcheckni_132,Northern Ireland eats more meat than in the rest of the UK.,Malachái O’Hara,Northern Ireland agri-food sector publications,True,False,True,insufficient-neutral,factcheckni
factcheckni_132_ret_b3_gn,factcheckni_132,Northern Ireland eats more meat than in the rest of the UK.,Malachái O’Hara,"The diet of people in Northern Ireland is much worse than is typical in the UK, according to research by the Food Standards Agency in Northern Ireland. [...] The survey, co-funded by the Northern Ireland agency, the NI’s Department of Health, and Safefood, found that fruit and vegetable consumption in Northern Ireland was significantly lower than in the UK as a whole. [...] The study found that overall consumption of sugar, fizzy drinks, confectionery, chips, fried foods and meat tended to be higher in Northern Ireland than the rest of the UK.",True,False,True,insufficient-supports,factcheckni
factcheckni_133,factcheckni_133,People in the RoI can expect to live a healthy life for almost a decade longer than those in NI - 69.4 years compared to 61 years.,David McWilliams,"Healthy life expectancy (HLE) is the number of years someone can expect to live in good health: for NI, the current estimate for HLE is around 62 years while, for Ireland, it is 69.4 years",False,True,True,refutes,factcheckni
factcheckni_133_ret_b0_g0,factcheckni_133,People in the RoI can expect to live a healthy life for almost a decade longer than those in NI - 69.4 years compared to 61 years.,David McWilliams,"- Healthy life expectancy (HLE) is the number of years someone can expect to live in good health: for NI, the current estimate for HLE is around 62 years while, for Ireland, it is 69.4 years - However, Northern Ireland uses a different definition of good health, meaning direct comparisons between the two figures are ill-advised - Analysis of other HLE estimates indicates the gap between NI and ROI is nowhere near ten years [...] ""The average person in the Republic can expect to live a healthy life for almost a full decade longer than people in the North. The figure for the North is 61 years and the corresponding one for the Republic is 69.4 years."" [...] When other estimates for healthy life expectancy are considered, it becomes clear that the gap between NI and RoI is nowhere near a decade.",False,False,True,refutes,factcheckni
factcheckni_133_ret_b2_gn,factcheckni_133,People in the RoI can expect to live a healthy life for almost a decade longer than those in NI - 69.4 years compared to 61 years.,David McWilliams,"Irish people are living longer, healthier lives, though access to healthcare remains an issue: Department of Health publishes Health in Ireland - Key Trends 2019 [...] Life expectancy in Ireland has increased by almost two and a half years since 2007, with male life expectancy consistently higher than the EU average throughout the last decade, and female life expectancy surpassing the EU average in 2017. [...] At 80.4 years, life expectancy for women in Ireland is 3.6 years longer than for men in 2017; however, this gap has narrowed from 5.3 in 1997 and is now at its lowest since the 1950s (Table 1.6).",False,False,True,insufficient-neutral,factcheckni
factcheckni_134,factcheckni_134,More residents want peace walls to stay.,Ulster University,"This claim is accurate. While the findings from the 2015 survey are mixed, as they have also been in previous studies, there is some evidence that relationships between single identity communities along peace walls have grown more suspicious, and that the appetite for change evident in a previous 2012 survey has diminished slightly.",True,True,True,supports,factcheckni
factcheckni_134_ret_b15_gn,factcheckni_134,More residents want peace walls to stay.,Ulster University,"Life for residents living at Northern Ireland's peace walls - Published Peace walls were first erected in Northern Ireland in the late 1960s as a temporary measure to minimise violence between nationalist and unionist communities. [...] ""I think generally speaking people living at the coalface want the walls to stay,"" he said.",True,False,True,insufficient-supports,factcheckni
factcheckni_134_ret_bn_g9,factcheckni_134,More residents want peace walls to stay.,Ulster University,"The Peace Wall – or should I say walls, since there are many of them? – has been in place since the late 1960s, when the Troubles first began. They were intended as temporary structures, but were later made permanent. They run all through Belfast, covering more than 13 miles of the city. The tallest stand more than 40 feet high, and many are lined with barbed wire at top; they looked like massive military barricades. Some have been decorated with murals, but many parts of the wall remain rather unsightly. [...] The Peace Walls separate the Protestant and Catholic neighborhoods of Belfast. In the event of a riot or a bombing, the few gates within the wall are designed to close, ostensibly to protect the people who live nearby. [...] After all, the Peace Walls were erected at the request of the people of Belfast. This was not something imposed upon them unfairly by the government; this was something that the community wanted. Those who live on the borders between the Catholic and Protestant neighborhoods note how much safer they feel with the barriers in place (70% of them want to the walls to remain up, though among the rest of Northern Ireland, the walls are much less popular).",True,False,True,supports,factcheckni
factcheckni_135,factcheckni_135,Over half of the residents in Fermanagh & Omagh District Council are living in poverty.,The Fermanagh Herald,"This claim is inaccurate. 25.1% of people in Fermanagh and Omagh lived in relative and/or absolute poverty, from 2012-15. The claim was corrected by the Fermanagh Herald on 6 February 2019.",False,True,True,refutes,factcheckni
factcheckni_135_ret_b0_g0,factcheckni_135,Over half of the residents in Fermanagh & Omagh District Council are living in poverty.,The Fermanagh Herald,"In its 23 January 2019 edition, the Fermanagh Herald reported that ""just over half of everyone in the local district is living in poverty"". The article explained: ""in total, 25.1 percent of people in Fermanagh and Omagh area are living in relative poverty, while 25.1 percent are living in absolute poverty"". The article says the figure is revealed in a report called ""Poverty in Fermanagh and Omagh: A Statistical Overview"", sourced from the Fermanagh & Omagh District Council. The report includes a presentation by data scientist, Alan Mitchell, for the Council. [...] The Fermanagh Herald published a correction to its article on 6 February 2019 (page 10) (see above image): ""On January 23 the Herald ran a story ‘Shocking survey shows full scale of hidden poverty in Fermanagh’. In this [article], it was stated over half of everyone in the county was living in poverty. This statement was based on a Council report that stated the most recent statistics showed 25.1 percent of the local population was living in relative poverty and 25.1 percent were living in absolute poverty … The Council has since clarified to the Herald these figures overlapped and referred to the same group of people. As such, the total living in poverty, of both kinds, is 25.1 percent. We are happy to make this correction.""",False,False,True,refutes,factcheckni
factcheckni_135_ret_b6_gn,factcheckni_135,Over half of the residents in Fermanagh & Omagh District Council are living in poverty.,The Fermanagh Herald,"Live Updates 27 per cent of people in FODC living in relative poverty in last four year : vimarsana.com 27 per cent of people in FODC living in 'relative poverty' in last four year Data from Fermanagh and Omagh District Council suggests that 27 per cent of people in the district live in relative poverty, in comparison to 17 perâ€¦ [...] Anti Poverty Strategy ,",False,False,True,refutes,factcheckni
factcheckni_135_ret_b8_gn,factcheckni_135,Over half of the residents in Fermanagh & Omagh District Council are living in poverty.,The Fermanagh Herald,"The Council area is home to over 115,300 people with approximately 7340 businesses, creating 38,500 jobs. The Fermanagh & Omagh District Council area is Northern Ireland’s largest region in terms of land mass, covering 3,000km2, which equates to 20% of Northern Ireland. It is the smallest council area in terms of population with a population density of 41 people per km2. [...] The Fermanagh & Omagh District Council area is home to six wards which, at the time of application, were ranked in the upper quartile of disadvantage. Almost half (43.23%) of those living in the Fermanagh & Omagh District Council area have no or low qualifications; 4.8% are unemployed, of these 47.09% are long-term unemployed, 34.05% of the population are economically inactive with 20.75% recorded as having a long-term health problem or disability limiting day-to-day activities. Fermanagh & Omagh District Council work in partnership with the Western Health and Social Care Trust (WH&SCT), Education (EA) for the Western Region in delivery with Fermanagh Rural Community Initiative (FRCI) to run their ASPIRE Programme which stands for Access to Success, Progression, Inclusion, Recognition, Employment.",False,False,True,insufficient-neutral,factcheckni
factcheckni_135_ret_bn_g1,factcheckni_135,Over half of the residents in Fermanagh & Omagh District Council are living in poverty.,The Fermanagh Herald,"Fermanagh and Omagh District Council, with funding support from the Department of Communities and the Public Health Agency, have worked in partnership with researchers at Ulster University to investigate fuel, transport and food poverty across the Fermanagh and Omagh District. Specifically, this research investigated the spatial patterns of fuel poverty (a household’s inability to keep adequately warm at a reasonable cost), transport poverty (affordability of transport) and food poverty (insufficient economic access to an adequate quantity and quality of food to maintain a nutritionally satisfactory and socially acceptable diet) to identify if rurality increases the risk of fuel, transport and/or food poverty in FODC. The study aimed to provide food, fuel and transport poverty maps in order to inform poverty alleviation policies and programmes and targeted interventions at District Electoral Area level to maximise impact and ensure those most in need are supported.",False,False,True,insufficient-neutral,factcheckni
factcheckni_136,factcheckni_136,62% of income received by farmers in Northern Ireland comes from the European Union.,David McNarry,"This claim is accurate. The average payment received from the EU (£27,648) in 2016-17 represented 62.4% of total farm income (£44,305). This ratio fluctuates with market prices; it ranged between 52% and 71% during 2012-13 to 2016-17.",True,True,True,supports,factcheckni
factcheckni_136_ret_b0_gn,factcheckni_136,62% of income received by farmers in Northern Ireland comes from the European Union.,David McNarry,"This claim is accurate. The average payment received from the EU (£27,648) in 2016-17 represented 62.4% of total farm income (£44,305). This ratio fluctuates with market prices; it ranged between 52% and 71% during 2012-13 to 2016-17. [...] During the BBC Radio Ulster’s Nolan Show on 5 February 2019, two guests debated the percentage of farmers’ income that is coming from Brussels. Jane Morris, former Head of the European Commission Office in Northern Ireland, said that more than 80% of farmers’ income in Northern Ireland is coming from EU cheques: ""under the common agricultural policy for farmers … over 80% of their whole revenue monthly comes from the European Union"" (16:19). Former UKIP Northern Ireland leader David McNarry counter-claimed ""it is actually somewhere about 62%"" (17:30). [...] DAERA annually publishes a statistical report on Northern Ireland farm incomes. These reports include average net farm incomes, as well as direct payments coming from the European Union (under the Basic Payment Scheme). In 2016-17, the average net income per farm was £16,387. The average additional payments received from the EU was £27,648 per farm. Thus, 62.4% of the total farm income (£44,305) came from EU payments. This substantiates McNarry’s statement.",True,False,True,supports,factcheckni
factcheckni_136_ret_b6_gn,factcheckni_136,62% of income received by farmers in Northern Ireland comes from the European Union.,David McNarry,Provisional figures indicate that the ‘Total Income from Farming’ (TIFF) in Northern Ireland increased by 8.3% (8.0% in real terms) from £463 million in 2020 to £501 million in 2021. [...] A detailed analysis of farm incomes by type and size of farm in 2020/21 will be provided in the report ‘Farm Incomes in Northern Ireland 2020/21’ which will be published on the DAERA website in March 2022. [...] - The EU and UK system for classification of farms was revised in 2011. Farms are now classified in terms of Standard Output (SO) compared to Standard Gross Margin (SGM) used previously. Further details of the impact of this change are presented in the report ‘Farm Incomes in Northern Ireland 2010/11’ which is available on the DAERA website.,True,False,True,insufficient-neutral,factcheckni
factcheckni_136_ret_bn_g11,factcheckni_136,62% of income received by farmers in Northern Ireland comes from the European Union.,David McNarry,"Introduction 01The European Union (EU) pays direct subsidies to farmers as part of Pillar I1 of its Common Agricultural Policy (CAP). A key aim of these direct payments is to support farmers’ income. However, the CAP has come under increasing criticism for not doing enough to limit the negative effect that certain farming practices have on the environment and climate2. [...] 38Additionally, as mentioned in paragraphs 4 and 26, many holdings are exempt from the greening requirements but still receive the green payment. According to the data Member States reported to the Commission, in 2015, 76 % of EU farms, covering 27 % of all EU farmland were not subject to any greening obligations at all (see Figure 4). These figures include farmers who do not claim their land under CAP direct payments48. Among green payment recipients, a total of 65 %, farming around 16 % of the EU farmland declared for direct payments, were fully exempt from all greening obligations.",True,False,True,insufficient-neutral,factcheckni
factcheckni_137,factcheckni_137,The Red Cross is refusing blood donations from anyone who has received a vaccination for COVID.,Adrienne Bell,"The claim is not accurate. The British Red Cross does not collect or supply blood in the UK. The Northern Ireland Blood Transfusion Service states that you must wait for seven days after receiving your COVID vaccination before you can donate. In the US, such claims about their Red Cross have been found to be inaccurate.",False,True,True,refutes,factcheckni
factcheckni_137_ret_b1_g17,factcheckni_137,The Red Cross is refusing blood donations from anyone who has received a vaccination for COVID.,Adrienne Bell,"""UPDATED eligibility requirements from @RedCross now BANS certain covid VACCINATED people from donating blood!"" reads one post on X that had received more than 3,200 likes and shares as of Friday. ""(Another conspiracy theory proved true!) PURE BLOODS BE PROUD. The rest of you…retweet to warn your tainted friends and family."" [...] ""There is no reason why a potential donor would be declared absolutely ineligible solely because they received a COVID vaccine,"" Daniel Parra, a spokesperson for the Red Cross, told the AP in an email. [...] ""Blood donations from individuals who have received a COVID-19 vaccine approved or authorized for use in the U.S. are safe for transfusion,"" reads a joint statement written last month by the Red Cross, America’s Blood Centers and the Association for the Advancement of Blood & Biotherapies.",False,False,True,refutes,factcheckni
factcheckni_137_ret_b5_gn,factcheckni_137,The Red Cross is refusing blood donations from anyone who has received a vaccination for COVID.,Adrienne Bell,"A person can donate blood or plasma following their COVID-19 vaccine. The only stipulations from the American Red Cross are that the individual must know which vaccine they received, be healthy and not have symptoms of COVID-19. [...] In a TikTok video, a man said he was told by a staff member at the American Red Cross that a person vaccinated against COVID-19 can’t donate plasma, because their blood has been completely tainted. [...] American Red Cross, Can I donate after receiving a COVID-19 vaccine? February 24, 2021",False,False,True,refutes,factcheckni
factcheckni_137_ret_bn_g7,factcheckni_137,The Red Cross is refusing blood donations from anyone who has received a vaccination for COVID.,Adrienne Bell,"The claim is not accurate. The British Red Cross does not collect or supply blood in the UK. The Northern Ireland Blood Transfusion Service states that you must wait for seven days after receiving your COVID vaccination before you can donate. In the US, such claims about their Red Cross have been found to be inaccurate. On Facebook, posts are being shared that claim the Red Cross is refusing blood donations from anyone who has received a vaccination for COVID-19. Furthermore, a post asks how this supposed policy will affect the availability of blood donations to the NHS. [...] Donating blood after receiving a COVID-19 vaccine",False,False,True,refutes,factcheckni
factcheckni_137_ret_bn_g8,factcheckni_137,The Red Cross is refusing blood donations from anyone who has received a vaccination for COVID.,Adrienne Bell,"The Red Cross is following FDA blood donation eligibility guidance for those who receive the COVID-19 vaccination. Deferral times for donations may vary depending on which brand of vaccine you received. If you’ve received a COVID-19 vaccine, you’ll need to provide the manufacturer name when you come to donate. In most cases, there is no deferral time for individuals who received a COVID-19 vaccine as long as they are symptom-free and feeling well at the time of donation. If you have further eligibility questions, please call 1-800-RED CROSS. Regardless, of the type of vaccine an individual receives, all donors must be symptom-free and feeling well at the time of donation. If an individual is experiencing any symptoms from the COVID-19 vaccine, the Red Cross asks that they postpone their donation until they are feeling better. [...] The Red Cross is committed to the safety of donors, staff, and volunteers. We only collect blood from donors who are healthy and symptom-free. No matter which COVID-19 vaccine you receive, please do not present to donate unless you are symptom-free and feeling well. Mild side effects can occur after the administration of vaccines of any type, although they usually disappear within a few days. If you experience any side effects, please wait to donate until you are feeling well.",False,False,True,refutes,factcheckni
factcheckni_140,factcheckni_140,There is a greater chance of dying in a bus collision than by COVID-19.,Viral social media post,"This claim is not accurate. The probability of a randomly selected resident of Great Britain dying from January to October 2020, with COVID-19 mentioned on the death certificate, was over 3,000 times higher than the average probability of dying as a pedestrian in an accident involving a bus or a coach in the same period.",False,True,True,refutes,factcheckni
factcheckni_140_ret_b10_gn,factcheckni_140,There is a greater chance of dying in a bus collision than by COVID-19.,Viral social media post,"Method: Our study therefore investigated the injury risk of public bus passengers involved in collision incidents and non-collision incidents comparatively, based on a police-reported dataset of 17,383 passengers injured on franchised public buses over a 10-year period in Hong Kong. A random parameters logistic model was established to estimate the likelihood of fatal and severe injuries to passengers as a function of various factors. Results: Our results indicated substantial inconsistences in the effects of risk factors between models of non-collision injuries and collision injuries. The severity of passenger injuries tended to increase significantly when non-collision incidents occurred due to excessive speed of bus drivers, on double-decker buses, in less urbanized areas, in winter, in heavy rains, during daytime, and at night without street lighting. Elderly female passengers were also found more likely to be fatally or severely injured in non-collision incidents if they lost their balance while boarding, alighting from, or standing on a bus. In comparison, the following factors were associated with a greater likelihood of fatal or severe injuries in collision incidents: elderly female passengers, standing passengers who lost balance, buses out of driver control, double-decker buses, collisions with vehicles or objects, and less urbanized areas. Practical Applications: Based on our comparative analysis, more targeted countermeasures, namely ""4E"" (engineering, enforcement, emergency, and education) and ""3A"" (awareness, appreciation, and assistance), were recommended to mitigate collision injuries and non-collision injuries to public bus passengers, respectively.",False,False,True,insufficient-neutral,factcheckni
factcheckni_140_ret_bn_g0,factcheckni_140,There is a greater chance of dying in a bus collision than by COVID-19.,Viral social media post,"This claim is not accurate. The probability of a randomly selected resident of Great Britain dying from January to October 2020, with COVID-19 mentioned on the death certificate, was over 3,000 times higher than the average probability of dying as a pedestrian in an accident involving a bus or a coach in the same period. A much-shared Facebook post included the claim: ""You’ve got more chance of dying from being hit by a bus than you are of dying from ‘covid-19."" [...] Put another way, the probability that a randomly selected Great Britain resident died from January to October 2020 with COVID-19 mentioned on their death certificate was therefore 3,035 times more likely than a randomly selected individual dying as a pedestrian in an accident involving a bus or a coach in any ten months from 2013 to 2019 (60,707 COVID-19 registered deaths/19.92 deaths by bus collision).",False,False,True,refutes,factcheckni
factcheckni_140_ret_bn_g14,factcheckni_140,There is a greater chance of dying in a bus collision than by COVID-19.,Viral social media post,"Coronavirus: Risk of flu or road accident higher than COVID-19 for schoolchildren, says deputy CMO [...] The risks of catching flu or being involved in a road accident are ""higher"" than contracting coronavirus for schoolchildren, England's deputy chief medical officer has said.",False,False,True,insufficient-supports,factcheckni
factcheckni_140_ret_bn_g19,factcheckni_140,There is a greater chance of dying in a bus collision than by COVID-19.,Viral social media post,"While collisions involving buses make up only a small portion of the total fatal accidents each year, the results are usually tragic. In fact, the NTSB has found that, per vehicle, buses and other commercial motor vehicles are more likely to be involved in fatal crashes than passenger vehicles. [...] At Paulson Coletti, we’ve represented families who have lost loved ones in bus collisions and we have seen the devastation that a deadly bus accident can bring. As a service to those affected by or interested in bus safety, we’ve compiled the most comprehensive list of bus accident statistics and information available online. [...] While fatal crashes involving buses of any kind have fallen sharply since 1975, some types of buses are more likely to be involved in a fatal crash than others. School buses and transit buses are most likely to be involved in fatal collisions.",False,False,True,insufficient-neutral,factcheckni
factcheckni_141,factcheckni_141,Northern Ireland Government contingency plans for COVID-19 include turning Dundonald Ice Bowl into a morgue to store bodies temporarily. A common extension is that the SSE (Odyssey) Arena has also been earmarked as a contingency morgue.,Viral social media post,The claim is not accurate. The Department of Justice confirms that there are no plans to use either Dundonald Ice Bowl or the SSE Arena. The Justice Minister has stated that buildings on the Kinnegar site outside Holywood will be used as the Northern Ireland Temporary Resting Place if required.,False,True,True,refutes,factcheckni
factcheckni_141_ret_b1_gn,factcheckni_141,Northern Ireland Government contingency plans for COVID-19 include turning Dundonald Ice Bowl into a morgue to store bodies temporarily. A common extension is that the SSE (Odyssey) Arena has also been earmarked as a contingency morgue.,Viral social media post,Executive's Autumn/Winter Covid-19 Contingency Plan A full and shorter version of the Executive's Autumn/Winter Covid-19 Contingency Plan can be viewed below. The plan sets out:,False,False,True,insufficient-neutral,factcheckni
factcheckni_141_ret_b6_gn,factcheckni_141,Northern Ireland Government contingency plans for COVID-19 include turning Dundonald Ice Bowl into a morgue to store bodies temporarily. A common extension is that the SSE (Odyssey) Arena has also been earmarked as a contingency morgue.,Viral social media post,Covid-19: Northern Ireland's major milestones [...] But how did we get here? We take a look at the major milestones in Northern Ireland's response to Covid-19. [...] The public soon got used to Covid press briefings at Stormont with First and Deputy First Ministers Arlene Foster and Michelle O'Neill.,False,False,True,insufficient-neutral,factcheckni
factcheckni_141_ret_b8_gn,factcheckni_141,Northern Ireland Government contingency plans for COVID-19 include turning Dundonald Ice Bowl into a morgue to store bodies temporarily. A common extension is that the SSE (Odyssey) Arena has also been earmarked as a contingency morgue.,Viral social media post,Covid-19: Northern Ireland's major milestones - Published [...] The first case of Covid-19 in Northern Ireland was diagnosed in a woman on 27 February 2020. [...] The public soon got used to Covid press briefings at Stormont with First and Deputy First Ministers Arlene Foster and Michelle O'Neill.,False,False,True,insufficient-neutral,factcheckni
factcheckni_141_ret_bn_g0,factcheckni_141,Northern Ireland Government contingency plans for COVID-19 include turning Dundonald Ice Bowl into a morgue to store bodies temporarily. A common extension is that the SSE (Odyssey) Arena has also been earmarked as a contingency morgue.,Viral social media post,"The claim is not accurate. The Department of Justice confirms that there are no plans to use either Dundonald Ice Bowl or the SSE Arena. The Justice Minister has stated that buildings on the Kinnegar site outside Holywood will be used as the Northern Ireland Temporary Resting Place if required. [...] ""Sadly fences are going up around Dundonald Ice Bowl as the ice rink will be used as a morgue. Im [sic] not scare mongering and this is not fake news in preparation for the worst. The odyssey is doing the same as Dundonald."" [...] ""I also read that the SSE & Dundonald Ice Bowl are being prepped as temp morgues because the real ones won’t cope.""",False,False,True,refutes,factcheckni
factcheckni_144,factcheckni_144,There are 1.2 billion fewer carrier bags distributed in Northern Ireland since the introduction of the carrier bag levy in 2012.,Social Democratic Labour Party (SDLP),"contain take-away hot food and hot drinks only contain items such as unpackaged food, seeds and bulbs, axes, knives or razor blades, goods contaminated by soil and some medicinal products carry goods bought in an airport after you clear security are used when you buy a service, such as shoe repair or laundry are of certain sizes and used only to contain packaged uncooked meat or fish are certain types of small bags are specialist bags, such as mail order and courier bags are supplied for free to replace worn out ‘bags for life’ are carrier bags with a retail price of 20p or more",True,True,True,insufficient-neutral,factcheckni
factcheckni_144_ret_b0_gn,factcheckni_144,There are 1.2 billion fewer carrier bags distributed in Northern Ireland since the introduction of the carrier bag levy in 2012.,Social Democratic Labour Party (SDLP),"DAERA publish annual statistics relating to the carrier bag levy. In its most recent report for 2018/19, it provides a table of data (see Figure 1 in the report) that shows the total number of carrier bags dispensed in Northern Ireland, per annum, with the cumulative difference from the baseline figure in 2012. This data is summarised in the following graphic: [...] The Department of Agriculture, Environment and Rural Affairs (DAERA) details the number of carrier bags dispensed each financial year under the carrier bag levy in Northern Ireland in an annual report since its introduction in 2013. [...] In its manifesto for the 2019 General Election, the SDLP claimed the introduction of the (plastic) carrier bag levy in 2013 removed 1.2 billion bags from Northern Ireland and raised almost £30 million for environmental projects.",True,False,True,supports,factcheckni
factcheckni_144_ret_b18_gn,factcheckni_144,There are 1.2 billion fewer carrier bags distributed in Northern Ireland since the introduction of the carrier bag levy in 2012.,Social Democratic Labour Party (SDLP),"Statistics published today show that 199 million fewer carrier bags are in circulation in Northern Ireland today than when the levy was introduced in April 2013. Miss McIlveen said: ""It is encouraging that so many carrier bags have been taken out of circulation since the introduction of the levy. The people of Northern Ireland have embraced the reuse and recycling of shopping bags. This significantly reduces the amount of both plastic and paper going to landfill. [...] Carrier Bag Levy Team,",True,False,True,insufficient-supports,factcheckni
factcheckni_144_ret_b7_gn,factcheckni_144,There are 1.2 billion fewer carrier bags distributed in Northern Ireland since the introduction of the carrier bag levy in 2012.,Social Democratic Labour Party (SDLP),"The Carrier bag levy annual statistics 2020/21 shows that 56.2 million carrier bags were dispensed by retailers under the levy in Northern Ireland between 1 April 2020 and 31 March 2021. This was 30.2% lower than the previous year, with 24.3 million fewer bags dispensed. The proceeds of the carrier bag levy, which was introduced in Northern Ireland in 2013, totalled £2.2 million, a decrease of £2.2m (50.5%) from the previous year. This was in part due to the levy being waived for home delivery of groceries between 1 April 2020 and 30 September 2020 to manage challenges presented by the Covid-19 pandemic. Welcoming the figures, Minister Poots said: ""Since the release of the last Carrier Bag Levy statistics we have witnessed an unprecedented year, with Covid-19 impacting on both our personal and business lives. We have faced many challenges in how and where we shop and access retail services, however it is very positive to report the removal of over 1.7 billion bags from circulation across Northern Ireland in the past year. I also welcome the fact that there has been an overall 30.2 % decrease in usage from last year, this reduction demonstrates that despite other challenges, people in Northern Ireland are aware of the damage plastic does to our environment. However, there is much more that can be done.""",True,False,True,supports,factcheckni
factcheckni_146,factcheckni_146,"There are 40,000 third-level students in northwest Ireland, with 7,000 graduates annually ready for employment.",Derry City and Strabane Council,"Ulster University has a campus at Magee in Derry/Londonderry. This is a university offering third-level education only. In a reply to a Freedom of Information request from the Derry News, the university planning office confirmed that in the academic year 2018/19, there were 4,313 students studying at the Magee campus: 3,429 were full-time and 884 were part-time. If most degrees take three years to achieve, and following the same pattern observed at Letterkenny Institute of Technology, we estimate that there would be 1,500 graduates from the Magee campus each year. North West Regional College’s data compliance officer provided us with a current estimate of 1,057 students studying in third level/higher education. Of these, 539 are full-time and 518 are part-time. It noted that this may not represent the final figure as further enrolments may be received and processed throughout the year. In 2017-18, third-level students comprised 10% of NWRC’s overall student enrolments. NWRC had 586 students graduate from higher education in 2018-19. Letterkenny Institute of Technology’s admissions office confirmed that they have just over 4,000 students in total, and that all of these students are completing higher education qualifications, Levels 6-10. They also advised that they had 1,200 graduates in 2018.",False,True,True,refutes,factcheckni
factcheckni_146_ret_b13_gn,factcheckni_146,"There are 40,000 third-level students in northwest Ireland, with 7,000 graduates annually ready for employment.",Derry City and Strabane Council,"Instead of considering the growth in numbers entering higher education from 15,000 to 42,500 between 1980 and 2014, look at the figures in the context of school leavers. From just 20% in 1980, nearly 60% of those aged 18 to 20 now attend third level. [...] At 58%, our third-level participation rate is one of the highest in Europe, and there are political hopes to see the figures maintained and increased. With no immediate end in sight to the numbers completing second level, a repeated reference throughout the Cassells report to have widening participation in higher education as a national ambition should be examined more closely. [...] For each of these students who leaves behind a third-level course, there has been a huge investment by taxpayers. More than half of those attending third level now receive financial support from the State, the very lowest level being half the €3,000 annual undergraduate fee and the highest an almost-€9,000 combination of student fee and maintenance for living costs.",False,False,True,insufficient-neutral,factcheckni
factcheckni_146_ret_b15_gn,factcheckni_146,"There are 40,000 third-level students in northwest Ireland, with 7,000 graduates annually ready for employment.",Derry City and Strabane Council,"Ireland has too many students - Discuss. Ireland has the highest proportion of 25- to 34-year-olds who have completed third-level education in the EU. Almost half, 47%, of young adults in Ireland have completed third-level education, compared with 39% across the developed world (of OECD members). [...] The proliferation of third-level education also risks infantilising our youth well into what should be their most productive years. Instead of being encouraged to strike out on their own they are encouraged to follow pre-school, primary education and secondary education with yet more education where their focus is less the acquisition of their own experience than regurgitating what teacher says obeying teacher.",False,False,True,insufficient-neutral,factcheckni
factcheckni_146_ret_b6_gn,factcheckni_146,"There are 40,000 third-level students in northwest Ireland, with 7,000 graduates annually ready for employment.",Derry City and Strabane Council,"Third-level education in the Republic of Ireland includes all education after second-level, encompassing higher education in universities and colleges and further education on Post Leaving Certificate (PLC) and other courses. [...] Entry into third-level is generally very high in Ireland (as it also is in Northern Ireland), and among young adults (those aged 25 to 34), 41.6% of them have attained third-level degrees—the second highest level in the EU after Cyprus, and substantially ahead of the average of 29.1%.[3] Broken down by gender, approximately 43% of women and 40% of men Ireland attend third level education.[4] [...] Grade inflation [edit]Ireland has a higher proportion of third-level graduates than any other EU country. At the same time, the proportion of graduates with first-class honours has reached record levels. There is disagreement about whether this increase is due to improved methods of instructing increasingly motivated students, or simple grade inflation. President Michael D. Higgins believes that it is due to grade inflation, and has expressed concern about the continued quality and value of university degrees. Whatever the reason might be, employers increasingly examine graduates' extracurricular activities, work experiences, and soft skills as they search for the most able applicants.[11] [12][13]",False,False,True,insufficient-neutral,factcheckni
factcheckni_146_ret_bn_g0,factcheckni_146,"There are 40,000 third-level students in northwest Ireland, with 7,000 graduates annually ready for employment.",Derry City and Strabane Council,"Available data shows 9,370 third-level students in northwest Ireland, with approximately 3,300 graduates a year in the region. The Ireland Northwest Trade & Investment mission may have included figures for Ulster University Coleraine, which is outside the geography covered by the partnership. Even so, the claim is a large overestimation. On 12 November 2019, Derry City and Strabane Council published a promotional video, in which it claimed that ""Ireland Northwest"" contained ""40,000 third level students"" with ""7,000 graduates annually ready for employment"". [...] Derry City and Strabane District Council published a promotional video on 12 November 2019, with the aim of attracting investment into the Ireland Northwest region. The video claimed that ""Ireland Northwest"" had 40,000 students in third-level education, with 7,000 graduates ready for employment annually.",False,False,True,refutes,factcheckni
factcheckni_147,factcheckni_147,21% of people in Northern Ireland are living with a long-term health problem or disability.,Michael Wardlow,"This claim is accurate. Dr Michael Wardlow accurately presented the percentage of Northern Ireland residents who are affected by an illness or disability which affects their daily tasks. These rates are in line with the rest of the United Kingdom (UK), and while prevalence in Northern Ireland is slightly above the overall average, when all regional fluctuations are taken into account it is not an outlier.",True,True,True,supports,factcheckni
factcheckni_147_ret_b18_gn,factcheckni_147,21% of people in Northern Ireland are living with a long-term health problem or disability.,Michael Wardlow,"- Data on the percentage reporting a disability is sourced from the Labour Force Survey and uses the Government Statistical Service harmonised definition of disability. The definition covers people who report a physical or mental health condition or illnesses lasting or expected to last 12 months or more where this reduces their ability to carry out day-to-day activities. Overall, 21.7% of respondents aged 16-64 in Northern Ireland (Apr-Jun 2017) reported a long-term illness and a disability. In the UK overall the figure was 17.4%. - The two remaining measures in this domain are based on data from the Understanding Society Longitudinal Study. In 2015/16, 52.8% of respondents in Northern Ireland indicated that they were mostly or completely satisfied with their health. This is comparable with the UK overall (51.0%). - The General Health Questionnaire (GHQ12), consists of 12 items and a score of 4 or more is regarded as an indication of mental ill health. The proportion of respondents in NI showing evidence of some mental ill health was 15.6% in 2015/16. In the UK overall, the proportion was 17.8%.",True,False,True,insufficient-supports,factcheckni
factcheckni_147_ret_b9_gn,factcheckni_147,21% of people in Northern Ireland are living with a long-term health problem or disability.,Michael Wardlow,"Living with long term conditions policy framework 26 April 2012 ""Living with Long Term Conditions – A Policy Framework"" has been developed to provide a strategic driver for the reform and modernisation of services for adults in Northern Ireland living with long term conditions irrespective of condition or care setting.",True,False,True,insufficient-neutral,factcheckni
factcheckni_147_ret_bn_g10,factcheckni_147,21% of people in Northern Ireland are living with a long-term health problem or disability.,Michael Wardlow,"Of the people with bipolar alive today in the UK, 70,000 will take their own life unless action is taken.6 The World Health Organisation identifies bipolar as one of the top causes of lost years of life and health in 15 to 44 year olds.7 Many people with bipolar continue to lack the basic support and treatment needed to live well with the condition. 67% of people with bipolar received no self-management advice when they were first diagnosed.8 Anecdotally, many people with bipolar have experienced abuse in hospital and are dealing with undiagnosed post-traumatic stress.9 Just 21% of people with a long-term mental health condition are in employment.10 90% of people with bipolar had told their employer about their condition but 24% of them regretted making that decision.11 Rates of positive screening for bipolar disorder were higher in non-employed people, in those receiving particular benefits, and in people living alone. 4% of women on Employment Support Allowance screen positive for bipolar.12 72% of people with bipolar knew no one else with the condition when they were first diagnosed.13 1 Adult Psychiatric Morbidity Survey: Survey of Mental Health and Wellbeing, England, 2014.",True,False,True,insufficient-neutral,factcheckni
factcheckni_150,factcheckni_150,"There are approximately 100 lorries per day crossing the border between Northern Ireland and Ireland, and cross-border trade represents 0.5% of UK-EU trade.",Gerard Batten,"This claim is inaccurate. There are 5,900 lorry (heavy goods vehicle) crossings daily. Cross-border trade represents 0.97% of UK-EU trade; alternative figures may be due to different measurement practices between countries.",False,True,True,refutes,factcheckni
factcheckni_150_ret_b0_g0,factcheckni_150,"There are approximately 100 lorries per day crossing the border between Northern Ireland and Ireland, and cross-border trade represents 0.5% of UK-EU trade.",Gerard Batten,"This claim is inaccurate. There are 5,900 lorry (heavy goods vehicle) crossings daily. Cross-border trade represents 0.97% of UK-EU trade; alternative figures may be due to different measurement practices between countries. On 30 January 2019, UKIP leader Gerard Batten made three related claims in a tweet regarding the Ireland-Northern Ireland border. (The tweet — screenshot image below — was promptly deleted.) Firstly, he claimed that 100 lorries cross the border daily. Secondly, that trade between Ireland and Northern Ireland accounts for 0.5% of the total UK trade with EU countries. And lastly, Batten claimed that Guinness accounts for half of the total trade (""trips"") across the border. [...] The tweet made three inter-related claims about Northern Ireland-Ireland trade. TheJournal.ie showed that the claim that there were 100 daily lorry crossings was a large underestimation in comparison with published data (5,900 lorries), while Diageo declared an estimated 35 daily crossings for its beer products (including Guinness).",False,False,True,refutes,factcheckni
factcheckni_150_ret_b11_gn,factcheckni_150,"There are approximately 100 lorries per day crossing the border between Northern Ireland and Ireland, and cross-border trade represents 0.5% of UK-EU trade.",Gerard Batten,"The Northern Ireland Affairs Committee report on the land border between Northern Ireland and Ireland describes how this regime allows goods to107 pass across the border currently and the possible effects of the UK leaving the Single Market: [...] 111.The trade in live cattle and sheep, and beef and lamb across the Northern Ireland/Republic of Ireland border takes place on a daily basis, with approximately 390,000 live lambs crossing the border annually. The Livestock and Meat Commission for Northern Ireland 267 Northern Irish Affairs Select Committee, 2nd Report – The land border between Northern Ireland and Ireland, HC 329, 16 March 2018, para 43 268 Institute for Government, ‘The Irish border after Brexit’, Tim Durrant & Alex Stojanovic, June 2018 told us that the Northern Ireland sheep industry was particularly exposed to the effects of more complicated border arrangements, with approximately 45% of all lambs born in Northern Ireland exported to the Republic of Ireland each year. In 2016, the value of this live trade was approximately £31.5 million. 112.The dairy industries in Northern Ireland and the Republic of Ireland act as one through the supply chain, and dairy products cross the border several times between the farm gate and the consumer. Republic of Ireland dairy co-operatives own approximately 60% of the processing capacity in Northern Ireland. Exports to the Republic of Ireland were approximately 15% of total sales of the Northern Ireland dairy industry in 2015.",False,False,True,insufficient-neutral,factcheckni
factcheckni_150_ret_b12_gn,factcheckni_150,"There are approximately 100 lorries per day crossing the border between Northern Ireland and Ireland, and cross-border trade represents 0.5% of UK-EU trade.",Gerard Batten,"The North’s economy was not unaffected by this development. It also coincided with a detente between the two during this period. Starting with the Anglo-Irish Agreement in 1985 and then the Good Friday Agreement in 1998, political relations improved and translated into economic gains. Since the early 1990s there has been a steady growth in cross-border activities only partly slowed by the credit crisis of 2007-08. There have also been increases in tourism, investment and travel. Around 30,000 people cross the border daily for work purposes and approximately 177,000 lorries and 250,000 vans cross each month. Trade is now valued at around £3 billion a year. [...] For the 1.81m people in the North and the 4.78m people in the Republic, this cross-border trade is huge. Of particular importance is the agricultural processing industry with supply chains crossing the border several times before final production.",False,False,True,insufficient-neutral,factcheckni
factcheckni_150_ret_b8_gn,factcheckni_150,"There are approximately 100 lorries per day crossing the border between Northern Ireland and Ireland, and cross-border trade represents 0.5% of UK-EU trade.",Gerard Batten,"Trade across the Irish border [...] Trade across the Irish border is not simply each side selling goods to one another. A European Parliament paper notes how businesses which operate across the border ""often have highly interconnected supply chains covering the island of Ireland and often involving movements across the border throughout the manufacturing process"". [...] ""When considering cross-border trade, it is particularly important to note the integrated nature of the agri-food sector. Food, beverages and tobacco account for 49 per cent of crossborder manufacturing trade, with, for example, more than 10,000 pigs exported from Ireland to Northern Ireland every week and a quarter of all milk produced on Northern Ireland’s farms exported for processing in Ireland.""",False,False,True,insufficient-neutral,factcheckni
factcheckni_151_ret_b10_gn,factcheckni_151,The Court of Justice of the European Union is the supreme court for all Northern Ireland Protocol issues.,Jim Allister,"THE COURT OF JUSTICE OF THE EUROPEAN COMMUNITIES (CJEC) The Court of Justice comprises as many judges as there are Member States. The number of Advocates-General remains the same (eight), but the Council may at any time decide unanimously to increase their number. [...] The Court of Justice, as the supreme judicial institution of the Union, retains competence for other judicial actions on fundamental questions for the Community order and carries out this mission by way of questions referred by the national jurisdictions for a preliminary ruling. However, the Treaty provides that the Statute may empower the Court of First Instance with preliminary competence in certain areas.",False,False,True,insufficient-neutral,factcheckni
factcheckni_151_ret_b1_g4,factcheckni_151,The Court of Justice of the European Union is the supreme court for all Northern Ireland Protocol issues.,Jim Allister,"The European Court of Justice (ECJ), formally just the Court of Justice (French: Cour de Justice), is the supreme court of the European Union in matters of European Union law. As a part of the Court of Justice of the European Union, it is tasked with interpreting EU law and ensuring its uniform application across all EU member states under Article 263 of the Treaty of the Functioning of the European Union (TFEU).[2] [...] Notes [edit]- ^ Under the terms of the Protocol on Ireland/Northern Ireland, concluded as part of the Brexit withdrawal agreement, the CJEU — and hence the ECJ — continues to have jurisdiction over the operation of EU law applying to Northern Ireland in relation to customs and the movement of goods, technical regulations, VAT and excise, the Single Electricity Market and State aid, and may hear applications for preliminary rulings made by Northern Irish courts.[1] [...] The Protocol will also confer full jurisdiction on the CJEU to oversee the operation of EU law applying to Northern Ireland in relation to customs and the movement of goods, technical regulations, VAT and excise, the Single Electricity Market and State aid; including the jurisdiction to hear applications for preliminary rulings submitted by the courts of Northern Ireland. The UK will have the right to participate in these proceedings as if it were a Member State.",False,False,True,insufficient-supports,factcheckni
factcheckni_151_ret_bn_g0,factcheckni_151,The Court of Justice of the European Union is the supreme court for all Northern Ireland Protocol issues.,Jim Allister,"The Court of Justice of the European Union 11.1.1 In this Practice Direction - - unless otherwise stated, an Article referred to by number means the Article so numbered of the EU-UK Withdrawal Agreement, as given effect by sections 7A and 7C of the European Union (Withdrawal) Act 2018; [...] 11.1.2 Under Article 158, the European Court has jurisdiction to give preliminary rulings on questions concerning the interpretation of Part Two of the EU-UK Withdrawal Agreement (on Citizens' Rights) and, where such a question is raised before the Supreme Court, the Supreme Court may, if it considers that a decision on the question is necessary to enable it to give judgment, request the European Court to give such a ruling. [...] 11.1.4 Under Article 12(4), the European Court has jurisdiction to give preliminary rulings on questions concerning the provisions of EU law made applicable by the second subparagraph of Article 12(2), Article 5, and Articles 7-10 of the Ireland/Northern Ireland Protocol and, where such a question is raised before the Supreme Court, the Supreme Court will request the European Court to give a ruling thereon unless:",False,False,True,insufficient-neutral,factcheckni
factcheckni_152,factcheckni_152,Three-quarters of non-voters in Northern Ireland are pro-Union.,Peter SHIRLOW,This article was updated on 16 November 2021. A section that compared the percentage of non-voters identified across four different organisations’ polls was removed. We made this simplification after further discussions with polling organisations. This clarification did not affect FactCheckNI’s original conclusion about the claim.,True,True,True,insufficient-neutral,factcheckni
factcheckni_152_ret_b1_gn,factcheckni_152,Three-quarters of non-voters in Northern Ireland are pro-Union.,Peter SHIRLOW,"More than three quarters of the half a million people who do not vote in elections in Northern Ireland support the Union, a major academic survey has found. [...] In a report setting out the findings, the lead author of the research project, Professor Jon Tonge from the University of Liverpool, said: ""In terms of a border poll, election results may be a less accurate a guide to the desire for reunification especially when it is considered that 76.9% of non-voters who stated a preference are pro-Union. [...] As well as non-voters, a critical group in deciding the outcome of any border poll will be Alliance voters. The survey found that 58.8% of Alliance voters support the Union and 25.6% want Irish unity.",True,False,True,supports,factcheckni
factcheckni_152_ret_b2_gn,factcheckni_152,Three-quarters of non-voters in Northern Ireland are pro-Union.,Peter SHIRLOW,"Almost a fifth of voters in Northern Ireland, including nearly a third of voters from a Protestant background, say they would find a vote in favour of a united Ireland ""almost impossible to accept"", according to an Ipsos opinion poll. [...] In Northern Ireland, just under half (47 per cent) of all voters said they would ""happily accept"" a vote in favour of unity. A further 26 per cent said that they ""would not be happy but could live it"", but 18 per cent of all voters — which includes 32 per cent of voters from a Protestant background, and 14 per cent of voters from a non-Catholic and non-Protestant background — said they would find this result ""almost impossible to accept"". Acceptance of a pro-union result was much higher. Almost three-quarters of voters (73 per cent) in the North said they would ""happily accept"" this outcome, with 19 per cent reluctantly accepting it and just 2 per cent who said they would find it ""almost impossible to accept"".",True,False,True,insufficient-contradictory,factcheckni
factcheckni_152_ret_b9_gn,factcheckni_152,Three-quarters of non-voters in Northern Ireland are pro-Union.,Peter SHIRLOW,"General Election: The Northern Ireland non-voters who could transform electoral landscape [...] Thousands of non-voters in Northern Ireland and those not registered to vote could potentially transform the political landscape of Northern Ireland, if they took part in elections. New analysis has revealed the extent of non-voters across Northern Ireland - with all but one of the 18 constituencies having more people registered to vote that don’t take part than the number of people that elect the winning politician.",True,False,True,insufficient-neutral,factcheckni
factcheckni_153_ret_b11_gn,factcheckni_153,UK passports are produced by non-UK companies.,Richard Moore,"The new UK passport to be issued after Brexit will be made in France, the current British manufacturer has said. [...] Gemalto, which has its headquarters in Paris and has a factory in Fareham, said it was aware of the reports regarding the contract to produce the new UK passport. [...] A spokeswoman for the Home Office said: ""The chosen company demonstrated that they will be best able to meet the needs of our passport service with a high quality and secure product at the best value for money for our customers and the taxpayer.""",True,False,True,supports,factcheckni
factcheckni_153_ret_b4_g11,factcheckni_153,UK passports are produced by non-UK companies.,Richard Moore,"Pre-Brexit, the contract for printing British passports had been held by British company De La Rue. In 2018, the contract for printing post-Brexit was awarded to Franco-Dutch company Gemalto, which in 2019 became Thales DIS, part of the multinational Thales Group. The passport booklets will be printed more cheaply in Poland, with a controversial loss of printer jobs at De La Rue, but the passports will be personalised in the UK across two sites.[4][5][6][7] All passports are now issued with the blue design and they are made by Thales DIS in Poland.[8][9][10][11] [...] Following open tender under EU public procurement rules in 2018, the Franco-Dutch security firm Gemalto was selected over British banknote and travel document printer De La Rue. The result of the tender proved highly controversial, as it saw the production of British passport blanks moved from Gateshead in the UK to Tczew, Poland.[9][10][11] Most passports are produced in Poland, due to it being more cost efficient. However, urgent, fast-tracked or premium-service passports, which are 34 or 50 pages, are locally produced at application-processing centres in the UK.[55] [...] In non-UK issue passports, the request is made by the Governor or Lieutenant-Governor of the territory in ""the Name of Her Britannic Majesty"". As with UK-issued passports, following the accession of King Charles III, the request will change to ""His Britannic Majesty"".",True,False,True,supports,factcheckni
factcheckni_153_ret_b9_gn,factcheckni_153,UK passports are produced by non-UK companies.,Richard Moore,"Ironic or 'iconic': Post-Brexit UK passports made in EU February 22, 2020The UK will roll out new ""iconic"" blue passports for a post-Brexit Britain in March — but they will be produced in Poland by a French-Dutch company. The announcement that the company Gemalto had won the contract to produce the passports caused controversy in 2018. The UK government said the final stages of manufacturing will take place in the UK to ""ensure no personal data leaves the country.""",True,False,True,insufficient-contradictory,factcheckni
factcheckni_153_ret_bn_g0,factcheckni_153,UK passports are produced by non-UK companies.,Richard Moore,"The new (blue) UK passport is produced by Thales Group (headquartered in France). However, passports will be personalised with the holder’s details in the UK. In a Facebook posting, it was claimed that several elements of the production of UK passports are done by non-UK companies. The image also claims that a company based in Durham, England, was unsuccessful in a tender for an element of this work and is facing bankruptcy. The posting shows an image of a blue-covered UK passport, with the following description: ""Made by a Franco-Dutch company in Poland using Italian software to print Spanish ink on to Finnish paper in a tender that beat the company in Durham which is now facing bankruptcy."" [...] The UK Government put the contract for the manufacture of UK passports out to tender under existing laws at the time. The contract was awarded to a Franco-Dutch firm that is now part of the Thales Group, based in France.",True,False,True,insufficient-supports,factcheckni
factcheckni_154_ret_b0_gn,factcheckni_154,There were 84 children adopted in Northern Ireland in 2018.,EJ Havlin from Adoption UK,"EJ Havlin’s claim referred to the number of adoptions from care; in total, 91 children were adopted in Northern Ireland in 2017-18, which is a low number compared to other years. For 2013-17, Northern Ireland had a lower adoption rate than the rest of the UK, but was similar to that of Ireland. [...] EJ Havlin from Adoption UK made the comment that the numbers of children that have come through the adoption process ""are very small"" in Northern Ireland. She said: ""last year there were 84 children who were adopted"" (43:57). The Department of Health (DoH) registers the number of children who are adopted from care in Northern Ireland. Data for the year ending 31 March 2018 confirms Havlin’s claim: 84 children who have been looked after by an authority were adopted.",True,False,True,insufficient-supports,factcheckni
factcheckni_154_ret_b2_gn,factcheckni_154,There were 84 children adopted in Northern Ireland in 2018.,EJ Havlin from Adoption UK,"The Department of Health has today published the ‘Children Adopted from Care in Northern Ireland 2017/18’. This bulletin details statistical information relating to children adopted from care during the year ending 31 March 2018. The tables within the bulletin present a range of information about these children and their adopters, including durations between different stages in the adoption process. The bulletin is based on the DoH statistical return AD1 2017/18, which was collected from each of the five Health and Social Care Trusts. Key Findings - Eighty–four children were adopted fro care in Northern Ireland during the year ending 31 March 2018 ;",True,False,True,insufficient-neutral,factcheckni
factcheckni_154_ret_b4_gn,factcheckni_154,There were 84 children adopted in Northern Ireland in 2018.,EJ Havlin from Adoption UK,Children Adopted from Care in Northern Ireland 2018/19 This annual publication details statistical information on children adopted from care in Northern Ireland This annual publication details statistical information on children adopted from care in Northern Ireland during the last financial year. A range of information is available about these children and their adopters as well as the duration between the various stages of the adoption process.,True,False,True,insufficient-neutral,factcheckni
factcheckni_154_ret_b7_gn,factcheckni_154,There were 84 children adopted in Northern Ireland in 2018.,EJ Havlin from Adoption UK,Children adopted from care in Northern Ireland 2017/18.,True,False,True,insufficient-neutral,factcheckni
factcheckni_155,factcheckni_155,Wearing face masks can cause harmful levels of reduced oxygen.,Viral social media post,This claim is not accurate. Face masks have no impact on oxygen levels.,False,True,True,refutes,factcheckni
factcheckni_155_ret_b1_gn,factcheckni_155,Wearing face masks can cause harmful levels of reduced oxygen.,Viral social media post,"Deliberate misinformation often uses common knowledge to tell an allegedly fact-based story. Some social media accounts connected heavier breathing while wearing FFR with the false claim to reduce blood oxygen saturation. Indeed, respiration behavior (amongst others, frequency and intensity, see37 for a review) changes while wearing an FFR (especially during exercise), and the physical dead volume of the respiratory system causes breathing to be more strenuous38. However, there is no evidence that wearing face masks (cloth/surgical masks or FFR) causes the blood oxygen levels to diminish22,23,24,26,27,29. Nevertheless, the literature lacks investigations tailored to quantify the impact of face masks, especially high filtering N95 FFR, on cognitive performance. We contribute to this research to refute misinformation and face worries regarding a connection between cognitive functioning and wearing N95 FFR.",False,False,True,refutes,factcheckni
factcheckni_155_ret_bn_g0,factcheckni_155,Wearing face masks can cause harmful levels of reduced oxygen.,Viral social media post,"Another viral meme featuring three people wearing masks while walking on a beach says face mask wearing ""reduces oxygen up to 60%"" and ""increases risk of CO2 poisoning."" [...] One Facebook post claimed ""wearing a mask for an 8 hour shift can reduce your oxygen intake level to a 93 if you have healthy lungs ... it is not healthy to have your oxygen level at that."" The post did not specify which type of mask it was referencing. [...] There is no evidence to support that the general public — which doesn't typically wear masks for prolonged periods of time — will experience significant reductions in oxygen intake level, resulting in hypoxemia. While CO2 can build up in face masks, it is unlikely that wearing a mask will cause hypercapnia, according to the CDC",False,False,True,refutes,factcheckni
factcheckni_155_ret_bn_g11,factcheckni_155,Wearing face masks can cause harmful levels of reduced oxygen.,Viral social media post,"There have been concerns that face masks can reduce oxygen intake, and can lead to low blood oxygen levels, known as hypoxemia. However, masks are made from breathable materials that will not block the oxygen your child needs. Masks have not been shown to affect a child's ability to focus or learn in school. The vast majority of children age 2 or older can safely wear face masks for extended periods of time, such as during preschool or at child care. This includes most children with special health care needs. [...] No, wearing a face mask will not affect your child 's lungs from developing normally. This is because oxygen flows through and around the mask, while blocking the spray of spit and respiratory droplets that may contain the virus. Keeping your child's lungs healthy is important, which includes preventing infections like COVID-19. [...] No. There have been false reports that face masks can lead to carbon dioxide poisoning (known as hypercapnia) from re-breathing the air we normally breathe out. But this is not true. Carbon dioxide molecules are very tiny, even smaller than respiratory droplets. They cannot be trapped by breathable materials like disposable masks. In fact, surgeons wear tight fitting masks all day as part of their jobs, without any harm.",False,False,True,refutes,factcheckni
factcheckni_156,factcheckni_156,Northern Ireland has the lowest disposable income in the UK.,John Mulgrew,"This claim is accurate. While Northern Ireland is experiencing growth in discretionary income, it is still disproportionately behind the rest of the UK.",True,True,True,supports,factcheckni
factcheckni_156_ret_b12_gn,factcheckni_156,Northern Ireland has the lowest disposable income in the UK.,John Mulgrew,"NI Has UK's Lowest Disposable Income [...] As the UK's worst performing region, it means the average family in NI has only £127 per week at its disposal once all taxes, essential items and bills have been paid. [...] The average Northern Irish household had a disposable income of £100 per week in the first quarter of 2023, a drop of 21.2% when compared to the same period last year, according to the latest Asda Income Tracker. This is the seventh consecutive quarter that NI has recorded the largest year-on-year decline in income of any region across the UK.",True,False,True,supports,factcheckni
factcheckni_156_ret_b6_gn,factcheckni_156,Northern Ireland has the lowest disposable income in the UK.,John Mulgrew,"NI population has lowest disposable income in UK - Published People in Northern Ireland have, on average, the lowest disposable incomes of any UK region, figures from the Office for National Statistics suggest. [...] That gives the west and south of Northern Ireland the sixth lowest disposable income per head across all UK sub regions.",True,False,True,supports,factcheckni
factcheckni_156_ret_bn_g14,factcheckni_156,Northern Ireland has the lowest disposable income in the UK.,John Mulgrew,"Households below average income in Northern Ireland, 2013 to 2014 Information on the standard of living in Northern Ireland, focusing on lower income families, by disposable income This report is the twelfth in the Northern Ireland Households Below Average Income Series and principally gives information on the income distribution in Northern Ireland for the period April 2012 to March 2013 using cross sectional data from the Department for Social Development’s Family Resources Survey",True,False,True,supports,factcheckni
factcheckni_156_ret_bn_g2,factcheckni_156,Northern Ireland has the lowest disposable income in the UK.,John Mulgrew,"ONS survey suggests NI disposable incomes lowest in UK - Published People in Northern Ireland typically have the lowest disposal incomes of any part of the UK, according to figures from the Office for National Statistics (ONS). [...] Northern Ireland's disposable income gap with the rest of the UK narrowed during the boom years, but has steadily widened since 2007.",True,False,True,supports,factcheckni
factcheckni_157,factcheckni_157,There are only DUP members (who are/were members of a Northern Ireland political party) in the House of Lords,Andrew Adonis,John Alderdice (Lord Alderdice of Knock; Liberal Democrat): previous leader of Alliance Party; Ken Maginnis (Lord Maginnis of Drumblass; Independent Ulster Unionist): previous MP for Fermanagh and South Tyrone (UUP); John Taylor (Lord Kilclooney of Armagh; Crossbench): previous MP for Strangford (UUP); David Trimble (Lord Trimble of Lisnagarvey; Conservative): previous leader of UUP; and Margaret Ritchie (Baroness Ritchie of Downpatrick; Non-affiliated): previous leader of SDLP.,False,True,True,insufficient-supports,factcheckni
factcheckni_157_ret_b13_gn,factcheckni_157,There are only DUP members (who are/were members of a Northern Ireland political party) in the House of Lords,Andrew Adonis,"The Democratic Unionist Party (DUP) is the largest unionist political party in Northern Ireland. [...] There are eight DUP MPs in Westminster following the 2019 general election. They are Sammy Wilson, Gavin Robinson, Jeffrey Donaldson, Jim Shannon, Gregory Campbell, Paul Girvan, Carla Lockhart and Ian Paisley. Former deputy leader Nigel Dodds also sits in the House of Lords at Westminster. [...] No, the DUP only fields candidates in Northern Ireland elections, including general elections in which members of parliament (MPs) are elected to sit in Westminster as part of the UK government.",False,False,True,insufficient-neutral,factcheckni
factcheckni_157_ret_b17_gn,factcheckni_157,There are only DUP members (who are/were members of a Northern Ireland political party) in the House of Lords,Andrew Adonis,"Enter, once again, the Democratic Unionist Party (DUP): the conservative Northern Irish loyalists who have so often been a thorn in the side of government plans since their entry into a confidence-and-supply arrangement with the Tories in 2017. [...] Founded by the late Ian Paisley in 1971, at the height of the Northern Ireland Troubles, and now led by Arlene Foster, the DUP is the largest party in the Northern Ireland Assembly and is currently the fifth-largest party in the Commons - with ten MPs. [...] Its 2017 manifesto also included retaining the ""triple lock"" on pensions, cutting VAT for tourism businesses, abolishing air passenger duty and reviewing the price of ferries between Northern Ireland and Great Britain.The DUP was also the only major political group in Northern Ireland to oppose the Good Friday Agreement – before finally entering into a power-sharing government in 2007.",False,False,True,insufficient-neutral,factcheckni
factcheckni_157_ret_b1_g1,factcheckni_157,There are only DUP members (who are/were members of a Northern Ireland political party) in the House of Lords,Andrew Adonis,"The Democratic Unionist Party (DUP) is a unionist, loyalist, British nationalist[4][7] and national conservative political party in Northern Ireland. It was founded in 1971 during the Troubles by Ian Paisley, who led the party for the next 37 years. It is currently led by Gavin Robinson, who initially stepped in as an interim after the resignation of Jeffrey Donaldson. It is the second-largest party in the Northern Ireland Assembly, and won five seats in the House of Commons of the United Kingdom at the 2024 election. The party has been mostly described as right-wing[8][9][10][5] and socially conservative,[11][12] being anti-abortion and opposing same-sex marriage. The DUP sees itself as defending Britishness and Ulster Protestant culture against Irish nationalism and republicanism. It is also Eurosceptic and supported Brexit.[13][14] [...] On 11 April 2006, it was announced that three DUP members were to be elevated to the House of Lords: Maurice Morrow, Wallace Browne, the former Lord Mayor of Belfast, and Eileen Paisley, a vice-president of the DUP and wife of DUP Leader Ian Paisley. None, however, sit as DUP peers. [...] Election results [edit]General election results [edit]Northern Ireland Assembly election results [edit]See also [edit]- List of Democratic Unionist Party MPs - List of Northern Ireland Members of the House of Lords - British Isles fixed sea link connections - Democratic Unionist Party scandals",False,False,True,insufficient-neutral,factcheckni
factcheckni_158_ret_b18_gn,factcheckni_158,"Renters and owner-occupiers may have to pay their rates in full, while landlords can get a 10% allowance off their own rates bills. Since 1996, the private rental sector has grown significantly – from negligible size to around 13% of homes today, a similar proportion to the Housing Executive and all housing associations combined.",Paul Gosling,private renters social renters owner occupiers [...] Social renters and owner-occupiers [...] Additional restrictions for owner-occupiers,True,False,True,insufficient-neutral,factcheckni
factcheckni_158_ret_b1_gn,factcheckni_158,"Renters and owner-occupiers may have to pay their rates in full, while landlords can get a 10% allowance off their own rates bills. Since 1996, the private rental sector has grown significantly – from negligible size to around 13% of homes today, a similar proportion to the Housing Executive and all housing associations combined.",Paul Gosling,Tenants can receive full or partial Housing Benefit Rate Relief to help pay their rates. The Housing Executive can pay this directly to: [...] Tenants in private rented housing can receive full or partial Rate Rebate to help pay their rates. LPS credits a tenant's Rate Rebate to the rate account of the property where they live. [...] - owns one or more properties rented to tenants - signs an agreement to pay rates on all their rented properties - pays the discounted rate amount in full by the due date - application form and guides for Landlord Article 21 Rating (10 per cent) Allowance (AA10),True,False,True,insufficient-supports,factcheckni
factcheckni_158_ret_b4_gn,factcheckni_158,"Renters and owner-occupiers may have to pay their rates in full, while landlords can get a 10% allowance off their own rates bills. Since 1996, the private rental sector has grown significantly – from negligible size to around 13% of homes today, a similar proportion to the Housing Executive and all housing associations combined.",Paul Gosling,Rates in private tenancies [...] Discounts on rates bills for landlords You can get a 10% discount if you pay the rates bill for all your properties by 30 September each year.,True,False,True,insufficient-supports,factcheckni
factcheckni_158_ret_bn_g0,factcheckni_158,"Renters and owner-occupiers may have to pay their rates in full, while landlords can get a 10% allowance off their own rates bills. Since 1996, the private rental sector has grown significantly – from negligible size to around 13% of homes today, a similar proportion to the Housing Executive and all housing associations combined.",Paul Gosling,"Landlords who pay rates bills by a set deadline receive a 10% allowance off their total bill. Owner-occupiers and renters who are responsible for paying rates can also receive a reduction in their bill, albeit this discount (4%) is lower than the help for landlords. [...] Mr Gosling suggests that ""while tenants and owner occupiers may"" pay full rates, landlords can get a 10% rebate provided they settle their bills in time. Landlords are entitled to a 10% allowance on their rates bill, provided they pay before a given deadline.. If they miss the deadline, landlords must pay the full amount.",True,False,True,insufficient-supports,factcheckni
factcheckni_161,factcheckni_161,Only the Irish language is banned in courts in Northern Ireland.,Linda Ervine,English is the working language of court proceedings in Northern Ireland; interpretation and translation services are provided for those who do not speak or understand English. Whether this policy is informed by the Penal Laws is currently contested.,False,True,True,insufficient-refutes,factcheckni
factcheckni_161_ret_b11_gn,factcheckni_161,Only the Irish language is banned in courts in Northern Ireland.,Linda Ervine,"The Identity and Language (Northern Ireland) Act 2022 (c. 45) is an Act of Parliament in the United Kingdom providing ""official recognition of the status of the Irish language"" in Northern Ireland, with Ulster Scots being an officially recognised minority language. [...] - repeal a 1737 ban on the use of Irish in Northern Ireland's courts;[20] [...] - ^ ""The role of the Irish language in Northern Ireland's deadlock"". The Economist. 12 April 2017. Archived from the original on 15 April 2017. Retrieved 14 April 2017.",False,False,True,insufficient-refutes,factcheckni
factcheckni_161_ret_b4_gn,factcheckni_161,Only the Irish language is banned in courts in Northern Ireland.,Linda Ervine,"NI: Ban on Irish language in courts to be challenged Northern Ireland’s Finance Minister Máirtín Ó Muilleoir has announced plans to challenge laws preventing the use of the Irish language in Northern Ireland courts. [...] Under the provisions of the Act, court proceedings in Northern Ireland must be carried out in English.",False,False,True,insufficient-supports,factcheckni
factcheckni_161_ret_b5_gn,factcheckni_161,Only the Irish language is banned in courts in Northern Ireland.,Linda Ervine,O Muilleoir wants to end 279-year-old ban on Irish in courts in Northern Ireland Finance Minister Mairtin O Muilleoir has called for the overturning of a centuries-old ban on the use of the Irish language in the courts. A British penal law enacted in 1737 that requires court proceedings to be in English remains in force in Northern Ireland.,False,False,True,insufficient-contradictory,factcheckni
factcheckni_162,factcheckni_162,82% of the public are now wearing face masks [or coverings] on Translink buses and trains in Northern Ireland.,Arlene Foster,"On 30 July 2020, surveys were conducted on 38 separate train services (across the Portadown, Bangor, Larne, Londonderry and Portrush lines); with a full passenger count taken by the on-board conductor along with the number of customers wearing a face covering; Between 30 and 31 July 2020, similar surveys were conducted on 361 Ulsterbus services, 424 Metro services and an unstated number of Glider services in Belfast; the number of passengers embarking and alighting was recorded at Translink bus stations along with a count of the number of passengers not wearing a face covering; some services were surveyed mid-route; An earlier response from the Translink freedom of information team explained that 30-31 July surveys on rail and bus services “found the number using face coverings was over 80%, showing an increasing trend”; and Translink informed FactCheckNI that the evidence for “an increasing trend” came from two previous surveys.",True,True,True,insufficient-supports,factcheckni
factcheckni_162_ret_b11_gn,factcheckni_162,82% of the public are now wearing face masks [or coverings] on Translink buses and trains in Northern Ireland.,Arlene Foster,"Translink has clarified its policy on the wearing of face masks on public transport across Northern Ireland. [...] A Translink spokesperson told Belfast Live : ""We continue to follow public health guidance regarding the wearing of face coverings. ""To help keep everyone safe and in line with the latest guidance, we are encouraging our passengers to wear a face covering, if they can, in stations and on-board buses and trains.",True,False,True,insufficient-neutral,factcheckni
factcheckni_162_ret_bn_g0,factcheckni_162,82% of the public are now wearing face masks [or coverings] on Translink buses and trains in Northern Ireland.,Arlene Foster,"Translink’s statistics indicate that over 80% of passengers were wearing face coverings on its services at the end of July. At a press conference on 6 August 2020, Northern Ireland First Minister, Arlene Foster MLA, claimed (starts 54:52) ""82% of the public are now wearing masks on Translink buses and trains."" [...] - An earlier response from the Translink freedom of information team explained that 30-31 July surveys on rail and bus services ""found the number using face coverings was over 80%, showing an increasing trend""; and - Translink informed FactCheckNI that the evidence for ""an increasing trend"" came from two previous surveys.",True,False,True,insufficient-contradictory,factcheckni
factcheckni_163_ret_b12_gn,factcheckni_163,"The DOJ and NIO joint fund an £8 million a year Programme for Tackling Paramilitary Activity and Organised Crime that funds engagement directly with paramilitary organisations, such as the UVF, UFF, RHC, and UDA.",Ian PAISLEY,"Tackling Paramilitary Activity, Criminality, and Organised Crime Action Plan",False,False,True,insufficient-neutral,factcheckni
factcheckni_163_ret_b3_gn,factcheckni_163,"The DOJ and NIO joint fund an £8 million a year Programme for Tackling Paramilitary Activity and Organised Crime that funds engagement directly with paramilitary organisations, such as the UVF, UFF, RHC, and UDA.",Ian PAISLEY,"Announcing a mix of immediate and longer term funding to extend the cross-Executive Tackling Paramilitarism, Criminality and Organised Crime Programme, Justice Minister Naomi Long said paramilitaries hold communities back, exploit them, deny them opportunities they deserve and hurt them, in many cases maiming people and carrying out horrific human rights abuses with lasting impacts on individuals, their families and our society. [...] The First Minister, Arlene Foster said ""I am pleased that proposals have been approved to ensure the continued delivery of the Tackling Paramilitary Activity, Criminality and Organised Crime Programme. [...] Influencing community attitudes to education and raising aspirations is key to both reducing educational underachievement and therefore tackling paramilitary activity and organised crime.",False,False,True,insufficient-neutral,factcheckni
factcheckni_163_ret_b9_gn,factcheckni_163,"The DOJ and NIO joint fund an £8 million a year Programme for Tackling Paramilitary Activity and Organised Crime that funds engagement directly with paramilitary organisations, such as the UVF, UFF, RHC, and UDA.",Ian PAISLEY,"Meanwhile, Stormont’s ‘interim’ Tackling Paramilitary Activity, Criminality and Organised Crime review, published last year, referenced how ""almost £18m (went) directly to community and voluntary sector partners to help build community capacity and deliver area-based interventions"". [...] ""The ‘tackling paramilitary activity’ programme is an Northern Ireland Executive-led programme. [...] Meanwhile, the DoJ, responsible for the allocation of the £50m funding block, told The Detail its tackling paramilitarism programme ""aims to stop paramilitary exploitation of individuals and communities"" by addressing ""gaps in support"".",False,False,True,insufficient-neutral,factcheckni
factcheckni_163_ret_bn_g0,factcheckni_163,"The DOJ and NIO joint fund an £8 million a year Programme for Tackling Paramilitary Activity and Organised Crime that funds engagement directly with paramilitary organisations, such as the UVF, UFF, RHC, and UDA.",Ian PAISLEY,"The cross-department Executive Programme for Tackling Paramilitary Activity and Organised Crime receives funds from the Northern Ireland Executive, and is not jointly funded by the Department of Justice (DOJ) and the Northern Ireland Office (NIO). To date, there is no evidence of funds being provided for engagement directly with paramilitary organisations by the programme. [...] ""…remember, the Government in Northern Ireland – the Executive – is engaged in [the] Tackling Paramilitaries Programme, where the DOJ [Department of Justice] — Miss Long’s [Minister of Justice, Naomi Long] department — and the NIO joint fund £8 million a year to engagement directly with paramilitary organisations, not with LCC, but directly with the UVF, the UFF, Red Hand Commando, and others, UDA and others, and they direct engage with them …"" [...] To date, there is no evidence of funds being spent on ""engagement directly with paramilitary organisations"" by the Programme for Tackling Paramilitary Activity and Organised Crime as claimed by Mr Paisley.",False,False,True,insufficient-contradictory,factcheckni
factcheckni_166,factcheckni_166,"Arlene Foster, the leader of the Democratic Unionist Party, said that the party delivered “an extra billion pounds” for Northern Ireland.",Arlene Foster,infrastructure development (£200m for 2 years) health service transformation (£100m for 2 years) broadband development (£75m for 2 years) immediate pressures in health and education (£50m for 2 years) pockets of severe deprivation (£20m for 5 years) mental health (£10m for 5 years),True,True,True,insufficient-supports,factcheckni
factcheckni_166_ret_b0_g0,factcheckni_166,"Arlene Foster, the leader of the Democratic Unionist Party, said that the party delivered “an extra billion pounds” for Northern Ireland.",Arlene Foster,"On 31 July 2019, Arlene Foster — the leader of Northern Ireland’s Democratic Unionist Party (DUP) — said that her party will not apologise for ""delivering an extra billion pounds"" for Northern Ireland. She added: ""Not any other party that has stood before you today has delivered one penny of money for the people of Northern Ireland. We have delivered that through our confidence and supply agreement …"" [...] The official UK Government statement explains that the £1 billion is additional to £2.5 billion of financial support and flexibility provided to the Northern Ireland Executive, by way of the Stormont House Agreement (23 December 2014) and Fresh Start Agreement (17 November 2015). The agreed £1 billion funding falls outside the consideration of the Barnett Formula; the funding is specific to the jurisdiction of Northern Ireland. [...] The DUP agreed to support the Government on all key votes and the Government agreed to provide the Northern Ireland Executive with additional financial support: £1 billion over five years. The Confidence and Supply Agreement contained details of the agreed areas of expenditure: infrastructure development, health service transformation, broadband development, immediate pressures in health and education, pockets of severe deprivation, and mental health.",True,False,True,supports,factcheckni
factcheckni_166_ret_b6_gn,factcheckni_166,"Arlene Foster, the leader of the Democratic Unionist Party, said that the party delivered “an extra billion pounds” for Northern Ireland.",Arlene Foster,"Arlene Foster: Profile of the Democratic Unionist Party leader - Published Arlene Foster, leader of the Democratic Unionist Party (DUP), could be about to become the second most important person in British politics. [...] She became leader of the Democratic Unionist Party in December 2015 and, the following month, she was appointed first minister of Northern Ireland.",True,False,True,insufficient-neutral,factcheckni
factcheckni_166_ret_bn_g2,factcheckni_166,"Arlene Foster, the leader of the Democratic Unionist Party, said that the party delivered “an extra billion pounds” for Northern Ireland.",Arlene Foster,"There will be £1bn extra for Northern Ireland over the next two years. [...] There will be £1.5bn in funding - consisting of £1bn of new money and £500m of previously announced funds - to be spent over the next two years on infrastructure, health and education in Northern Ireland, money Mrs Foster said was needed to address the challenges from Northern Ireland's ""unique history"". [...] Welcoming the additional funding for Northern Ireland, she said it would benefit all communities. ""Following our discussions the Conservative Party has recognised the case for higher funding in Northern Ireland, given our unique history and indeed circumstances over recent decades.""",True,False,True,supports,factcheckni
factcheckni_166_ret_bn_g3,factcheckni_166,"Arlene Foster, the leader of the Democratic Unionist Party, said that the party delivered “an extra billion pounds” for Northern Ireland.",Arlene Foster,"The agreement stated that votes related to any other matters in the Commons will be agreed on a case-by-case basis, overseen by a coordination committee made up of both parties. The DUP secured an extra £1 billion of funding for Northern Ireland, with the money focused on health, infrastructure and education budgets.[67] Following the announcement of the agreement, the Government stated that this additional funding would not result in increased budgets in Scotland or Wales, as the money will not be subject to the Barnett formula.[71] The deal also saw the Conservatives drop their 2017 manifesto commitments to pension and winter fuel allowance changes. [...] References [edit]- ^ Maidment, Jack (26 June 2017). ""DUP agrees £1bn deal with Conservatives to prop up Theresa May's minority Government"". The Telegraph. Archived from the original on 26 June 2017. Retrieved 26 June 2017. [...] - ^ ""DUP-Tory deal secures extra spending in Northern Ireland"". BBC News. 26 June 2017. Retrieved 26 June 2017.",True,False,True,supports,factcheckni
factcheckni_168,factcheckni_168,MLAs were paid “nearly £2.2 million” in salaries up to 3rd September 2017.,Progressive Politics NI,the First and deputy First Ministers the Speaker and Deputy Speakers the members of the Assembly Commission,True,True,True,insufficient-neutral,factcheckni
factcheckni_168_ret_b0_g0,factcheckni_168,MLAs were paid “nearly £2.2 million” in salaries up to 3rd September 2017.,Progressive Politics NI,"Progressive Politics NI claimed that MLAs were paid ""nearly £2.2 million"" in salaries up to 3rd September 2017. Is this accurate? [...] FactCheckNI asked PPNI to explain how it calculated its estimate of ""nearly £2.2 million""; it replied that it was based on MLAs earning a salary of £48,000 p.a. For the period of 13/3/2017-13/9/2017 (6 months), this equates to £2,160,000 (£4,000/month X 6 months X 90 MLAs). [...] This claim is broadly accurate: for the first six months of the new Assembly term, elected MLAs (and 3 non-returned office holders) received an estimated £2,333,188 in salaries (greater than claimed ""nearly"" £2.2 million). MLAs who signed the roll of membership at the Northern Ireland Assembly are receiving an annual salary of £49,500, regardless of whether the Assembly sits for business or not. (Eligible office holders are receiving a higher salary rate.)",True,False,True,insufficient-supports,factcheckni
factcheckni_168_ret_b13_gn,factcheckni_168,MLAs were paid “nearly £2.2 million” in salaries up to 3rd September 2017.,Progressive Politics NI,"MLAs earn twice national average as £1,000 pay hike takes salaries up to £49k Pat McCartan chaired the panel which looked at MLAs’ salaries [...] MLAs have been awarded a new £1,000-a-year pay boost - even before the next Assembly is elected.",True,False,True,insufficient-neutral,factcheckni
factcheckni_168_ret_b5_gn,factcheckni_168,MLAs were paid “nearly £2.2 million” in salaries up to 3rd September 2017.,Progressive Politics NI,"Northern Ireland's MLAs are set to get a £1,000 pay rise as an Independent Financial Review Panel announced radical changes to salaries, expenses and pensions. [...] MLA’s salary shall increase by £1,000 to £49,000 and by £500 each April if inflation (CPI for previous September) is greater than 1%. [...] ""Our decisions set the rates for salaries, pensions and expenses to support each MLA and their work for the next five years. The panel expects that these decisions will amount to savings of between £1.5 million and £2.0 million in the Assembly’s budget over the next five years.""",True,False,True,insufficient-supports,factcheckni
factcheckni_169,factcheckni_169,Almost half of criminals released from prison in Northern Ireland went on to re-offend within 12 months of being freed.,David Ford,"The claim is accurate. However, while the article does break down re-offending rates among criminals released from prison, the majority of offenders receive sentences that do not require time in prison. The re-offending rate for Northern Ireland in 2012/13 was 18.5% for all offenders, which is similar to the rate documented in previous years, as well as in England & Wales.",True,True,True,supports,factcheckni
factcheckni_169_ret_b4_gn,factcheckni_169,Almost half of criminals released from prison in Northern Ireland went on to re-offend within 12 months of being freed.,David Ford,"NI: More than half of NI prisoners released in 2012/13 went on to re-offend Almost half of prisoners released from custody in Northern Ireland in 2012/13 went on to re-offend, according to new figures published by Justice Minister David Ford. Responding to a written question in the Northern Ireland Assembly, Mr Ford said 1,624 prisoners were released from custody during 2012/13 and a total of 760 (46.8 per cent) went on to re-offend.",True,False,True,supports,factcheckni
factcheckni_169_ret_bn_g10,factcheckni_169,Almost half of criminals released from prison in Northern Ireland went on to re-offend within 12 months of being freed.,David Ford,"Probation trusts are responsible for overseeing offenders released from prison on licence and those on community sentences made by judges and magistrates in the courts. If you are sentenced to under 12 months you are usually releases after 6 month months and the rest of your sentence is ""on license"". Your licence will impose certain restrictions on what you can do. The probation service do now get involved with you ( one of the new requirements of the changes in the service which are currently in hand), but what their input will be is unclear at present. [...] Probation prepares pre-sentence reports for judges and magistrates in the courts to enable them to choose the most appropriate sentence. Probation also works with victims of crimes where the offender has committed a sexual or violent offence and has been given a prison sentence of 12 months or longer. [...] These offenders are not free to come and go as they please. They have to follow strict rules and there is a curfew. This is usually from 11 pm to 7 am. Staff keep a close watch on residents and rooms are checked hourly throughout the night. Staff have direct contact with the Police if needed. Probation staff will work closely with the residents and have the opportunity to influence positive change in them and prevent reoffending. Those people in hostels also have to meet the other requirements of their Community Order or Release Order. This could include them attending group work programmes or training projects.",True,False,True,insufficient-neutral,factcheckni
factcheckni_170,factcheckni_170,"According to polling, most people planning to cast a first preference vote for the UUP in May’s Assembly election will switch their vote to nationalists before they provide a transfer to other unionist parties.",Unionist Voice,"Only 7% of UUP voters plan to switch to a nationalist party first, according to the survey. While 31% say their first move will be to Alliance, that isn’t a nationalist party. 42% intend to first transfer to another unionist party: DUP, TUV or the NI Conservatives",False,True,True,refutes,factcheckni
factcheckni_170_ret_bn_g14,factcheckni_170,"According to polling, most people planning to cast a first preference vote for the UUP in May’s Assembly election will switch their vote to nationalists before they provide a transfer to other unionist parties.",Unionist Voice,"Table 2 Nationalist Share of Vote (%), Assembly elections, 1998 – 2016 [...] In summary, of the parties elected, the UUP received most transferred votes (25%), followed by the DUP (22%), Sinn Féin (14%), SDLP (13%), Alliance (11%), Green Party (4%), TUV (3%) and People Before Profit Alliance (1%). [...] In contrast, Alliance, UUP, and the SDLP received the lion’s share of transfers from other parties (71%, 76% and 79% respectively). The DUP received 59% of its transfers from other parties.",False,False,True,insufficient-neutral,factcheckni
factcheckni_170_ret_bn_g18,factcheckni_170,"According to polling, most people planning to cast a first preference vote for the UUP in May’s Assembly election will switch their vote to nationalists before they provide a transfer to other unionist parties.",Unionist Voice,"One notable departure from the conventional trajectory of Northern Ireland elections was the comments by the Ulster Unionist Party (UUP) leader Mike Nesbitt on 13 February. In an interview on the BBC, Mr. Nesbitt announced he would be transferring his preference vote to the nationalist SDLP once he had voted for all UUP candidates.[1] While Nesbitt stopped short of calling on all UUP supporters to follow his lead, senior party figures criticised his call. Mr. Nesbitt also earned a strong rebuke from first minister and DUP leader Arlene Foster who said: ""It is dangerous to advocate supporting candidates who are Pro-United Ireland above preferences for fellow unionists. The greater the number of nationalist MLAs elected the stronger the push will be for a Border Poll.""[2] [...] [1] See: http://www.bbc.com/news/uk-northern-ireland-38960977 [2] See: http://www.belfasttelegraph.co.uk/news/northern-ireland-assembly-election/dup-leader-claims-it-is-dangerous-to-transfer-votes-to-nationalists-35460405.html [3] We do not assume that the outcome would have been the same under a system where only the first preferences taken into account. Rather, our focus is on what happens to transfers.",False,False,True,insufficient-neutral,factcheckni
factcheckni_170_ret_bn_g6,factcheckni_170,"According to polling, most people planning to cast a first preference vote for the UUP in May’s Assembly election will switch their vote to nationalists before they provide a transfer to other unionist parties.",Unionist Voice,"Our second big question is whether Protestant and Catholic voters in 2016 had distinctive preferences. Table 5 shows that distinctiveness in respect of first preferences. The three panels in this table correspond to the three major party ‘blocs’ that dominate Northern Irish politics: unionists in the top panel, nationalists in the bottom panel, and ‘others’ in the middle. As the first column shows, Protestants continue overwhelmingly to give first preferences to unionist parties, with only 2 per cent giving first preferences to nationalist parties. This is reciprocated on the Catholic side, where support for the two main nationalist parties is equally overwhelming, with only 4 per cent giving a first preference to one of the unionist parties. About a fifth of both Catholics and Protestants give their first preference to the political centre^. [...] At the surface level of first preference voting, Protestants continue overwhelmingly to support unionist parties, with only 2 per cent giving first preferences to nationalist parties. This is mirrored on the Catholic side, with only 4 per cent giving a first preference to one of the unionist parties. [...] The 2016 Assembly election in Northern Ireland offers, then, further evidence of the highly polarised structuring of party support in that deeply divided region. Protestant and Catholic voters tend not just to give their first preference votes to nationalist and unionist parties respectively (with some exceptions just mentioned); they also tend to continue these preferences within their own political bloc rather than transferring to the rival bloc.",False,False,True,insufficient-refutes,factcheckni
factcheckni_170_ret_bn_g9,factcheckni_170,"According to polling, most people planning to cast a first preference vote for the UUP in May’s Assembly election will switch their vote to nationalists before they provide a transfer to other unionist parties.",Unionist Voice,"The UUP secured 10 seats, losing 6 seats despite largely keeping its vote share the same, while the SDLP retained all of its 12 seats. This now means that the combined seat share of Unionist parties (38 seats) is smaller than that of nationalist parties (39 seats). Meanwhile the Alliance Party, which attempts to sit outside the unionist/nationalist divide, fared well, retaining its 8 seats and increasing its vote share. Significantly, almost 70 per cent of voters supported a party that endorsed ‘remain’ in the Brexit referendum, perhaps signalling a coming headache for Theresa May. [...] This is not to say that voters in Northern Ireland are free-floating and untethered from any ethno-nationalist cleavage (typically, over 90 per cent of Catholics vote for nationalist parties and even more Protestants vote for unionist parties). But today’s Northern Irish voters (especially younger ones) think in terms of capability and competence to promote prosperity and welfare. From this perspective, it appears that the Assembly election was more about bedding-down better functioning Northern Irish institutions than moving closer to all-Ireland ones. [...] The gap between moderate unionism and Sinn Féin still remains vast, and securing this community’s consent will be necessary to move closer to a united Ireland. Indeed, Mike Nesbitt, the leader of the UUP who resigned in the wake of his party’s poor performance, declared he would transfer his vote to the SDLP. This was too radical for many unionist supporters who rounded on him for transferring to any nationalist party, even one without the radical legacy of Sinn Féin.",False,False,True,insufficient-neutral,factcheckni
factcheckni_171_ret_bn_g0,factcheckni_171,"More than 700,000 people born in Northern Ireland have an Irish passport.",BBC Northern Ireland,"On the 29 January 2020, BBC Newsline made the following claim in an item discussing whether having an Irish passport would be an advantage after Brexit: ""More than 700,000 people born in Northern Ireland now have an Irish passport."" Less than a minute later in the item: ""Almost half of people born in Northern Ireland now have an Irish passport (overlay graphic: ""700,000"")."" [...] The figure of 831,779 Irish passport applications confirms the claim that more than 700,000 people born in Northern Ireland have an Irish passport. [...] The original claim stated ""more than 700,000 people born in Northern Ireland have an Irish passport"". This claim is substantiated by figures from the DFA.",True,False,True,supports,factcheckni
factcheckni_171_ret_bn_g1,factcheckni_171,"More than 700,000 people born in Northern Ireland have an Irish passport.",BBC Northern Ireland,"At least 700,000 people born in Northern Ireland now hold an Irish passport. [...] With Brexit approaching on Friday, will people with Irish passports retain more rights than those with British passports living in Northern Ireland? [...] On a visit to Belfast on Monday, the European Union's chief negotiator Michel Barnier said: ""Whilst Northern Ireland will no longer be part of the EU, people born and raised here that choose to be Irish citizens will still be EU citizens.",True,False,True,supports,factcheckni
factcheckni_18,factcheckni_18,"The DUP at no point has ever agreed to establish an Irish Language Act with the UK government, with the Irish government, with Sinn Féin or anybody else.",Edwin Poots,"The St Andrew’s Agreement committed the UK Government to an Irish Language Act, but subsequent legislation compelled the Northern Ireland Executive to produce a strategy (which may or may not include an Irish Language Act).",True,True,True,insufficient-neutral,factcheckni
factcheckni_18_ret_bn_g0,factcheckni_18,"The DUP at no point has ever agreed to establish an Irish Language Act with the UK government, with the Irish government, with Sinn Féin or anybody else.",Edwin Poots,"LAST WEEK, A DUP member claimed that his party had never agreed to establish an Irish Language Act in Northern Ireland. [...] On the other side of the debate is Sinn Féin’s take. Sinn Féin’s Conor Murphy, a former Minister for Regional Development in the Assembly said that the DUP committed to an Irish Language Act as part of St Andrews Agreement. [...] The DUP’s claim that they never agreed to establish an Irish Language Act as part of St Andrews Agreement is true, as the legislation refers to the British government’s commitment to an Irish Language Act, not the DUP’s.",True,False,True,supports,factcheckni
factcheckni_18_ret_bn_g15,factcheckni_18,"The DUP at no point has ever agreed to establish an Irish Language Act with the UK government, with the Irish government, with Sinn Féin or anybody else.",Edwin Poots,"With regard to the issues put to the Leader of the Ulster Unionist Party by the Leader of the Democratic Unionist Party, what is the policy of the Ulster Unionists on sitting down with Sinn Fein, which, according to the Prime Minister, is inextricably linked with Provisional IRA, while the Provisional IRA declares that it will retain all its weaponry? All the Members of this Assembly want Mr Trimble to answer that key question — particularly members of his own party. If he shares the views of the Prime Minister can he give an unequivocal assurance to all those within the broader Unionist family that he will not sit down in government with members of a party that is inextricably linked with a listed terrorist organisation which intends to retain all its weaponry? [...] I want to make a point for Mr Dodds's information. The Irish language has been used by Sinn Fein members for years - 15 years in Belfast City Council and other councils - and it will continue to be used by them. [...] We in the Democratic Unionist Party are in this House not because we are afraid of anything or anybody but because we were elected in substantial numbers by the people of Northern Ireland. We made it clear that we would never negotiate with IRA/Sinn Fein, and we have not gone back on our pledge. But we have always said in councils and elsewhere that we would never run away from any elected body, that we would confront those who want to take us down a united-Ireland route.",True,False,True,insufficient-neutral,factcheckni
factcheckni_18_ret_bn_g8,factcheckni_18,"The DUP at no point has ever agreed to establish an Irish Language Act with the UK government, with the Irish government, with Sinn Féin or anybody else.",Edwin Poots,"DUP will never agree to Irish language act, says Foster - Published The DUP will never agree to an Irish language act, its leader has said. [...] The introduction of an Irish language act is a key demand of Sinn Féin going into the assembly election.",True,False,True,supports,factcheckni
factcheckni_19,factcheckni_19,"There is strong evidence that in 2022, delays in Northern Ireland’s emergency departments led to the premature deaths of 1,434 people.",Dr Russell McLaughlin,"Research shows that longer waits in A&E lead to more patient deaths in the 30 days after that hospital visit. By combining those research findings with NI’s waiting time figures, it is possible to make some estimates about the number of additional deaths resulting from longer waits. FactCheckNI’s own calculations led to similar results as those published by the Royal College of Emergency Medicine.",True,True,True,insufficient-supports,factcheckni
factcheckni_19_ret_bn_g2,factcheckni_19,"There is strong evidence that in 2022, delays in Northern Ireland’s emergency departments led to the premature deaths of 1,434 people.",Dr Russell McLaughlin,"- According to an analysis by the Royal College of Emergency Medicine, in 2022 in NI a total of 1,434 people died due to delays in emergency departments. [...] An analysis by the Royal College of Emergency Medicine (RCEM) found that, in 2022, delays in emergency departments in Northern Ireland led to 1,434 premature deaths. FactCheckNI verified this earlier this year. [...] In short, RCEM’s calculations found that in 2022 1,434 people who attended an emergency department (ED) and were subsequently admitted to hospital died as a result of delays they experienced while in ED – and would otherwise not have died in the 30 days following admission.",True,False,True,supports,factcheckni
factcheckni_21,factcheckni_21,No one in Mid Ulster speaks Irish as their first language.,DUP councillor Clement Cuthbertson,"This claim is inaccurate. 440 people living in the local government district spoke Irish as their first language, according to the 2011 Census. 22,986 people have some knowledge of the Irish language in this jurisdiction.",False,True,True,refutes,factcheckni
factcheckni_21_ret_b12_gn,factcheckni_21,No one in Mid Ulster speaks Irish as their first language.,DUP councillor Clement Cuthbertson,"The form of Irish spoken in Ulster these days is essentially Donegal Irish, nuanced by the local, predominantly Belfast accent. [...] It’s a different proposition when Ulster Irish is spoken, becoming as understandable to some ears as Swahili. That said, there are differences between Ulster Irish and the rest. Take the different forms for the simple phrase, ""How are you?""",False,False,True,insufficient-neutral,factcheckni
factcheckni_21_ret_b16_gn,factcheckni_21,No one in Mid Ulster speaks Irish as their first language.,DUP councillor Clement Cuthbertson,"Although Scots dominated in much of County Down, there were also Yorkshiremen in North Down (Braidwood, 1964:14); people from Devon, Cheshire, and Lancashire settled in the northwest of the county and along the River Lagan (Braidwood, 1964:20), where we find Moira, another of our locations. Bordering on this area, in South Antrim, two of the biggest Plantation landlords, Lord Lieutenant (or Viceroy) Sir Arthur Chichester and Moses Hill, also introduced settlers from Devon, Cheshire, and Lancashire (Braidwood, 1964:11–12, 14). Moira, located midway between the towns of Lisburn and Lurgan, was settled by the English (Braidwood, 1964:21). The Englishness of this part of Ulster was still praised in the late eighteenth century, when Lurgan was known as ""Little England,"" according to one traveller (Luckombe, 1780). And of Lisburn, Hume (1878:8–9) commented that ""Until the end of the last century there was a tradition in Ulster that pure English was spoken in the neighbourhood of Lisburn."" In the 1830s, Moira was mixed in religion, though local school registers indicate a predominance of Anglicans, a sign of Englishness (Day & McWilliams, 1992a:119–120). The dialect was, therefore, probably Mid-Ulster English.",False,False,True,insufficient-neutral,factcheckni
factcheckni_21_ret_b5_gn,factcheckni_21,No one in Mid Ulster speaks Irish as their first language.,DUP councillor Clement Cuthbertson,"91.85% of Mid Ulster residents indicated English was their main language – the lowest figure in Northern Ireland. [...] Irish (0.47% - 682) saw the fifth highest figure for main language in Mid Ulster, behind Tetun – the language of East Timor – at 0-.84% (1,210). [...] The number of those in Mid Ulster who indicated they had 'some ability' in Irish rose by 28% to 29,398, while the figure with 'some ability' in Ulster Scots rose by 66% to 13,494.",False,False,True,refutes,factcheckni
factcheckni_21_ret_bn_g0,factcheckni_21,No one in Mid Ulster speaks Irish as their first language.,DUP councillor Clement Cuthbertson,"The Mid Ulster District Council launched an Irish language version of the council’s recycling guide on 13 March 2019. The guide is published in nine languages. DUP councillor Clement Cuthbertson told the News Letter on 15 March it ""is actually producing unnecessary waste"", saying ""no one in Mid Ulster speaks Irish as their first language"". [...] The Northern Ireland Neighbourhood Information Service (NINIS) provides information of the Northern Ireland census on local geographical areas. The 2011 census is the first census that asked about the main language people are using. It reveals that 440 people living in the local government district (LGD) of Mid Ulster spoke Irish (Gaelic) as their main language, representing 0.3% of the Mid Ulster population above three years old (132,025) (source: Main Language: KS207NI). That is a higher percentage than the Northern Ireland average of 0.23%. [...] In 2011, 440 people in Mid Ulster spoke Irish as their main language; 0.3% of the Mid Ulster population is not ""no one"".",False,False,True,refutes,factcheckni
factcheckni_24,factcheckni_24,"The NI Executive’s commitment to provide financial support for new football, GAA and rugby stadiums involved an equal split between sports.",Jamie Bryson,"Following the collapse of plans to build a single national stadium on the site of the former Maze/Long Kesh prison, the NI Executive agreed to support redevelopment of stadiums for football, GAA and rugby, individually. This was never agreed as a financial “equal split” between three sports or three sporting associations. From the start, estimated costs for development varied significantly. It is worth noting that the projected spend for redeveloping Casement Park is now much higher than when the allocation was first agreed.",False,True,True,refutes,factcheckni
factcheckni_24_ret_b10_gn,factcheckni_24,"The NI Executive’s commitment to provide financial support for new football, GAA and rugby stadiums involved an equal split between sports.",Jamie Bryson,"Northern Ireland stadiums funding ready to go but needs executive sign-off, says Minister Hargey - Published [...] The executive committed £36m to the development of local football stadiums in Northern Ireland in 2015. [...] ""It is a project the GAA community has waited too long for and that it fully deserves. We note with interest the finance minister's comments and, given that both sub regional and Casement Park are part of the same executive commitment, we expect that his confirmation of funding extends to the sub regional programme too,"" said IFA chief executive Patrick Nelson.",False,False,True,insufficient-neutral,factcheckni
factcheckni_24_ret_b2_gn,factcheckni_24,"The NI Executive’s commitment to provide financial support for new football, GAA and rugby stadiums involved an equal split between sports.",Jamie Bryson,"Sport NI announced today further financial support through the Sports Sustainability Fund Programme to the sporting sector; bringing a total investment of £22.4 million through this specific fund. The Sports Sustainability Fund is a critical support to sport at this time and Sport NI is pleased to make a further announcement of much needed financial support to the sports of: Gaelic Games; Rugby; Golf; Cricket; Hockey; Sailing; and Angling, among others, which will sustain over 230 clubs. (Details of awards are available: Sports Sustainability Fund Awards List | Sport NI) [...] Antoinette McKeown, Sport NI CEO, continued ""I would like to pay tribute to sports Governing Bodies and Sport NI team for their dedication and commitment to coordinate the delivery of the Sports Sustainability Fund and other various programmes, in partnership with the Department for Communities"".",False,False,True,insufficient-neutral,factcheckni
factcheckni_24_ret_bn_g0,factcheckni_24,"The NI Executive’s commitment to provide financial support for new football, GAA and rugby stadiums involved an equal split between sports.",Jamie Bryson,"- Following the collapse of plans to build a single national stadium on the site of the former Maze/Long Kesh prison, the NI Executive agreed to support redevelopment of stadiums for football, GAA and rugby, individually. [...] The story of efforts to develop stadiums for football, GAA and rugby starts with the decision, made in 2006 under Direct Rule, to construct a single stadium at the site of the former Maze/Long Kesh prison. [...] In that sense, Mr Bryson is inaccurate. The initial agreement was not an equal split. The GAA was always set to receive more money for its tentpole stadium than the IFA was for its.",False,False,True,refutes,factcheckni
factcheckni_24_ret_bn_g1,factcheckni_24,"The NI Executive’s commitment to provide financial support for new football, GAA and rugby stadiums involved an equal split between sports.",Jamie Bryson,"The Northern Ireland Executive has pledged to pay £62.5m, the Irish government has promised €50m (£43m) and the GAA - the sporting body which oversees Gaelic games - has said it would contribute £15m. [...] At that time, Northern Ireland's three main stadiums for football, rugby and GAA - Windsor Park, Ravenhill, and Casement - were seen as increasingly not fit for purpose. [...] Most football league grounds in Northern Ireland are in dire need of redevelopment. And with the £25m earmarked for Windsor, it would mean football and Gaelic games both getting an equal slice - £61m - from the public purse.",False,False,True,insufficient-contradictory,factcheckni
factcheckni_28_ret_b13_gn,factcheckni_28,"Lagan Valley is one of the least wooded areas in Northern Ireland, particularly with regards to ancient woodland.",Sorcha Eastwood,"The Lagan Valley (Irish: Cluain an Lagáin, Ulster Scots: Glen Lagan) is an area of Northern Ireland between Belfast and Lisburn. The Lagan is a famous river that flows into Belfast Lough. For a section, the river forms part of the border between the counties of Antrim and Down. It has a number of interesting features including a towpath which runs alongside the River Lagan. The towpath is popular with walkers, runners, cyclists, dog owners etc. It is a very scenic and peaceful area and is ideal for walking, cycling etc. The towpath begins in the Stranmillis area of south Belfast and runs all the way to Lisburn. The cycle route forms part of National Cycle Route 9. There are a number of ""off route"" mountain bike trails along the towpath. Lagan Valley is an Area of Outstanding Natural Beauty (AONB). The AONB was established in 1965 and the greater part of it lies within the Greater Belfast area. [...] Belvoir Park Forest Education Centre",True,False,True,insufficient-neutral,factcheckni
factcheckni_28_ret_bn_g0,factcheckni_28,"Lagan Valley is one of the least wooded areas in Northern Ireland, particularly with regards to ancient woodland.",Sorcha Eastwood,"Therefore, it is fair to say that Lagan Valley is one of the least wooded areas in NI. [...] Lisburn & Castlereagh is the least densely wooded council (3.7%) in Northern Ireland, followed by Armagh, Banbridge & Craigavon (4.0%) and Antrim & Newtownabbey (4.4%). [...] Based on all this, Ms Eastwood’s claim that ""Lagan Valley is one of the least wooded areas in NI"" is backed by evidence – although the precise figures are available broken down by council areas, rather than Westminster/Assembly constituencies.",True,False,True,insufficient-supports,factcheckni
factcheckni_29,factcheckni_29,Only 3 out of 12 regions are net contributors to the UK Treasury.,The Alliance Party,"This claim is accurate. Data from the ONS showed that only three regions of the UK – London, the southeast and the east of England – ran a fiscal surplus in the 2017-18 financial year, the latest year for which figures are available.",True,True,True,supports,factcheckni
factcheckni_29_ret_b1_gn,factcheckni_29,Only 3 out of 12 regions are net contributors to the UK Treasury.,The Alliance Party,"The wealth of regions – measuring the UK’s tax and spending imbalance Experimental statistics from ONS have suggested that in 2016 only three UK regions generated more in taxes than they receive in public spending. The data have caused a stir in the media with headlines proclaiming that London and its surrounding regions are effectively ‘subsidising’ the rest. Jonathan Athow explains how the figures were calculated and how ONS is looking to develop and improve them. On 23 May, ONS published some new statistics breaking down the public finances statistics for the different countries and regions of the UK. This allocated public sector revenue and expenditure to each country and region, allowing us to see how spending levels and tax receipts vary across the UK. This analysis included an estimate of the ‘net fiscal balance’ for each country and region. That provided an estimate for which parts of the UK contribute more to public sector revenues (mostly taxes) than they receive in public spending or vice versa. The issues of taxation and expenditure are important in the context of ongoing discussions about devolution and relative economic performance.",True,False,True,insufficient-supports,factcheckni
factcheckni_29_ret_b5_gn,factcheckni_29,Only 3 out of 12 regions are net contributors to the UK Treasury.,The Alliance Party,"We’ve been getting a lot of questions asking how much the UK and Wales contributes to the EU budget and how much it gets back by way of different funding. Is it possible to work out accurately the net cost of EU membership to the UK and Wales? There are different methodologies used at EU level and by the UK Treasury to calculate how much the UK Government pays into and how much it receives from the EU. Whichever methodology is used the UK is a net contributor to the EU Budget (i.e. pays in more to the EU than it receives back). However, the European Commission figures (presented in euros) show a lower net contribution by the UK than the Treasury figures (which are presented in pounds sterling) as we’ll see below. [...] A UK Treasury Report published in December 2015 puts the total UK net contribution to the EU Budget at £9.785 billion (POUNDS) in 2014, including the adjustment for the UK rebate. The Treasury’s Report explains the differences as follows (Paragraph 3.9):",True,False,True,insufficient-neutral,factcheckni
factcheckni_29_ret_bn_g0,factcheckni_29,Only 3 out of 12 regions are net contributors to the UK Treasury.,The Alliance Party,"""Northern Ireland has lost out as the result of a deeply unbalanced economy within the UK. There is a heavy focus around the south-east of England and those sectors which predominate there. For example, only 3/12 UK regions are net contributors to UK Treasury."" [...] In other words, if a region is receiving more from UK Treasury, in terms of revenue to a region’s residents and businesses, than revenue that the region gives to UK Treasury (e.g. via taxes), then that region is said to have a ""positive net fiscal balance"". Conversely, a ""negative net fiscal balance"" means that a region gives more revenue to UK Treasury than the revenue that the region receives from UK Treasury. The Alliance Party stated in their Westminster Manifesto 2019 that ""only 3/12 UK regions are net contributors to UK Treasury"". Data from the ONS corroborates this; only London, the southeast, and the east of England are net contributors to the UK Treasury. The claim by the Alliance Party is accurate.",True,False,True,supports,factcheckni
factcheckni_3,factcheckni_3,"Central arts funding per capita in Northern Ireland is £4.72 per year, compared with £22.50 per person, per year in Ireland.",Arts Council NI,"At the time of the claim, those figures were correct. However, planned budget cuts for the Arts Council of Northern Ireland have since been reduced – and exchange rates have also changed. Arts funding in Ireland is now closer to four times higher than in NI, rather than five. It’s worth noting that the Arts Council of Ireland has a slightly wider funding remit than the equivalent body here.",True,True,True,insufficient-supports,factcheckni
factcheckni_3_ret_b13_gn,factcheckni_3,"Central arts funding per capita in Northern Ireland is £4.72 per year, compared with £22.50 per person, per year in Ireland.",Arts Council NI,"Unlike the other three UK nations, Arts Council Northern Ireland (ACNI) does not have a national portfolio. Instead, it administers an Annual Funding Programme (AFP) which includes ""all the larger scale venues and organisations that are key to the arts infrastructure in Northern Ireland"", according to an ANCI spokesperson. Grants are allocated to organisations in all artforms and practices for both their core and programming costs. Again unlike the other arts councils, organisations in Northern Ireland have to reapply to be part of the programme each year. [...] The latest round of funding was announced in July this year and awarded 95 organisations just over £13m in total in what it termed ""standstill funding"". At the time of its annoucement, ACNI Chair Liam Hannaway acknowledged that arts funding in Northern Ireland ""now sits at an all time low"". With obvious frustration, he also said: ""Despite fulfilling almost identical functions, investment in the Arts in NI sits at only £5.44 per capita, based on 2022/23 budget figures. This contrasts sharply with Wales at £10.35 and the Republic of Ireland at £25.90 per capita. A reinvestment in the arts is needed to regenerate a sector which struggles year on year to make ends meet.""",True,False,True,supports,factcheckni
factcheckni_3_ret_b18_gn,factcheckni_3,"Central arts funding per capita in Northern Ireland is £4.72 per year, compared with £22.50 per person, per year in Ireland.",Arts Council NI,"The value of the Arts - The Arts deliver big returns for our economy and for our society - The Arts currently receive just 0.1% of the Northern Ireland budget. It makes no sense to make further cuts to a sector which generates such a high rate of return on its investment - Cuts to the Arts budget will result in the contraction of frontline services and reduction of education and outreach programmes - The Arts bring people and communities together and make our lives richer. We saw this in action during Derry~Londonderry’s transformation into UK City of Culture 2013 - Public investment is the key to building confidence and leveraging additional funding from sponsors and private investors - The creative sector is one of the fastest growing in the economy, creating economic growth and jobs - The Arts support the work of many government partners, helping them to achieve their objectives in regeneration, reconciliation, tourism, creative industries, education and health - The Arts distinguish us from other places, make the world talk about us for all the right reasons and raise our global profile as a progressive place that’s ready to compete and do business",True,False,True,insufficient-neutral,factcheckni
factcheckni_3_ret_bn_g0,factcheckni_3,"Central arts funding per capita in Northern Ireland is £4.72 per year, compared with £22.50 per person, per year in Ireland.",Arts Council NI,"""Our Director of Arts Development @Gcampbellini & Director of Strategic Development & Partnerships @karlygreene highlight the disparity in arts funding (per capita, NI: £4.72; RoI: £22.50) at the Oireachtas Joint Committee on Tourism, Culture, Arts, Sport & Media."" [...] It is also worth noting that central arts funding in Ireland also includes support for architecture, which is not the case in Northern Ireland. [...] At the time of the claim, Ireland’s per capita arts spending was £22.50, which is around 4.8 times larger than NI’s equivalent figure of £4.72, meaning the original claim was supported by evidence.",True,False,True,supports,factcheckni
factcheckni_30,factcheckni_30,"In 2015, nearly 1% of employees were not paid minimum wage.",Social Democratic and Labour Party (SDLP),"This claim is accurate. This claim can be substantiated by numerous government surveys and reports. There has been further investigation by organisations in the United Kingdom to determine who is most affected, the causes behind non-compliance, and solutions for the problem.",True,True,True,supports,factcheckni
factcheckni_30_ret_b0_gn,factcheckni_30,"In 2015, nearly 1% of employees were not paid minimum wage.",Social Democratic and Labour Party (SDLP),"In their 2016 Assembly Election Manifesto, the SDLP claims that in 2015 nearly 1% of people in Northern Ireland earned less than the National Minimum Wage (NMW). This statistic can be found in a press release published by the Department of Enterprise, Trade and Investment (DETI) on 18 November 2015, where they state that ""0.9% of jobs were paid below the National Minimum Wage in 2015."" This rate is relatively on par with the rest of the UK, where that rate stood at 0.8% that year. [...] First of all, it is important to note that the same NMW does not apply to everyone. The deciding factor is age, with those over 21, between 18 – 21, and 16 – 17 having a guaranteed wage of £6.70, £5.30, and £3.87 per hour respectively. Apprentices under 19, or over 19 but in the first year of their program, are only guaranteed £3.30 per hour. There are many who remain exempt, particularly those who are self-employed, or are the directors of a company. People living and working in a religious community, share fishermen, and prisoners are among the other categories of individuals who do not fall under the NMW regulations. [...] The NIESR report concluded that women and younger workers are most likely to be underpaid. Apprentices have been singled out as the biggest single group that is most at risk, and consequently is in the greatest need of protection.",True,False,True,supports,factcheckni
factcheckni_30_ret_b2_g1,factcheckni_30,"In 2015, nearly 1% of employees were not paid minimum wage.",Social Democratic and Labour Party (SDLP),"Less than half (45%) of the 2.6 million hourly workers who were at or below the federal minimum in 2015 were ages 16 to 24. An additional 23.3% are ages 25 to 34, according to the Bureau of Labor Statistics; both shares have stayed more or less constant over the past decade. That 2.6 million represents less than 2% of all wage and salary workers. (See more about the demographics of minimum-wage workers.) [...] The restaurant/food service industry is the single biggest employer of near-minimum-wage workers. Our analysis also found that 3.75 million people making near-minimum wages (about 18% of the total) worked in that industry. Among near-minimum workers aged 30 and younger, about 2.5 million (or nearly a quarter of all near-minimum workers in that age bracket) work in restaurants or other food-service industries. But because many of those workers presumably are tipped, their actual gross pay may be above $10.10 an hour. (Federal law, as well as wage laws in many states, allows tipped employees to be paid less as long as ""tip credits"" bring their pay up to at least the applicable minimum.)",True,False,True,insufficient-supports,factcheckni
factcheckni_31,factcheckni_31,Over 95% of people living in south Belfast own their own home.,"Emma Little-Pengelly, a DUP candidate",This claim is inaccurate. The 2011 Census shows that the Belfast South constituency recorded 56.1% of homes being owned outright or owned with a mortgage or loan.,False,True,True,refutes,factcheckni
factcheckni_31_ret_b0_gn,factcheckni_31,Over 95% of people living in south Belfast own their own home.,"Emma Little-Pengelly, a DUP candidate","The chair of the Landlords Association for Northern Ireland (LANI), Robert Greer, claimed during an interview on BBC Radio Ulster’s Good Morning Ulster (24/9/2020, starts 1:52:08, and Greer’s claim at 1:58:00) that ""aside from the Roma community, about 95 or 98 per cent of all households [in the Holylands] are HMOs."" [...] Note that according to Housing Advice Northern Ireland, social housing properties are not considered to be HMOs: ""A property will not be a HMO if … it is managed by the Housing Executive or a housing association."" The South Belfast Partnership, in its January 2020 study, Holyland Transition, indicated that in 2011, 17.5% of housing in South Belfast (defining South Belfast as Ballynafeigh, Blackstaff, Botanic, Finaghy, Malone, Musgrave, Rosetta, Shaftesbury, Stranmillis, Upper Malone and Windsor) is made up of social housing, reflecting the presence of Choice Housing, Oaklee Housing, Clanmill, and others. [...] Source: HMO Subject Plan for Belfast City Council Area 2015, Map No. 3—South Belfast (East).",False,False,True,insufficient-neutral,factcheckni
factcheckni_31_ret_b2_gn,factcheckni_31,Over 95% of people living in south Belfast own their own home.,"Emma Little-Pengelly, a DUP candidate","The rent is also quite low, especially given that I live in south Belfast. I don't think I'll ever buy a house - my amazing neighbours are one of the reasons I want to stay put. We have a wonderful community here."" [...] I rent a flat in south Belfast and I've always rented. [...] I live in south Belfast and I like my neighbours.",False,False,True,insufficient-neutral,factcheckni
factcheckni_31_ret_b6_gn,factcheckni_31,Over 95% of people living in south Belfast own their own home.,"Emma Little-Pengelly, a DUP candidate","More than half of households in Northern Ireland (53%) own a dishwasher, the joint highest proportion in the UK.",False,False,True,insufficient-neutral,factcheckni
factcheckni_31_ret_bn_g0,factcheckni_31,Over 95% of people living in south Belfast own their own home.,"Emma Little-Pengelly, a DUP candidate","This claim is inaccurate. The 2011 Census shows that the Belfast South constituency recorded 56.1% of homes being owned outright or owned with a mortgage or loan. On 4 December 2019, Emma Little-Pengelly, a DUP candidate in the General Election for the constituency of Belfast South, stated in a tweet that ""over 95%"" of people who live in South Belfast own their own home: [...] In response to a tweet challenging that the MP was assuming that south Belfast residents ""all own their own homes"", Little-Pengelly quickly replied and made that claim that ""95% do [own their own home]"".",False,False,True,refutes,factcheckni
factcheckni_32_ret_b15_gn,factcheckni_32,The SDLP manifesto for the 2022 Assembly election claims: “The £20 Universal Credit cut marked the largest overnight welfare cut since World War II.”,SDLP,"In the lead up to the 2022 Assembly election, party leader Colum Eastwood played down the partnership stating, ""The SDLP stands on its own two feet.""[72] This led people to commentate that the partnership is no longer active, with comments from as early as 2020 determining that it had been ""quietly forgotten"".[73][74][75] The partnership officially ended on 28 September 2022.[76] [...] In the 2022 Assembly election, the SDLP slipped to the 5th largest party with only eight seats in the Assembly.[107] [...] - ^ ""SDLP launches 'Give it Back' campaign to retain £20 Universal Credit uplift"". Social Democratic and Labour Party. Retrieved 22 December 2021.",True,False,True,insufficient-neutral,factcheckni
factcheckni_32_ret_b17_gn,factcheckni_32,The SDLP manifesto for the 2022 Assembly election claims: “The £20 Universal Credit cut marked the largest overnight welfare cut since World War II.”,SDLP,"One must question why Sinn Fein has become so popular in comparison to the likes of the less hard-line Social Democratic Labour Party (SDLP). The SDLP was formerly the biggest Nationalist party in Northern Ireland but have consistently lost votes in recent years. In their 2022 manifesto, the SDLP promised to help tackle cost of living, reduce waiting lists for healthcare and invest in pre-school childcare. The SDLP does mention some issues which are extremely relevant to Gen-Z voters, however the party has struggled due to its position on matters such as abortion which it offers a conscience vote on, allowing MLAs to vote based off their own opinions rather than by what the party believes, this creates issues for many liberal voters, which younger voters tend to be due to a lack of firm position creating disconnect between voters and the party itself. According to the BBC (2023), a lot of younger people care more about socialist issues than simply just the border which are issues Sinn Fein can be seen as attempting to resolve alongside the border issue rather than focusing on one or the other which can arguably be seen in the case of the SDLP. The SDLP has also regularly been seen as a party for ‘Catholic middle-class middle-aged men’ (DeSouza, 2023) which does not help it to gain votes amongst younger voters. [...] Social Democratic Labour Party (2022). 2022 Manifesto. cain.ulster.ac.uk. Available at: https://cain.ulster.ac.uk/issues/politics/docs/sdlp/sdlp_2022-04-27_nia-man.pdf.",True,False,True,insufficient-neutral,factcheckni
factcheckni_32_ret_bn_g4,factcheckni_32,The SDLP manifesto for the 2022 Assembly election claims: “The £20 Universal Credit cut marked the largest overnight welfare cut since World War II.”,SDLP,"Mr Carroll: The decision by the Tories to reduce universal credit by £1,000 a year will have a devastating impact on people in my constituency of West Belfast and right across the North. Millions of people will be impacted by the cut, and, in the North, we know that 105,000 households will lose £20 a week with the uplift being abolished. Given that we have larger families here compared with other places in the UK, some 300,000 people, according to the Government's own figures, will be impacted by the cut. Why, therefore, are the Executive putting up such a meek front on the question? The cut will push people further into poverty, hardship and difficulty. The Executive should be screaming about that and should mount a wall of resistance against the Tories' plans to implement this drastic cut, which is the worst in decades.",True,False,True,supports,factcheckni
factcheckni_33,factcheckni_33,"If 45 members of the Northern Ireland Assembly vote to revoke the Northern Ireland Protocol, then the Protocol goes.",Christopher Stalford,to address the unique circumstances on the island of Ireland; to maintain the necessary conditions for continued North-South cooperation; to avoid a hard border [on the island of Ireland]; and to protect the 1998 Agreement in all its dimensions.,False,True,True,insufficient-neutral,factcheckni
factcheckni_33_ret_b8_g7,factcheckni_33,"If 45 members of the Northern Ireland Assembly vote to revoke the Northern Ireland Protocol, then the Protocol goes.",Christopher Stalford,"Under the terms of Article 18, the Northern Ireland Assembly has the power (after 31 December 2024) to decide whether to terminate or continue the protocol arrangements. ""The Withdrawal Agreement doesn't state how Northern Ireland should give consent [to continue] – it is for the UK to determine how that decision is made"" but the UK Government has already declared that the decision will be made by a simple majority of Assembly members.[10] In the event that consent is not given, the arrangements would cease to apply two years thereafter. The Joint Committee would make alternative proposals to the UK and EU to avoid a hard border on the island of Ireland. If consent is given, then the question may be put again after a further four years.[10] At the 2022 Northern Ireland Assembly election, parties favouring continuance of the protocol won 53 of the 90 seats.[11] Nevertheless, Northern Ireland's Unionist parties objected strongly to the protocol: protesting against it, the Democratic Unionist Party obstructed its operation and, until early February 2024, prevented the Northern Ireland Assembly from assembling.[12]",False,False,True,insufficient-neutral,factcheckni
factcheckni_33_ret_bn_g5,factcheckni_33,"If 45 members of the Northern Ireland Assembly vote to revoke the Northern Ireland Protocol, then the Protocol goes.",Christopher Stalford,"The Protocol on Ireland/Northern Ireland shall apply as from the end of the transition period, with the exception of the following provisions of that Protocol, which shall apply as from the entry into force of this Agreement: [...] PROTOCOL ON IRELAND/NORTHERN IRELAND [...] RECALLING that this Protocol is to be implemented in accordance with the respective constitutional orders of the Kingdom of Spain and of the United Kingdom,",False,False,True,insufficient-neutral,factcheckni
factcheckni_34,factcheckni_34,"Two decades ago, around 26,000 people were waiting for social housing. Now that figure is over 45,000",Belfast Telegraph,"Official data for the past two quarters shows that over 45,000 applicants are on Northern Ireland’s social housing waiting list. Annual figures for 2002-03 say that 26,248 people were waiting at that time. Stats for the last two decades indicate a general trend of growing waiting lists.",True,True,True,supports,factcheckni
factcheckni_34_ret_b13_gn,factcheckni_34,"Two decades ago, around 26,000 people were waiting for social housing. Now that figure is over 45,000",Belfast Telegraph,"The chronic shortage of social housing in London means that in multiple boroughs, there are over 10,000 people waiting for suitable accommodation. The boroughs with the largest waiting lists for social housing in 2022 were Lambeth (33,640 households), Newham (33,246) and Brent (25,218). From 1997 to 2022, the largest growth in the number of households on the social housing waiting list occurred in Newham in 2016, where the list of 17,453 households grew to 25,729 in 2017. Some boroughs witnessed significant drops in the numbers of households on the waiting list in particular years. For example, from 2015 to 2016, Camden’s waiting list decreased from 24,644 to 2,930. However, this has not always been due to the allocation of more social housing, but the tightening of criteria needed to qualify, which vary by borough and so do not perfectly correlate with the number of people in need of a home.",True,False,True,insufficient-contradictory,factcheckni
factcheckni_34_ret_b14_gn,factcheckni_34,"Two decades ago, around 26,000 people were waiting for social housing. Now that figure is over 45,000",Belfast Telegraph,"Data released in November, for last year's June to September quarter, revealed 43,074 Queenslanders were on the waitlist for social housing – a rise of 1,600 since the quarter prior. [...] ""We know there's around 100,000 households that are eligible in Queensland for social housing and who are in need of social housing,"" Ms McVeigh said. [...] ""The most disturbing statistic that's come out with this increase in the number on the social housing waitlist, is that it's an increase in families … Queenslanders have had enough and now it's families that are suffering,"" Mr Mander said.",True,False,True,insufficient-supports,factcheckni
factcheckni_34_ret_bn_g0,factcheckni_34,"Two decades ago, around 26,000 people were waiting for social housing. Now that figure is over 45,000",Belfast Telegraph,"- Official data for the past two quarters shows that over 45,000 applicants are on Northern Ireland’s social housing waiting list. [...] According to those figures, a total of 45,292 applicants are on the social housing waiting list. Data for the previous quarter also showed over 45,000 applicants on the list. [...] That report is accompanied by official figures that cover the past two decades which show that, in 2002-03, there were 26,248 applicants on the waiting list.",True,False,True,supports,factcheckni
factcheckni_36,factcheckni_36,Northern Ireland purchases from Great Britain are four times more valuable than those from Ireland.,Democratic Unionist Party,whether goods purchased are final products or are intermediate goods to be used in a further production process; transport/shipping routes; the country of origin of any goods purchased.,True,True,True,insufficient-neutral,factcheckni
factcheckni_36_ret_b0_g0,factcheckni_36,Northern Ireland purchases from Great Britain are four times more valuable than those from Ireland.,Democratic Unionist Party,"This claim is accurate. In 2019, the ratio of the estimated total value of Northern Ireland purchases from Great Britain (£13.4bn) to purchases from Ireland (£3.0bn) was 4.5:1. The ratio has been similar since 2013. However, the figures may not tell the full story as they do not provide information on transport/shipping routes or the country of origin of any goods purchased. [...] One of the claims in the document is ""Northern Ireland purchases from Great Britain (£13.4bn) are four times more valuable than of Ireland (£3.0bn)."" [...] For 2019 purchases made by Northern Ireland companies, the value of purchases from Great Britain (£13.4bn) is 4.5 times greater than the value of imported goods and services from Ireland (£2.9bn); the claim is accurate. The ratio has been similar between these two markets since 2013.",True,False,True,supports,factcheckni
factcheckni_36_ret_b16_gn,factcheckni_36,Northern Ireland purchases from Great Britain are four times more valuable than those from Ireland.,Democratic Unionist Party,"In 2020, Northern Ireland's main imports source for trade goods was Great Britain, with goods purchases from here amounting to approximately 10.6 billion British pounds. The value of goods imports into the Northern Ireland from the rest of the European Union, on the other hand, was valued at two billion British pounds. [...] NISRA. ""Value of goods exports and imports to Northern Ireland (UK) in 2020, by source market* (in billion GBP)."" Chart. May 18, 2022. Statista. Accessed October 09, 2024. https://www.statista.com/statistics/1123628/purchases-and-imports-by-destination-northern-ireland/ [...] Value of goods exports and imports to Northern Ireland (UK) in 2020, by source market* (in billion GBP) [Graph], NISRA, May 18, 2022. [Online]. Available: https://www.statista.com/statistics/1123628/purchases-and-imports-by-destination-northern-ireland/",True,False,True,insufficient-neutral,factcheckni
factcheckni_36_ret_b17_gn,factcheckni_36,Northern Ireland purchases from Great Britain are four times more valuable than those from Ireland.,Democratic Unionist Party,"The value of NI exports to Ireland more than doubled year-on-year from €137m to €296m (£117m to £255m). [...] The total value of GB exports to Ireland were down by €2bn (£1.7bn) or 39% to €3.3bn (£2.8bn) year-on-year in the January to April period. [...] Official figures showing trade between Northern Ireland and Great Britain are only published on an annual basis, so it may be 2022 before there is solid data on how Brexit and the Irish Sea border has had an impact on those relationships.",True,False,True,insufficient-neutral,factcheckni
factcheckni_38,factcheckni_38,Social media posts are circulating showing supermarket shelves that have been covered over or taped off to prevent customers purchasing certain items. Reference is made to this happening in Belfast and Northern Ireland.,Viral social media post,"At the time of writing, Wales is the only part of the UK that has restricted the sale of non-essential items in supermarkets. There is no indication that this model of restriction will be introduced in Northern Ireland.",False,True,True,refutes,factcheckni
factcheckni_38_ret_b7_gn,factcheckni_38,Social media posts are circulating showing supermarket shelves that have been covered over or taped off to prevent customers purchasing certain items. Reference is made to this happening in Belfast and Northern Ireland.,Viral social media post,"Images of empty shelves, people fighting over toilet roll and long lines of people waiting to enter supermarkets have circulated on social media in recent days. Britain's leading food retailers met on Monday to work on contingency measures in the wake of the spike in demand. Shelves have been repeatedly emptied of nonperishable goods, leading the British Retail Consortium to publish an open letter. [...] So, the overwhelming message to consumers is: Don't panic. In these strange times we all suddenly find ourselves in, supermarkets have become more than places to buy food in. They are now beacons of normality in an increasingly surreal world. If consumers continue to behave normally in them, it ought to stay that way.",False,False,True,insufficient-neutral,factcheckni
factcheckni_39,factcheckni_39,Food bank in Enniskillen now feeding 1 in 5 people in the town.,John Shades,"This claim is inaccurate. A formula by Trussell Trust results in 1,079 delivered food bank parcels representing an estimated 540 unique users. This would represent 9.8%, or 1 in 10, of the population of Enniskillen town.",False,True,True,refutes,factcheckni
factcheckni_39_ret_b0_gn,factcheckni_39,Food bank in Enniskillen now feeding 1 in 5 people in the town.,John Shades,"On 13 April 2019, the Fermanagh Herald ran an article detailing the experience of a food bank which services the town. The Enniskillen Foodbank manager, John Shades, stated that in 2018, the food bank supplied over 2,400 people with food parcels: ""It’s disproportionate, but at the minute we are feeding 1 in 5 people in the town."" He expanded on this with a statement that the population of the town was approximately 14,000. The Enniskillen Foodbank is a member of a UK network of 428 food banks that are supported by Trussell Trust. For 2017-18, the Trussell Trust stated that its food bank network ""distributed 1,332,952 three-day emergency food supplies to people in crisis, a 13% increase on the previous year"". The trust attributes the increase to the roll-out of the Universal Credit public policy. Although there is no data for Northern Ireland, the trust reported from its survey in Great Britain that many Universal Credit claimants had to come to food banks after long waits for payment and administrative problems pushed them into debt. [...] The figure of supplying 2,400 people with food parcels stated by the Enniskillen Foodbank manager does not match up with the figures Trussell Trust shared with FactCheckNI. Using the Trust’s data, their estimate of two food parcels per claimant per year, and the average of 2.5 persons per household in Northern Ireland, we estimate that 1,350 people, or 9.8% (1 in 10) of the town population was helped. The claim is inaccurate.",False,False,True,refutes,factcheckni
factcheckni_39_ret_b10_gn,factcheckni_39,Food bank in Enniskillen now feeding 1 in 5 people in the town.,John Shades,"Here is an introduction to our Foodbank. Our foodbank is part of the Trussell Trust Network and is a project founded by The Lakes Vineyard Church, but is supported by various local churches and community groups, working together towards stopping hunger in our local area. We currently have 4 distribution centres from where people in need can come to get emergency food parcels and signposting to other agencies who help in a variety of other ways. We currently work with nearly 50 other organisations who can assist with more than just food. We currently distribute food in Enniskillen, Irvinestown, Newtownbutler, and Belleek.",False,False,True,insufficient-neutral,factcheckni
factcheckni_39_ret_b14_gn,factcheckni_39,Food bank in Enniskillen now feeding 1 in 5 people in the town.,John Shades,"We are part of a nationwide network of foodbanks, supported by the Trussell Trust. Find out how to get emergency food and other support. Make a food donation or find out about volunteering. [...] We don’t think anyone in our community should have to face going hungry. That’s why we provide three days’ nutritionally balanced emergency food and support to local people who are referred to us in crisis. We are part of a nationwide network of foodbanks, supported by The Trussell Trust, working to combat poverty and hunger across the UK. [...] This foodbank is run in partnership with local churches, facilitated by The Lakes Vineyard Church. Registered charity number NIC102556 | Registered in Northern Ireland",False,False,True,insufficient-neutral,factcheckni
factcheckni_39_ret_bn_g3,factcheckni_39,Food bank in Enniskillen now feeding 1 in 5 people in the town.,John Shades,Fermanagh has highest % of over 65 with income below poverty matrix. [...] Enniskillen FOOD BANK IS FEEDING 1 IN 5 FAMILIES 20 percent of the population of Enniskillen have relied on food bank support at some point in the last year. [...] This is another indicator of the substantially higher needs of those with disabilities in Fermanagh.,False,False,True,insufficient-supports,factcheckni
factcheckni_40,factcheckni_40,Ireland’s two wealthiest people are worth more financially than the poorest 50% of the population.,Oxfam,Reputable information exists that supports this claim,True,True,True,insufficient-neutral,factcheckni
factcheckni_40_ret_b0_g1,factcheckni_40,Ireland’s two wealthiest people are worth more financially than the poorest 50% of the population.,Oxfam,"""Ireland’s two richest people have more wealth – €15 billion – than half the Irish population who have €10.3 billion."" [...] ""The two richest people in Ireland now have more wealth then [sic] the bottom 50% of the population combined."" [...] Oxfams’ calculations indicate that, at the relevant time, the two richest people in Ireland we worth around €15bn while the poorest 50% of the country held around €10.3bn.",True,False,True,supports,factcheckni
factcheckni_40_ret_b14_gn,factcheckni_40,Ireland’s two wealthiest people are worth more financially than the poorest 50% of the population.,Oxfam,"The bottom 10% of Irish households have a net wealth of less than €600, compared to the richest 10% whose wealth exceeds €788,400.",True,False,True,insufficient-supports,factcheckni
factcheckni_40_ret_b17_gn,factcheckni_40,Ireland’s two wealthiest people are worth more financially than the poorest 50% of the population.,Oxfam,"Ireland has the fifth-largest number of billionaires per capita in the world, according to an Oxfam report published ahead of the World Economic Forum conference in the Swiss resort of Davos this week. There are now 17 Irish billionaires – the vast majority of whom are men – but who exactly are they? [...] 5 Dermot Desmond: €2.02 billion (Down €40 million)",True,False,True,insufficient-neutral,factcheckni
factcheckni_40_ret_b7_gn,factcheckni_40,Ireland’s two wealthiest people are worth more financially than the poorest 50% of the population.,Oxfam,"The two wealthiest people in Ireland have more wealth than the 50% of the population at the poorest end. Oxfam's annual wealth inequality report shows the top two wealthiest people here have a combined wealth of €15 billion. Oxfam Ireland is calling on the Irish government to bring in a wealth tax at ""graduated rates of 2%, 3% and 5% above a high threshold of €4.7 million"".",True,False,True,supports,factcheckni
factcheckni_41,factcheckni_41,"Within the LGBT community, 25% have attempted suicide.",Gavin Walker,The claim is true in line with other surveys with LGBT respondents in the UK and Ireland. The Rainbow Project survey figure of 4% of LGBT people attempting suicide in the prior year is also consistent with surveys by other organisations.,True,True,True,insufficient-contradictory,factcheckni
factcheckni_41_ret_bn_g2,factcheckni_41,"Within the LGBT community, 25% have attempted suicide.",Gavin Walker,"A new survey from the Williams Institute at UCLA School of Law and the Colombia Collaborative Project finds that the majority (72%) of LGBT Colombians surveyed report at least moderate psychological distress. Fifty-five percent reported having suicidal thoughts during their lifetime and one in four (25%) had attempted suicide at least once. [...] ""We recorded extremely high rates of suicidal ideation and attempt. Considering the levels of violence, victimization, and discrimination that LGBT respondents experienced, it is not surprising that respondents reported such high rates of suicidal ideation and attempts,"" said study co-author Jennifer Flórez-Donado. ""This research shows how critical it is to develop suicide prevention and violence treatment programs for LGBT people in the country."" [...] - Three out of four LGBT respondents (75%) were bullied at least once before they turned 18 and 25% of LGBT respondents were fired from or denied a job in their lifetime.",True,False,True,supports,factcheckni
factcheckni_42,factcheckni_42,"To provide free GP care in the Republic of Ireland, which already exists in NI as it is part of the UK, would cost the Dublin Exchequer an extra £880 million",Lord John Kilclooney,Over half (57.6%) of the population in Ireland are not currently eligible for free GP access.,False,True,True,insufficient-neutral,factcheckni
factcheckni_42_ret_b0_gn,factcheckni_42,"To provide free GP care in the Republic of Ireland, which already exists in NI as it is part of the UK, would cost the Dublin Exchequer an extra £880 million",Lord John Kilclooney,"Minister for Health Stephen Donnelly today announced the opening of applications for GP visit cards for up to 215,000 people who are newly eligible. This is the first of two phases which will provide free GP care to an estimated 430,000 people in Ireland on a means tested basis. It is part of the biggest expansion in eligibility for free GP care in the history of the State happening this year and covering up to 500,000 people. [...] The expansion of free GP care to close to 500,000 people this year is supported by the landmark agreement between the Department of Health, the HSE, and the Irish Medical Organisation (IMO) signed in early July 2023 which put in place a series of financial supports for GPs. On 8 August 2023, free GP care was expanded to 78,000 children aged 6 and 7. From today, free GP care is expanded to 215,000 people aged between 8 and 69 on a means tested basis. From 13 November 2023, it will be expanded to 215,000 more people on a means tested basis. [...] ""The expansion of the GP Visit Card scheme in 2023 is a significant milestone as we bring free GP care to close to 500,000 people this year. I am committed to ensuring affordable access for people in Ireland who are facing the toughest economic challenges. Removing the cost barrier to visiting their GP gives them better access to health care and supports their health and wellbeing.""",False,False,True,insufficient-neutral,factcheckni
factcheckni_42_ret_b12_gn,factcheckni_42,"To provide free GP care in the Republic of Ireland, which already exists in NI as it is part of the UK, would cost the Dublin Exchequer an extra £880 million",Lord John Kilclooney,"Budgetary plans to expand the number of people entitled to free GP care will give rise to waiting lists to match those currently plaguing the hospital system, doctors have warned. Free GP care is being extended to more than 400,000 additional patients, starting with 70,000 six and seven year olds in the last quarter of this year, Minister for Public Expenditure Michael McGrath announced in Budget 2023. [...] ""General practice is not against providing free at the point-of-use care to patients and families who struggle but we know from the under-six′s research that demand goes up by 25 per cent once it’s free.""",False,False,True,insufficient-neutral,factcheckni
factcheckni_42_ret_b17_gn,factcheckni_42,"To provide free GP care in the Republic of Ireland, which already exists in NI as it is part of the UK, would cost the Dublin Exchequer an extra £880 million",Lord John Kilclooney,"Public policy in Ireland has committed to extending free GP care to all, on a phased basis. In 2015, under 6s and over 70s became eligible for free GP care. It has recently been announced that free GP care for the under 12s is to be rolled out in 2020. Free GP care was previously restricted to those qualifying for a means tested Medical Card or GP Visit Card. In May 2015, 41.0% of the population was in receipt of free means tested GP care. Private patients were charged an estimated €50 per GP visit. The principal concern here is how the abolition of this fee will affect the utilisation of GP services. [...] The impact of free GP care in Ireland on the utilisation of GP services has been estimated in order to help with future medical manpower planning and in quantifying the potential costs of universal healthcare. These estimates are again based on retrospective patient self-reporting surveys and relies on the ""best available data""- GUI, TILDA, QNHS and Survey of Income and Living Conditions (SILC) or Living in Ireland Surveys (LIS), a forerunner of SILC (18-49 years). [...] Gorecki, P. (2018). The Impact of Free GP Care on the Utilisation of GP Services in Ireland: An Evaluation of Different Approaches, The Economic and Social Review, Vol. 49, No. 2, Summer 2018, pp.201-215.",False,False,True,insufficient-neutral,factcheckni
factcheckni_42_ret_b18_gn,factcheckni_42,"To provide free GP care in the Republic of Ireland, which already exists in NI as it is part of the UK, would cost the Dublin Exchequer an extra £880 million",Lord John Kilclooney,"THE first phase of the widespread expansion of free GP services in Ireland has now gone live – meaning 215,000 more people are now eligible for cost-free care. [...] The expansion of free GP care in Ireland follows a landmark agreement between the Department of Health, the HSE, and the Irish Medical Organisation (IMO) signed in July 2023 which put in place a series of financial supports for GPs. [...] From November 13, 2023, the second phase of the expansion will see free GP care extended to 215,000 more people across the country on a means tested basis.",False,False,True,insufficient-neutral,factcheckni
factcheckni_43,factcheckni_43,"By 29 September last year, at least 47 people in NI had died from “vaccine injury”.",Paul Frew,This claim misrepresents data from the Yellow Card reporting system for suspected adverse reactions to Covid-19 vaccines,False,True,True,refutes,factcheckni
factcheckni_43_ret_b4_gn,factcheckni_43,"By 29 September last year, at least 47 people in NI had died from “vaccine injury”.",Paul Frew,"Almost 900,000 people in Northern Ireland have received at least one dose of vaccine. [...] The publication of clear, detailed vaccination statistics will allow the public in Northern Ireland to get a much better idea of any gaps in our vaccine rollout. [...] Without doubt, vaccinations have been having an impact on the death rate in the UK.",False,False,True,insufficient-neutral,factcheckni
factcheckni_43_ret_b7_gn,factcheckni_43,"By 29 September last year, at least 47 people in NI had died from “vaccine injury”.",Paul Frew,"- 23 June – Figures released by Nisra show one death has been linked to an allergic reaction to COVID vaccine in Northern Ireland. The death occurred in the first quarter of the year.[226] [...] - 30 September – - At 6pm, social distancing restrictions for shops, theatres and a number of other indoor settings come to an end in Northern Ireland. Instead some indoor venues are asked to voluntarily introduce rules such as proof of double vaccination or a negative lateral flow test.[342] [...] - ^ ""Covid-19: Vaccine reaction listed as underlying cause for one NI death"". BBC News. 23 June 2021. Retrieved 26 June 2021.",False,False,True,insufficient-neutral,factcheckni
factcheckni_43_ret_b8_gn,factcheckni_43,"By 29 September last year, at least 47 people in NI had died from “vaccine injury”.",Paul Frew,"Vaccines in Northern Ireland [...] To date 436,143 people in Northern Ireland have received a first dose of vaccine. [...] That figure of 436,143 means that about 23.3% of Northern Ireland's entire population has been vaccinated.",False,False,True,insufficient-neutral,factcheckni
factcheckni_43_ret_bn_g0,factcheckni_43,"By 29 September last year, at least 47 people in NI had died from “vaccine injury”.",Paul Frew,"""[We] know, according to MHRA that 47 people in NI died from vaccine injury up to 29th sept 22 this may be under reported as suggested by MHRA"" [...] ""As of 29 September 2022, 47 reports from Northern Ireland of possible reactions relating to the COVID-19 vaccines had been submitted to us where there was a fatal outcome."" [...] In the first six months of the vaccination programme (to June 2021), one death was recorded in Northern Ireland with the vaccine as an underlying cause.",False,False,True,insufficient-contradictory,factcheckni
factcheckni_44,factcheckni_44,The provision of full-time (equivalent) maternity pay in the UK is among the lowest in Europe.,Martin Reilly,"This claim is accurate. In an OECD report, the UK ranked 9th lowest of 33 European countries for “full-rate equivalent” paid maternity leave. Including home care leave (childcare), the UK ranks 4th lowest in Europe.",True,True,True,supports,factcheckni
factcheckni_44_ret_b16_gn,factcheckni_44,The provision of full-time (equivalent) maternity pay in the UK is among the lowest in Europe.,Martin Reilly,"UK maternity pay lowest in west Europe was Dkr4188 now Dkr1999 for your first year, equivalent to Dkr166.58 per month. Make up your own mind. Build robust opinions with the FT’s trusted journalism. Take this offer before 24 October.",True,False,True,insufficient-supports,factcheckni
factcheckni_44_ret_bn_g0,factcheckni_44,The provision of full-time (equivalent) maternity pay in the UK is among the lowest in Europe.,Martin Reilly,"This claim is accurate. In an OECD report, the UK ranked 9th lowest of 33 European countries for ""full-rate equivalent"" paid maternity leave. Including home care leave (childcare), the UK ranks 4th lowest in Europe. [...] If ""lowest"" means the lower half of a list ranking, then the UK was among the lowest among the OECD and European countries for full-rate equivalent paid maternity leave. Note that the UK was not among the three lowest ranking European countries. If the additional payments of home care leave is considered, then the UK was the 4th lowest ranked European country for ""total paid leave available to mothers"". This is distinct from the investigated claim of full-time (equivalent) maternity pay.",True,False,True,supports,factcheckni
factcheckni_44_ret_bn_g6,factcheckni_44,The provision of full-time (equivalent) maternity pay in the UK is among the lowest in Europe.,Martin Reilly,"9 This is an alternative to the full rate equivalent used by the OECD (2012). Across countries there is substantial variation in the duration and generosity of maternity leave and so, in order to make policies comparable across countries, the OECD calculates the duration of the full-time equivalent of the leave period if paid at 100% of an employee’s last earnings. This is the Full Rate Equivalent (FRE). The average duration of FRE in the OECD is 12.8 weeks. While mothers across Scandinavia enjoy almost 40 weeks of FRE maternity leave, in the US mothers are not entitled to any paid leave.",True,False,True,insufficient-supports,factcheckni
factcheckni_46,factcheckni_46,There is a greater chance of a motorcyclist aged 67 in Northern Ireland dying in a motorcycle collision than being affected by COVID-19.,Sammy Wilson,"Data shows that there have been no motorcyclists of Sammy Wilson MP’s age who have died as a result of a motorcycle collision in Northern Ireland, in the past three years. In 2020, there were 157 deaths registered related to COVID-19, of men aged 65–74. At the time of this claim, the probability of being infected by COVID-19 in Northern Ireland was an estimated 1 in 200 (now thought to be 1 in 60).",False,True,True,refutes,factcheckni
factcheckni_46_ret_b0_gn,factcheckni_46,There is a greater chance of a motorcyclist aged 67 in Northern Ireland dying in a motorcycle collision than being affected by COVID-19.,Sammy Wilson,"Data shows that there have been no motorcyclists of Sammy Wilson MP’s age who have died as a result of a motorcycle collision in Northern Ireland, in the past three years. In 2020, there were 157 deaths registered related to COVID-19, of men aged 65–74. At the time of this claim, the probability of being infected by COVID-19 in Northern Ireland was an estimated 1 in 200 (now thought to be 1 in 60). [...] At my age … I’m more in danger of being killed on a motorbike than I am of being affected by this virus. [...] For those motorcyclists in the 65–74 age band, such as Sammy Wilson MP, data shows that there have been no deaths by motorcycle in the past three years. However, for men his age in Northern Ireland, there were 157 COVID-19 related registered deaths, equating to a probability of 1 in 528.",False,False,True,refutes,factcheckni
factcheckni_46_ret_b2_gn,factcheckni_46,There is a greater chance of a motorcyclist aged 67 in Northern Ireland dying in a motorcycle collision than being affected by COVID-19.,Sammy Wilson,"Explanation: Data shows that there have been no motorcyclists aged over 65 who have died as a result of a motorcycle collision in Northern Ireland, in the past three years.",False,False,True,insufficient-refutes,factcheckni
factcheckni_46_ret_b3_gn,factcheckni_46,There is a greater chance of a motorcyclist aged 67 in Northern Ireland dying in a motorcycle collision than being affected by COVID-19.,Sammy Wilson,"Motorcyclists represent a significant percentage of road traffic victims worldwide and have a greater risk of injury-related death than car occupants [1, 2]. Despite the burden of injuries associated with motorcycle incidents, few comprehensive studies have been conducted to examine the outcome of these patients according to age and site of injuries. Identifying high-risk injury patterns and common clusters of ages may allow for targeted interventions leading to improved care [3, 4]. [...] Motorcyclists represent a quarter of road deaths in the world and a consistent part of all traffic victims. The number of motorcyclists suffering from road trauma is growing due to the rapid global expansion of the motorcycle market. The use of motorcycles is expanding also in older ages for enhanced mobility in heavy-traffic urban areas. Some evidences suggest that age is generally an important predictor of mortality related to traumatic events [16, 17]. Our data demonstrate that older patients had an increased mortality for severe injuries. Head, chest, abdominal, and pelvic injuries were all independent predictors of death; severe head injuries occurred more frequently in younger patients, while chest injuries were more common in older patients.",False,False,True,insufficient-neutral,factcheckni
factcheckni_46_ret_b5_gn,factcheckni_46,There is a greater chance of a motorcyclist aged 67 in Northern Ireland dying in a motorcycle collision than being affected by COVID-19.,Sammy Wilson,"Aging Motorcyclists Hit the Road, But at Greater Risk of Injury, Death Motorcycle riders across the country are growing older, and the impact of this trend is evident in emergency rooms daily. Doctors are finding that these aging road warriors are more likely to be injured or die as a result of a motorcycle mishap compared to their younger counterparts. [...] Motorcycle crashes are a significant cause of injury and death on our nation’s roadways, despite the fact that motorcycles are responsible for only a small fraction of the total miles traveled annually in the United States. The authors say that the study provides justification for expanding the scope of motorcycle safety research, education and training initiatives to specifically target the older motorcyclist.",False,False,True,insufficient-neutral,factcheckni
factcheckni_47,factcheckni_47,40% of Unionists are happy about a potential trade border in the Irish Sea.,Simon Jenkins,"15.0%: As part of Brexit, there should be a Northern Ireland-only ‘Backstop’ with Northern Ireland more closely aligned with the EU than the rest of the UK 81.0%: As part of Brexit, there should not be a Northern Ireland-only ‘Backstop’ and Northern Ireland should leave the EU on exactly the same terms as the rest of the UK 4.0%: Not sure/Don’t know, but would probably vote 0.0%: Uncertain",False,True,True,insufficient-neutral,factcheckni
factcheckni_47_ret_b11_gn,factcheckni_47,40% of Unionists are happy about a potential trade border in the Irish Sea.,Simon Jenkins,"Tánaiste (Deputy Prime Minister) of Ireland and Minister for Foreign Affairs, Simon Coveney criticised May's plan to allow the DUP a veto on a backstop agreement. Speaking on RTE's Marian Finucane show Saturday, he said: ""We cannot allow one party in Northern Ireland to veto any proposals."" Although assuring that there was ""no question of a border down the Irish Sea"", Coveney said that ""there are practical realities of trade"" need to be considered and that a proposal needs to ""protect the concerns of both unionists and nationalists, neither of whom want a border re-emerging on the island of Ireland"". [...] The DUP are looking to safeguard their union with Britain. European Union’s chief Brexit negotiator Michel Barnier proposed a sea border between Ireland and the UK, which was hailed unacceptable by Foster. Hitting out at Barnier for suggesting a border along the Irish Sea, Foster said that the proposal was ""an all-Ireland regulatory scenario"" and added that she didn't ""think he does understand the wider unionist culture of Northern Ireland"".",False,False,True,insufficient-neutral,factcheckni
factcheckni_47_ret_b13_gn,factcheckni_47,40% of Unionists are happy about a potential trade border in the Irish Sea.,Simon Jenkins,"If, on the other hand, logistics make a sea border the more workable option, can it be put into effect without alienating the relatively working class and less-educated Protestants/unionists who voted for the UK to leave the EU but undoubtedly did not imagine they were voting for Northern Ireland to become distinct from the rest of the UK?",False,False,True,insufficient-refutes,factcheckni
factcheckni_48,factcheckni_48,[The] average tenure of a PSNI Chief Constable is about the same as those in England and Wales,Prof John Tonge,"PSNI chief constables have averaged 5.2 years in post. Looking only at chief constables who finished their tenure this century, and at the 15 largest forces across the UK, we found that chief constables average 5.7 years in their role. The average tenure for such forces in England and Wales specifically is 5.8 years. For extra context, in the same period Garda Commissioners have averaged 4.1 years in position.",True,True,True,supports,factcheckni
factcheckni_48_ret_b1_gn,factcheckni_48,[The] average tenure of a PSNI Chief Constable is about the same as those in England and Wales,Prof John Tonge,"Organisation [edit]The senior officer in charge of the PSNI is its chief constable. The chief constable is appointed by the Northern Ireland Policing Board, subject to the approval of the Minister of Justice for Northern Ireland. The Chief Constable of Northern Ireland is the third-highest paid police officer in the UK (after the Commissioner and Deputy Commissioner of the Metropolitan Police).[21] The current chief constable is Jon Boutcher, who was appointed on an interim basis after the resignation of Simon Bryne in September 2023 and successful in being officially confirmed as chief constable on 7 November 2023.[22] [...] Jurisdiction [edit]PSNI officers have full powers of a constable throughout Northern Ireland and the adjacent United Kingdom waters. Other than in mutual aid circumstances they have more limited powers of a constable in the other two legal jurisdictions of the United Kingdom—England and Wales, and Scotland. Police staff, although non-warranted members of the service, contribute to both back-office, operational support and front-line services, sometimes operating alongside warranted colleagues. [...] - ^ ""PSNI: Jon Boutcher picked as interim chief constable"". BBC News. 4 October 2023. Retrieved 7 October 2023.",True,False,True,insufficient-neutral,factcheckni
factcheckni_48_ret_bn_g0,factcheckni_48,[The] average tenure of a PSNI Chief Constable is about the same as those in England and Wales,Prof John Tonge,"Our research found that chief constables in those 15 forces remain in post for a mean average of 5.7 years. For forces in England and Wales specifically, the average tenure was 5.8 year. PSNI chief constables have stayed in their role for 5.2 years, on average. Based on those comparisons – with a gap in average tenure of under half a year – it’s fair enough to say that ""the average tenure of a PSNI Chief Constable is about the same as those in England and Wales"". [...] The average tenure of a chief constable of the PSNI is 5.2 years: Hugh Orde (7.0 years), Matt Baggott (4.8), George Hamilton (5.0), Simon Byrne (4.2).",True,False,True,supports,factcheckni
factcheckni_48_ret_bn_g17,factcheckni_48,[The] average tenure of a PSNI Chief Constable is about the same as those in England and Wales,Prof John Tonge,"Salary scales in the Police Service of Northern Ireland (PSNI) have yet to be announced for 2022. However, in recent years they have tended to follow the England and Wales pay points, given the scope of the Police Remuneration Review Body (PRRB) includes both. Therefore, it’s reasonable to assume for now the same 2022 position as England and Wales officers. [...] Officers in PSNI are yet to learn what their updated pay bandings will be for 2022 to 2023. The latest information available, as at September 2021, is shown above. These salaries are very similar to those set for England and Wales forces that year, so expect the coming year to also be similar. Information will be updated on my site when available. [...] At the Constable level therefore, joining the police still represents an attractive career choice for young people where salary is concerned, particularly when looking to the longer-term prospects. For example, the £23.6k England and Wales starting salary rising to the £43.0k in 7 years represents an 83% increase, ending up 11k more than the national average salary while remaining at the ‘bottom rung’ of the promotion ladder. It can go far beyond this in ‘real’ salaries entering an individual’s bank account, for example with market supplements in some forces (e.g. Met, PSNI), specialist role enhancements, overtime, and of course, promotion.",True,False,True,insufficient-neutral,factcheckni
factcheckni_48_ret_bn_g7,factcheckni_48,[The] average tenure of a PSNI Chief Constable is about the same as those in England and Wales,Prof John Tonge,"These anxieties were partly based on awareness of colleagues leaving policing prematurely. The average term for a CC has fallen by 1.2 years since the mid-1980s (NPCC, 2018, p. 34). HMICFRS (2019a, p. 60) described the trend, which was accelerated by the PRSRA, as ‘marked and worrying’. [...] National Police Chiefs’ Council. ( 2018 ). Chief Constable Preparation, Selection, Tenure and Retirement in the ‘New Policing Landscape’. https://www.npcc.police.uk/2018%20FOI/Workforce/127%2018%20Lanscaping%20in%20Policing%20Report%20to%20publish%2027092018.pdf (accessed 06 August 2020). [...] The Chief Constables of England and Wales: The Socio-Legal History of a Criminal Justice Elite.",True,False,True,insufficient-neutral,factcheckni
factcheckni_49,factcheckni_49,Northern Ireland has the highest levels of child poverty in the UK.,Emma de Souza,"The evidence indicates that, compared with other parts of the UK, Northern Ireland’s rate of child poverty is quite low. Poverty has no standard definition or agreed measurement, comparisons of poverty should bear this in mind. However, official UK statistics along with analyses by major campaign groups indicate that child poverty in Northern Ireland is relatively low. By one common definition, NI has the lowest child poverty rates of any UK region.",False,True,True,refutes,factcheckni
factcheckni_49_ret_bn_g1,factcheckni_49,Northern Ireland has the highest levels of child poverty in the UK.,Emma de Souza,"The causes of poverty are complex and interlinked 2.5 Poverty rarely has a single cause but is a consequence of a range of factors including rising living costs, low pay, lack of work and inadequate social security benefits. In 2014, a DWP review found that parental worklessness and low earnings were key factors driving child poverty. Whilst the unemployment rate in Northern Ireland is relatively low at just over two per cent, economic inactivity levels in Northern Ireland are amongst the highest in the UK. The inactivity rate (the proportion of people aged 16 to 64 who are not working and not seeking or available to work) in Northern Ireland is 26 per cent, compared to 21 per cent in England, 22 per cent in Scotland and 26 per cent in Wales. 2.6 The number of children in poverty in Northern Ireland who live in a household where at least one adult works is significant. Therefore, the quality of jobs and low wages play an important role in keeping children in poverty. The Social Mobility Commission reports that qualification levels, wages, the proportion of high-paid jobs and the rate of job creation are all lower in NI than the UK average, and that one quarter of jobs here pay less than the Real Living Wage. The Joseph Rowntree Foundation reports that lone parents have the highest level of in-work poverty of all family types and are likely to face barriers such as working in a low-wage sector, working fewer hours and being restricted by access to childcare and transport.",False,False,True,insufficient-supports,factcheckni
factcheckni_49_ret_bn_g13,factcheckni_49,Northern Ireland has the highest levels of child poverty in the UK.,Emma de Souza,"While child poverty levels in Northern Ireland as a whole are on par with the wider UK, the proportion of children living in low-income families remains high in parts of the region. Eight of its 18 parliamentary constituencies rank in the bottom third of the wider UK, according to recently published government figures. At least one in five children living in those areas were in relative poverty in 2019, rising to more than a quarter (26%) in Belfast West – home to the Lanark Way and Springfield Road interface where some of the recent violence broke out – as well as the Belfast North and Foyle constituencies. [...] The chief commissioner of the Northern Ireland Human Rights Commission, Les Allamby, said child poverty was a severe problem in Northern Ireland, where families are bigger on average, meaning the limit on universal credit to two children is acutely felt.",False,False,True,insufficient-supports,factcheckni
factcheckni_49_ret_bn_g18,factcheckni_49,Northern Ireland has the highest levels of child poverty in the UK.,Emma de Souza,"Northern Ireland has seen little progress on child poverty for more than five years, according to figures released last month. [...] - One in four children (24%) – around 95,000 in total - are growing up in poverty in Northern Ireland, with two thirds of that group (66%) growing up in families where parents are working - Places with the highest levels of child poverty include Belfast (26.1%), Derry and Strabane (26.0%) and Newry and Mourne (26.3%) [...] Speaking on behalf of End Child Poverty Lorna Ballard, National Director for Northern Ireland Action for Children, said: ""Every day we see families struggling to make ends meet, worrying about providing for their children’s’ basic needs and making decisions like whether to heat their homes or pay for food, and the situation is only getting worse.""",False,False,True,insufficient-supports,factcheckni
factcheckni_5_ret_b16_gn,factcheckni_5,"The next electoral canvass in Northern Ireland must be completed before 2023, ten years after the 2013 canvass.",Newton Emerson,"2023 Northern Ireland local elections [...] - ^ ""Northern Ireland local election results 2023"". BBC News. Retrieved 20 May 2023. [...] - ^ ""Lisburn and Castlereagh result - Northern Ireland Council Elections 2023"". BBC News. Retrieved 19 May 2023.",False,False,True,insufficient-neutral,factcheckni
factcheckni_5_ret_b17_gn,factcheckni_5,"The next electoral canvass in Northern Ireland must be completed before 2023, ten years after the 2013 canvass.",Newton Emerson,"Electoral register canvass to begin A canvass for personal details for the new electoral register ahead of the next European elections in Northern Ireland will begin on Saturday, it was revealed. [...] A new register is published each year by the electoral office for Northern Ireland. Each eligible person has to complete an individual form and give details of their name, address, date of birth and national insurance number.",False,False,True,insufficient-neutral,factcheckni
factcheckni_5_ret_b1_g0,factcheckni_5,"The next electoral canvass in Northern Ireland must be completed before 2023, ten years after the 2013 canvass.",Newton Emerson,"To stay on the electoral register, everyone should reply to the communications that will be sent out by the Electoral Office for Northern Ireland over summer and autumn 2021. There will be a number of pieces of communication, such as informing when the canvass is happening, requesting people to respond to the canvass online or using a paper form, and reminding people previously on the register that they have not reregistered. The Electoral Commission will also be running a public information campaign to highlight the importance of completing the canvass. EONI may send out pre-populated forms using census data to some categories of voters less likely to register online. [...] The 2013 canvass added 47,196 voters (including 9,945 young people who had turned 18) to the register whom EONI had no previous record of being registered to vote in Northern Ireland. After that canvass, 112,013 voters were rolled over and retained on the register using data-matching techniques for a further three (extended from two) years. [...] The Northern Ireland Assembly Parties Panel was briefed about the upcoming 2021 canvass at its 6 October 2020 meeting.",False,False,True,insufficient-neutral,factcheckni
factcheckni_5_ret_bn_g2,factcheckni_5,"The next electoral canvass in Northern Ireland must be completed before 2023, ten years after the 2013 canvass.",Newton Emerson,"Source: Office for National Statistics, National Records of Scotland – Electoral Office for Northern Ireland [...] By law the register of electors is checked each year by sending a household enquiry form to every household in the council area. This is known as the annual canvass. The purpose of the canvass is to identify everyone who should be on the electoral register. This means identifying citizens who should be registered but are currently not, as well as identifying electors who are no longer at a property and should therefore be removed from the register. A revised version of the electoral register must be published by 1 December, following the conclusion of the annual canvass. [...] Electoral statistics usually refer to a 1 December reference date each year. Providing electoral statistics for this date allows for the completion of the annual canvass by electoral registration officers each autumn. The annual canvass helps to keep electoral registers as accurate and as complete as possible. In response to the coronavirus (COVID-19) pandemic, the UK government amended the final date for the 2020 registers to be published, extending it from 1 December 2020 to February 2021. This allows local authority staff more time to complete their canvassing and maintain the accuracy of their registers, in light of practical consequences such as redeployed resourcing and social distancing.",False,False,True,insufficient-neutral,factcheckni
factcheckni_50,factcheckni_50,The Guardian claimed that journalism charity Full Fact is “the only UK member of” Facebook’s fact-checking programme.,The Guardian,FactCheckNI is another UK member of Facebook’s third party fact checking programme. The Guardian promptly corrected its article.,False,True,True,refutes,factcheckni
factcheckni_50_ret_b4_gn,factcheckni_50,The Guardian claimed that journalism charity Full Fact is “the only UK member of” Facebook’s fact-checking programme.,The Guardian,"Facebook started partnering with third-party fact-checkers in December 2016, in the wake of the US elections which saw disinformation widely strewn across the platform. Now Full Fact's team of six fact-checkers – who will work on Facebook alongside their other responsibilities – will be able to review stories, images and videos posted on Facebook and rate them as true, false or a blend of fact and inaccuracy. [...] It will be up to Full Fact, though, to choose what particular posts to assess, as Facebook will have no say on either what claims Full Fact reviews or the content of its fact-checks. ""Factchecking is slow, careful work — so realistically we're not going to be able to factcheck everything that appears on Facebook,"" Bamber explains. [...] This project will be funded by Facebook as part of the firm's third-party factchecking initiative. The funding, Bamber confirmed, will be dependent on how many pieces of content Full Fact checks. Facebook and Full Fact had previously collaborated on a one-off project in 2017, when Full Fact produced a decalogue of tips to spot ""fake news"" Facebook subsequently promoted on users’ newsfeeds.",False,False,True,insufficient-neutral,factcheckni
factcheckni_50_ret_bn_g1,factcheckni_50,The Guardian claimed that journalism charity Full Fact is “the only UK member of” Facebook’s fact-checking programme.,The Guardian,"FactCheckNI is another UK member of Facebook’s third party fact checking programme. The Guardian promptly corrected its article. [...] The article subheader and first paragraph states that Full Fact is the only UK member of the Facebook programme: [...] We contacted The Guardian to ask for this mistake to be corrected, and the online article text was amended, with the addendum: ""This article was amended on 30 July 2019. Full Fact were the first UK member of Facebook’s fact-checking programme, but is not the only such member as an earlier version said."" FactCheckNI is grateful for The Guardian’s prompt attention and action.",False,False,True,refutes,factcheckni
factcheckni_50_ret_bn_g2,factcheckni_50,The Guardian claimed that journalism charity Full Fact is “the only UK member of” Facebook’s fact-checking programme.,The Guardian,"Facebook’s fact-checking operation is launching in the UK, with the independent charity Full Fact selected to be the first British publisher to review and rate the accuracy of content on the social network. [...] Since its launch in the US, Facebook’s fact-checking programme has received mixed reviews. It has been praised for trying to tackle the spread of misinformation on the platform, and particularly for its decision to give fact-checkers’ findings real weight in its algorithmic promotion. However, it has been criticised for its unwillingness to pay for fact-checking, which relies on users to flag content to third parties, who then check the veracity of factual claims. [...] In the UK, Full Fact will initially be the sole fact-checking partner. Will Moy, the charity’s director, welcomed Facebook’s decision, saying: ""Fact-checking can take hours, days or weeks, so nobody has time to properly check everything they see online. But it’s important somebody’s doing it because online misinformation, at its worst, can seriously damage people’s safety or health.",False,False,True,supports,factcheckni
factcheckni_51,factcheckni_51,"Over 40,000 people in Northern Ireland are on the Housing Executive waiting list - with 30,000 of them in ‘housing stress’ - yet only around 2,000 social or affordable homes are built each year.",UUP,"The Ulster Unionist Party manifesto for the 2022 Assembly Election says: “Unfortunately, over 40,000 people in Northern Ireland are on the NI Housing Executive (NIHE) waiting list of whom 30,000 are in ‘housing stress’.",True,True,True,insufficient-supports,factcheckni
factcheckni_51_ret_b11_gn,factcheckni_51,"Over 40,000 people in Northern Ireland are on the Housing Executive waiting list - with 30,000 of them in ‘housing stress’ - yet only around 2,000 social or affordable homes are built each year.",UUP,"The number of people on social-housing waiting lists in Northern Ireland has risen by a tenth during the pandemic – over three times more quickly than in the preceding 12 months, according to new figures. By December 31st, 2020, the social-housing waiting list stood at 42,665, data released by the Northern Ireland Housing Executive (NIHE) following a freedom-of-information request shows. The waiting list on March 31st, 2020, before the full effects of the Covid-19 pandemic were known, was 38,745 – up 2.3 per cent from March 2019 and the highest number Northern Ireland had seen for years.",True,False,True,insufficient-supports,factcheckni
factcheckni_51_ret_bn_g0,factcheckni_51,"Over 40,000 people in Northern Ireland are on the Housing Executive waiting list - with 30,000 of them in ‘housing stress’ - yet only around 2,000 social or affordable homes are built each year.",UUP,"The Ulster Unionist Party manifesto for the 2022 Assembly Election says: ""Unfortunately, over 40,000 people in Northern Ireland are on the NI Housing Executive (NIHE) waiting list of whom 30,000 are in ‘housing stress’. [...] The claim about the number of social or affordable homes being built each year is harder to verify – but ‘around 2,000’ is not a terrible estimate. The Northern Ireland Housing Statistics 2020-21 state that some 43,971 people were on the Northern Ireland Housing Executive waiting list as of 31st March 2021 – and also that, of this cohort, 30,288 applicants are in ‘housing stress’.",True,False,True,insufficient-supports,factcheckni
factcheckni_52,factcheckni_52,There was a rock fall on the Antrim coast road on 9 August 2017.,Jim Owens,"This claim is inaccurate. The image is a cropped version of one published in a local American newspaper, reporting on a rock fall that took place in Lawrence County, Ohio, on 10 April 2015.",False,True,True,refutes,factcheckni
factcheckni_52_ret_b1_gn,factcheckni_52,There was a rock fall on the Antrim coast road on 9 August 2017.,Jim Owens,"Coast road’s rock falls are blamed on blasting... in 1842 [...] The crude blasting techniques used when the Antrim Coast Road was constructed in 1842 are combining with natural weathering processes to fracture the limestones and basalts along the clifftops of the iconic route, causing ""ravelling and rock falls"", Regional Development Minister Conor Murphy has said, Mr Murphy was commenting on a spate of rock falls that have dogged the Antrim Coast Road in recent months.",False,False,True,insufficient-neutral,factcheckni
factcheckni_52_ret_b2_gn,factcheckni_52,There was a rock fall on the Antrim coast road on 9 August 2017.,Jim Owens,Rock fall forces scenic Antrim coast road to close The Antrim coast road at Garron Point has been closed following a recent landslide that has seen the road completely blocked by a major rock fall [...] A major rock fall has closed the Antrim coast road.,False,False,True,supports,factcheckni
factcheckni_52_ret_b7_gn,factcheckni_52,There was a rock fall on the Antrim coast road on 9 August 2017.,Jim Owens,"Antrim Coast Road [edit]The Antrim Coast Road is regarded as one of the great tourist routes of the world.[3] This part of the road has seen a dramatic increase in traffic in recent years (in particular during warmer weather). It runs along the coast for about 25 miles (40 kilometres), from the Black Arch near Larne to the Red Arch near Cushendall, passing through the villages of Ballygalley, Glenarm, Carnlough and Waterfoot. Motorists, cyclists and pedestrians should pay due care and attention as there are currently no cycle lanes and footpaths are infrequent. [...] The Antrim Coast Road was completed in 1842 at a cost of £37,140 – some £12,000 over budget – much to the displeasure of the Commissioners. It then remained largely unchanged until the late 1960s. But there were frequent rockfalls because the geology of the Antrim Coast is Ulster White Limestone, greatly faulted and fissured, which bears a considerable overburden of basalt, also weathered and rotten near the surface.",False,False,True,insufficient-neutral,factcheckni
factcheckni_52_ret_bn_g0,factcheckni_52,There was a rock fall on the Antrim coast road on 9 August 2017.,Jim Owens,"On 9 August 2017, and then again on 9 August 2021, Jim Owens of Belfast published a Facebook post about a rock falling onto the Antrim coast road: [...] Many people commenting on the 2017 post took it at face value, some expressing their thankfulness that they habitually avoided the coast road with its failing rocks triangular warning signs and used the overland route instead. [...] The claim is false: this image is for a rock fall that happened in Ohio on 10 April 2015. There was no rock fall on the Antrim coast road reported elsewhere. The author of the claim appears to have recycled the image from another Facebook posting (and applied a crop to it). While many saw a humorous intent, some took the posting at face value. Using Google image search quickly revealed this image being published previously and in an authoritative context. Furthermore, the image published by a local newspaper does not appear to have been an altered version. Finally, the author of the original posting acknowledged that he created this piece of ""false news"".",False,False,True,refutes,factcheckni
factcheckni_53,factcheckni_53,About 2% of pregnancy terminations take place between 20 and 24 weeks.,Naomi Long,"This claim is accurate. In 2018, 1.8% of all abortions in Great Britain took place at gestations of 20 weeks and over; 1.7% of all abortions in England and Wales took place at gestations of 20 to 24 weeks.",True,True,True,supports,factcheckni
factcheckni_53_ret_b8_g10,factcheckni_53,About 2% of pregnancy terminations take place between 20 and 24 weeks.,Naomi Long,"- Norway: In 2005, 2.28% of induced abortions were performed between 13 and 16 weeks, 1.24% of abortions between 17 and 20 weeks, and 0.20% over 21 weeks.[29] Between February 15, 2010, and December 1, 2011, a total number of ten abortions were performed between 22 and 24 weeks. These have been declared illegal by The Norwegian Directorate of Health. Women who seek an abortion after the 12-week time limit must apply to a special medical assessment board – called an ""abortion board"" (Norwegian: abortnemnd or primærnemnd) – that will determine whether or not to grant them an abortion.[30] [...] 1.3% of abortions occur after 21 weeks of pregnancy in the US. Although it is very uncommon, women undergoing surgical abortion after this gestational age sometimes give birth to a fetus that may survive briefly.[55][56][57] The periviable period is considered to be between 20 and 25 weeks gestation.[58] Long-term survival is possible after 22 weeks.[59] However, odds of long-term survival between 22 and 23 weeks are 2–3 percent and odds of survival between 23 and 24 weeks are 20 percent.[60] ""Intact survival"", which means survival of a neonate without subsequent damage to organs such as the brain or bowel is 1% at 22 weeks and 13% at 23 weeks.[60] Survival odds increase with increasing gestational age.[60]",True,False,True,insufficient-refutes,factcheckni
factcheckni_53_ret_bn_g13,factcheckni_53,About 2% of pregnancy terminations take place between 20 and 24 weeks.,Naomi Long,"Termination of pregnancy in patients with previous cesarean section - PMID: 16472563 - DOI: 10.1016/j.contraception.2005.09.007 [...] Results: A total of 13 (26%) patients in Group 1 and 79 (39.1%) in Group 2 were at more than 24 weeks' gestation. The abortion failure rate was 2% (1/50) in Group 1 and 0.5% (1/202) in Group 2 (p = .28). The median induction-to-delivery interval was 8.5 h (range, 3.0-114.2 h) for Group 1 and 9.0 h (range, 1.3-124.3 h) in Group 2 (p = .26). One case of uterine rupture and one case of dehiscence were observed, both in women in Group 1. The incidence of hemorrhage was not significantly different between Group 1 and Group 2 (2% vs. 0.9%, respectively, p = .56). The incidence of retained placenta was higher in the Group 1 (70% vs. 52.5%, respectively, p = .025). [...] Induction of second trimester abortion (12-20 weeks) with mifepristone and misoprostol: a review of 386 consecutive cases.Contraception. 2006 May;73(5):516-9. doi: 10.1016/j.contraception.2005.12.004. Epub 2006 Feb 23. Contraception. 2006. PMID: 16627037 -",True,False,True,insufficient-neutral,factcheckni
factcheckni_53_ret_bn_g8,factcheckni_53,About 2% of pregnancy terminations take place between 20 and 24 weeks.,Naomi Long,"Clinical guidelines. Cervical preparation for surgical abortion from 20 to 24 weeks' gestation - PMID: 18342657 - DOI: 10.1016/j.contraception.2008.01.004 Clinical guidelines. Cervical preparation for surgical abortion from 20 to 24 weeks' gestation Although less than 2% of abortions in the United States occur after 20 weeks, procedures performed at more advanced gestations are associated with increased morbidity and mortality. Adequate cervical preparation before dilation and evacuation (D&E) at 20 or more weeks' gestation reduces procedural risk. However, few clinical trials have included sufficient information on best practices for cervical preparation in this gestational age range. For procedures at 20 or more weeks' gestation, at least 1 day of cervical preparation is recommended. Evidence is less clear that the procedure is faster or safer with the use of either serial dilation over more than 1 day or adjuvant misoprostol. Osmotic dilators are preferable to misoprostol, but there are insufficient data to support either laminaria or Dilapan as the preferred dilator. Fewer Dilapan are needed to gain the same amount of dilation as laminaria. The Society of Family Planning recommends preoperative cervical preparation before D&E between 20 and 24 weeks. Further studies are needed to clarify the best means to prepare the cervix to minimize abortion complications and improve outcome in this gestational age range.",True,False,True,supports,factcheckni
factcheckni_53_ret_bn_g9,factcheckni_53,About 2% of pregnancy terminations take place between 20 and 24 weeks.,Naomi Long,"According to the Centers for Disease Control and Prevention (CDC), of the 652,639 abortions reported to the agency in 2014, 91.5% were performed at or under 13 weeks' gestation, 7.2% were performed between 14 and 20 weeks' gestation, and 1.3% were performed at or over 21 weeks' gestation.3 These statistics align with data collected by the Guttmacher Institute (Guttmacher), which found that in 2013, 1.3% of abortions were performed at or over 21 weeks' gestation.4 According to Guttmacher, approximately 926,200 abortions were performed in 2014.5 A 2018 National Academy of Sciences, Engineering, and Medicine (NAS) study found that most women who have abortions are unmarried (86%), poor or low-income (75%), under age 30 (72%), and women of color (61%).6 [...] According to a study published in 2014, almost all U.S. abortion facilities (95%) in 2012 offered abortions at 8 weeks' gestation, 72% offered abortions at 12 weeks, 34% at 20 weeks, and 16% at 24 weeks.48 The authors surveyed all known abortion-providing facilities in the United States. A total of 1,720 abortion facilities participated in this study: 453 were located in the Northeast, 737 in the West, 357 in the South, and 173 in the Midwest.49",True,False,True,insufficient-supports,factcheckni
factcheckni_54,factcheckni_54,CLAIM: There have been just 113 COVID-19 deaths in all in Northern Ireland.,Dee Brotherston,"Daily. Northern Ireland’s Department of Health (DoH) publishes a daily figure for deaths reported in the 24 hours up to 10am the previous day. Deaths are attributed as “COVID-19 deaths” in the DoH’s figures if the person had a positive test for COVID-19 within the previous 28 days. This measure is now broadly consistent across the UK and allows regional comparisons to be made. The Deaths Summary pane of the DoH dashboard shows that exactly 2,000 COVID-19 deaths had been reported by 10am on 15 February 2021. Weekly. NISRA publishes weekly figures, based on COVID-19 being mentioned on death certificates (with or without a positive test). Unlike the DoH figures, NISRA’s weekly statistics include deaths of people who did not have a positive test at the time of death. NISRA’s figures will include people whose certifying doctor notes COVID-19 symptoms, but died of a different primary cause once further analysis is conducted. From the start of the pandemic until 5 February 2021, NISRA’s weekly figures show that there were 2,574 deaths registered mentioning COVID-19 on the death certificate. Quarterly. The Registrar General Quarterly Report is published by NISRA, in line with other UK statistical agencies, and categorises deaths by cause. The primary cause of death is precisely coded against the ICD-10 international model. These are the most accurate, but the slowest to produce, of these three sets of figures for COVID-19 deaths. During the first nine months of 2020, NISRA’s quarterly figures explain that there were 808 deaths where COVID-19 was the underlying cause (information accurate on 18 November 2020).",False,True,True,refutes,factcheckni
factcheckni_54_ret_b0_g0,factcheckni_54,CLAIM: There have been just 113 COVID-19 deaths in all in Northern Ireland.,Dee Brotherston,"A Facebook post shared 100 times in less than a day claims that there have been ""113 covid deaths in all of Northern Ireland since the start of the ‘pandemic’"". [...] To claim that just over a hundred people have died from COVID-19 in Northern Ireland ignores and/or misunderstands comorbidity and causes of death. It is important to ask: What is comorbidity? How are COVID-19 deaths measured? How can we understand these statistics better? [...] The ""113 covid deaths in all of Northern Ireland"" figure in the Facebook claim is contradicted by all these statistics.",False,False,True,insufficient-neutral,factcheckni
factcheckni_54_ret_b12_gn,factcheckni_54,CLAIM: There have been just 113 COVID-19 deaths in all in Northern Ireland.,Dee Brotherston,"- 15 July – The Northern Ireland Statistics and Research Agency (NISRA) publishes a postcode breakdown of COVID-19 deaths in Northern Ireland; the data indicates the BT4 area of East Belfast, including parts of the Upper Newtownards Road, Holywood Road and Sydenham to have had to largest number of deaths at 36.[53] [...] - Official figures show that COVID-19 deaths were the second most common deaths in Northern Ireland between 1 April and 30 June, with 4,684 deaths registered during that time, 732 of them COVID related.[117] [...] - 6 November – - The number of COVID deaths in Northern Ireland surpasses 1,000, standing at 1,053.[203]",False,False,True,refutes,factcheckni
factcheckni_54_ret_b17_gn,factcheckni_54,CLAIM: There have been just 113 COVID-19 deaths in all in Northern Ireland.,Dee Brotherston,"The first case of Covid-19 in Northern Ireland was diagnosed in a woman on 27 February 2020. [...] By contrast, in the week ending 18 December, there were a total of 1,649 Covid-19-related deaths recorded by the Northern Ireland Statistics & Research Agency (Nisra). [...] At the end of May, Nisra revealed that nursing home residents had accounted for more than half of Covid-19-related deaths in Northern Ireland.",False,False,True,refutes,factcheckni
factcheckni_54_ret_b18_gn,factcheckni_54,CLAIM: There have been just 113 COVID-19 deaths in all in Northern Ireland.,Dee Brotherston,"The Northern Ireland Statistics and Research Agency (Nisra) counts the number of death certificates that mention Covid-19, regardless of whether that person had a test for the virus. This is usually published on Friday mornings. [...] In Northern Ireland, out of every 60 positive Covid cases, we can expect one person to die. [...] Of the 834 people in Northern Ireland's hospital with Covid, 62 are in intensive care.",False,False,True,insufficient-neutral,factcheckni
factcheckni_58,factcheckni_58,"A third of young people from Northern Ireland who go to university travel outside Northern Ireland, mainly to the North West of England and Scotland, and only a third of those who graduate return back home.",Brian Smyth,The claim that “a third of young people from Northern Ireland who go to university travel outside Northern Ireland” is closer to a quarter.,True,True,True,refutes,factcheckni
factcheckni_58_ret_b10_gn,factcheckni_58,"A third of young people from Northern Ireland who go to university travel outside Northern Ireland, mainly to the North West of England and Scotland, and only a third of those who graduate return back home.",Brian Smyth,Third of NI students leave for universities elsewhere Over a third of students from Northern Ireland began their degree at a university elsewhere in the UK last year. [...] Previous figures have shown that fewer than a third return home to work after graduation.,True,False,True,supports,factcheckni
factcheckni_58_ret_b1_gn,factcheckni_58,"A third of young people from Northern Ireland who go to university travel outside Northern Ireland, mainly to the North West of England and Scotland, and only a third of those who graduate return back home.",Brian Smyth,"Northern Ireland graduates: Only a third return home - Published - comments Only a third of students from Northern Ireland who graduated in England, Scotland or Wales in 2017 returned home to work. [...] Only 34% of those who had graduated from universities elsewhere in the UK in that year returned to Northern Ireland to work.",True,False,True,insufficient-supports,factcheckni
factcheckni_58_ret_bn_g0,factcheckni_58,"A third of young people from Northern Ireland who go to university travel outside Northern Ireland, mainly to the North West of England and Scotland, and only a third of those who graduate return back home.",Brian Smyth,"The claim that ""a third of young people from Northern Ireland who go to university travel outside Northern Ireland"" is closer to a quarter. On 11 March 2018, Brian Smyth claimed that ""…a third of young people from Northern Ireland who go to university travel outside NI, mainly to the North West of England and Scotland, and only a third of those who graduate return back home."" [...] We found that Brian Smyth’s claim that ""…a third of young people from Northern Ireland who go to university travel outside Northern Ireland, mainly to the North West of England and Scotland, and only a third of those who graduate return back home"" was generally factually accurate. The Department of Economy statistics suggest that the figure for those leaving Northern Ireland for Great Britain institutions is closer to 26.9%; it is closer to a third for those enrolled full-time. After graduation, the Destinations of Leavers from Higher Education survey indicates that 33.1% of Northern Irish students returned home to work.",True,False,True,supports,factcheckni
factcheckni_59_ret_b12_gn,factcheckni_59,Northern Ireland is the only part of Europe that does not have climate change legislation.,John Barry,The protocol does that by keeping Northern Ireland in the EU's single market for goods and by having Northern Ireland apply EU customs rules at its ports. [...] But only Northern Ireland firms will avoid new regulatory checks because they will still be following EU single market rules. Northern Ireland may also be able to mitigate disruption at the English Channel ports in a way other parts of the UK cannot.,True,False,True,insufficient-neutral,factcheckni
factcheckni_59_ret_bn_g12,factcheckni_59,Northern Ireland is the only part of Europe that does not have climate change legislation.,John Barry,"7. To date, Northern Ireland is the only part of the United Kingdom and Ireland without specific Climate Change legislation setting out a pathway for the reduction of greenhouse gas emissions. [...] - Establish a system of Carbon Budgeting - Place a responsibility on local authorities to produce Climate Change Action Plans every 5 years 46. There is presently no specific Climate Change legislation in NI. However, as part of the 2020 New Decade, New Approach agreement, the NI Executive made a commitment to bring forward a Climate Change Act to give environmental targets a strong legal underpinning, as well as developing a new Energy Strategy and reviewing policies in light of the Paris Agreement. [...] 152. FSB welcome Climate Change legislation for NI and highlighted that a recent survey revealed that small local businesses desire policy certainty regarding their climate obligations. The important role that these enterprises can play with regards reducing emissions and facilitating green innovation was discussed and that there is an opportunity for business growth in the transition towards a green economy.",True,False,True,supports,factcheckni
factcheckni_6,factcheckni_6,The murder rate in Belfast was sixth highest in a list of cities in Europe (according to 2010 data).,maps4u,"Available data shows other cities with higher homicide rates. Data for some other cities was not and is not published. By any reasonable definition, homicide rates in Belfast are not among the highest in Europe today.",False,True,True,refutes,factcheckni
factcheckni_6_ret_b12_gn,factcheckni_6,The murder rate in Belfast was sixth highest in a list of cities in Europe (according to 2010 data).,maps4u,"Northern Ireland has the second highest rate (0.53) of female intentional homicide victims by intimate partner, per 100,000 inhabitants, in Western Europe, as defined by WEOG (given the lack of definition of ""Western Europe"") and the regions covered by the data published by Eurostat. On 20 November 2019, Sorcha Eastwood, Alliance Party Westminster candidate for Lagan Valley, stated: ""Northern Ireland has the highest rate of femicide in Western Europe per 100,000 in the population."" [...] The femicide rate was highest in Finland (0.61). Northern Ireland had the second highest femicide rate in Western Europe, as defined by WEOG and the regions covered by the 2017 data published by Eurostat.",False,False,True,insufficient-neutral,factcheckni
factcheckni_6_ret_b17_gn,factcheckni_6,The murder rate in Belfast was sixth highest in a list of cities in Europe (according to 2010 data).,maps4u,"6. Belfast, Northern Ireland (3.3 homicides per 100,000 people) Belfast is the largest city in Northern Ireland, which is part of the United Kingdom. In 2010, Belfast reported a homicide rate of 3.3, which was calculated from nine murders, given Belfast's relatively small population of around 286,000. This crime rate, however, is part of a trend that shows a decreasing rate of homicide in Northern Ireland. During ""the Troubles"" of the 1970s and 80s, the crime rate in Northern Ireland was closer to 31 per 100,000, which is similar to the homicide rate that could be found in Colombia or South Africa during the early 2010s.",False,False,True,insufficient-supports,factcheckni
factcheckni_6_ret_b18_gn,factcheckni_6,The murder rate in Belfast was sixth highest in a list of cities in Europe (according to 2010 data).,maps4u,"Belfast has the highest death rate in NI: survey Belfast has recorded the highest death rate for Northern Ireland, new data has revealed. The city had 1,139.3 deaths per 100,000 - 156.8 above the UK average of 982.5.",False,False,True,insufficient-neutral,factcheckni
factcheckni_6_ret_b3_g0,factcheckni_6,The murder rate in Belfast was sixth highest in a list of cities in Europe (according to 2010 data).,maps4u,"A graphic that is being shared on social media compares murder rates between American and European cities. Belfast is ranked sixth in the list of cities in Europe, with a rate of 3.3 murders per year, per 100,000 people. These figures are based on 2010 data. But how accurate and inclusive are the figures included in this claim? [...] We also discovered gaps in the reporting of cities in the UK and Ireland. For 2010, the UNODC report just shows homicide rates for the largest regional cities: Belfast (2.8), Glasgow (4.3), London (1.6), and Dublin (2.0). However, data does exist for other cities in these regions. [...] It is inaccurate to say that Belfast was the sixth highest in murder (homicide) rate for a European city in 2010. The UNODC data placed it 17th that year, and this source of information represents a selection of European cities; there are non listed cities with rates higher than Belfast’s.",False,False,True,refutes,factcheckni
factcheckni_60,factcheckni_60,"The last man to attack the US Capitol, prior to the events on 6 January 2021, was a British Army Major General from Northern Ireland, in 1814.",Ralph Hewitt,"This claim is inaccurate. Since the burning of the US Capitol in August 1814, during the War of 1812, there have been four notable further attacks before this year’s incident: Erich Muenter exploded three sticks of dynamite in the US Senate reception room (1915); Puerto Rican nationalists opened fire from the US House of Representatives visitors’ gallery (1954); the Weather Underground group exploded a bomb (1971); and seven people were arrested for causing an explosion in the US Senate (1983).",False,True,True,refutes,factcheckni
factcheckni_60_ret_b2_gn,factcheckni_60,"The last man to attack the US Capitol, prior to the events on 6 January 2021, was a British Army Major General from Northern Ireland, in 1814.",Ralph Hewitt,"- Duignan, Brian (August 4, 2021). ""January 6 U.S. Capitol attack"". Encyclopædia Britannica. Archived from the original on January 17, 2023. Retrieved September 22, 2021. [...] - Holpuch, Amanda (January 6, 2021). ""US Capitol's last breach was more than 200 years ago"". The Guardian. Archived from the original on January 11, 2021. Retrieved January 24, 2021. [...] The attack, which some historians called the most severe assault on the Capitol since the British sacked the building in 1814 - Holpuch, Amanda (January 6, 2021). ""US Capitol's last breach was more than 200 years ago"". The Guardian. Archived from the original on January 11, 2021. Retrieved January 24, 2021.",False,False,True,insufficient-supports,factcheckni
factcheckni_60_ret_bn_g0,factcheckni_60,"The last man to attack the US Capitol, prior to the events on 6 January 2021, was a British Army Major General from Northern Ireland, in 1814.",Ralph Hewitt,"The Belfast Telegraph published an article that claimed the last time the US Capitol was attacked was during the War of 1812: ""Robert Ross … from Rostrevor in Co Down, will always be remembered as the man who burned down the White House in 1814."" The US Capitol comprises the buildings that house both the US House of Representatives and the US Senate. But was Robert Ross really the ""last man to attack the US Capitol?"" We reviewed incidents of the US Capitol buildings being attacked. [...] There have been four notable attacks on the US Capitol in-between Robert Ross and the incident on 6 January 2021. While Major General Robert Ross in 1814 was the last foreign attacker, Linda Evans and Laura Whitehorn were among the most recent attackers in 1983.",False,False,True,refutes,factcheckni
factcheckni_60_ret_bn_g15,factcheckni_60,"The last man to attack the US Capitol, prior to the events on 6 January 2021, was a British Army Major General from Northern Ireland, in 1814.",Ralph Hewitt,"In August 1814, British forces occupying the Chesapeake Bay began to sail up the Patuxent River in Maryland. Fearing an attack on the capital, Secretary of State James Monroe offered to scout the British position and report back to President James Madison. Monroe, accompanied by cavalry, left Washington and rode into southern Maryland.",False,False,True,insufficient-neutral,factcheckni
factcheckni_60_ret_bn_g8,factcheckni_60,"The last man to attack the US Capitol, prior to the events on 6 January 2021, was a British Army Major General from Northern Ireland, in 1814.",Ralph Hewitt,"On 24 August 1814, British troops under the command of Major-General Robert Ross captured the city of Washington and set fire to its public buildings, including the Capitol building and the White House. The events happened during the war of 1812, fought between British and American forces at sea and on land in America and Canada. America had declared war on Great Britain on 27 June 1812, citing four key reasons: trade restrictions and blockades imposed during the Napoleonic Wars, the impressment into the Royal Navy of British seamen serving on American ships, British defence of the Native American tribes against American expansion and territorial claims into part of modern day Canada that had not been sufficiently addressed following the American Wars of Independence and the signing of the Treaty of Paris in 1783 (FO 93/8/2). [...] On 18 July 1814 Lord Bathurst, the British Foreign Secretary, sent the following orders to Major-General Robert Ross: [...] On 30 August 1814, Major-General Robert Ross, on board HMS Tonnant, in the Patuxent river, wrote to the Earl of Bathurst, the British Foreign Secretary, announcing the capture of Washington ‘My Lord, I have the honour to communicate to your Lordship that on the night of the 24 instant, after defeating the army of the United States on that day, the troops under my command entered and took possession of the city of Washington.",False,False,True,insufficient-neutral,factcheckni
factcheckni_61,factcheckni_61,Vegans cannot take COVID-19 vaccines because they contain animal products.,Radio caller,The claim is not accurate. No COVID-19 vaccine currently in use contains animal products.,False,True,True,refutes,factcheckni
factcheckni_61_ret_b10_gn,factcheckni_61,Vegans cannot take COVID-19 vaccines because they contain animal products.,Radio caller,"COVID-19 Vaccines: My Message To Vegans [...] Are COVID-19 vaccines vegan? Whether or not COVID-19 vaccines are vegan depends on how you define veganism. If you define veganism as zero use of animals, or animal products, they are not vegan. If you define veganism as philosophy that excludes animal exploitation ""as far as possible and practical"", like the Vegan Society, then the answer is fuzzier.",False,False,True,insufficient-neutral,factcheckni
factcheckni_61_ret_b18_gn,factcheckni_61,Vegans cannot take COVID-19 vaccines because they contain animal products.,Radio caller,"Many people have been waiting for a COVID vaccine that is both ethical and doesn’t contain animal ingredients. Clinical trials for vaccines involve human volunteers, but before they reach that stage, their safety and efficacy must be tested on animals, per the FDA as well as guidelines worldwide. So, there’s still no such thing as a vegan COVID vaccine. And, yes, you should still get vaccinated. Any vaccination is better than none. But don’t take my word for it. The scientific community is unanimous in recommending adults and eligible children to be fully vaccinated—and in some cases boosted—for the best protection against COVID-19 symptoms and spread. [...] Plant-based vaccines are still a new innovation. In fact, the plant-based coronavirus vaccine is the first of its kind. While Covifenz is plant-based, per regulations surrounding vaccines, it is tested on animals. (Vaccine trials for COVID-19 have relied on research on mice, hamsters, and nonhuman primates.) In other words, it’s not a vegan vaccine. ""Plant-based"" just refers to how the shots are made. So, how do they differ from other kinds of vaccines?",False,False,True,insufficient-refutes,factcheckni
factcheckni_61_ret_b5_gn,factcheckni_61,Vegans cannot take COVID-19 vaccines because they contain animal products.,Radio caller,"It has never been more important for us to talk about the definition of veganism in the context of medications, including vaccines. The definition of veganism recognises that it is not always possible or practicable for vegans to avoid participating in animal use, which is particularly relevant to medical situations. In the case of Covid-19, vaccination is playing a fundamental role in tackling the pandemic and saving lives. As there is currently a legal requirement that all vaccines are tested on animals, at this point in time it is impossible to have a vaccine that has been created without animal use. [...] However, the Vegan Society encourages vegans to look after their health and that of others in order to continue to be effective advocates for veganism and other animals. It is the responsibility of each individual to make an informed decision about vaccines, bearing in mind the definition of veganism, with support from their local healthcare team. Our friends at the Vegetarian Society have summarised the government and manufacturer information on the Covid -19 vaccination into some key points.",False,False,True,insufficient-contradictory,factcheckni
factcheckni_61_ret_bn_g14,factcheckni_61,Vegans cannot take COVID-19 vaccines because they contain animal products.,Radio caller,"Vegandale organizers did not respond to a request for comment, but their policy reflects a long-standing argument within the vegan community over the ethics of vaccinations, with a vocal group denouncing them as non-vegan due to animal testing and because some vaccines contain animal byproducts. That includes voices from conspiracy theorists like German vegan cookbook author Atilla Hildmann. In fact, in England, vegans are considered by law as a protected class, afforded the same exceptions as those who say religion prohibits them from certain practices, including vaccinations. That’s led some U.K. anti-vaxxers to feign veganism as a strategy to avoid a jab. None of the three U.S.-approved COVID-19 vaccines contain animal products, though laws require animal testing before medications reach the market. Animal rights activists and proponents of veganism at PETA have advised vegans to get vaccinated, as there is no better option right now and staying healthy is the best path in continuing to support animal rights. Though breakthrough cases are possible, health experts point to data revealing that vaccines reduce the risk of severe illness, hospitalization, and death by roughly 90 percent, even as the more contagious delta variant wreaks havoc across the nation. [...] ""As far as the vaccine not being vegan?"" he says. ""If there’s a better option, let me know.""",False,False,True,insufficient-refutes,factcheckni
factcheckni_63,factcheckni_63,77% of working mothers endure some kind of discrimination.,Joeli Brearley,"This claim is inaccurate. It is correct for mothers in Great Britain (England, Scotland and Wales) but the statistic stated on BBC Radio Ulster does not apply to women in Northern Ireland.",False,True,True,refutes,factcheckni
factcheckni_63_ret_b0_gn,factcheckni_63,77% of working mothers endure some kind of discrimination.,Joeli Brearley,"77% of working mothers discriminated against [...] The comprehensive research, carried out in partnership with the Department for Business, Innovation and Skills, shows despite 77% of working mothers reporting potentially discriminatory or negative experiences, only around a quarter (28%) raised the issue with their employer, only 3% went through their employer’s internal grievance procedure, and less than 1% pursued a claim to the employment tribunal. [...] Caroline Waters, Deputy Chair of the Equality and Human Rights Commission said: ""We simply cannot ignore the true scale of the hidden discrimination that working mothers face. This is unacceptable in modern Britain, and urgent action is needed to ensure women are able to challenge discrimination and unfairness. This is why we are calling on Government to look at the barriers working pregnant women and mothers face in accessing justice.",False,False,True,supports,factcheckni
factcheckni_63_ret_b1_gn,factcheckni_63,77% of working mothers endure some kind of discrimination.,Joeli Brearley,"However, women here do report having felt discriminated in the workplace due to being pregnant or a mother: 36% of mothers report feeling they were treated unfairly, and 50% of mothers believing their career opportunities are worse than before pregnancy. On 15 August 2016, while speaking on the BBC Radio Ulster programme Talk Back, Joeli Brearley (Pregnant then Screwed contributor) claimed that ""77% of working mothers endure some kind of discrimination"". The debate surrounding this statistic refers to an Equality and Human Rights Commission (Great Britain) report, which to be exact, stated: ""Three in four mothers (77%) said they had a negative or possibly discriminatory experience during pregnancy; maternity leave; and on their return from maternity leave."" [...] The aforementioned report applies to Great Britain (Scotland, Wales and England) and does not include Northern Ireland in its findings. Furthermore, this is the rate among women who report a wide range of negative experiences when surveyed. It is important to draw a distinction between cases of legal discrimination that have been brought forward and ruled upon by a tribunal, and complaints that range all the way from illegal dismissal, to unwanted comments from colleagues. 22% of mothers raised the issue, either formally or informally, with their employer.",False,False,True,insufficient-contradictory,factcheckni
factcheckni_63_ret_b2_gn,factcheckni_63,77% of working mothers endure some kind of discrimination.,Joeli Brearley,"More than 70% of working mothers have experienced pregnancy or maternity-related discrimination, a new report has shown. [...] Of the 77% of mums who reported discrimination, only 3% went through their employer's internal grievance procedure and less than 1% pursued a claim to the employment tribunal. [...] ""We simply cannot ignore the true scale of the hidden discrimination that working mothers face,"" Caroline Waters, deputy chair of the Equality and Human Rights Commission said.",False,False,True,supports,factcheckni
factcheckni_63_ret_bn_g4,factcheckni_63,77% of working mothers endure some kind of discrimination.,Joeli Brearley,"Saying the gender pay gap is a result of women making positive choices, rejects the idea that discrimination towards mothers exists. With 54,000 women a year losing their jobs for getting pregnant and 77% of working mums saying they have endured some kind of discrimination in the workplace, we now know that this is a massive issue, with women having their careers snatched away from them when they become mothers. We also know that this type of discrimination affects women before they get pregnant, with 40% of managers saying they would avoid hiring a women of childbearing age. Women are being discriminated against just because they have a uterus. That doesn’t sound like a positive choice to me.",False,False,True,supports,factcheckni
factcheckni_65,factcheckni_65,Northern Ireland is one of the least expensive places in the UK for childcare.,Penfold,"A survey from pensions firm Penfold suggests that the average daily rate for childcare in NI is lower than most of the UK The company stated that Northern Ireland is therefore one of the cheapest regions without taking into account other factors England, Scotland and Wales have significant government-funded childcare options that aren’t available here – and local wages are also relatively low",False,True,True,supports,factcheckni
factcheckni_65_ret_b0_g0,factcheckni_65,Northern Ireland is one of the least expensive places in the UK for childcare.,Penfold,"""Northern Ireland has been named as one of the cheapest regions in the UK for childcare costs according to a new study"" [...] And, while it is not mentioned in their online study, Penfold’s press release sent to media in NI said that ""Northern Ireland is one of cheapest [places to have a child, with regards to childcare]."" [...] However, that does not mean that NI’s childcare is amongst the cheapest in the UK for parents and guardians, because this fails to take into account the wider help that is available, and the fact that the economic context in each country is different. Wages in Northern Ireland are relatively low, compared with other parts of the UK.",False,False,True,insufficient-contradictory,factcheckni
factcheckni_65_ret_b16_gn,factcheckni_65,Northern Ireland is one of the least expensive places in the UK for childcare.,Penfold,"While you might assume that London is the least affordable place to live in the UK, it's actually Winchester in Hampshire that's been rated as most expensive in comparison to the average salary in the area. In fact, London doesn't even make it into the top five least affordable UK cities. On the other end of the scale, Derry in Northern Ireland has been highlighted as the most affordable city when you weigh up wage and house prices. So without further ado, here are the full lists...",False,False,True,insufficient-neutral,factcheckni
factcheckni_65_ret_bn_g19,factcheckni_65,Northern Ireland is one of the least expensive places in the UK for childcare.,Penfold,"The childcare system in Northern Ireland has reached a breaking point – for parents and for early learning and childcare providers. Early learning and childcare is not affordable for families. The last Northern Ireland Childcare Survey (2023) found the cost of a full–time childcare place is now over £10,000 per year – for 41% of families, childcare is their largest monthly outgoing ahead of their mortgage or rent. For some families, paying for childcare is leading to household debt, with 56% using means other than their income to pay for childcare, including savings, credit cards and loans. [...] Northern Ireland requires a bespoke funding model for the sector to better meet the needs of all families but with a focus on disadvantaged children. While the recent announcement by the Education Minister of a package of support for early learning and childcare, including a new Northern Ireland Childcare Subsidy scheme, is a welcome interim measure, it is initially focused only on supporting eligible working parents of children under school age. The detail of how the scheme will be rolled out and further information around eligibility, is still to be confirmed.",False,False,True,refutes,factcheckni
factcheckni_66,factcheckni_66,Children who take a COVID-19 vaccine 52 times more likely to suffer an early death.,The Exposé website,Data does not support this claim. Deaths of children after vaccination are too rare to inform reliable estimates. A temporary increase is possible because children with significant pre-existing health problems received vaccines before their peers.,False,True,True,refutes,factcheckni
factcheckni_66_ret_b0_gn,factcheckni_66,Children who take a COVID-19 vaccine 52 times more likely to suffer an early death.,The Exposé website,"Data does not support this claim. Deaths of children after vaccination are too rare to inform reliable estimates. A temporary increase is possible because children with significant pre-existing health problems received vaccines before their peers. A website claimed that the Pfizer COVID-19 vaccine ""increases children’s risk of death by 5100% according to the Office for National Statistics"". [...] Younger children already dealing with significant health problems, and thus already at greater risk of an early death, were prioritised for vaccination and were therefore over-represented in this sample, when compared with the general population.",False,False,True,refutes,factcheckni
factcheckni_66_ret_b1_gn,factcheckni_66,Children who take a COVID-19 vaccine 52 times more likely to suffer an early death.,The Exposé website,"Kids ‘50 times more likely to be killed’ by COVID-19 vaccines? Pants on Fire [...] A viral image claimed that ""children are 50 times more likely to be killed by"" COVID-19 vaccines than by the virus itself. [...] Maldita.es, ""The false or non-evidence claims of Mike Yeadon's video saying that children are 50 times more likely to die from the COVID-19 vaccine than from the virus,"" Aug. 31, 2021",False,False,True,insufficient-refutes,factcheckni
factcheckni_66_ret_b2_gn,factcheckni_66,Children who take a COVID-19 vaccine 52 times more likely to suffer an early death.,The Exposé website,"The headline of a Jan. 29 blog post by The Daily Exposé claims: ""Official data shows children are up to 52 times more likely to die following COVID-19 vaccination than unvaccinated children & the (Office of National Statistics) is trying to hide it."" [...] The Daily Exposé attempted to do its own mortality rate calculations and claimed children are up to 52 times more likely to die following COVID-19 vaccination than unvaccinated children. [...] The Expose, ""Official Data shows Children are up to 52 times more likely to die following COVID-19 Vaccination than Unvaccinated Children & the ONS is trying to hide it,"" Jan. 29, 2022",False,False,True,insufficient-supports,factcheckni
factcheckni_66_ret_b3_gn,factcheckni_66,Children who take a COVID-19 vaccine 52 times more likely to suffer an early death.,The Exposé website,"The headline of a July 27 blog post by The Daily Exposé claims: ""SHOCKING: U.K. government admits COVID vaccinated children are 4,423% more likely to die of any cause & 13,633% more likely to die of COVID-19 than unvaccinated children."" [...] A blog post said that in England, ""COVID-19 vaccinated children are 4,423% more likely to die of any cause and 13,633% more likely to die of COVID-19 than unvaccinated children."" [...] The Exposé, ""SHOCKING: UK Government admits COVID Vaccinated Children are 4423% more likely to die of any cause & 13,633% more likely to die of COVID-19 than Unvaccinated Children,"" July 27, 2022",False,False,True,insufficient-contradictory,factcheckni
factcheckni_67_ret_b10_g1,factcheckni_67,All taxis can use bus lanes in many cities in Ireland and the UK.,Paul Maskey,"Bus lanes are shown by road markings and signs that indicate which (if any) other vehicles are permitted to use the bus lane. In Belfast city centre the legislation allows permitted taxis, motorcycles and bicycles to use bus lanes. [...] Bus lane signs show the times when they operate. Most bus lanes operate at peak times only (typically 7.30am to 9.30am or 3.30pm to 6.00pm on Monday to Friday). Outside the hours of operation the lanes can be used by all traffic. The legislation for most bus lanes allows permitted taxis, motorcycles and bicycles to use bus lanes.",True,False,True,insufficient-supports,factcheckni
factcheckni_67_ret_b18_g6,factcheckni_67,All taxis can use bus lanes in many cities in Ireland and the UK.,Paul Maskey,"National taxi association SUPPORTS all PHVs using bus lanes, but cabbies disagree [...] In most cities in the UK, only public taxis can use bus lanes, while PHVs are not allowed. This is because public taxis are considered to provide a public service similar to buses, while PHVs are seen as private cars. Public taxis also have stricter licensing and safety standards than PHVs, and they are subject to metered fares regulated by local authorities. [...] However, there are some exceptions to this rule. In Ireland, both public taxis and PHVs can use bus lanes, as long as they are operating as small public service vehicles (SPSVs). In Northern Ireland, only public taxis and wheelchair-accessible PHVs can use bus lanes. In some UK cities, such as Cardiff, Coventry, Glasgow, Liverpool, Nottingham and Sheffield, PHVs can also use bus lanes under certain conditions or on specific routes.",True,False,True,insufficient-contradictory,factcheckni
factcheckni_68,factcheckni_68,A British Army veteran who served in Northern Ireland during the Troubles is 54 times more likely than a Republican or Loyalist paramilitary to be prosecuted for alleged offences pre-dating the 1998 Belfast Agreement.,McCue and Partners,This claim is not accurate. Prosecutions to date suggest that ex-British Army personnel have been the subject of cases five times more than Republican and Loyalist suspects. The cited ratio of 54 times “more likely” was based on a snapshot of live prosecutions and takes no account of previous cases.,False,True,True,refutes,factcheckni
factcheckni_68_ret_b7_gn,factcheckni_68,A British Army veteran who served in Northern Ireland during the Troubles is 54 times more likely than a Republican or Loyalist paramilitary to be prosecuted for alleged offences pre-dating the 1998 Belfast Agreement.,McCue and Partners,"Edward Burke’s new book examines the story of British army soldiers who served in Northern Ireland during the Troubles. [...] More than 40 years on, many of those who served with the British army are angry about, or fear the possibility of prosecution for actions taken on the streets and fields in Northern Ireland when they were young men. Pressed by some right-wing Conservative MPs and the DUP, the British government is considering whether to impose a statute of limitation on the prosecution of soldiers for crimes allegedly committed during service there.",False,False,True,insufficient-neutral,factcheckni
factcheckni_68_ret_bn_g15,factcheckni_68,A British Army veteran who served in Northern Ireland during the Troubles is 54 times more likely than a Republican or Loyalist paramilitary to be prosecuted for alleged offences pre-dating the 1998 Belfast Agreement.,McCue and Partners,"Victims condemn Northern Ireland Troubles prosecutions call - Published [...] NI's Attorney General John Larkin said there should be an end to investigations into killings before the 1998 Good Friday Agreement. [...] Mr Larkin told the BBC: ""More than 15 years have passed since the Belfast Agreement, there have been very few prosecutions, and every competent criminal lawyer will tell you the prospects of conviction diminish, perhaps exponentially, with each passing year, so we are in a position now where I think we have to take stock.",False,False,True,insufficient-neutral,factcheckni
factcheckni_68_ret_bn_g7,factcheckni_68,A British Army veteran who served in Northern Ireland during the Troubles is 54 times more likely than a Republican or Loyalist paramilitary to be prosecuted for alleged offences pre-dating the 1998 Belfast Agreement.,McCue and Partners,"The issue of prosecuting former British soldiers who served in Northern Ireland during the [...] Most recently, in February 2024, the PPS announced that four British Army veterans would be prosecuted for murder or attempted murder in two incidents that occurred in Belfast in May 1972. [...] Crisp, ""Four More Troubles Veterans Prosecuted as Cases ‘Rushed Through’ Before Amnesty Deadline,"" Telegraph,",False,False,True,insufficient-neutral,factcheckni
factcheckni_73_ret_b14_gn,factcheckni_73,Business rates on Main Street in Larne are the same as Regent Street in London.,Colin Neill,"Business rates are charged on all commercial buildings in the same way as council tax is charged for a home. However, the rates are calculated through the value and rent of the properties in 2008.",False,False,True,insufficient-neutral,factcheckni
factcheckni_73_ret_b2_gn,factcheckni_73,Business rates on Main Street in Larne are the same as Regent Street in London.,Colin Neill,"A SMALL business trading from modest premises in a town like Larne can expect to pay up to three times more in rates than if operating in London, a new report claims. [...] Larne businessmen Tom and Paul McMullan are now demanding that the NI Affairs Select Committee at Westminster conducts an inquiry into business rates in Northern Ireland and have lobbied MP Sammy Wilson in support of their campaign over ""ridiculously high"" rates, which also has the backing of industry bodies like Retail NI and Hospitality. [...] ""So at the £5,000 and £12,000 NAV data points, the London business escapes all liability for business rates while on the other hand the Larne business will have to pay a rates bill of £2,402 and £6,149 respectively.",False,False,True,insufficient-supports,factcheckni
factcheckni_73_ret_b5_gn,factcheckni_73,Business rates on Main Street in Larne are the same as Regent Street in London.,Colin Neill,"Larne Business Forum has written to Communities Minister Gordon Lyons requesting an extraordinary audit of Mid and East Antrim Borough Council’s finances after a massive rise in business rates. [...] Larne Business Forum said it believes ""unsustainable non-domestic rates burdens being placed on local businesses are undermining the very survival of some in the small business sector"". [...] Larne Business Fourm also expressed concern over a £7.2m shortfall in the council’s finances saying that ""we noted that no suitable explanation has ever been provided to ratepayers as to how such an extraordinary shortfall was allowed to happen"".",False,False,True,insufficient-neutral,factcheckni
factcheckni_73_ret_bn_g0,factcheckni_73,Business rates on Main Street in Larne are the same as Regent Street in London.,Colin Neill,"Data provided by Northern Ireland Land and Property Services for Main Street in Larne shows the rateable value of properties on Main Street are on average much lower than Regent Street. The average non-exempt Net Annual Value of the 125 non-domestic properties in Larne is £9,842, with average rates before reliefs working out around £5.8k; if the relevant small business rates relief is applied, average rates would fall to around £5.1k. [...] The property with the highest rateable value on Regent Street is the flagship Apple store at 235 Regent Street with a rateable value of £4.4m. On Main Street in Larne the property with the highest NAV is the former Dunnes Stores at 35-41 Main Street with a rateable value of £140,500. [...] Despite the multipliers — or ""poundage"" — on non-domestic properties in Larne being higher than the equivalent rates in London, far higher commercial rents in the West End of London mean that rates in Regent Street are on average much higher than they are on Main Street in Larne.",False,False,True,refutes,factcheckni
factcheckni_74,factcheckni_74,Northern Ireland has the highest number of children in care since the introduction of the Children Order in 1995.,Robin Swann,"In January 2022, 3,566 children in Northern Ireland were recorded as being in care, which is the highest recorded figure since 1995, according to Department of Health statistics which have been trending upwards for more than a decade.",True,True,True,supports,factcheckni
factcheckni_74_ret_bn_g3,factcheckni_74,Northern Ireland has the highest number of children in care since the introduction of the Children Order in 1995.,Robin Swann,"Looked After Children - At 31 March 2019, 3,281 children were in care in Northern Ireland. This was the highest number recorded since the introduction of the Children (Northern Ireland) Order 1995 - The majority of children in care in Northern Ireland had been looked after for less than three years, with just under a tenth looked after for ten years or longer - Four fifths of the children in care were in foster care placements (79%), 11% placed with parents, 6% in residential care and 4% in other placements. This was similar to previous years - During 2018/19 there were 884 admissions to care and 677 discharges [...] Day Care - At 31 March 2019 there were 4,079 individuals/facilities registered as day care provision for children aged 12 and under in Northern Ireland. This was a 5% decrease on the previous year - Similar to the previous year, child-minders made up the largest number of day care providers followed by, in descending order, day nurseries, playgroups, out of school clubs and other organisations - At 31 March 2019 there were 60,501 registered places for day care in Northern Ireland representing a decrease of 3% on the previous year [...] 2. This Bulletin is the eighth annual reporting of ‘Children’s Social Care Statistics for NI’ which replaced the ‘Children Order Statistical Tables for NI’ and ‘Children Order Statistical Trends for NI’.",True,False,True,supports,factcheckni
factcheckni_74_ret_bn_g7,factcheckni_74,Northern Ireland has the highest number of children in care since the introduction of the Children Order in 1995.,Robin Swann,"It comes as it emerged that Northern Ireland has the highest number of children in care since the Children Order was introduced in 1995. [...] The most recent figures show that as of 31 March 2021, there were 3,530 children in care in Northern Ireland. [...] In March 2016, 2,890 children were in care in Northern Ireland.",True,False,True,supports,factcheckni
factcheckni_76,factcheckni_76,Additional months of validity on UK passports issued before the UK left the EU are no longer valid.,Cyllenius Travel,travelling in Europe for up to 3 months (you don’t normally need a visa for the first 90 days in every 180 days of travel) the requirement from most European countries to have at least 3 months left on your passport on the day after you leave,True,True,True,insufficient-refutes,factcheckni
factcheckni_76_ret_b10_gn,factcheckni_76,Additional months of validity on UK passports issued before the UK left the EU are no longer valid.,Cyllenius Travel,"Passports are now only valid for 10 years exactly - additional months on anyone's red passports (passports issued before the UK left the EU ) are no longer valid. [...] A statement from Hays Travel said: ""Important passport update changes: due to changes in validity since leaving Europe, your passport is now only valid for 10 years from the issue date on your passport. ""If your passport was issued prior to the UK leaving the EU with additional months on, those extra months are no longer valid.""",True,False,True,supports,factcheckni
factcheckni_76_ret_b17_gn,factcheckni_76,Additional months of validity on UK passports issued before the UK left the EU are no longer valid.,Cyllenius Travel,"Booking a holiday to beat the January blues? You better check your passport. When the Brexit transition period ends, Brits will need a minimum of six months left on their passports to travel to Schengen Area countries, which applies to most of Europe. [...] To make things more complicated, if you renewed your current passport before the previous one expired, any remaining validity (up to nine months) would likely have been added to its expiry date over the usual limit of 10 years. However, any extra months on your passport may not count towards the six months required. This is because Schengen Area countries also require passports to have been issued within the last 10 years on the day of travel. [...] Yes. British passports will continue to be valid until their expiry date for entry to the UK. The rule changes resulting from the end of the transition period only apply for entry to a state where the Schengen Borders Code is applicable.",True,False,True,supports,factcheckni
factcheckni_76_ret_b9_gn,factcheckni_76,Additional months of validity on UK passports issued before the UK left the EU are no longer valid.,Cyllenius Travel,"If the UK leaves the EU without a deal, British passport holders will be considered third country nationals by countries within the Schengen area after 29 March 2019. [...] Since 2001, some adult British passports were issued with a validity longer than 10 years. If you renewed your passport before it expired, you were allowed to have the time left on your old passport added to your new passport. The maximum validity period possible was 10 years and 9 months. This means you can’t use the expiry date to check if your adult passport will be valid under the new rules. Since the beginning of September 2018, extra validity was no longer added to passports. The maximum validity for an adult UK passport is now 10 years, and 5 years for a child passport. We have made this change to follow recommendations set out by the International Civil Aviation Organisation and to provide clarity about passport validity in the future.",True,False,True,insufficient-supports,factcheckni
factcheckni_76_ret_bn_g1,factcheckni_76,Additional months of validity on UK passports issued before the UK left the EU are no longer valid.,Cyllenius Travel,"An Instagram post claimed that if a UK passport issued before the UK left the EU had additional months for its validity, then those extra months are no longer valid. The post included an example of a passport issued on 21 June 2012, with an expiry date of 21 December 2012; the revised expiry date is 21 June 2012. [...] Before the United Kingdom left the European Union on 31 January 2020, and during the transition period that ended on 31 December 2020, British passports were accepted for travel to all other countries in the European Union regardless of the duration of the passport or the amount of time remaining before the expiry of the passport. [...] - the requirement from most European countries to have at least 3 months left on your passport on the day after you leave",True,False,True,insufficient-supports,factcheckni
factcheckni_79,factcheckni_79,The UUP’s manifesto for the 2022 Assembly election says there is a “persistent and unacceptable attainment gap at GCSE between Protestant and Catholic pupils entitled to free school meals and those not entitled to free school meals.”,UUP,"Data shows that in 2018-2019, 49.5% of FSME school leavers had at least five GCSEs including English and maths, compared to 78.5% of their non-FSME peers – a gap of 29 percentage points. In 2005-2006 the gap was 32.1pp, a difference of 3.1pp.",True,True,True,supports,factcheckni
factcheckni_79_ret_b4_gn,factcheckni_79,The UUP’s manifesto for the 2022 Assembly election says there is a “persistent and unacceptable attainment gap at GCSE between Protestant and Catholic pupils entitled to free school meals and those not entitled to free school meals.”,UUP,"Speech by UUP leader Doug Beattie MC at launch of 2022 Assembly Election Manifesto Ulster Unionist Party Leader, Doug Beattie MC 2022 Assembly Election Manifesto Launch [...] Click Here to view the Ulster Unionist Party 2022 Assembly Election Manifesto",True,False,True,insufficient-neutral,factcheckni
factcheckni_8,factcheckni_8,One in five school staff in Northern Ireland are assaulted at least once a week.,Irish Congress of Trade Unions (ICTU),The survey data was misinterpreted by ICTU. 1 in 10 of those surveyed experience physical abuse at least once weekly.,False,True,True,refutes,factcheckni
factcheckni_8_ret_b0_gn,factcheckni_8,One in five school staff in Northern Ireland are assaulted at least once a week.,Irish Congress of Trade Unions (ICTU),"A headline in the Belfast News Letter of 21 March 2019 states ""One in five school staff assaulted once a week in Northern Ireland"" (sic). The newspaper reported the findings of a survey of education workers by the Northern Ireland Committee of the Irish Committee of Trade Unions (ICTU) Education Group. [...] ICTU’s press release states that ""1 on 5 receive physical abuse ONCE a WEEK"" (sic). [...] The ICTU inaccurately presented the findings of its education workers survey in their press release. As a consequence, it was misreported by the Belfast News Letter. The survey found that 1 in 10, rather than the claimed 1 in 5, of education workers experience physical abuse at least once a week.",False,False,True,refutes,factcheckni
factcheckni_8_ret_b16_gn,factcheckni_8,One in five school staff in Northern Ireland are assaulted at least once a week.,Irish Congress of Trade Unions (ICTU),"More than a quarter of education staff in Northern Ireland have been physically assaulted by pupils, a union claimed today. [...] ATL branch president in Northern Ireland Andy Brown said: ""It is totally unacceptable that poor pupil behaviour continues to be such a widespread problem in schools and colleges, and shocking that over a third of staff have experienced aggression from students’ parents or guardians. [...] Incidents of physical attacks were far more prevalent in primary schools with 48 per cent of staff reporting pupils being physically aggressive, compared with 20 per cent working at secondary level.",False,False,True,insufficient-contradictory,factcheckni
factcheckni_8_ret_b2_gn,factcheckni_8,One in five school staff in Northern Ireland are assaulted at least once a week.,Irish Congress of Trade Unions (ICTU),"Fifth Of NI School Staff Assaulted Once A Week One in five school staff in Northern Ireland are assaulted once a week, according to a recent survey. [...] The Chair of the NIC-ICTU Education Group Denise Walker (GMB) said: ""Everyone expects and is entitled to go to work free from the threat of physical violence but if you work in one of Northern Ireland's schools in a support role, you could be one of the 51% who have been subjected to a physical incident at work. 43% of whom reported having been a victim of physical violence weekly.",False,False,True,insufficient-contradictory,factcheckni
factcheckni_80_ret_bn_g0,factcheckni_80,Translink spoke about their hope that the Glider would reduce journey times on public transport by 25%.,"Cindy Stubberfield, the Glider project engagement manager","On 25 August 2018, Cindy Stubberfield, the Glider project engagement manager, was interviewed by Ivan Little and quoted saying that she hoped that the journey times would be cut by ""25% to 30%"". This aspiration was also presented on Translink’s website and corporate advertisements. [...] In order to achieve the aspiration of a 25% reduction in journey times, the Glider system offers greater passenger capacity, on-street ticketing machines, and an expanded frequency of service. Official figures from Belfast Rapid Transit provide evidence of an improvement in reduction journey times on public transport on the Glider bus service. The reduced journey time target of 25% reduction was achieved on one route (Dundonald Park & Ride to Belfast city centre). However, this reduction has not yet been achieved on the second measured route, though Translink offer mitigating factors (primarily journey diversions caused by the Bank Buildings fire) to explain the 7% reduction. (FactCheckNI hope to revisit this claim over the next year to assess whether the planned reductions are being met now that buses are once again able to travel through the city centre.)",True,False,True,supports,factcheckni
factcheckni_80_ret_bn_g1,factcheckni_80,Translink spoke about their hope that the Glider would reduce journey times on public transport by 25%.,"Cindy Stubberfield, the Glider project engagement manager","""The Glider service will encourage more people to use public transport which in turn helps ease congestion and improve air quality,"" she said. [...] Translink CEO Chris Conway said the new buses will transform public transport in Belfast. [...] Translink hope the new network will see a reduction in public transport journey times by 25%.",True,False,True,supports,factcheckni
factcheckni_80_ret_bn_g2,factcheckni_80,Translink spoke about their hope that the Glider would reduce journey times on public transport by 25%.,"Cindy Stubberfield, the Glider project engagement manager","New 'Glider' buses on display in Belfast - Published [...] ""The Glider service will encourage more people to use public transport which in turn helps ease congestion and improve air quality,"" she said. [...] Translink hope the new network will see a reduction in public transport journey times by 25%.",True,False,True,supports,factcheckni
factcheckni_81_ret_bn_g1,factcheckni_81,Projections from the Department of Infrastructure indicate that 38% of all properties in Northern Ireland will be at risk of flooding by 2080.,Belfast Telegraph,"In terms of future risk, railway lines are the only infrastructure type in Northern Ireland projected to increase in risk from river flooding (under a low population and no additional adaptation ‘reduced whole system’ scenario). Risk increases by 50% by the 2080s with 4°C global warming at 2100. All other infrastructure types are projected to decrease in risk. Freshwater sites, electricity substations, railway lines and railway stations are projected to see an increase in risk from surface water flooding. By the 2080s in a +4°C at 2100 scenario, this increase in risk ranges from 49% for freshwater sites to 137% for railway lines. The risk to power stations is projected to decrease under all scenarios. [...] In future, climate change will increase the number of properties at risk of flooding from all sources, and these could be in areas that have not previously been at risk of flooding. The largest increase in risk in Northern Ireland is related to coastal flooding, which is projected to increase by 550% by 2080s (in a high population scenario and with 4°C global warming at 2100) (see figure 9).",False,False,True,insufficient-neutral,factcheckni
factcheckni_81_ret_bn_g11,factcheckni_81,Projections from the Department of Infrastructure indicate that 38% of all properties in Northern Ireland will be at risk of flooding by 2080.,Belfast Telegraph,"Assessing Future Flood Risk and Developing Integrated Flood Risk Management Strategies: A Case Study from the UK Climate Change Risk Assessment [...] 3.2. River Flooding 3.3. Coastal Flooding 3.4. Surface Water Flooding 3.5. Impact and Analysis of the RWS, CLA and EWS FRM Portfolios 4. Discussion and Conclusions 4.1. Flood Risk Management Policy Development in Complex Governance Structures 4.2. Uncertainty in Integrated Flood Risk Management Measures 4.3. Conclusions - The range of EAD projections for all flood sources is projected to increase by between 18% and 160% by the 2080s depending on the assumptions applied on climate change, population growth, and adaptation actions. - It is possible to reduce EAD from river flood risk by the 2080s.",False,False,True,insufficient-neutral,factcheckni
factcheckni_81_ret_bn_g18,factcheckni_81,Projections from the Department of Infrastructure indicate that 38% of all properties in Northern Ireland will be at risk of flooding by 2080.,Belfast Telegraph,"Some UK coastal communities will have to move inland because of climate change. That was the opening message of James Bevan, chief executive of the UK’s Environment Agency (EA), at the Flood and Coast Conference on 7 June 2022. A week later, on 15 June, a study revealed that rising sea levels put 120,000 to 160,000 UK properties at risk of flooding in the next 20 to 50 years. Even if global warming is limited to 1.5˚C above pre-industrial levels, sea levels will rise. According to the 2018 UK Climate Change Projections by the EA, the average sea level could increase by more than a metre by 2100 and extreme weather events will increase. As a result, total annual damages to residential buildings from flooding (including from groundwater and rivers) in the UK could rise to £1.2bn by the 2080s in a worst-case scenario, of which £280m could be from coastal flooding alone. [...] ""Climate change will only bring more extreme weather and this road map will spur on the timely action required to manage flood and coastal risk, help reduce the costly impacts and manage the risks to people’s homes and businesses across the country,"" said Floods Minister Rebecca Pow in a press release.",False,False,True,insufficient-neutral,factcheckni
factcheckni_82,factcheckni_82,Ninety per cent of those who died during the Troubles were killed by paramilitaries.,Democratic Unionist Party,"Statistics about killings during the Troubles suggest that 87% of killings were perpetrated by paramilitary groupings, with the figure falling to 85% if evidence to date about collusion is taken into account. However, classifications of responsibility will continue to change as further evidence comes to light.",True,True,True,insufficient-supports,factcheckni
factcheckni_82_ret_b4_gn,factcheckni_82,Ninety per cent of those who died during the Troubles were killed by paramilitaries.,Democratic Unionist Party,"Paramilitary groups such as the UDA and the UVF killed more than 900 people over the course of the Troubles in Northern Ireland. [...] Some 400 republican paramilitaries died, most of them members of the IRA, and almost 170 loyalist paramilitaries. A significant number of paramilitaries were killed by their own organisations as alleged informers, in premature explosions and by rival groups during feuds. [...] Throughout the Troubles people were killed where they socialised, lived and worked. They were killed at sports events, in hospitals, in prison, leaving churches and even inside places of worship. The violence of the Troubles continues to impact upon communities. Beyond the dead it is estimated some 50,000 people were wounded. Tens of thousands served in the security forces, joined the paramilitaries and went to prison. More witnessed the horror of violent death.",True,False,True,insufficient-neutral,factcheckni
factcheckni_83_ret_b10_gn,factcheckni_83,Northern Ireland is one of the most “locked-down” places in the world.,Christopher Stalford,"This article explains what the rules of ""lockdown"" during COVID-19 are in Northern Ireland. [...] Northern Ireland is currently under ‘lockdown’ since 23 March with citizens practicing social distancing to contain the spread of COVID-19. All citizens must stay at home unless they have a reasonable excuse or necessity for leaving. [...] Northern Ireland and the lockdown",True,False,True,insufficient-neutral,factcheckni
factcheckni_83_ret_b11_gn,factcheckni_83,Northern Ireland is one of the most “locked-down” places in the world.,Christopher Stalford,"With a circuit breaker, authorities tighten restrictions on what people can do for a set amount of time to reduce transmission of the virus, to try to avoid needing to go into full lockdown. Northern Ireland’s four-week plan includes closing all bars and restaurants (except for takeaways), stopping indoor amateur sports, and shutting close-contact services such as hairdressing. [...] There’s also much more travel from Northern Ireland across the land border with the Republic of Ireland than to rest of the UK. Because the Republic of Ireland implemented a lockdown earlier than the UK and had additional restrictions on movement and travel, this may have limited the number of new infections brought into Northern Ireland. [...] With this in mind, the longer the restrictions are in place, the more effective they’ll be at reducing viral spread. It’s important for the circuit breaker to remain in place longer than the upper end of the potential incubation period if it’s to have a good chance of significantly reducing the rate of transmission. It’s good therefore that Northern Ireland has opted for a four-week set of restrictions.",True,False,True,insufficient-refutes,factcheckni
factcheckni_83_ret_b1_gn,factcheckni_83,Northern Ireland is one of the most “locked-down” places in the world.,Christopher Stalford,"By 19 March, the first coronavirus-related death in Northern Ireland was confirmed. [...] Northern Ireland was the first of the four UK administrations to roll out a contact-tracing programme, as part of its plans to tackle coronavirus. [...] On 26 December, Northern Ireland went into a six-week lockdown, with a plan to review it after four weeks.",True,False,True,insufficient-supports,factcheckni
factcheckni_85_ret_b0_gn,factcheckni_85,"Derry/Londonderry is the only city of its prominence in the UK that does not have its own higher education institution, according to Lord Adonis.",Lord Adonis,"There are several other urban areas in the UK that do not have a higher education institution headquartered in their locale (for example Darlington, Southport, Harrogate, Scunthorpe, Crewe and East Kilbride). On 12 July 2019, Lord Adonis — a former UK Government advisor and education minister — claimed that Derry/Londonderry is ""the only city of its prominence"" in the UK that doesn’t have a higher education institution with its main campus in the city. He added: ""It is deeply unfair that Derry/Londonderry continues to lose out because of the historical decision to base the headquarters of Ulster University in Coleraine"". [...] Lord Adonis made a claim that Derry/Londonderry is the only city ""of its prominence"" in the UK without a higher education institution. FactCheckNI used the consensual definitions of settlements and built-up areas as described by UK statutory statistical agencies (in the absence of any statutory definition of ""city"" and the unreliability of comparing local government authority populations as a proxy for major urban centres). We found many other locales of similar population size to Derry/Londonderry without their own headquartered higher education institutions (for example, Darlington, Southport, Harrogate, Scunthorpe, Crewe and East Kilbride).",False,False,True,refutes,factcheckni
factcheckni_85_ret_b12_gn,factcheckni_85,"Derry/Londonderry is the only city of its prominence in the UK that does not have its own higher education institution, according to Lord Adonis.",Lord Adonis,"The Vibrant Cities of Belfast and Derry~Londonderry [...] Derry~Londonderry is strategically located at the spot where the Wild Atlantic Way meets the Causeway Coastal Route, two of Ireland’s most popular and impressive coastal touring routes. A flowering of culture and identity took hold here when the city was named UK City of Culture in 2013 and continues to enhance its future. [...] Derry~Londonderry is the only remaining completely intact walled city in Ireland, and is one of the finest examples in Europe. The 400th anniversary of the walls will be celebrated with events in 2018/19. The views from the 26-foot-high ramparts are well worth walking the one-mile circuit. Take an in-depth walking tour with local expert Michael Cooper, Derry Blue Badge Guide, who will provide insight and history on city sites and events. The award-winning Tower Museum’s historical exhibits include the story of Derry~Londonderry and artifacts from the 1588 Spanish Armada shipwreck of La Trinidad Valencera off the coast. The city’s history is also showcased in the Siege Museum, the Museum of Free Derry, St. Columb’s Cathedral, and the stained glass windows in the Neo-Gothic Guildhall.",False,False,True,insufficient-neutral,factcheckni
factcheckni_85_ret_b3_gn,factcheckni_85,"Derry/Londonderry is the only city of its prominence in the UK that does not have its own higher education institution, according to Lord Adonis.",Lord Adonis,"When Lord Adonis recently took his one-man anti-Brexit campaign tour to Derry/Londonderry last summer he soon adopted the cause of a very different and far more long- standing campaign – the case for the city to have its own university. [...] Whilst Lord Adonis might split opinion in the HE world – he is certainly not popular among Vice-Chancellors that is for sure – I feel he may be right in asserting that Derry hosting its own university is an idea whose time has come or, as some would argue, an idea 50 years overdue its fruition. [...] That report caused uproar in the city by recommending not only that the new university, today known as Ulster University, be founded in Coleraine but that Derry’s only existing HE provision, at the then century-old Magee University College, should be wound down. As a concession in the face of protest Government ultimately rejected the Magee recommendation but brought the institution under the dominion of the new university as a ‘constituent college’ and to this day it remains a campus of Ulster University.",False,False,True,insufficient-contradictory,factcheckni
factcheckni_86,factcheckni_86,Dungiven has some of the worst nitrogen dioxide (NO2) readings in Western Europe,Glenshane Com Dev Ltd,UK air standards call for average annual NO2 readings to be under 40 micrograms per cubic metre,True,True,True,insufficient-neutral,factcheckni
factcheckni_86_ret_b0_g0,factcheckni_86,Dungiven has some of the worst nitrogen dioxide (NO2) readings in Western Europe,Glenshane Com Dev Ltd,"- UK air standards call for average annual NO2 readings to be under 40 micrograms per cubic metre - Dungiven breached this average several times in the 2010s - European Environment Agency reports indicate that around 10% of sites breach this limit – meaning Dungiven isn’t unique but still has some of the worst NO2 readings in Western Europe [...] However, the EEA does publish annual reports on European Air Quality. These do not typically include readings for individual sites but do contain useful information. Note that Dungiven’s annual average NO2 readings were 46 µg/m3 in 2017 and 51 µg/m3 in 2018. [...] Asking whether Dungiven is one of the worst places in Western Europe for nitrogen dioxide pollution obviously requires comparing its NO2 readings to other places in Europe.",True,False,True,supports,factcheckni
factcheckni_86_ret_b5_gn,factcheckni_86,Dungiven has some of the worst nitrogen dioxide (NO2) readings in Western Europe,Glenshane Com Dev Ltd,"In the last few years, governments and corporations around the world have come under increasing pressure to act on a global air pollution crisis. In Europe, nitrogen dioxide (NO2) has been at the centre of the debate, following the dieselgate scandal and numerous legal battles faced by governments that have been shown to be in breach of legal limits. [...] NO2 also has a detrimental effect on biodiversity, inhibiting plant growth. In the UK, it’s been estimated that (pdf) 63% of the most sensitive wildlife habitats have been affected by excessive nitrogen deposits.",True,False,True,insufficient-neutral,factcheckni
factcheckni_86_ret_b7_gn,factcheckni_86,Dungiven has some of the worst nitrogen dioxide (NO2) readings in Western Europe,Glenshane Com Dev Ltd,"Many European countries do not meet legal air quality standards for ambient nitrogen dioxide (NO2) near roads; a problem that has been forecasted to persist to 2030. Although European air quality standards regulate NO2 concentrations, emissions standards for new vehicles instead set limits for NOx—the combination of nitric oxide (NO) and NO2. From around 1990 onwards, the total emissions of NOx declined significantly in Europe, but roadside concentrations of NO2—a regulated species—declined much less than expected. This discrepancy has been attributed largely to the increasing usage of diesel vehicles in Europe and more directly emitted tailpipe NO2. Here we apply a data-filtering technique to 130 million hourly measurements of NOx, NO2 and ozone (O3) from roadside monitoring stations across 61 urban areas in Europe over the period 1990–2015 to estimate the continent-wide trends of directly emitted NO2. We find that the ratio of NO2 to NOx emissions increased from 1995 to around 2010 but has since stabilized at a level that is substantially lower than is assumed in some key emissions inventories. The proportion of NOx now being emitted directly from road transport as NO2 is up to a factor of two smaller than the estimates used in policy projections. We therefore conclude that there may be a faster attainment of roadside NO2 air quality standards across Europe than is currently expected. [...] Grice, S. et al. Recent trends and projections of primary NO2 emissions in Europe. Atmos. Environ.43, 2154–2167 (2009).",True,False,True,insufficient-neutral,factcheckni
factcheckni_86_ret_bn_g1,factcheckni_86,Dungiven has some of the worst nitrogen dioxide (NO2) readings in Western Europe,Glenshane Com Dev Ltd,"Infrastructure Minister John O’Dowd has highlighted the significant impact of the A6 Dungiven to Drumahoe Scheme in reducing journey times, improving air quality and delivering economic benefits. [...] Standards call for average annual Nitrogen Dioxide readings to be under 40 microgrammes per cubic metre and Dungiven had breached this average several times in the past. Last year, since the Bypass of Dungiven was opened, the lowest average Nitrogen Dioxide readings were recorded of 22 microgrammes per cubic metre, with the local community benefiting from this improved air quality and reduced congestion within the village. ""I want to thank and pay tribute to the community of Dungiven who fought hard for this bypass, some of whom were in attendance today.""",True,False,True,insufficient-neutral,factcheckni
factcheckni_87,factcheckni_87,"In Belfast, the digital sector employs 26 per cent of the workforce.",Simon Duke,"The newspaper article misinterprets the Tech Nation “Jobs and Skills Report 2020”, which states that for Belfast, from June to August 2020, 26% of job adverts at the online search site Adzuna were in the category of IT and engineering jobs. Using the most recent figures available from NISRA, we estimate that 8% of the workforce in Belfast is employed in jobs that fall into this category.",False,True,True,refutes,factcheckni
factcheckni_87_ret_b0_gn,factcheckni_87,"In Belfast, the digital sector employs 26 per cent of the workforce.",Simon Duke,"New data analysed by Tech Nation revealed that 26pc of Belfast’s workforce is now employed in the digital technology economy. [...] Belfast is one of nine cities in the UK, outside of London, to have more than one-fifth of the workforce employed in the technology sector. The other cities are Glasgow, Edinburgh, Newcastle, Leeds, Bristol, Reading, Cardiff and Cambridge. Of these cities, Cambridge and Belfast have the highest penetration of digital tech jobs at nearly 26pc. According to jobs website Adzuna, Belfast had the highest proportion of digital tech vacancies in 2019.",False,False,True,supports,factcheckni
factcheckni_87_ret_b3_gn,factcheckni_87,"In Belfast, the digital sector employs 26 per cent of the workforce.",Simon Duke,"Belfast’s digital innovation strengths - Belfast identified as one of the world’s top 10 Digital Economies of the Future (the only UK city other than London). [...] - In 2019, 26 per cent of all job openings in Belfast were in digital technology - the highest in UK. [...] Collaborative partners - Telecoms and cloud industry - Belfast creative digital sector - Belfast Region City Deal - Future Screens NI - Belfast Stories - Digital Catapult UK",False,False,True,insufficient-neutral,factcheckni
factcheckni_87_ret_b5_gn,factcheckni_87,"In Belfast, the digital sector employs 26 per cent of the workforce.",Simon Duke,"Fifth of Belfast workers employed in digital tech sector Tech Nation has said a fifth of Belfast's workers are now employed in the digital tech sector, as it prepared to hold an industry event today. Belfast's digital tech sector had almost 17,000 vacancies during 2018, according to research by the Government body into digital tech jobs.",False,False,True,refutes,factcheckni
factcheckni_88,factcheckni_88,The United Kingdom has one of the highest teenage pregnancy rates in Europe.,Family Planning Association (FPA),"The claim is true, however, the teenage pregnancy rate in Northern Ireland was the lowest within the British Isles in 2014.",True,True,True,supports,factcheckni
factcheckni_88_ret_b8_gn,factcheckni_88,The United Kingdom has one of the highest teenage pregnancy rates in Europe.,Family Planning Association (FPA),"Socioeconomic determinants of teenage pregnancy and early motherhood in the United Kingdom: A perspective @article{Aluga2021SocioeconomicDO, title={Socioeconomic determinants of teenage pregnancy and early motherhood in the United Kingdom: A perspective}, author={David Aluga and Elvis Anyaehiechukwu Okolie}, journal={Health Promotion Perspectives}, year={2021}, volume={11}, pages={426 - 429}, url={https://api.semanticscholar.org/CorpusID:245337744} [...] The United Kingdom has one of the highest teenage birth rates among countries in western Europe. Government initiatives such as the Teenage Pregnancy Strategy introduced by the labor government in 1999 to reduce the teenage pregnancy rate by half in ten years could be responsible for the steady decline in teenage conception and childbirth for the past two decades. However, to sustain this decrease it is crucial to consider the broader socioeconomic and environmental determinants of teenage… [PDF] Semantic Reader 7 Citations [...] TEENAGE PREGNANCY IN THE UNITED KINGDOM: A BEHAVIORAL ECOLOGICAL PERSPECTIVE",True,False,True,supports,factcheckni
factcheckni_88_ret_b9_gn,factcheckni_88,The United Kingdom has one of the highest teenage pregnancy rates in Europe.,Family Planning Association (FPA),"The United Kingdom continues to have one of the highest rates of teenage pregnancy among member countries of the Organisation for Economic Co-operations and Development [...] Teenage pregnancy refers to pregnancy in women usually within the ages of 13-19, which may be intended or unintended. It remains a major public health concern worldwide. The World Health Organization has estimated that every year approximately 16 million females aged 15-19 and around one million girls aged less than 15 give birth. Complications during pregnancy and childbirth are the second cause of death in 15-19 year old females globally. Furthermore, every year around three million girls undergo unsafe abortions. This review examines key issues related to the care of teenage mothers. [...] The United Kingdom continues to have one of the highest rates of teenage pregnancy among …",True,False,True,supports,factcheckni
factcheckni_88_ret_bn_g2,factcheckni_88,The United Kingdom has one of the highest teenage pregnancy rates in Europe.,Family Planning Association (FPA),"Socioeconomic determinants of teenage pregnancy and early motherhood in the United Kingdom: A perspective - PMID: 35079585 - PMCID: PMC8767081 - DOI: 10.34172/hpp.2021.52 [...] The United Kingdom has one of the highest teenage birth rates among countries in western Europe. Government initiatives such as the Teenage Pregnancy Strategy introduced by the labor government in 1999 to reduce the teenage pregnancy rate by half in ten years could be responsible for the steady decline in teenage conception and childbirth for the past two decades. However, to sustain this decrease it is crucial to consider the broader socioeconomic and environmental determinants of teenage pregnancy at the population level. A selected literature search was conducted in this respect to highlight the factors that could be neglected by recent interventions on teenage pregnancy and childbirth in the United Kingdom. [...] - - Kirchengast S. Teenage pregnancies: a worldwide social and medical problem. In: Laratta R, ed. An Analysis of Contemporary Social Welfare Issues. IntechOpen; 2016. 10.5772/65462 - DOI - - Office for National Statistics. Live births women aged ‘Under 18’ and ‘Under 20’, (per 1,000 women aged 15 to 17 and 15 to 19) in EU28 countries, 2004, 2013 and 2014. 2016. Available from: https://www.ons.gov.uk/peoplepopulationandcommunity/birthsdeathsandmarri.... Accessed January 7, 2020.",True,False,True,insufficient-supports,factcheckni
factcheckni_88_ret_bn_g5,factcheckni_88,The United Kingdom has one of the highest teenage pregnancy rates in Europe.,Family Planning Association (FPA),"Background: The UK has one of the highest rates of teenage pregnancies in Western Europe. One-fifth of these are repeat pregnancies. Unintended conceptions can cause substantial emotional, psychological and educational harm to teenagers, often with enduring implications for life chances. Babies of teenage mothers have increased mortality and are at a significantly increased risk of poverty, educational underachievement and unemployment later in life, with associated costs to society. It is important to identify effective, cost-effective and acceptable interventions. [...] Conclusions: We found no evidence to indicate that existing interventions to reduce repeat teenage pregnancy were effective; however, subsequent births were reduced by home-based interventions. Qualitative and realist evidence helped to explain gaps in intervention design that should be addressed. More theory-based, rigorously evaluated programmes need to be developed to reduce repeat teenage pregnancy in the UK. [...] Intervention Now To Eliminate Repeat Unintended Pregnancy in Teenagers (INTERUPT): a systematic review of intervention effectiveness and cost-effectiveness, qualitative and realist synthesis of implementation factors and user engagement.BMJ Open. 2014 Apr 10;4(4):e004733. doi: 10.1136/bmjopen-2013-004733. BMJ Open. 2014. PMID: 24722200 Free PMC article. Review.",True,False,True,supports,factcheckni
factcheckni_89,factcheckni_89,The cost of social division to the public purse in NI ranges between £400m and £830m every year.,Alliance Party,"This estimate of costs comes from a major paper published by Ulster University. That 2016 report clearly outlines how it arrived at the £400m-£830m range of costs, including important points about its methodology. While it remains the most recent calculation of the cost to public services of NI’s divided society, the passage of time needs to be taken into account.",True,True,True,supports,factcheckni
factcheckni_89_ret_b2_gn,factcheckni_89,The cost of social division to the public purse in NI ranges between £400m and £830m every year.,Alliance Party,"Finance Minister Mervyn Storey today welcomed the independent report on the ‘Cost of Division’ in Northern Ireland society. [...] A Cost of Division report carried out by Deloitte in 2007 identified an upper ceiling of £1.5billion. Using updated methodology, UUEPC has benchmarked costs with comparable regions across the UK to identify the range of £400m to £830m per annum. [...] - The report identifies an estimated range of additional annual public service costs relative to other comparable regions in the UK. It then uses these costs to provide a basis on which to estimate the potential cost of division in Northern Ireland. The conclusion identifies a cost range of approximately £400 million to £800 million per annum, which at least in part is caused by the need to provide services in a divided society.",True,False,True,supports,factcheckni
factcheckni_89_ret_bn_g0,factcheckni_89,The cost of social division to the public purse in NI ranges between £400m and £830m every year.,Alliance Party,"A further point to note is the wide ranges involved with all these estimates. The £830m upper bound for the estimated cost of division is more than double the lower bound (£400m). [...] The Cost of Division in Northern Ireland is a briefing paper from UU’s Transforming Education series. Although this new report’s primary focus is on education, it also looks at the wider context of division. [...] ""In 2016, the Economic Policy Centre at Ulster University produced figures for the cost of division in NI. They too admitted that teasing out the costs that are due to division is challenging and, in relation to social costs for example, they concede that ""division has created significant social issues and associated costs, but these have not been identified or quantified"". Also, they only considered data provided by others – they undertook no primary research themselves. Nonetheless, by comparing the costs for public services in NI with other similar regions of the UK, they produced an upper and a lower figure within which costs could at least partly be ascribed to division. This additional cost was calculated at between around £400 million and £830 million per year – over half of this attributed to policing and justice which is considerably more expensive in NI than elsewhere in the UK.""",True,False,True,supports,factcheckni
factcheckni_89_ret_bn_g2,factcheckni_89,The cost of social division to the public purse in NI ranges between £400m and £830m every year.,Alliance Party,"Do divisions in society cost Northern Ireland between £400m and £830m every year? [...] In its manifesto issued ahead of the 2023 local government elections, the Alliance Party claimed: ""The current estimates of the cost of division range betweenArticles |",True,False,True,insufficient-neutral,factcheckni
factcheckni_90,factcheckni_90,"On average, three women are killed by men every week, while one in four women has been a victim of rape or sexual assault at some point.",Kate Nicholl,"Based on various sources, it is accurate to say that am average of three women are killed by men each week in the UK",True,True,True,insufficient-supports,factcheckni
factcheckni_90_ret_b10_gn,factcheckni_90,"On average, three women are killed by men every week, while one in four women has been a victim of rape or sexual assault at some point.",Kate Nicholl,"""Currently, there are at least two to three women per week who are killed by their ex-partners or current partners."" [...] Just under half of all women killed were killed by their partners or ex-partners, according to the latest official statistics for England and Wales in 2015/16 (44%). These numbers seem sadly stable over time. Between the start of 2009 and end of 2015, the Femicide Census found 598 women in England and Wales who were killed by men who were their current or former partners—an average of 85 women per year.",True,False,True,insufficient-contradictory,factcheckni
factcheckni_90_ret_b16_g10,factcheckni_90,"On average, three women are killed by men every week, while one in four women has been a victim of rape or sexual assault at some point.",Kate Nicholl,"Domestic, dating, and sexual violence are costly and pervasive problems in the U.S., causing victims, as well as witnesses and bystanders, in every community to suffer incalculable pain and loss. [...] Domestic, Dating and Sexual Violence in the United States - On average more than three women a day are murdered by their husbands or boyfriends in the United States.1 - Nearly one in four women in the United States reports experiencing violence by a current or former spouse or boyfriend at some point in her life.2 - Women are much more likely than men to be victimized by a current or former intimate partner.3 Women are 84 percent of spouse abuse victims and 86 percent of victims of abuse at the hands of a boyfriend or girlfriend. About three-fourths of the persons who commit family violence are male.4 - Women ages 20 to 24 are at the greatest risk of experiencing nonfatal intimate partner violence.5 [...] Prevalence of Violence Against Women Globally - The United Nations Development Fund for Women estimates that at least one of every three women globally will be beaten, raped or otherwise abused during her lifetime. In most cases, the abuser is a member of her own family.12",True,False,True,insufficient-neutral,factcheckni
factcheckni_90_ret_bn_g2,factcheckni_90,"On average, three women are killed by men every week, while one in four women has been a victim of rape or sexual assault at some point.",Kate Nicholl,"- Based on various sources, it is accurate to say that am average of three women are killed by men each week in the UK - Official data indicates that 22.9% of all women in England and Wales has been the victim of rape or sexual assault in their lifetime - Given population sizes, it is reasonable to assume this is a fair representation of the percentage in the UK as a whole [...] ""In a society where 3 women are killed each week by a men and 1 in 4 women are raped or sexually assaulted, misogyny is endemic."" [...] Various sources are available with information relevant to Ms Nicholl’s claim that an average of three women are killed each week by men.",True,False,True,insufficient-supports,factcheckni
factcheckni_91,factcheckni_91,60% of people in Northern Ireland are against the backstop.,Jim Shannon,"This claim is inaccurate. 35% of all those polled in a LucidTalk poll responded that they would oppose some sort of special status for Northern Ireland; 60% of Unionists polled were opposed to one option of special status, because “it would be bad for the NI economy”.",False,True,True,refutes,factcheckni
factcheckni_91_ret_b8_gn,factcheckni_91,60% of people in Northern Ireland are against the backstop.,Jim Shannon,"The backstop proved one of the most contentious issues in parliamentary debates on the draft Withdrawal Agreement. The Democratic Unionist Party (DUP) opposed it because it would have introduced differences in regulation between Northern Ireland and the rest of the UK, which it saw as a threat to Northern Ireland’s place in the Union. A majority of people in Northern Ireland supported the backstop, however, as it gave them privileged access to both the UK and EU markets. In January 2019, the UK government published proposals on how the UK, including the Northern Ireland executive, could influence both the decision to use the backstop and its governance if it came into effect, as well as a commitment that the rest of the UK would unilaterally align with the single market regulations being applied in Northern Ireland. Other Brexiteers are opposed to the backstop because it would mean the UK remaining in a customs territory with the EU, removing the UK’s ability to vary its tariffs, a key component of trade deals.",False,False,True,insufficient-neutral,factcheckni
factcheckni_91_ret_bn_g11,factcheckni_91,60% of people in Northern Ireland are against the backstop.,Jim Shannon,"The ESM common backstop will be used only as a last resort, in the situation that the SRF is depleted, and the Single Resolution Board (SRB) is not able to raise sufficient contributions or borrow funds from other sources at acceptable rates.",False,False,True,insufficient-neutral,factcheckni
factcheckni_93_ret_b0_gn,factcheckni_93,77% of young people in the UK don’t want Brexit.,"Our Future, Our Choice","The truth about young people and Brexit - Published [...] In fact, while Steven accepts that ""most young people voted Remain,"" he thinks, ""Brexit is an amazing opportunity for young people"" because ""it means we can sign free-trade deals around the world, reducing tariffs on consumer goods from phones to food, and making our hard-earned cash go even further."" After Brexit, he hopes issues like housing will get more attention because the Government could spend ""the £10bn a year we currently send to the EU on young people's priorities, such as housing"". However, that's not currently Government policy. [...] Stephen Kinnock MP, 48, is the chair of the APPG. He tells BBC Three that their research suggests that what young people really want above all else is to ""preserve the strongest possible economic, scientific and cultural links between the UK and the EU"". He adds that, ""a ‘no deal’, or ‘hard’ Brexit represents a major risk to the economy and therefore to young people’s life chances.""",False,False,True,insufficient-supports,factcheckni
factcheckni_93_ret_b5_gn,factcheckni_93,77% of young people in the UK don’t want Brexit.,"Our Future, Our Choice","But we also found that just as many young people were disinterested in the Brexit referendum and its aftermath. These young people often had little interest in politics, a low level of qualifications, or were more focused on more immediate challenges in their lives, such as trying to find work, homes, or deal with health problems. [...] Most young people we spoke to thought Brexit was unlikely to affect their short-term and long-term aspirations. Many already had a clear plan about what they would like their career and life to look like, and they were largely optimistic that Brexit would not prevent them from achieving these goals. [...] Although the young people we spoke to held a wide range of views about Brexit, we heard a palpable sense of resignation that nothing could be done to change the result. While there was a youth surge in voting at the 2017 general election, a general sense of powerlessness to reverse the course of Brexit may end up reinforcing the disengagement of young people that has troubled British politics since the early 1990s.",False,False,True,insufficient-neutral,factcheckni
factcheckni_93_ret_bn_g1,factcheckni_93,77% of young people in the UK don’t want Brexit.,"Our Future, Our Choice","Nine months ago I was part of a group of young people who started a political campaign. We wanted our voices to be heard on Brexit. We’ve now built a national movement across campuses, schools, towns and cities. [...] This is not only Labour ducking its duty, it is poor politics. After all, it was my generation that propelled Corbyn to the brink of Downing Street last year. And my generation will turn its back on him if he betrays us now. One poll last week shows Labour’s support among young people would plummet from 60% to 33% if it helps enable Brexit. I am part of a generation that has experimented with political engagement in a way that most young people have not for 30 years or more. But what we’re witnessing from our political leaders makes me want to recoil once more. In October 700,000 people – many of them young – marched peacefully through the streets of London calling for the public to be given the final say on Brexit. We have since taken a bus to every corner of the country, with the statistic that 77% of young people don’t want Brexit emblazoned on the side. We’ve been to hundreds of schools and have heard the same messages time and again: we are scared about how Brexit will affect our futures; many of us did not have a say in the initial vote; and if we were given a chance to make our voices heard we would vote to stay in Europe.",False,False,True,insufficient-supports,factcheckni
factcheckni_96,factcheckni_96,Northern Ireland has the highest rate of femicide in Western Europe,Sorcha Eastwood,"Northern Ireland has the second highest rate (0.53) of female intentional homicide victims by intimate partner, per 100,000 inhabitants, in Western Europe, as defined by WEOG (given the lack of definition of “Western Europe”) and the regions covered by the data published by Eurostat.",False,True,True,refutes,factcheckni
factcheckni_96_ret_bn_g14,factcheckni_96,Northern Ireland has the highest rate of femicide in Western Europe,Sorcha Eastwood,"In this ranking, France and Germany are far ahead of Romania (84 female deaths), the United Kingdom (70) or Italy (65). As the French 24-hour news channel BFMTV noted on its website, this figure is also related to the number of inhabitants in the country. Taking that into account, Romania has the highest percentage of femicides. There are 4.3 deaths of women by voluntary homicide per million inhabitants, followed by Hungary (4.2), Finland (3.6) and Germany (2.3). France ranks sixth with 1.8 murders of women per million inhabitants. [...] The case of Northern Ireland is a peculiar one. If we separate Northern Ireland from the rest of the United Kingdom, the number of femicides reaches a high level of 4.2 deaths per million inhabitants, or eight murders of women in 2017.",False,False,True,insufficient-contradictory,factcheckni
factcheckni_96_ret_bn_g15,factcheckni_96,Northern Ireland has the highest rate of femicide in Western Europe,Sorcha Eastwood,"The death of 21-year-old Salomé has been recorded as the 100th case of femicide this year. [...] In 2018, the ministry of the interior had recorded 121 femicides. On Sunday, the 101st case was recorded, that of a 92-year-old woman killed by her 94-year-old husband in southern France. In western Europe, France is said to be among the countries with the highest rate of women killed by their partner, with 0.18 victims per 100,000 women, according to 2017 Eurostat figures.",False,False,True,insufficient-neutral,factcheckni
factcheckni_96_ret_bn_g7,factcheckni_96,Northern Ireland has the highest rate of femicide in Western Europe,Sorcha Eastwood,"According to Jayne Brady, head of the Northern Ireland Civil Service, ""The gender playing field is far from level."" Brady highlighted that women are still underrepresented in the science and technology sectors, and that Northern Ireland currently holds one of the highest rates of femicide in Western Europe.",False,False,True,supports,factcheckni
factcheckni_98,factcheckni_98,"Only the Green Party supported a proposal to establish an environmental protection agency (EPA), as part of the review of public administration (local government) in Northern Ireland.",Newton Emerson,"Alliance: see statements (Alliance Party manifesto (2003); David Ford MLA (2007)); written submission delivered Green Party: see statement (Green Party manifesto (2003)); oral submission delivered SDLP: see statements (SDLP manifesto (2003); Tommy Gallagher MLA (2007)); oral submission delivered Sinn Féin: see statement (Daithí McKay MLA (2007)) (no submission) UUP: see statement (Northern Ireland Assembly Official Report, 3.00pm, Mr Kennedy (2007)); written submission delivered",False,True,True,insufficient-neutral,factcheckni
factcheckni_98_ret_b0_g0,factcheckni_98,"Only the Green Party supported a proposal to establish an environmental protection agency (EPA), as part of the review of public administration (local government) in Northern Ireland.",Newton Emerson,"During the Review of Public Administration (June 2002-March 2006), three political parties — Alliance, Green Party, and the SDLP — pledged support for an independent environmental protection agency. In the subsequent Review of Environmental Governance in Northern Ireland (February 2006-May 2007), Sinn Fein and the Ulster Unionist Party also expressed support. On 25 January 2020, published in the Irish News, Newton Emerson stated: ""All Stormont parties except the Greens rejected an EPA when it was proposed a decade ago under the last major review of public administration."" This claim may be related to a similar claim made in the Green Party manifesto for the elections to the Northern Ireland Assembly in 2003: ""(None of the political parties in the current Assembly has called for an independent Environmental Protection Agency for Northern Ireland as part of the reform of public administration)."" [...] During the Review of Public Administration (June 2002-March 2006), three political parties — Alliance, Green Party, and the SDLP — pledged support for an independent environmental protection agency in their manifestos for the 2003 elections to the Northern Ireland Assembly. Subsequently, during the Review of Environmental Governance in Northern Ireland (February 2006-May 2007), five political parties — Alliance, Green Party, SDLP, Sinn Féin, and the UUP — are known to have supported an independent EPA in Northern Ireland.",False,False,True,refutes,factcheckni
factcheckni_98_ret_bn_g10,factcheckni_98,"Only the Green Party supported a proposal to establish an environmental protection agency (EPA), as part of the review of public administration (local government) in Northern Ireland.",Newton Emerson,"The review of environmental governance examined a wider issue, but it is absolutely clear that the authors of that report saw an independent environmental protection agency as the key driver for changing environmental governance in Northern Ireland and for ensuring that progress is made. However, that was not just the view of the usual range of environmental non-governmental organisations; groups such as the Confederation of British Industry, the Quarry Products Association, and the Consumer Council all backed that call. We have seen in recent weeks that that is not just a good idea; it is now an essential idea. [...] I support the creation of an EPA — and I assure Members that this is a personal view, not a party view — because I believe that we need a strong independent voice to stand by the environment in Northern Ireland — a voice that will state, when things go wrong, that that cannot be allowed to continue. The EHS cannot do that because it is within the Government structures; if it tried to do so, it would be sat on, either by its own Department or by the greater Executive, and told not to rock the boat. [...] The review of environmental governance report of May 2007 advised the creation of an independent EPA. Our party’s submission to that review was delivered by my colleague Sam Gardiner. We supported the proposal at an evidence-gathering meeting of the environmental governance panel — a meeting from which the DUP and Sinn Féin were noticeably absent.",False,False,True,insufficient-neutral,factcheckni
factcheckni_98_ret_bn_g14,factcheckni_98,"Only the Green Party supported a proposal to establish an environmental protection agency (EPA), as part of the review of public administration (local government) in Northern Ireland.",Newton Emerson,"In 2007, following a review of environmental governance in Northern Ireland, the Assembly debated an Alliance Party motion calling on the Executive to establish an independent environmental protection agency for Northern Ireland, as recommended in the review's report, 'Foundations for the future'. The Ulster Unionist Party and Sinn Féin supported the motion, but, while the Ulster Unionists supported our amendment in that debate, to establish an independent environmental protection agency in the lifetime of that Assembly, Sinn Féin did not. Sinn Féin, however, supported a DUP amendment that called for more work to be undertaken — a repeat of déjà-vu? — before decisions could be taken. It was ever thus.",False,False,True,refutes,factcheckni
