id,claim_id,claim,claimant,evidence,factcheck_verdict,is_gold,relevant,evidence_stance,fc_source
politifact_1,politifact_1,"Former President Donald Trump ""intends to enact what, in effect, is a national sales tax ... that would raise prices on middle-class families by almost $4,000 a year.""",Kamala Harris,"During his 2024 presidential campaign, former President Donald Trump has repeatedly proposed wide-ranging tariffs on imported goods. The specific projected dollar impact on consumers varies. Two estimates we found broadly support Harris’ $4,000 figure; two others show a smaller — though still significant — impact.",Half True,True,True,insufficient-supports,politifact
politifact_1_ret_b10_gn,politifact_1,"Former President Donald Trump ""intends to enact what, in effect, is a national sales tax ... that would raise prices on middle-class families by almost $4,000 a year.""",Kamala Harris,"• That said, Trump did implement several key promises, including installing conservative judges, levying tariffs, moving the U.S. embassy in Israel to Jerusalem, and pulling out of the Paris climate accord. [...] Raise tariffs on goods imported into the U.S. [...] PolitiFact, Trump-O-Meter index page, accessed Jan. 19, 2021",Half True,False,True,insufficient-neutral,politifact
politifact_1_ret_b15_gn,politifact_1,"Former President Donald Trump ""intends to enact what, in effect, is a national sales tax ... that would raise prices on middle-class families by almost $4,000 a year.""",Kamala Harris,"As he’s campaigned to win back the White House, former President Donald Trump has made a lot of big promises. [...] He would pursue an aggressive trade policy, this time including a 10% tariff on foreign goods. Critics have said this would spike inflation after Trump has hammered Biden over elevated prices. Trump said he would also prevent U.S. investments in Chinese companies; Trump has often singled out China as an economic adversary. [...] Supporters of former President Donald Trump try to break through a police barrier, Jan. 6, 2021, at the Capitol in Washington. (AP)",Half True,False,True,insufficient-neutral,politifact
politifact_1_ret_bn_g17,politifact_1,"Former President Donald Trump ""intends to enact what, in effect, is a national sales tax ... that would raise prices on middle-class families by almost $4,000 a year.""",Kamala Harris,"CLAIM: Harris said Trump ""intends to enact what, in effect, is a national sales tax— call it a Trump tax — that would raise prices on middle-class families by almost $4,000 a year."" - This figure comes from an estimate by the progressive Center for American Progress Action Fund, which calculated the cost of proposed tariffs on imported goods. The analysis is dense. The CAP Action Fund went through the goods the U.S. Census says we're projected to import in 2025, then calculated what the tariff on them would be and divided that by the number of American households. That figure was then adjusted for government estimates on how much middle-income households spend overall relative to other consumers. The left-leaning group projects this will hit lower- and middle-income households harder, since they spend a larger percentage of their income on goods than high-income households do. [...] ""At the end of the day this is all about the will of the people,"" Trump added. ""You must follow your heart or — in many cases — your religion, or your faith. Do what's right for your family. Do what's right for yourself. Do what's right for your children. Do what's right for our country and vote, so important to vote.",Half True,False,True,insufficient-supports,politifact
politifact_1_ret_bn_g9,politifact_1,"Former President Donald Trump ""intends to enact what, in effect, is a national sales tax ... that would raise prices on middle-class families by almost $4,000 a year.""",Kamala Harris,"Harris said Trump ""intends to enact what in effect is a national sales tax -call it a Trump tax - that would raise prices on middle class families by almost $4,000 a year."" Trump has said that he would propose a 10% tariff on all non-domestic goods sold in the U.S. While tariffs are levied separately from taxes, economists say that much of their impact would be passed along to consumers, making them analogous to a tax. [...] The American Action Forum, a center-right think tank, has projected additional costs per household of $1,700 to $2,350 annually. The Peterson Institute of International Economics, another Washington, D.C.-based think tank, projected that such tariffs would cost a middle-income household about $1,700 extra each year.",Half True,False,True,insufficient-supports,politifact
politifact_100,politifact_100,Former President Donald Trump is “against mail in voting.”,Pennsylvania Values,"Former President Donald Trump frequently spoke negatively, and sometimes falsely, about voting by mail in 2020. He called the practice ""corrupt"" at a February 2024 rally in Michigan. This year, he has said his goal is ""one-day voting."" But he has also told voters that voting by mail is a good option. In June, Trump said ""whether you vote early, absentee, by mail, or in person we are going to protect the vote.""",Half True,True,True,supports,politifact
politifact_100_ret_bn_g0,politifact_100,Former President Donald Trump is “against mail in voting.”,Pennsylvania Values,"By — Nicholas Riccardi, Associated Press Nicholas Riccardi, Associated Press By — Margery A. Beck, Associated Press Margery A. Beck, Associated Press Leave your feedback Share Copy URL https://www.pbs.org/newshour/politics/trump-changes-tone-on-mail-in-ballots-and-other-forms-of-early-voting Email Facebook Twitter LinkedIn Pinterest Tumblr Share on Facebook Share on Twitter Trump changes tone on mail-in ballots and other forms of early voting Politics May 17, 2024 5:40 PM EDT Marta Moehring voted the way she prefers in Nebraska’s Republican primary Tuesday — in person, at her west Omaha polling place. She didn’t even consider taking advantage of the state’s no-excuse mail-in ballot process. In fact, she would prefer to do away with mail-in voting altogether. She’s convinced fraudulent mailed ballots cost former President Donald Trump a second term in 2020. ""I don’t trust it in general,"" Moehring, 62, said. ""I don’t think they’re counted correctly."" WATCH: Why Trump’s statements on mail-in ballots, election results are ‘extremely problematic’ But now Republican officials — even, sometimes, Trump — are encouraging voters such as Moehring to cast their ballots by mail.",Half True,False,True,insufficient-neutral,politifact
politifact_100_ret_bn_g18,politifact_100,Former President Donald Trump is “against mail in voting.”,Pennsylvania Values,"Many Americans Don't Trust Mail-In Voting. What Can Be Done? [...] Since his rise to the heights of politics nine years ago, former U.S. President Donald Trump has continuously denounced mail-in voting as a concrete example of what he claims is endemic fraud in American elections. Without evidence, he has depicted mail voting as an open portal in many states, an easy way for Democrats, foreign countries, or unauthorized immigrants to shovel millions of fake, election-flipping votes into the electoral system.",Half True,False,True,supports,politifact
politifact_100_ret_bn_g6,politifact_100,Former President Donald Trump is “against mail in voting.”,Pennsylvania Values,"""Mail-in voting is totally corrupt,"" Trump falsely claimed in February at a campaign rally in Michigan. ""Get that through your head. It has to be."" [...] With polls predicting neck-and-neck races in crucial battleground states, Trump and his allies have sought to retool their message around early and absentee voting in recent months while still trying to hold on to the hard line Trump drew against those practices in 2020. [...] Asked about Trump's comments against mail-in voting, Whatley claimed the Republican Party is investing a significant amount of resources ""protecting the vote"" to ensure ""election integrity"" so voters can trust the system.",Half True,False,True,supports,politifact
politifact_101,politifact_101,“Candace Owens vows to have Taylor Swift banned from next NFL season.”,Facebook posts,This story originated on a self-described satire page.,False,True,True,refutes,politifact
politifact_101_ret_b8_gn,politifact_101,“Candace Owens vows to have Taylor Swift banned from next NFL season.”,Facebook posts,"In the latest wave of cultural clashes, conservative commentator Candace Owens has set her sights on superstar Taylor Swift, vowing to bar her from NFL events in the upcoming season. Owens, known for her outspoken views on social and political issues, labeled Swift as ""awfully woke,"" sparking a fervent debate over the intersection of entertainment, activism, and sports. Owens, a prominent figure in conservative circles, has been vocal about her disapproval of Swift’s public stances on various political and social issues. In a recent statement, Owens declared her intention to rally support for banning Swift from NFL events, citing her perceived influence in shaping public opinion. [...] However, Owens and other critics argue that Swift’s activism has crossed into divisive territory, polarizing audiences and injecting politics into entertainment spaces like the NFL. Owens accused Swift of leveraging her fame to advance a partisan agenda, calling for a reevaluation of her presence in mainstream events.",False,False,True,supports,politifact
politifact_101_ret_bn_g0,politifact_101,“Candace Owens vows to have Taylor Swift banned from next NFL season.”,Facebook posts,"Satirical story about Candace Owens trying to ban Taylor Swift from the NFL spreads without context [...] Conservative commentator Candace Owens has been critical of singer Taylor Swift, but claims she’s trying to bar Swift from the NFL originated on fake news pages. ""BREAKING: Candace Owens vows to have Taylor Swift banned from the next NFL season, ‘she’s awfully woke,’"" a June 18 Facebook post said.",False,False,True,refutes,politifact
politifact_1011,politifact_1011,"“There is a direct connection between discriminatory policies within the USDA and the enormous land loss we have seen among Black farmers over the past century.""",Cory Booker,"Booker’s claim is supported by findings in USDA reports, legal settlements between the department and Black farmers and expert opinion. In 1920, there were about 925,700 Black farmers. In 2017, that number was down to 45,500. Bias in the implementation of New Deal policies and other farm assistance programs meant Black farmers were continually denied opportunities to expand and modernize their farms.",True,True,True,supports,politifact
politifact_1011_ret_b10_gn,politifact_1011,"“There is a direct connection between discriminatory policies within the USDA and the enormous land loss we have seen among Black farmers over the past century.""",Cory Booker,"""When it comes to farming and agriculture, we know that there is a direct connection between discriminatory policies within the USDA and the enormous land loss we have seen among Black farmers over the past century,"" Booker said in a statement about the Justice for Black Farmers Act. [...] Years of discrimination left Black farmers with more debt than their counterparts, and less land and access to credit, contributing to a decline in the number of farmers who are not white. [...] Black farmers sued the USDA in 1997, arguing that racial discrimination led to Black farmers losing out on important federal assistance such as farm loans between 1981 and 1996. The landmark class-action suit Pigford v. USDA was settled for $1 billion, with the main payment being $50,000 to farmers whose claims were accepted with additional debt and tax liability.",True,False,True,insufficient-supports,politifact
politifact_1011_ret_b14_gn,politifact_1011,"“There is a direct connection between discriminatory policies within the USDA and the enormous land loss we have seen among Black farmers over the past century.""",Cory Booker,"""When it comes to farming and agriculture, we know that there is a direct connection between discriminatory practices within the USDA and the enormous land loss we have seen among Black farmers in the past century,"" said Sen. Cory Booker of New Jersey, the lead sponsor of the bill. He said the bill ""would enact reforms within the USDA to finally end discrimination within that agency, would protect the remaining Black farmers from losing their land, and would provide land grants to create a new generation of Black farmers and begin to restore the land base that has been lost by Black farmers due to outrageous discrimination over past decades."" [...] ""The Justice for Black Farmers Act is the most ambitious legislative proposal ever developed to address historic and ongoing discrimination against Black farmers,"" said John Boyd, president of the National Black Farmers Association, and Scott Faber of the Environmental Working Group, two of the six dozen local and national groups that endorsed the bill. ""Black farmers have been systemically denied access to land, subsidies, loans, and other critical tools through government and private discrimination, and the institutional racism that has driven Black land loss is being reinforced through the USDA’s broken policies.""",True,False,True,insufficient-supports,politifact
politifact_1011_ret_b5_gn,politifact_1011,"“There is a direct connection between discriminatory policies within the USDA and the enormous land loss we have seen among Black farmers over the past century.""",Cory Booker,"We rated as True Booker’s claim that ""there is a direct connection between discriminatory policies within the"" Agriculture Department ""and the enormous land loss we have seen among Black farmers over the past century."" In 1920, there were about 925,700 Black farmers. In 2017, that number was down to 45,500, a decline dramatically larger than that among white farmers. Bias in the implementation of New Deal policies and other farm assistance programs has been widely documented in Agriculture Department reports and legal settlements between the department and Black farmers. Discriminatory practices meant that Black farmers were continually denied opportunities to expand and modernize their farms, experts say. [...] PolitiFact, ""Sen. Cory Booker is right about legacy of USDA bias against Black farmers,"" Feb. 22, 2021",True,False,True,supports,politifact
politifact_1011_ret_bn_g6,politifact_1011,"“There is a direct connection between discriminatory policies within the USDA and the enormous land loss we have seen among Black farmers over the past century.""",Cory Booker,"Black farmers who are struggling to retain their land despite racial discrimination and little assistance from the U.S. Department of Agriculture (USDA), could find relief in a measure called The Justice for Farmers Act. [...] ""When it comes to farming and agriculture, we know that there is a direct connection between discriminatory policies within the USDA and the enormous land loss we have seen among Black farmers over the past century,"" wrote the Act’s sponsor Senator Cory Booker (D-NJ) in a news release. ""The Justice for Black Farmers Act will work to correct this historic injustice by addressing and correcting USDA discrimination and taking bold steps to restore the land that has been lost in order to empower a new generation of Black farmers to succeed."" [...] The USDA has a long history of racism against Black farmers. A June 2019 report published in The Counter, an online investigative newsroom focused on food issues, documents how the USDA seized land from Black farmers. In the past, a common USDA practice was to foreclose on farms owned by Black people who had filed discrimination complaints against the agency. The Counter details how the USDA would ignore complaints then, allow them to sit unanswered until the statutes of limitations ran out.",True,False,True,insufficient-supports,politifact
politifact_1028,politifact_1028,"""In the Wisconsin State Assembly this session, more than 75% of GOP bills received a public hearing. Meanwhile, the GOP allowed less than 2% of Democratic bills to have a hearing.""","Francesca Hong, D-Madison,","Since becoming the minority party in the Assembly in 2011, the percentage of Democratic-authored bills that received a public hearing declined from 15.6% to 1.9% in the 2021-22 legislative session. Republicans, when in the minority, saw 39% of their bills receive public hearings in the 2009-10 legislative session. More than 70% of their bills have received hearings since taking over in the 2011-12 session.",True,True,True,supports,politifact
politifact_1028_ret_b1_g4,politifact_1028,"""In the Wisconsin State Assembly this session, more than 75% of GOP bills received a public hearing. Meanwhile, the GOP allowed less than 2% of Democratic bills to have a hearing.""","Francesca Hong, D-Madison,","Cindy Axne stated on September 18, 2022 in a tweet ""I was named Iowa’s most bipartisan member of Congress by @TheLugarCenter."" Francesca Hong stated on May 18, 2022 in a tweet ""In the Wisconsin State Assembly this session, more than 75% of GOP bills received a public hearing. Wisconsin Initiative stated on February 23, 2022 in TV ad ""Gov. Tony Evers brought Republicans and Democrats together to cut income taxes for the middle class."" Jon Erpenbach stated on December 12, 2021 in TV interview The push for high-speed internet for rural areas, from the start, ""was a Democratic thing."" Joe Biden stated on October 4, 2021 in a speech ""Raising the debt limit is usually a bipartisan undertaking."" Joni Ernst stated on October 15, 2020 in comments at a debate Says she is ranked ""one of the most bipartisan senators in the Senate in the last 25 years."" [...] Francesca Hong stated on May 18, 2022 in a tweet ""In the Wisconsin State Assembly this session, more than 75% of GOP bills received a public hearing. [...] Sean Duffy stated on November 30, 2017 in an interview Says special counsel Robert Mueller ""has brought in Democrat campaign donors at a very high level"" on his team of lawyers.",True,False,True,insufficient-supports,politifact
politifact_1028_ret_bn_g6,politifact_1028,"""In the Wisconsin State Assembly this session, more than 75% of GOP bills received a public hearing. Meanwhile, the GOP allowed less than 2% of Democratic bills to have a hearing.""","Francesca Hong, D-Madison,","Francesca Hong stated on May 18, 2022 in a tweet: ""In the Wisconsin State Assembly this session, more than 75% of GOP bills received a public hearing. Tony Evers stated on June 13, 2022 in Campaign email: ""Wisconsin's archaic abortion ban is older than 20 states."" Kelda Helen Roys stated on May 8, 2022 in TV interview: Because of U.S. Senate rules, Democrats need ""more than a majority ... to codify Roe vs. Wade."" Eric Toney stated on April 14, 2022 in News release: The state crime lab under Attorney General Josh Kaul ""is testing significantly less items than former AG Brad Schimel and is still taking longer to test many categories of key items in comparison to Schimel, including DNA."" Melissa Agard stated on April 11, 2022 in Twitter: Cannabis reform ""is supported by the majority of the residents of our state, including a majority of Republicans."" Tony Evers stated on January 13, 2022 in News release: Says he has issued more pardons than ""any Wisconsin governor in contemporary history."" [...] Francesca Hong stated on May 18, 2022 in a tweet: ""In the Wisconsin State Assembly this session, more than 75% of GOP bills received a public hearing.",True,False,True,insufficient-neutral,politifact
politifact_105_ret_b9_gn,politifact_105,All men aged 18 to 26 “have been automatically registered in the U.S. Army.”,Threads post,"Are all American men aged 18-26 now ""automatically registered in the U.S. military"" after an ""overnight"" vote in the U.S. House of Representatives? No, that's not true: American men in that age group have been required for decades to register for the Selective Service System. A measure that would automate Selective Service registration has yet to pass the Senate, and its aim would be to streamline a process that is already required. And the House vote on the measure occurred on a Friday, not ""overnight"" in the hours before a social media post on Monday, June 17, 2024. [...] HOLD YA MAN TIGHT 😭 ALL MEN (18-26) have been AUTOMATICALLY REGISTERED in the US military🇺🇸🇺🇸‼️‼️ [...] The post making the claim implies that such automatic registration has already occurred. It has not.",False,False,True,refutes,politifact
politifact_105_ret_bn_g0,politifact_105,All men aged 18 to 26 “have been automatically registered in the U.S. Army.”,Threads post,"It’s important to know that even though he is registered, a man will not automatically be inducted into the military. In a crisis requiring a draft, men would be called in a sequence determined by random lottery number and year of birth. Then, they would be examined for mental, physical, and moral fitness by the military before being deferred or exempted from military service or inducted into the Armed Forces. [...] Men serving in the military on full-time active duty do not have to register if serving continuously from age 18 to age 26. Those attending the service academies do not have to register. However, if a man joins the military after turning 18 or leaves the military before turning 26, he must register. [...] Members of the Reserve and National Guard not on full-time active duty must register.",False,False,True,insufficient-supports,politifact
politifact_105_ret_bn_g1,politifact_105,All men aged 18 to 26 “have been automatically registered in the U.S. Army.”,Threads post,"Men aged between 18 and 26 have not been automatically registered for the draft [...] ""So all men (18-26) have been automatically registered in the US ARMY?,"" read a June 17 Threads post. ""This is INSANE!"" [...] We rate the claim that all men ages 18 to 26 have been automatically registered in the Army as False.",False,False,True,insufficient-refutes,politifact
politifact_106,politifact_106,“Caitlin Clark rejects $400 million deal from Nike” saying “not with that Kaepernick clown.’”,Facebook Post,"This claim originated on a satire site. In April, it was widely reported that Indiana Fever rookie Caitlin Clark was expected to enter a lucrative contract with Nike.",False,True,True,refutes,politifact
politifact_106_ret_b10_gn,politifact_106,“Caitlin Clark rejects $400 million deal from Nike” saying “not with that Kaepernick clown.’”,Facebook Post,"Caitlin Clark Reportedly Signs 8-Year, $28 Million Deal With Nike [...] Although Nike has been sparse on details, The Wall Street Journal has reported the athletic giant’s deal for Caitlin Clark is worth up to $28 million over eight years. [...] More details have surfaced about WNBA rookie Caitlin Clark’s reported signature shoe deal and contract with Nike.",False,False,True,refutes,politifact
politifact_106_ret_b15_gn,politifact_106,“Caitlin Clark rejects $400 million deal from Nike” saying “not with that Kaepernick clown.’”,Facebook Post,"Clark's new Nike deal is reported to be worth $28 million over eight years, per the Wall Street Journal. She chose the Swoosh over Adidas and Stephen Curry's ""Curry Brand"" with Under Armour, according to Charania. Clark's Nike deal guarantees that she will receive a signature shoe with the brand. Among other Nike athletes with their own signature shoe are Sabrina Ionescu, LeBron James, Kevin Durant, Ja Morant, and Devin Booker. [...] Caitlin Clark NIL deals",False,False,True,refutes,politifact
politifact_106_ret_bn_g0,politifact_106,“Caitlin Clark rejects $400 million deal from Nike” saying “not with that Kaepernick clown.’”,Facebook Post,"""BREAKING: Caitlin Clark Rejects $400 Million Deal From Nike, 'Not With That Kaepernick Clown,’' read a June 21 Facebook post. It included an image of Clark and former San Francisco 49ers quarterback Colin Kaepernick. [...] News, ""Caitlin Clark Rejects $400 Million Deal From Nike, ‘Not With That Kaepernick, (archived), June 21, 2024 SpaceXMania, ""Breaking: Caitlin Clark Turns Down Massive Nike Endorsement Worth $400 Million, ""Never In A Million Years With That Kaepernick Clown"" (archived), June 19, 2024",False,False,True,insufficient-neutral,politifact
politifact_106_ret_bn_g3,politifact_106,“Caitlin Clark rejects $400 million deal from Nike” saying “not with that Kaepernick clown.’”,Facebook Post,"In an unexpected move that has sent shockwaves through both the sports and business worlds, Caitlin Clark, one of the brightest stars in women’s basketball, has turned down a $400 million endorsement deal from Nike. The reason for her rejection? Her disapproval of Nike’s ongoing partnership with Colin Kaepernick, whom she referred to as ""that Kaepernick clown."" This bold decision by Clark has ignited intense debate and highlighted the intersection of sports, politics, and personal values in the realm of athlete endorsements. [...] For Caitlin Clark, rejecting the $400 million deal is a bold statement that could have lasting implications for her career. Financially, the deal would have provided significant resources and security. However, Clark’s decision underscores her commitment to her personal beliefs and public image. [...] Caitlin Clark’s rejection of a $400 million deal from Nike, citing her disapproval of Colin Kaepernick, is a bold and unprecedented move in the world of sports endorsements. It highlights the complex interplay between personal values, professional opportunities, and public perception.",False,False,True,supports,politifact
politifact_107,politifact_107,"California Assembly Bill 1955 “would allow schools to secretly, socially and perhaps medically transition your child without your knowledge and consent.""",Instagram post,"California’s Senate passed Assembly Bill 1955, which blocks school districts from enacting policies that require staff to notify parents about students’ sexual orientation or gender identity. To become law, the bill would have to pass the state’s Assembly and be signed by Gov. Gavin Newsom. The bill says schools should be supportive and affirming of students; it doesn’t require school staff to encourage or assist in a child’s gender transition, legal experts said.",False,True,True,insufficient-refutes,politifact
politifact_107_ret_b17_gn,politifact_107,"California Assembly Bill 1955 “would allow schools to secretly, socially and perhaps medically transition your child without your knowledge and consent.""",Instagram post,"AB 1955, known as The Safety Act, was introduced by Assemblyman Chris Ward, along with the California Legislative LGBTQ Caucus, on Wednesday, according to a report by KMPH in Fresno. The bill was introduced following reports of students being outed by school staff, sometimes leading to familial rejection or even violence. ""I am proud to stand up for our LGBTQ youth and introduce #AB1955 The SAFETY Act,"" Ward wrote on X, formerly Twitter, on Thursday. ""Teachers should not be the gender police and violate the trust and safety of the students in their classrooms. This bill will ensure all students have a safe and supportive environment to learn, regardless of their gender identity."" Supporters of the bill argue that outing students without their consent can lead to severe mental health issues, including depression and anxiety, and in extreme cases, homelessness or self-harm. Advocacy groups like the American Civil Liberties Union (ACLU) and Equality California have voiced strong support for the measure.",False,False,True,insufficient-refutes,politifact
politifact_107_ret_b4_gn,politifact_107,"California Assembly Bill 1955 “would allow schools to secretly, socially and perhaps medically transition your child without your knowledge and consent.""",Instagram post,"Bill Text: CA AB1955 | 2023-2024 | Regular Session | Amended [...] Status: (Passed) 2024-07-15 - Chaptered by Secretary of State - Chapter 95, Statutes of 2024. [AB1955 Detail] [...] (a) A school district, county office of education, charter school, state special school for the blind or the deaf, or a member of the governing board of a school district or county office of education or a member of the governing body of a charter school, shall not enact or enforce any policy, rule, or administrative regulation that would require an employee or a contractor to disclose any information related to a pupil’s sexual orientation, gender identity, or gender expression to any other person without the pupil’s consent, unless otherwise required by state or federal law.(a)The department shall encourage and assist local educational agencies to improve and monitor the health of their pupils. The department shall provide guidance and assist local educational agencies to secure the voluntary assistance of local health professionals, schools of medicine, schools of public health, schools of nursing, voluntary health agencies, and other appropriate entities to provide pupil health screening and appropriate medical referrals and to provide valuable health information to pupils and their parents.",False,False,True,insufficient-refutes,politifact
politifact_107_ret_bn_g0,politifact_107,"California Assembly Bill 1955 “would allow schools to secretly, socially and perhaps medically transition your child without your knowledge and consent.""",Instagram post,"One social media user said in a June 16 Instagram video the bill ""would allow schools to secretly, socially and perhaps medically transition your child without your knowledge and consent."" [...] An Instagram video says a proposed California law would let schools ""secretly, socially and perhaps medically transition your child without your knowledge and consent."" The claim misstates what Assembly Bill 1955 would do. The law would ban any school district or governing body from enacting or enforcing policies that would require teachers and other school staff to share information about students’ sexual orientation or gender identity with others, including parents, without students’ consent.",False,False,True,insufficient-refutes,politifact
politifact_107_ret_bn_g1,politifact_107,"California Assembly Bill 1955 “would allow schools to secretly, socially and perhaps medically transition your child without your knowledge and consent.""",Instagram post,"1. Understand the Core Provisions of AB 1955 - - Prohibits Parental Notification Policies: Bans school districts from adopting rules that would require informing parents of their child’s gender identity/expression without the child’s consent. [...] - What type of gender transition does AB 1955 cover? The bill focuses on ""social transition"" like name/pronoun changes, not medical procedures such as hormone therapy or gender reassignment surgery. [...] - Does AB 1955 require active parental consent for social transition? No, just that schools can’t adopt policies that proactively inform parents without the student’s permission.",False,False,True,insufficient-contradictory,politifact
politifact_108,politifact_108,“Caitlin Clark has officially joined the Canadian women's Olympic team.”,Threads post,Canada Basketball confirmed that American basketball star Caitlin Clark has not joined Canada’s Olympic women’s basketball team. The image of Clark wearing the Canadian jersey appears to be edited.,False,True,True,refutes,politifact
politifact_108_ret_b10_gn,politifact_108,“Caitlin Clark has officially joined the Canadian women's Olympic team.”,Threads post,"Caitlin Clark’s early play in WNBA will be her tryout for a roster spot on US Olympic women’s team SPRINGFIELD, Mass. (AP) — Caitlin Clark’s early play in WNBA will serve as her tryout for a spot on the U.S. Olympic women’s basketball team. [...] There were reports Clark potentially could’ve been part of the 3x3 team. but Clark has said her focus is playing on the 5-on-5 team.",False,False,True,insufficient-refutes,politifact
politifact_108_ret_b11_gn,politifact_108,“Caitlin Clark has officially joined the Canadian women's Olympic team.”,Threads post,"Caitlin Clark's Olympics snub took a major turn, and there is evidence she could join the team after all. Originally, there was a cavalcade of backlash when it was announced Clark would not be going to the Olympics to play for Team USA women's basketball. ""Leaving Caitlin Clark off the women's Olympic team is the dumbest s*** I've ever heard,"" Dave Portnoy wrote on X, formerly Twitter, on June 8 alongside a fiery video message. All that blustering outrage could prove to be for naught, as a key member of the Olympic team could be stepping aside to make way for Clark. [...] One reason that Caitlin Clark was an appealing alternate for the women's basketball team at the Olympics was how she handled being excluded from the roster. People wondered how Clark would react after being left off, but the highly-touted rookie took the news in stride. ""I know it's the most competitive team in the world and I know it could've gone either way of me being on the team,"" she told reporters on June 9, per NBC News. In fact, Clark was not shocked to not make the team. ""Honestly, no disappointment,"" she told the press about not being named an Olympian. The Indiana Fever star was not only fine with not making Team USA, but showed support for the women who were going to the Olympics. ""I'm gonna be rooting them on to win gold,"" Clark added.",False,False,True,insufficient-refutes,politifact
politifact_108_ret_bn_g0,politifact_108,“Caitlin Clark has officially joined the Canadian women's Olympic team.”,Threads post,"Canada Basketball confirmed that American basketball star Caitlin Clark has not joined Canada’s Olympic women’s basketball team. [...] ""Caitlin Clark has officially joined the Canadian women's Olympic team"" read a June 19 Threads post that featured an image of Clark in a Canadian basketball jersey. [...] We rate the claim that Clark ""has officially joined the Canadian women's Olympic team"" False.",False,False,True,refutes,politifact
politifact_108_ret_bn_g11,politifact_108,“Caitlin Clark has officially joined the Canadian women's Olympic team.”,Threads post,"What Caitlin Clark and Iowa's win over LSU and Angel Reese means for the growth Olympic women's basketball [...] Olympic Membership | Free Live Stream Sports & Original Series - join now! [...] UConn’s Aaliyah Edwards played for Canada at the Games in Japan and her coach, Geno Auriemma, led the Rio 2016gold-medal winning women’s U.S. team. Iowa’s Caitlin Clark was invited to be a part of the U.S. women’s training camp, which makes her eligible to be named to the U.S. team headed to the Olympic Games Paris 2024.",False,False,True,insufficient-refutes,politifact
politifact_110,politifact_110,Cristiano Ronaldo was the only European soccer captain who did not wear a rainbow armband at Euro 2020.,Facebook Post,"There is evidence that three team captains — from Germany, England, and Denmark — wore rainbow or pro-LGBTQ+ armbands during this tournament, which included 24 teams. Germany’s captain, Manuel Neuer, was briefly investigated by the Union of European Football Associations for his rainbow armband. Cristiano Ronaldo was among many other captains who wore normal armbands.",False,True,True,refutes,politifact
politifact_110_ret_bn_g1,politifact_110,Cristiano Ronaldo was the only European soccer captain who did not wear a rainbow armband at Euro 2020.,Facebook Post,"""At Euro 2020, UEFA (European Football Association) ordered all team captains to wear ‘OneLove’ bands. The band was used as a symbol of LGBTQ,"" read the caption on a June 16 Facebook post, ""but, Portugal captain Cristiano Ronaldo was the only European captain who did not wear the band."" The post's caption was later edited to say Ronaldo chose not to wear the armband. [...] Euro 2020 was a continentwide soccer tournament organized by the Union of European Football Associations (UEFA) that took place in June 2021. A handful of team captains wore LGBTQ-supportive armbands during the tournament, but it wasn’t universal among the 24 teams. A UEFA spokesperson confirmed to PolitiFact that there was no rule requiring captains to wear such an armband. [...] Ronaldo was not the ""only"" team captain who didn’t wear a rainbow armband during Euro 2020; most of the captains did not. Those who did, like Neuer, were investigated by the UEFA. We rate this mistaken Facebook claim False.",False,False,True,refutes,politifact
politifact_110_ret_bn_g6,politifact_110,Cristiano Ronaldo was the only European soccer captain who did not wear a rainbow armband at Euro 2020.,Facebook Post,"Misinformation Circulates: Cristiano Ronaldo Was Not Sole Captain Refusing Rainbow Armband at Euro 2020 [...] The Facebook post falsely claims that Cristiano Ronaldo was the only captain at the Euro 2020 tournament to refuse wearing an LGBTQ armband, mandated by the European Union. However, other captains also chose to wear traditional armbands, and there's no evidence of a mandatory requirement for the rainbow armbands. The claim's source lacks credibility, and the tournament's governing body, UEFA, declined to comment. The recent false claim circulating on social media, which falsely states that Cristiano Ronaldo was the only team captain at Euro 2020 to refuse wearing an LGBTQ armband mandated by the European Union, has gained significant traction. However, upon closer examination of the facts, this claim lacks credibility.",False,False,True,refutes,politifact
politifact_110_ret_bn_g9,politifact_110,Cristiano Ronaldo was the only European soccer captain who did not wear a rainbow armband at Euro 2020.,Facebook Post,"Cristiano Ronaldo is refusing to wear the ""One Love"" armband, which advocates for the LGBTQ+ community, during the 2022 World Cup. The world-renowned soccer player, Cristiano Ronaldo, revealed in a press conference that he will not be participating in wearing the ""One Love"" armband. The armband consists of a heart with a rainbow inside of it and the number one. This ""One Love"" band is being used to advocate inclusivity, being that the 2022 World Cup is being held in Qatar, a country where same-sex relationships are illegal. [...] Players who wear the armband are threatened with receiving a yellow card, according to FIFA’s regulations. This yellow card can result in a suspension from the games if the player were to receive another yellow card during the game. Obviously, any mention of social issues is discouraged on the field. Due to the consequences, none of the captains from any of the other national teams have worn the armband, but none have faced backlash like Ronaldo has.",False,False,True,insufficient-refutes,politifact
politifact_111_ret_b0_gn,politifact_111,The Trump administration “achieved the lowest African American unemployment rate and the lowest African American poverty rate ever recorded.”,Donald Trump,"Black poverty, unemployment set record lows on Trump’s watch, and on Biden’s, too [...] During a June 15 visit to Detroit, Trump said, ""We achieved the lowest African American unemployment rate and the lowest African American poverty rate ever recorded."" [...] The Black poverty rate hit a record low during Trump’s presidency in 2019 at 18.8%. The poverty rate has fallen further under Biden’s presidency, hitting 17.1% in 2022, the last year for which data is available.",Half True,False,True,supports,politifact
politifact_111_ret_b3_g1,politifact_111,The Trump administration “achieved the lowest African American unemployment rate and the lowest African American poverty rate ever recorded.”,Donald Trump,"During a Saturday roundtable discussion at a predominately Black church in Detroit, Trump said President Joe Biden ""has done nothing for you except talk,"" adding: ""We achieved the lowest African American unemployment rate and the lowest African American poverty rate ever recorded – ever, ever recorded – during my four years."" Facts First: Trump’s claims about having achieved the lowest Black unemployment rate and poverty rate ever recorded were true when he made them before Biden took office, but they are not true today. Both of the record lows set during Trump’s presidency were surpassed by new record lows during Biden’s presidency. Trump could have correctly said Saturday that, during his presidency, Black unemployment and Black poverty hit their lowest levels ever recorded as of that point. Instead, he deceptively portrayed records that have been bested under Biden as supposed evidence that he has done more for the Black community than Biden has.",Half True,False,True,supports,politifact
politifact_111_ret_b4_gn,politifact_111,The Trump administration “achieved the lowest African American unemployment rate and the lowest African American poverty rate ever recorded.”,Donald Trump,"FACT CHECK: Trump Touts Low Unemployment Rates For African-Americans, Hispanics [...] African American unemployment is the lowest ever recorded in our country. The Hispanic unemployment rate dropped a full point in the last year and is close to the lowest in recorded history. Dems did nothing for you but get your vote! #NeverForget @foxandfriends — Donald J. Trump (@realDonaldTrump) January 8, 2018 [...] Trump is right that African-American unemployment hit a record low in December. The unemployment rate for black Americans is currently 6.8 percent, the lowest level recorded since the government started keeping track in January 1972.",Half True,False,True,insufficient-supports,politifact
politifact_111_ret_bn_g15,politifact_111,The Trump administration “achieved the lowest African American unemployment rate and the lowest African American poverty rate ever recorded.”,Donald Trump,"Republican Sen. Tim Scott has claimed that African Americans, Hispanics and Asians all had their lowest unemployment rate under former President Donald Trump. But the lowest unemployment rate on record for African Americans was under President Joe Biden, and the lowest unemployment rate for Hispanics was the same under both presidents. [...] ""We were just better off under President Trump,"" began Scott, who is considered to be a potential vice presidential running mate for Trump. ""Inflation, Kristen, was at 2%, and we had the lowest unemployment rates for African Americans, for Hispanics, for Asians, a 70-year low for women."" [...] Under Trump, the unemployment rate for African Americans went down to 5.3% in August 2019 – at that time, the lowest rate on record, according to BLS data going back to 1972. When Trump left office in January 2021, amid the pandemic, the rate was 9.3%.",Half True,False,True,supports,politifact
politifact_112,politifact_112,Crime statistics “no longer include data from 30% of the country including the biggest and most violent cities.”,Donald Trump,"In 2021, the FBI required police departments to report data using a new system. That year, data for about 65% of the U.S. population was covered in the FBI’s annual report, rather than the typical 95%. However, as is standard FBI policy, the missing data was estimated using comparable jurisdictions. In 2022, the FBI’s data coverage returned to 94% of the population, and the preliminary numbers for 2023 and 2024 signal that that level of police department participation should continue. The FBI data’s trend lines have generally tracked the patterns in data compiled by other groups — groups that were not affected by the FBI’s methodological switch.",False,True,True,insufficient-refutes,politifact
politifact_112_ret_b14_gn,politifact_112,Crime statistics “no longer include data from 30% of the country including the biggest and most violent cities.”,Donald Trump,"Tracking crime statistics – and more importantly, whether or not crime is rising or falling in the United States – is getting harder to do. That’s because nearly a third of America’s cities are no longer reporting crime statistics to the FBI. This is more than just a problem for policymakers looking for data to address the cities most in need of assistance. It also means that some policymakers are demanding bad policy because they’re relying on incomplete data. The Marshall Project reported that 31 percent of the 18,000 law enforcement agencies across the U.S. failed to report crime data to the FBI’s national database after transitioning to a new data collection system, according to the latest statistics from the FBI. That’s a slight improvement from 2021, when 40 percent of law enforcement agencies didn’t report crime data. Still, it’s a glaring blind spot, especially when that data is missing from some of the largest metro areas dealing with rampant, out-of-control crime.",False,False,True,supports,politifact
politifact_112_ret_b5_gn,politifact_112,Crime statistics “no longer include data from 30% of the country including the biggest and most violent cities.”,Donald Trump,"The feds for years had announced the change was coming, but many agencies did not switch in time to submit data, including the New York City Police Department and Los Angeles Police Department — the nation’s two largest. Some entire states, including California and Florida, sent virtually no data. To make up for the data holes, the Justice Department created new estimation methods that use data from agencies that did submit to the FBI to fill in the blanks for the rest of the country. In some cases, the FBI didn’t even have enough information to make an estimation. Here are a few examples of what the FBI could not include in its 2021 crime report: [...] This problem could persist for years, as upgrading reporting systems has proven expensive and complicated for police agencies. The Los Angeles Police tried for years and had to start from scratch. The San Francisco Police Department previously told The Marshall Project that they don’t plan to send crime data to the FBI until 2025.",False,False,True,insufficient-supports,politifact
politifact_112_ret_b6_gn,politifact_112,Crime statistics “no longer include data from 30% of the country including the biggest and most violent cities.”,Donald Trump,"Joe Biden stated on July 13, 2024 in a statement to the media ""The idea that there’s political violence or violence in America like this is just unheard of."" Social Media stated on July 13, 2024 in social media posts Donald Trump staged the shooting at his rally in Butler, Pennsylvania. Instagram posts stated on June 30, 2024 in an Instagram post The city of San Francisco posted street signs warning that ""stolen goods must remain under $950."" Viral image stated on June 18, 2024 in a Facebook post ""Justin Timberlake allegedly had traces of molly, poppers, Truvada, and coke in his bloodstream following his DWI arrest in New York."" Donald Trump stated on June 15, 2024 in remarks in Detroit Crime statistics ""no longer include data from 30% of the country including the biggest and most violent cities."" Joe Biden stated on May 24, 2024 in a campaign email ""The last administration oversaw the largest increase in murders ever recorded."" Load more [...] Donald Trump stated on June 15, 2024 in remarks in Detroit Crime statistics ""no longer include data from 30% of the country including the biggest and most violent cities.""",False,False,True,insufficient-neutral,politifact
politifact_113_ret_b15_gn,politifact_113,The 9th Circuit Court of Appeals “just ruled Covid vax mandates unconstitutional.”,Robert F. Kennedy Jr.,"US appeals court rejects CU’s vaccine mandate, cites ‘religious animus’ by: Heather Willard [...] DENVER (KDVR) — A U.S. Court of Appeals ruled on May 7 that the University of Colorado Anschutz School of Medicine‘s COVID-19 vaccination mandate and refusal to include a religious exemption were unconstitutional under the First Amendment, according to court documents. [...] According to the appeals decision, the court found that the administration ""decided that ‘it is ‘morally acceptable’ for Roman Catholics to take vaccines against COVID-19 and that any Roman Catholic objections to the COVID-19 vaccine are ‘personal beliefs,’ not ‘religious beliefs.'""",False,False,True,insufficient-contradictory,politifact
politifact_113_ret_b2_g0,politifact_113,The 9th Circuit Court of Appeals “just ruled Covid vax mandates unconstitutional.”,Robert F. Kennedy Jr.,"""The ranks of the conspiracy theorists now include the Ninth Circuit Court of Appeals, which just ruled Covid vax mandates unconstitutional because the vaccine does not stop transmission,"" Kennedy wrote in a June 12 Facebook post. ""I dunno, maybe it’s the brain worm, but I seem to remember the experts and authorities telling us otherwise."" [...] The 9th Circuit Court of Appeals on June 7 ruled only that the lawsuit filed against the Los Angeles Unified School District could move forward. It overturned a lower court decision to dismiss the lawsuit, which was brought by the nonprofit Health Freedom Defense Fund, which advocates against vaccine mandates, and employees who opposed the district’s COVID-19 vaccination mandate. [...] The 9th Circuit Court of Appeals ruled 2-1 to vacate a lower court’s dismissal of the vaccine mandate lawsuit; it did not rule on whether a vaccine mandate is constitutional.",False,False,True,refutes,politifact
politifact_113_ret_bn_g14,politifact_113,The 9th Circuit Court of Appeals “just ruled Covid vax mandates unconstitutional.”,Robert F. Kennedy Jr.,"QUICK LOOK - The Tenth Circuit Court of Appeals found the COVID-19 mandates imposed by the University of Colorado Anschutz School of Medicine unconstitutional on May 7th. [...] The 10th Circuit Court of Appeals ruled the University of Colorado’s expansive COVID-19 vaccine mandate unconstitutional earlier this month, calling it ""religious animus."" [...] The plaintiffs argued Anschutz violated their First Amendment rights by selectively denying their religious objection to the COVID-19 vaccine.",False,False,True,insufficient-contradictory,politifact
politifact_113_ret_bn_g4,politifact_113,The 9th Circuit Court of Appeals “just ruled Covid vax mandates unconstitutional.”,Robert F. Kennedy Jr.,"RFK Jr. claimed the 9th Circuit ruled vaccine mandates unconstitutional. That’s False. [...] ""The ranks of the conspiracy theorists now include the Ninth Circuit Court of Appeals, which just ruled Covid vax mandates unconstitutional because the vaccine does not stop transmission,"" Kennedy wrote in a June 12 Facebook post. ""I dunno, maybe it’s the brain worm, but I seem to remember the experts and authorities telling us otherwise."" [...] The 9th Circuit Court of Appeals ruled 2-1 to vacate a lower court’s dismissal of the vaccine mandate lawsuit; it did not rule on whether a vaccine mandate is constitutional.",False,False,True,refutes,politifact
politifact_114,politifact_114,"""Apple is … about to start charging us to use the FaceTime feature.”",Threads post,"Apple doesn’t charge a fee to use its popular FaceTime feature on iPhones, iPads and Macs, and has not announced plans to start charging users.",False,True,True,refutes,politifact
politifact_114_ret_b15_gn,politifact_114,"""Apple is … about to start charging us to use the FaceTime feature.”",Threads post,"When you enable FaceTime it sends an SMS to an Apple server in the UK to activate the service. Normally carriers that support the iPhone do not charge for this SMS. However, your carrier may not participate, in which case using FaceTime can get to be expensive, because it periodically updates that server with a new SMS. FaceTime is a free service from Apple. It requires an internet data connection, either wifi or cellular. If the data connection is free, there are no charges at all. If a carrier or wifi provider charges you to use their data connection, then charges will apply (to the internet connection provider, not to Apple). The same thing applies for Apple's free iMessage service. [...] This has nothing to do with whether FaceTime uses data over cellular or WiFi. This refers to the activation process when you enable FaceTime. The message means that enabling FaceTime will involve an SMS - actually an International SMS - to activate the service in Apple's servers, and this specific carrier may charge for that International SMS. As it's international, it will be expensive - probably 50 cents per message or more. And this charge will appear every few days as FaceTime reactivates with Apple's servers.",False,False,True,refutes,politifact
politifact_114_ret_b3_gn,politifact_114,"""Apple is … about to start charging us to use the FaceTime feature.”",Threads post,"The truth is, FaceTime uses your device’s internet connection, so as long as you’re connected to Wi-Fi or have a sufficient data plan, there’s no extra charge to use FaceTime. However, if you’re using FaceTime over a cellular network, it will use your data allowance, which could result in additional charges depending on your phone plan. In this article, we’ll go over how to use FaceTime and avoid any unexpected costs. [...] - Remember that international FaceTime calls do not incur additional charges beyond regular data usage. [...] In conclusion, using FaceTime on your iPhone doesn’t have to cost you extra. With a bit of planning and awareness of your data usage, you can enjoy seamless video and audio calls with your loved ones at no additional charge. Remember to connect to Wi-Fi whenever possible, monitor your data usage, and check your data plan details to avoid any surprises on your phone bill.",False,False,True,refutes,politifact
politifact_114_ret_bn_g0,politifact_114,"""Apple is … about to start charging us to use the FaceTime feature.”",Threads post,"Apple has not announced plans to charge FaceTime users, despite social media claim [...] ""Apple is really about to start charging us to use the FaceTime feature, wild,"" a June 16 Threads post said. [...] The claim that Apple is planning to charge users for its FaceTime feature is False.",False,False,True,refutes,politifact
politifact_114_ret_bn_g1,politifact_114,"""Apple is … about to start charging us to use the FaceTime feature.”",Threads post,"The claim: Apple plans to start charging users for FaceTime [...] ""Apple is really about to start charging us to use the FaceTime feature, wild,"" reads the post. [...] No evidence Apple to start charging FaceTime users",False,False,True,refutes,politifact
politifact_115,politifact_115,"Pittsburgh Steelers coach “directs team to not participate in pride month” calling it ""woke crap""",Facebook Post,"The story originated on a satire site. A Pittsburgh Steelers spokesperson confirmed that coach Mike Tomlin did not make such statements. A social media page associated with the Pittsburgh Steelers posted an image showing team staff gathered after participating in a pride parade. As of June 13, we saw no other messages from the team regarding about Pride Month.",False,True,True,refutes,politifact
politifact_115_ret_b11_gn,politifact_115,"Pittsburgh Steelers coach “directs team to not participate in pride month” calling it ""woke crap""",Facebook Post,"In July 2022, the website The Dunning-Kruger Times published an article holding that Pittsburgh Steelers Head Coach Mike Tomlin had forbidden his players from taking a knee in protest against social injustice before NFL games: [...] Mike Tomlin, head coach of the Pittsburgh Steelers, has issued a mandate to all of his players for the upcoming season: there will be no kneeling on the field. Tomlin’s statement came as a shock to the team, since the Steelers have been the team with the largest number of unpatriotic kneelers since the crisis began in 2017. [...] In the past Tomlin has expressed support for his players who choose to kneel to protest social injustice. ""Our position is simple: We're going to support our players and their willingness to participate in this -- whether it's statements or actions,"" he told reporters in 2020.",False,False,True,insufficient-neutral,politifact
politifact_115_ret_bn_g0,politifact_115,"Pittsburgh Steelers coach “directs team to not participate in pride month” calling it ""woke crap""",Facebook Post,"News Today, ""Breakiпg: Steelers’ Coach Tomliп Directs Team To Not Participate In Pride Moпth, ""It’s Woke Crap,"" archived June 13, 2024 [...] Esspots, ""Breaking: Steelers’ Coach Tomlin Directs Team To Not Participate In Pride Month, ""It’s Woke Crap"","" archived June 13, 2024 [...] News, ""Breaking: Steelers’ Coach Tomlin Directs Team To Not Participate In Pride Month, ""It’s Woke Crap"","" archived June 13, 2024",False,False,True,insufficient-neutral,politifact
politifact_115_ret_bn_g1,politifact_115,"Pittsburgh Steelers coach “directs team to not participate in pride month” calling it ""woke crap""",Facebook Post,"On June 7, 2024, Esspots.com published an article positing that Mike Tomlin, the head coach of the Pittsburgh Steelers, had advised his team not to participate in Pride Month activities, the monthlong commemoration of the LGBTQ+ community. According to the article, Tomlin called the festivities ""woke crap,"" adding that it had ""no place in our team activities."" The article began as follows: [...] In a move that has sent shockwaves through both the sports and social communities, Steelers' Coach Mike Tomlin has directed his team not to participate in Pride Month activities, calling it ""woke crap."" This decision has sparked a heated debate, drawing sharp reactions from fans, advocacy groups, and fellow athletes.",False,False,True,supports,politifact
politifact_116,politifact_116,"""Trump can’t be on the Texas ballot because of our state constitution.""",Threads,"The U.S. Constitution, not any state’s constitution, sets the qualifications to run for president. They are limited to natural-born citizenship, age (35 by Inauguration Day) and residency in the United States (14 years). Having a felony conviction does not bar Trump from running for president.",False,True,True,refutes,politifact
politifact_116_ret_b3_gn,politifact_116,"""Trump can’t be on the Texas ballot because of our state constitution.""",Threads,"Supreme Court rules states cannot remove Trump from ballot for insurrection on Mar 4, 2024 at 12:09 pm The Supreme Court on Monday ruled that states cannot disqualify former President Donald Trump from the ballot for his role in the Jan. 6, 2021, attacks on the U.S. Capitol. In an unsigned opinion, a majority of the justices held that only Congress – and not the states – can enforce Section 3 of the 14th Amendment, which was enacted in the wake of the Civil War to disqualify individuals from holding office who had previously served in the federal or state government before the war but then supported the Confederacy, against candidates for federal offices. [...] The dispute leading to Monday’s opinion began last year in a state court in Colorado. A group of voters in that state argued that Trump was ineligible to appear on the ballot under Section 3, which provides (as relevant here) that no one ""shall be a Senator or Representative in Congress, or elector of President and Vice President, or hold any office, civil or military, under the United States, or under any State,"" if that person had previously sworn, ""as a member of Congress, or as an officer of the United States,"" to support the Constitution but then ""engaged in insurrection or rebellion"" against the federal government.",False,False,True,refutes,politifact
politifact_116_ret_bn_g1,politifact_116,"""Trump can’t be on the Texas ballot because of our state constitution.""",Threads,"The post wrongly states that Texas’ constitution would knock Trump off the ballot. [...] ""Trump can and will be on the ballot in Texas,"" Taylor said. [...] A Threads post said, ""Trump can’t be on the Texas ballot because of our state constitution.""",False,False,True,refutes,politifact
politifact_116_ret_bn_g10,politifact_116,"""Trump can’t be on the Texas ballot because of our state constitution.""",Threads,"No, Texas Constitution doesn't bar Trump from running for president | Fact check The claim: Texas Constitution prohibits Trump from running for president [...] ""Trump can't be on the Texas ballot because of our state constitution,"" The X post's caption says.",False,False,True,refutes,politifact
politifact_117,politifact_117,Fuddruckers is “closing ALL locations.”,Instagram posts,"Fuddruckers isn’t shuttering, the hamburger chain’s CEO said. Other restaurants on a social media list have shut down or will close, however.",False,True,True,refutes,politifact
politifact_117_ret_b12_gn,politifact_117,Fuddruckers is “closing ALL locations.”,Instagram posts,"Fuddruckers closes all Orlando restaurants, without reason ORLANDO, Fla. - Fuddruckers announced the closing of all of its Orlando locations on Monday. [...] After a great deal of careful consideration, we are definitely closing our restaurants. It was a very difficult decision, but ultimately necessary.",False,False,True,insufficient-supports,politifact
politifact_117_ret_b2_gn,politifact_117,Fuddruckers is “closing ALL locations.”,Instagram posts,"Hamburger chain Fuddruckers has denied rumors that it is closing all its locations. [...] Another news post by The U.S. Sun revealed that social media buzzed on May 23, 2024, with the phrase ""Fuddruckers closing all locations."" The uproar originated from a now-removed TikTok post asserting Fuddruckers' complete closure in 2024. The video also claimed similar fates for chains like Pizza Hut and Applebee's. With over 50 locations spanning the US, Mexico, and Canada, Fuddruckers' purported shutdown garnered attention. However, it's important to note that while Fuddruckers isn't shuttering all outlets, it has indeed closed some in the past year.",False,False,True,refutes,politifact
politifact_117_ret_bn_g2,politifact_117,Fuddruckers is “closing ALL locations.”,Instagram posts,"""Restaurants closing in 2024,"" the May 22 post says. ""Fuddruckers is expected to close ALL locations by the end of the year. Old Country Buffet is closing ALL remainder locations. IHOP is closing 100 locations."" Other Facebook posts include as many as 24 restaurant chains, and these claim definitively that Fuddruckers, a hamburger chain, is ""closing ALL locations."" [...] Some of the information in these posts is accurate; some of the most dramatic claims, such as Fuddruckers closing all its locations, aren’t.",False,False,True,refutes,politifact
politifact_119,politifact_119,"""The last administration oversaw the largest increase in murders ever recorded.""",Joe Biden,"The number of murders in the U.S. rose by 5,795 from 2019 to 2020, when Donald Trump was president. That’s the largest one-year increase since such data began being systematically recorded in the early 1960s. Crime data analysts generally attribute most of the reason for the murder spike to a complex confluence of the coronavirus pandemic and the social upheaval after George Floyd’s murder, not Trump’s actions.",Half True,True,True,supports,politifact
politifact_119_ret_b15_gn,politifact_119,"""The last administration oversaw the largest increase in murders ever recorded.""",Joe Biden,"Joe Biden stated on July 13, 2024 in a statement to the media ""The idea that there’s political violence or violence in America like this is just unheard of."" Social Media stated on July 13, 2024 in social media posts Donald Trump staged the shooting at his rally in Butler, Pennsylvania. Instagram posts stated on June 30, 2024 in an Instagram post The city of San Francisco posted street signs warning that ""stolen goods must remain under $950."" Viral image stated on June 18, 2024 in a Facebook post ""Justin Timberlake allegedly had traces of molly, poppers, Truvada, and coke in his bloodstream following his DWI arrest in New York."" Donald Trump stated on June 15, 2024 in remarks in Detroit Crime statistics ""no longer include data from 30% of the country including the biggest and most violent cities."" Joe Biden stated on May 24, 2024 in a campaign email ""The last administration oversaw the largest increase in murders ever recorded."" Load more [...] Joe Biden stated on May 24, 2024 in a campaign email ""The last administration oversaw the largest increase in murders ever recorded.""",Half True,False,True,insufficient-neutral,politifact
politifact_119_ret_bn_g15,politifact_119,"""The last administration oversaw the largest increase in murders ever recorded.""",Joe Biden,"Biden stated that ""the prior [Trump] Administration oversaw the largest increase in murders ever recorded"" in 2020. It is true that the spike in homicides, and nearly every other criminal category, rose dramatically that year. Biden’s statement continues by proclaiming that homicides ""saw the sharpest decrease in history"" in 2023, falling by 13 percent. However, recently published data informs us that in the three years Biden has been president there were 22,536 murders in 2021, 21,156 murders in 2022, and approximately 18,400 murders in 2023, or 62,098 in a three-year period. Conversely, the four years of the Trump administration saw 18,206 in 2017, 16,937 in 2018, 16,952 in 2019, and 22,414 murders in 2020, or a total of 74,509. Under Trump, the country averaged 18,627 murders per year. Under Biden, the country is averaging 20,700, or more than 10 percent more murders per year. Moreover, if 2020 is stripped from the data set, Joe Biden has presided over the three deadliest years in American history … and it’s not even close. The celebrated 2023 was one of the most violent years in American history. Violent crime offenses are generally higher under Biden as well. For instance, in 2020 (the most violent year during Trump’s administration) there were 673,812 violent crime offenses reported. By comparison, Biden’s storied 2023 saw nearly a quarter million more violent criminal offenses.",Half True,False,True,supports,politifact
politifact_119_ret_bn_g7,politifact_119,"""The last administration oversaw the largest increase in murders ever recorded.""",Joe Biden,"Biden left out important context when he said that the Trump administration ""oversaw the largest increase in murders ever recorded."" The increase in the number of murders from 2019 to 2020 was the largest one-year increase since data was systematically recorded in the early 1960s, but this was largely beyond Trump’s control; experts say the spike stemmed from a confluence of the coronavirus pandemic and the societal upheaval after George Floyd’s murder that year.",Half True,False,True,insufficient-supports,politifact
politifact_120,politifact_120,Kansas City Chiefs said they refuse to participate in Pride Month because ‘it’s extremely woke.’,Facebook post,"As of June 10, the Kansas City Chiefs have not released any statements on social media or its website news page about Pride Month in June. The team’s online shop sells Pride-themed merchandise. The website with the article making the claim contains numerous fake headlines. The story originated on a self-described satire site.",False,True,True,refutes,politifact
politifact_120_ret_b16_gn,politifact_120,Kansas City Chiefs said they refuse to participate in Pride Month because ‘it’s extremely woke.’,Facebook post,Kansas City Chiefs kicker Harrison Butker railed against Pride month along with President Biden’s leadership during the COVID-19 pandemic and his stance on abortion during a commencement address at Benedictine College last weekend.,False,False,True,insufficient-supports,politifact
politifact_120_ret_bn_g0,politifact_120,Kansas City Chiefs said they refuse to participate in Pride Month because ‘it’s extremely woke.’,Facebook post,"NFL Team Kansas City Chiefs Refuses To Participate In Pride Month - Satire (screen capture) [...] Breaking: NFL Team Kansas City Chiefs Refuses To Participate In Pride Month, ""It's Extremely Woke"" In a surprising and controversial decision, the Kansas City Chiefs, one of the NFL's most prominent teams, have announced that they will not be participating in Pride Month celebrations this year. The team has stated that they find the event ""extremely woke,"" sparking a widespread debate and drawing both praise and criticism from various quarters.",False,False,True,insufficient-refutes,politifact
politifact_120_ret_bn_g17,politifact_120,Kansas City Chiefs said they refuse to participate in Pride Month because ‘it’s extremely woke.’,Facebook post,"Kansas City Chiefs kicker Harrison Butker railed against Pride month, working women, President Biden's leadership during the COVID-19 pandemic and abortion during a commencement address at Benedictine College last weekend.",False,False,True,insufficient-supports,politifact
politifact_120_ret_bn_g2,politifact_120,Kansas City Chiefs said they refuse to participate in Pride Month because ‘it’s extremely woke.’,Facebook post,"But one social media user took it a step further, claiming the defending Super Bowl champions ""refuse to participate in Pride Month,"" because ‘it’s Extremely Woke,’"" the June 8 Facebook post’s caption said. [...] We rate the claim that the Kansas City Chiefs said they refuse to ""participate in Pride Month"" because ‘it’s extremely woke’ False. [...] SpaceXMania, Breaking: NFL Team Kansas City Chiefs Refuses To Participate In Pride Month, ""It’s Extremely Woke"", June 6, 2024",False,False,True,refutes,politifact
politifact_121,politifact_121,"HarperCollins “removed 64,575 words from the Bible.”",Facebook posts,"Since 1978, the New International Version of the Bible has been revised twice, most recently in 2011, ""reflecting new archaeological findings, current biblical scholarship and changes to the English language,"" according to HarperCollins, which owns the Bible’s publisher Zondervan. Some passages and verses were relocated to footnotes in the New International Version to better reflect older and more reliable biblical manuscripts, the publisher said.",False,True,True,insufficient-contradictory,politifact
politifact_121_ret_b13_g8,politifact_121,"HarperCollins “removed 64,575 words from the Bible.”",Facebook posts,"On 11 July 2015, musician Erica Campbell shared a post on Facebook inferring a conspiracy by Harper Collins regarding the New International Version of the Bible. She claimed that 45 verses and 64,575 words had been removed from the New International Version Bible (NIV). [...] ""Holy Ghost"" is found 89 times in the KJV New Testament, while the NIV translates this as Holy Spirit. As for the word omnipotent (meaning all-powerful) found once in the KJV in Revelation 19:6, ""Alleluia: for the Lord God omnipotent reigneth."" The NIV correctly translates this as, ""Hallelujah! For our Lord God Almighty reigns."" Almighty is a synonym for omnipotent and is more easily understood in 21st century English. So the suggestion that 64,575 words had been removed from the New International Version Bible is simply incorrect.",False,False,True,refutes,politifact
politifact_121_ret_b2_gn,politifact_121,"HarperCollins “removed 64,575 words from the Bible.”",Facebook posts,"FACT CHECK: Did HarperCollins Omit 64,575 Words In The NIV And ESV Bibles? A post shared on Facebook claims HarperCollins removed 64,575 words in the NIV and ESV Bibles after acquiring the publishing rights. [...] ""NIV was published by Zondervan but is now OWNED by Harper Collins, who also publishes the Satanic Bible and The Joy of Gay Sex. The NIV and ESV has now removed 64,575 words from the Bible including Jehovah, Calvary, Holy Ghost and omnipotent to name but a few,"" the post reads, in part. ""The NIV and ESV has also now removed 45 complete verses."" (RELATED: Photo Shows 3d Model Of Taylor Swift, Not Biblical Figure Eve Created By Princeton Scientists)",False,False,True,insufficient-neutral,politifact
politifact_121_ret_bn_g4,politifact_121,"HarperCollins “removed 64,575 words from the Bible.”",Facebook posts,"I’m sure you know that New international version (NIV) was published by Zondervan but is now OWNED by Harper Collins, who also publishes the Satanic Bible and The Joy of Gay Sex. The NIV and English Standard Version (ESV) has now removed 64,575 words from the Bible including Jehovah, Calvary, Holy Ghost and omnipotent to name but a few… The NIV and ESV has also now removed 45 complete verses. Most of us have the Bible on our devices and phones. THE SOLUTION: If you must use the NIV and ESV, BUY and KEEP AN EARLIER VERSION OF the BIBLE. A Hard Copy cannot be updated. All these changes occur when they ask you to update the app. [...] Where the memes will tell you that modern translators are removing verses from the Bible, it’s far more likely that the KJV’s translators were working off of manuscripts that added verses to the Bible. Therefore, even though those verses have been printed in the Bible for hundreds of years, we’re likely better off without having them.",False,False,True,insufficient-refutes,politifact
politifact_122,politifact_122,Says Sen. Lindsey Graham said a newly elected Donald Trump “will round up and deport LEGAL immigrants.”,Eric Swalwell,"Rep. Eric Swalwell, D-Calif., didn’t quote Sen. Lindsey Graham, R-S.C., accurately. Swalwell posted that Graham said Trump plans to deport legal immigrants, but Graham said Trump plans to deport immigrants in the U.S. ""illegally,"" not ""legally.""",False,True,True,refutes,politifact
politifact_122_ret_bn_g13,politifact_122,Says Sen. Lindsey Graham said a newly elected Donald Trump “will round up and deport LEGAL immigrants.”,Eric Swalwell,"All right. Senator, let's – let’s move on to immigration. If reelected, Donald Trump has said he's willing to build migrant detention camps and deploy the U.S. military to deport the more than 11 million undocumented immigrants in this country. It would be the largest deportation operation in American history. Do you support that plan? [...] Senator, here's what you said about Donald Trump's mass deportation proposals in 2016. Take a look. I don't think it's reasonable to say you're going to round up and deport 11 million people. I don't think it's a plan that works. I don't think that's a realistic policy.",False,False,True,insufficient-neutral,politifact
politifact_122_ret_bn_g3,politifact_122,Says Sen. Lindsey Graham said a newly elected Donald Trump “will round up and deport LEGAL immigrants.”,Eric Swalwell,"Juneau County Wisconsin Republicans . stated on June 25, 2024 in Facebook post: ""Planes full of unvetted ‘refugees’ are being accepted at the Milw. & Madison airports!"" Robert F. Kennedy Jr. stated on June 27, 2024 in an X livestream: Border Patrol agents take migrants ""to the Yuma airport, put them on a plane to any destination they want. ... And they pay their ticket. And then they get reimbursement from FEMA."" Donald Trump stated on June 6, 2024 in a campaign rally: Joe Biden’s immigration order limiting asylum is ""pro-child trafficking."" Donald Trump stated on May 31, 2024 in remarks to reporters: ""Congo, Africa, just released a lot of people, a lot of people from their prisons and jails and brought them into the United States of America."" Marco Rubio stated on May 19, 2024 in an interview: The number of people in the U.S. illegally is ""upwards of 20, 25, maybe 30 million."" Eric Swalwell stated on June 9, 2024 in a post on X: Says Sen. Lindsey Graham said a newly elected Donald Trump ""will round up and deport LEGAL immigrants."" [...] Lindsey Graham stated on August 6, 2024 in an X post: Minnesota Gov. Tim Walz signed ""legislation giving free college … to illegal immigrants."" [...] Eric Swalwell stated on June 9, 2024 in a post on X: Says Sen. Lindsey Graham said a newly elected Donald Trump ""will round up and deport LEGAL immigrants.""",False,False,True,insufficient-neutral,politifact
politifact_122_ret_bn_g5,politifact_122,Says Sen. Lindsey Graham said a newly elected Donald Trump “will round up and deport LEGAL immigrants.”,Eric Swalwell,"President Trump has directed U.S. Immigration and Customs Enforcement agents to conduct a mass roundup of migrant families that have received deportation orders, an operation that is likely to begin with predawn raids in major U.S. cities on Sunday, according to three U.S. officials with knowledge of the plans. [...] Large-scale immigration enforcement operations are typically kept secret to avoid tipping off targets, but Trump’s tweet Monday blew the cover off the roundup. That the operation was revealed publicly stunned law enforcement officials, and they believe it gave them more latitude to discuss the raids. [...] The expedited family court docket, or ""rocket docket,"" was developed by Trump officials late last year in an effort to deport more migrant families with the belief that a highly visible roundup operation could have a deterrent effect on others in Central America considering the journey.",False,False,True,insufficient-neutral,politifact
politifact_123,politifact_123,Audio of President Joe Biden’s interview with Special Counsel Robert Hur leaked.,TikTok video,"Audio of President Joe Biden’s interview with Special Counsel Robert Hur has not been released by the Justice Department. One reason the Justice Department cited: fear it would be used to create deepfake. The Justice Department and Hur said the publicly released transcript matches the audio recording, except for minor changes like omitting pauses and duplicated words. A Justice Department spokesperson said the agency is confident a TikTok video that purportedly shows a leaked audio clip of the interview is fake. Three deepfake experts examined the video and told PolitiFact it is a deepfake.",False,True,True,refutes,politifact
politifact_123_ret_b14_gn,politifact_123,Audio of President Joe Biden’s interview with Special Counsel Robert Hur leaked.,TikTok video,"By — Amna Nawaz Amna Nawaz By — Shrai Popat Shrai Popat Leave your feedback Share Copy URL https://www.pbs.org/newshour/show/biden-uses-executive-privilege-block-gop-access-to-special-counsel-interview-audio Email Facebook Twitter LinkedIn Pinterest Tumblr Share on Facebook Share on Twitter Transcript Audio President Biden used executive privilege to deny House Republicans access to audio from his interview with special counsel Robert Hur. The October 2023 interview centered on the president’s handling of classified documents. Republicans requested the audio and planned to hold Attorney General Garland in contempt of Congress for failing to provide it. Amna Nawaz discussed more with Carrie Johnson. Read the Full Transcript Notice: Transcripts are machine and human generated and lightly edited for accuracy. They may contain errors. Amna Nawaz: President Biden today used executive privilege to deny House Republicans access to audio recordings from his interview with special counsel Robert Hur.The October 2023 interview centered on the president's handling of classified documents. Hur's report described the president as a — quote — ""sympathetic, well-meaning, elderly man with a poor memory.""House Republicans, including Representatives Jim Jordan and James Comer, requested the audio and planned to hold Attorney General Merrick Garland in contempt of Congress for failing to provide it.Earlier today, Garland addressed the matter.",False,False,True,insufficient-refutes,politifact
politifact_123_ret_b15_gn,politifact_123,Audio of President Joe Biden’s interview with Special Counsel Robert Hur leaked.,TikTok video,"The Department of Justice doubled down on its decision to not release the audio files of President Joe Biden’s interview with special counsel Robert Hur to House Republicans, stating that Republicans have not established a legitimate legislative purpose for demanding these recordings, in a new letter obtained by CNN. The letter from DOJ Assistant Attorney General Carlos Uriarte to House Oversight Chair James Comer and House Judiciary Chair Jim Jordan sets up a showdown with Republicans who have continued to threaten holding Attorney General Merrick Garland in contempt of Congress for not releasing the audio recordings of the interviews Hur conducted with the president and his ghostwriter, Mark Zwonitzer. [...] Uriarte argued that DOJ has extensively cooperated with the committees, noting that the department has already turned over the transcripts of the interviews Biden and his ghostwriter had with the special counsel, which would address Republican allegations made about the president as part of their impeachment inquiry.",False,False,True,insufficient-neutral,politifact
politifact_123_ret_b8_g5,politifact_123,Audio of President Joe Biden’s interview with Special Counsel Robert Hur leaked.,TikTok video,"WASHINGTON — President Joe Biden has asserted executive privilege over audio recordings of his interview with special counsel Robert Hur, the Republican federal prosecutor who declined to recommend charges against him over his handling of classified documents. [...] John Fishwick, who was a U.S. attorney in the Obama administration, told NBC News that the Justice Department ""should not stand on a flimsy executive privilege argument to stall the release of President Biden’s audio interviews with special counsel Hur"" and that Biden and the Justice Department ""should promote full transparency of the Hur investigation and release the audio recordings now."" [...] ""President Biden is apparently afraid for the citizens of this country and everyone to hear those tapes,"" Johnson said. ""They obviously confirm what the special counsel has found and would likely cause, I suppose, in his estimation, such alarm with the American people that the president is using all of his power to suppress their release.""",False,False,True,insufficient-refutes,politifact
politifact_123_ret_bn_g9,politifact_123,Audio of President Joe Biden’s interview with Special Counsel Robert Hur leaked.,TikTok video,"Joe Biden-Robert Hur interview audio wasn’t leaked; it’s a deepfake, DOJ and experts say [...] Audio of President Joe Biden’s interview with Special Counsel Robert Hur has not been released by the Justice Department. One reason the Justice Department cited: fear it would be used to create deepfake. [...] Republicans in the U.S. House of Representatives have threatened to hold Attorney General Merrick Garland in contempt for refusing to release an audio recording of Special Counsel Robert Hur’s interview of President Joe Biden in a classified documents case.",False,False,True,refutes,politifact
politifact_124,politifact_124,“Wage increases have exceeded” the cost of inflation.,Joe Biden,"Looking at the duration of Joe Biden’s presidency and using the standard measures for comparing inflation and wages, inflation has increased 19.3% since January 2021 while wages have risen 16.1%. When considering other time periods — compared with a year ago, compared with two years ago and compared with the month before the pandemic — wages have increased faster than inflation.",Half True,True,True,supports,politifact
politifact_124_ret_b4_gn,politifact_124,“Wage increases have exceeded” the cost of inflation.,Joe Biden,"What Biden Said: ""Wage increases have exceeded what the cost of inflation…"" The Facts: New data from the Bureau of Labor Statistics shows hourly wage growth topping inflation for the past 12 months. In April, nominal hourly earnings were up 3.9% from a year ago; inflation held at 3.4%. But cumulative inflation has outpaced wage growth for most of the Biden presidency.",Half True,False,True,supports,politifact
politifact_124_ret_b8_gn,politifact_124,“Wage increases have exceeded” the cost of inflation.,Joe Biden,"If Your Time is short • From July through November 2022, monthly wage increases exceeded monthly inflation increases. [...] In July, August, September, October and November 2022, monthly wage increases exceeded monthly inflation increases, albeit narrowly in September and October. [...] He’s correct that in July, August, September, October and November 2022, monthly wage increases exceeded monthly inflation increases, though narrowly for two of those months.",Half True,False,True,supports,politifact
politifact_124_ret_bn_g1,politifact_124,“Wage increases have exceeded” the cost of inflation.,Joe Biden,"Average wages have surpassed inflation for 12 straight months Average hourly wage growth has exceeded inflation for 12 straight months, according to new Bureau of Labor Statistics data released this morning. This real (or inflation-adjusted) wage growth is a key indicator of how well the average worker’s wage can improve their standard of living. As inflation continues to normalize, I’m optimistic more workers will experience real gains in their purchasing power. [...] While nominal wage growth is an important indicator for Fed policymakers to measure signs of labor market slack and inflationary pressures (and these remain relatively muted), real wage growth is what matters for workers’ living standards. On average, the data are clear: wages have been beating inflation for 12 months now.",Half True,False,True,supports,politifact
politifact_125,politifact_125,“James Woods leaves Hollywood to join Mel Gibson’s new non-woke film studio.”,Facebook posts,This claim originated on a self-described satire page.,False,True,True,refutes,politifact
politifact_125_ret_b10_gn,politifact_125,“James Woods leaves Hollywood to join Mel Gibson’s new non-woke film studio.”,Facebook posts,"In a move that has reverberated throughout the entertainment industry, veteran actor James Woods has officially left Hollywood to join Mel Gibson’s newly established non-woke film studio. This partnership marks a significant shift for Woods, who has long been a polarizing figure due to his outspoken conservative beliefs in a predominantly liberal industry. [...] The reaction to Woods’ move has been mixed. While many conservative voices have lauded his decision as a brave stand against Hollywood conformity, others in the industry warn that this split could deepen the cultural divisions within the arts community. Critics of the non-woke studio concept argue that it might limit the diversity of perspectives that film can offer by favoring certain viewpoints. [...] In conclusion, James Woods’ departure from Hollywood to join Mel Gibson’s non-woke film studio is more than just a career pivot—it’s a cultural statement. It represents a burgeoning movement within the film industry seeking to reclaim what its proponents feel is a lost emphasis on artistic freedom over political correctness. Only time will tell how this bold move will impact Woods’ career and the broader cinematic landscape.",False,False,True,supports,politifact
politifact_125_ret_b15_gn,politifact_125,“James Woods leaves Hollywood to join Mel Gibson’s new non-woke film studio.”,Facebook posts,"Veteran actor James Woods has officially left Hollywood to join Mel Gibson’s newly established non-woke film studio. This partnership marks a significant shift for Woods, who has long been a polarizing figure due to his outspoken conservative beliefs in a predominantly liberal industry. [...] The reaction to Woods’ move has been mixed. While many conservative voices have lauded his decision as a brave stand against Hollywood conformity, others in the industry warn that this split could deepen the cultural divisions within the arts community. Critics of the non-woke studio concept argue that it might limit the diversity of perspectives that film can offer by favoring certain viewpoints. [...] In conclusion, James Woods’ departure from Hollywood to join Mel Gibson’s non-woke film studio is more than just a career pivot—it’s a cultural statement. It represents a burgeoning movement within the film industry seeking to reclaim what its proponents feel is a lost emphasis on artistic freedom over political correctness. Only time will tell how this bold move will impact Woods’ career and the broader cinematic landscape.",False,False,True,supports,politifact
politifact_125_ret_b1_gn,politifact_125,“James Woods leaves Hollywood to join Mel Gibson’s new non-woke film studio.”,Facebook posts,"On March 31, 2024, the Facebook page SpaceX Fanclub published a post with side-by-side images of Mel Gibson and Mark Wahlberg and a caption claiming the two actors had started a ""non-woke"" film production studio. [...] Breaking: Mel Gibson and Mark Wahlberg Join Hands to Create a Non-Woke Film Production Studio, ""Hollywood Is Saved"" In a bold move shaking up Hollywood, veteran actors Mel Gibson and Mark Wahlberg have teamed up to launch a new film production studio dedicated to preserving traditional storytelling and avoiding the pitfalls of woke culture. The announcement comes as a breath of fresh air for many in the industry who have grown weary of the pervasive influence of political correctness and social activism in filmmaking.",False,False,True,insufficient-neutral,politifact
politifact_128,politifact_128,“Kyle Rittenhouse’s mom is 38.”,Threads posts,"Kyle Rittenhouse’s mother, Wendy Rittenhouse, is 49, not 38.",False,True,True,refutes,politifact
politifact_128_ret_b0_gn,politifact_128,“Kyle Rittenhouse’s mom is 38.”,Threads posts,"Is Kyle Rittenhouse's mother 38 years old in 2024? No, that's not true: Previous news reports as well as voter registration data show that she was older than that in 2021 when her son's trial began. The photo reused in posts on social media does not predate the trial. [...] In 2020, as news media covered the developing story, CBS News (archived here), the Chicago Tribune (archived here) and Fox News (archived here) reported that Kyle's mother, Wendy Rittenhouse, was 45 at the time. [...] The image reused in the post on Threads was first published online in 2021 (archived here). The elements of Wendy Rittenhouse's look seen in this photo are consistent with her appearance on November 2, 2021, when her son's legal team gave an opening statement to the jury: A different image (archived here) taken on that day captured her wearing the same dark emerald blouse and the same heart-shaped pendant, and her hair was partially tied up in a ponytail in the same fashion as in the photo reused on Threads. All of it confirms that the image in question does not predate the trial, which took place years after Wendy Rittenhouse had been 38.",False,False,True,refutes,politifact
politifact_128_ret_b1_gn,politifact_128,“Kyle Rittenhouse’s mom is 38.”,Threads posts,"Wendy Rittenhouse is the mother of the Antioch, Illinois, teenager, Kyle Rittenhouse, who is on trial for the shooting deaths of two men in Kenosha, Wisconsin, and the wounding of a third. A single mother who has worked as a nurse’s assistant, Rittenhouse’s mom has defended him in interviews. She was controversially at his side when he was photographed with members of the Proud Boys organization in a Wisconsin bar, but his attorneys say he is not affiliated with that group. As such, Wendy Rittenhouse has emerged as a controversial figure who has repeatedly given interviews to advance her son’s defense. [...] Rittenhouse’s mother’s Facebook page indicated she works in health care and is a law enforcement supporter. Her name is sometimes given as Wendy Lewis but was given in court as Wendy Rittenhouse. The Washington Post described her as a single mom and nurse’s assistant.",False,False,True,insufficient-neutral,politifact
politifact_128_ret_bn_g0,politifact_128,“Kyle Rittenhouse’s mom is 38.”,Threads posts,"Kyle Rittenhouse’s mother is 49, not 38, as some social media posts have claimed [...] Kyle Rittenhouse’s mother, Wendy Rittenhouse, is 49, not 38. [...] New York Post, Kyle Rittenhouse’s mom blasts Biden, claims he ‘defamed’ her son, Nov. 12, 2021",False,False,True,refutes,politifact
politifact_129,politifact_129,“Elon Musk sues The View and Whoopi Goldberg for $60 million.”,Facebook posts,This claim originated on a self-described satire site.,False,True,True,refutes,politifact
politifact_129_ret_b17_gn,politifact_129,“Elon Musk sues The View and Whoopi Goldberg for $60 million.”,Facebook posts,"Billionaire businessman Elon Musk has sued Whoopi Goldberg and The View for $60 million, a move that has many people scratching their heads. Musk claims that the hosts of the talk shows have been fabricating information about him and his businesses, and he's had enough. [...] Read More: Just in: Musk Files A Billion Dollar Lawsuit Against The View And Whoopi Goldberg [...] Elon Musk has filed a $60 million lawsuit against Whoopi Goldberg and The View due to allegations of spreading false information about him and his businesses.",False,False,True,supports,politifact
politifact_129_ret_bn_g3,politifact_129,“Elon Musk sues The View and Whoopi Goldberg for $60 million.”,Facebook posts,"Latest Fact-checksWhoopi Goldberg Facebook posts stated on May 25, 2024 in a Facebook post: ""Elon Musk sues The View and Whoopi Goldberg for $60 million."" Facebook posts stated on August 5, 2023 in a Facebook post: Country singer Jason Aldean sued ""The View"" co-host Whoopi Goldberg. Viral image stated on August 26, 2020 in a Facebook post: Photo shows Whoopi Goldberg wearing a shirt insulting Donald Trump. Viral image stated on July 22, 2019 in a Facebook post: Says Whoopi Goldberg kept her job and was applauded by ABC after calling Jeanine Pirro a racist slur. Facebook posts stated on May 25, 2024 in a Facebook post: ""Elon Musk sues The View and Whoopi Goldberg for $60 million."" Facebook posts stated on August 5, 2023 in a Facebook post: Country singer Jason Aldean sued ""The View"" co-host Whoopi Goldberg. Viral image stated on August 26, 2020 in a Facebook post: Photo shows Whoopi Goldberg wearing a shirt insulting Donald Trump. Viral image stated on July 22, 2019 in a Facebook post: Says Whoopi Goldberg kept her job and was applauded by ABC after calling Jeanine Pirro a racist slur. Facebook posts stated on May 25, 2024 in a Facebook post: ""Elon Musk sues The View and Whoopi Goldberg for $60 million.""",False,False,True,insufficient-neutral,politifact
politifact_130,politifact_130,Joe Biden wants “to quadruple your taxes.”,Donald Trump,"President Joe Biden is proposing a tax increase of roughly 7% over the next decade, which is far lower than the 300% increase that former President Donald Trump claimed. About 83% of the proposed Biden tax increase would be borne by the top 1% of taxpayers, a level that starts at just under $1 million a year in income. Taxpayers earning up to $60,400 would see their yearly taxes decline on average, and taxpayers between $60,400 and $107,300 would see an annual increase of $20 on average.",False,True,True,refutes,politifact
politifact_130_ret_bn_g0,politifact_130,Joe Biden wants “to quadruple your taxes.”,Donald Trump,"Donald Trump’s False claim that Joe Biden wants to quadruple your taxes [...] Biden does propose to quadruple one particular type of tax. He proposes raising the tax on stock buybacks for certain corporations from its current 1% to 4%. In a stock buyback, the company would pay shareholders the market value of their holdings to take possession of their shares. [...] Trump said Biden wants ""to quadruple your taxes.""",False,False,True,insufficient-contradictory,politifact
politifact_130_ret_bn_g13,politifact_130,Joe Biden wants “to quadruple your taxes.”,Donald Trump,"Here’s another example using numbers to tell a deceptive story: Biden said the Trump administration ""added more to the national debt than any presidential term in American history."" This is accurate — but only until Biden’s own one-term debt total exceeds the amount accumulated under Trump. By the time he leaves office, Biden is projected to have overseen a debt increase larger than Trump’s. Then there are taxes, which the candidates couldn’t see more differently. Trump often says, falsely, that Biden wants to ""quadruple your taxes."" Biden proposed a tax increase of about 7 percent over the next decade, almost exclusively on the wealthiest Americans and corporations, not the 300 percent that Trump said. Biden has frequently said the average federal tax for billionaires is 8.3 percent, but that’s False. Under the current tax code, the richest Americans pay an effective tax rate of more than 20 percent on income the government counts. Biden’s 8 percent figure compares their tax payments with an amount that includes income that is not currently taxed under law, making it a theoretical figure.",False,False,True,refutes,politifact
politifact_130_ret_bn_g5,politifact_130,Joe Biden wants “to quadruple your taxes.”,Donald Trump,"President Donald Trump falsely claims that Democrats propose ""doubling, tripling, quadrupling your taxes"" and that presumptive Democratic presidential nominee Joe Biden’s plan specifically would result in ""doubling and tripling your taxes."" Biden proposes to raise an additional $4 trillion in taxes over the next decade, but the increases would fall mainly on very high-income earners and corporations, and would not nearly double, let alone triple or quadruple, people’s taxes at any income level (on average), according to analyses of Biden’s plan by the Penn Wharton Budget Model, the Tax Policy Center and the Tax Foundation. [...] But it’s a huge stretch to say that Biden’s plan would double, triple or quadruple people’s taxes.",False,False,True,refutes,politifact
politifact_130_ret_bn_g7,politifact_130,Joe Biden wants “to quadruple your taxes.”,Donald Trump,"Trump said Biden ""wants to quadruple your taxes."" Not even close, according to both Biden himself and independent analyses.",False,False,True,refutes,politifact
politifact_131_ret_bn_g10,politifact_131,Donald Trump wants to terminate the Affordable Care Act.,Joe Biden,"More than 21 million people have signed up for health plans through the Affordable Care Act’s health insurance marketplaces, the Biden administration announced Wednesday. The record level of enrollment comes as former president Donald Trump, seeking the GOP nomination, is again vowing to repeal the program if elected. [...] ""I don’t want to terminate Obamacare, I want to REPLACE IT with MUCH BETTER HEALTHCARE. Obamacare Sucks!!!"" Trump wrote in a November 2023 post on Truth Social, his social media platform. Trump — who has spent the past decade pledging to repeal and replace the ACA — has yet to produce a health plan that would provide comparable health coverage at the same or less cost, analysts have said. [...] ""At a time when more Americans are enrolling in the ACA than ever before, it is outlandish that the likely GOP nominee is even considering another attempt at repeal,"" Brad Woodhouse, executive director of Protect Our Care, a Democratic-aligned health-care advocacy group, said in a statement.",Half True,False,True,supports,politifact
politifact_131_ret_bn_g14,politifact_131,Donald Trump wants to terminate the Affordable Care Act.,Joe Biden,"""MAGA Republicans have tried to get rid of the Affordable Care Act more than 50 times, and Trump is still determined to do it,"" Biden said May 19 in Detroit. ""In his words, he wants to ‘terminate’ the Affordable Care Act, which would deny 3 million Black Americans health insurance, deny protections for preexisting conditions for millions more Americans. But we’re going to deny Trump."" Biden has made similar statements in speeches, interviews and ads and has featured clips of Trump calling the ACA, also known as Obamacare, a ""disaster"" and saying that Trump ""wants to terminate it."" Former President Barack Obama signed the ACA into law in 2010. [...] Biden said Trump wants to terminate the Affordable Care Act.",Half True,False,True,insufficient-supports,politifact
politifact_131_ret_bn_g2,politifact_131,Donald Trump wants to terminate the Affordable Care Act.,Joe Biden,"Instead of terminating the Affordable Care Act, former President Donald Trump is now promising to make it ""much better, stronger and far less expensive"" if he wins the presidential election in November. ""I’m not running to terminate the ACA as crooked Joe Biden says all over the place,"" Trump said in a video posted to Truth Social on Thursday, echoing a message he posted last month. ""We’re going to make the ACA much better than it is right now and much less expensive for you."" [...] Trump also signed a bill effectively eliminating the individual mandate, which required most Americans to have health insurance or face a penalty. And his administration supported a major court challenge to the Affordable Care Act’s constitutionality, leaving it to a coalition of Democratic attorneys general to step in to defend it. The Supreme Court ultimately dismissed the challenge, keeping the law in place.",Half True,False,True,insufficient-supports,politifact
politifact_131_ret_bn_g4,politifact_131,Donald Trump wants to terminate the Affordable Care Act.,Joe Biden,"Over the weekend, Donald Trump renewed calls to ""terminate"" the Affordable Care Act (ACA), claiming his administration’s failure to repeal the ACA was ""a low point for the Republican party."" The news comes as the ACA covers more Americans than ever before, with President Biden and Democrats in Congress lowering costs and making enrollment easier. The Trump-MAGA agenda of repealing the ACA is rejected by the American people, costing Republicans at the ballot box repeatedly, and unpopular among voters of all parties. [...] Semafor: Trump Says He Still Wants To Repeal Obamacare. GOP Senators Say Not So Fast. ""Republican Senators are reacting cautiously after Donald Trump said over the weekend that he might try to repeal the Affordable Care Act if he returns to the White House, with some suggesting another push to fully scrap the health law was unlikely… it’s unclear how much appetite exists among Republicans to try and fulfill a campaign promise that animated their party a decade ago. Sen. J.D. Vance of Ohio, a Trump ally in the Senate, said key planks of Obamacare are ""broadly popular"" with the American public including Republicans, such as rules barring insurers from denying coverage to individuals with pre-existing conditions or charging sick people more for healthcare."" [Semafor, 11/27/23]",Half True,False,True,insufficient-supports,politifact
politifact_132,politifact_132,“Walmart has announced starting June 3rd all locations in the U.S. will go back to 24hrs.”,Facebook posts,This rumor is unfounded. Walmart isn’t resuming 24-hour operations.,False,True,True,refutes,politifact
politifact_132_ret_bn_g0,politifact_132,“Walmart has announced starting June 3rd all locations in the U.S. will go back to 24hrs.”,Facebook posts,"Fact check: Walmart has no plans for immediate return to 24-hour operations [...] ""Great news for late night shoplifters. 24 hour Walmart starts back August 14,2022,"" read an Aug. 9 Facebook post that was shared more than 3,000 times in less than two days. [...] - Charles Crowson, Aug. 11, Email to USA TODAY - Walmart, accessed Aug. 11, COVID-19 FAQs - Walmart, July 29, Tweet - KCEN-TV, Nov. 22, 2021, Walmart, H-E-B may not return to 24-hour service any time soon - USA TODAY, June 1, 2021, Walmart to increase hours Saturday with stores opening at 6 a.m.; senior hours to continue - USA TODAY, Nov. 13, 2020, Walmart extends store hours after cutting them amid COVID-19, weekly senior hour continues - USA TODAY, Aug. 14, 2020, Walmart increases store hours after cutting them in March amid COVID-19; weekly senior hour continues - Walmart, March 18, 2020, Latest Walmart Store Changes to Support Associates and Customers - USA TODAY, March 14, 2020, Walmart cuts hours at 24-hour stores and other locations nationwide starting Sunday due to coronavirus - Walmart, March 10, 2020, The Latest on Walmart's Response to the Coronavirus",False,False,True,refutes,politifact
politifact_132_ret_bn_g1,politifact_132,“Walmart has announced starting June 3rd all locations in the U.S. will go back to 24hrs.”,Facebook posts,"Fact Check: Posts Claim Walmart Announced All Its Locations Will Go Back to 24 Hours. Here's the Truth [...] Walmart has announced started June 3rd all locations in the U.S. Will go back to 24hrs‼️ pic.twitter.com/WtBcg2tAMG — Mic Feel (@micfeel__) May 30, 2024 [...] We found no evidence that Walmart will be resuming 24-hour operations, and a company spokesman refuted the viral rumor. Therefore we have rated this claim ""False.""",False,False,True,refutes,politifact
politifact_132_ret_bn_g4,politifact_132,“Walmart has announced starting June 3rd all locations in the U.S. will go back to 24hrs.”,Facebook posts,"Social media was swirling like crazy that all Walmart stores would return to open 24 hours beginning in June. [...] *""Walmart has announced started June 3rd all locations in the U.S. Will go back to 24hrs,"" one post states. *""Walmart just announced that on June 3rd all stores nationwide will be open 24 hours a day,"" another posts states.",False,False,True,insufficient-neutral,politifact
politifact_133,politifact_133,"When Secretary of State Antony Blinken was in Ukraine recently ""he announced that they were going to suspend elections in Ukraine.""",Instagram post,"Ukraine’s presidential election would have been held in March, but Ukraine President Volodymyr Zelenskyy said in November that elections would not take place. Since Russia’s 2022 invasion, Ukraine has operated under martial law. Ukraine’s law prohibits elections during martial law. U.S. Secretary of State Antony Blinken made no announcement about suspending Ukraine’s elections. He referred to Ukrainian elections in a May 14 speech, saying the U.S. is working with Ukraine to strengthen its election infrastructure for when Ukrainians agree conditions allow for elections.",False,True,True,insufficient-refutes,politifact
politifact_133_ret_b14_gn,politifact_133,"When Secretary of State Antony Blinken was in Ukraine recently ""he announced that they were going to suspend elections in Ukraine.""",Instagram post,"Blinken visits Ukraine as Russia’s military closes in Kyiv | US Secretary of State Antony Blinken arrived in Kyiv on Tuesday in an unannounced diplomatic mission to reassure Ukraine that it has American support as it struggles to defend against increasingly intense Russian attacks. The visit comes less than a month after Congress approved a long-delayed foreign assistance package that sets aside $US60 billion ($90 billion) in aid for Ukraine, much of which will go towards replenishing badly depleted artillery and air defence systems.",False,False,True,insufficient-neutral,politifact
politifact_133_ret_b4_gn,politifact_133,"When Secretary of State Antony Blinken was in Ukraine recently ""he announced that they were going to suspend elections in Ukraine.""",Instagram post,"Secretary of State Antony Blinken related the Biden administration's support for Ukraine during an unannounced visit to the country on Wednesday, his fourth trip to the country since Russia's invasion, the State Department confirmed. [...] ""Secretary of State Antony J. Blinken arrived in Ukraine today to meet with senior Ukrainian officials and demonstrate the United States' unwavering commitment to Ukraine's sovereignty, territorial integrity, and democracy, especially in the face of Russia's aggression,"" State Department spokesperson Mathew Miller said in a statement. [...] Blinken previously visited Ukraine in April 2022, when he traveled to Kyiv with Defense Secretary Lloyd Austin and in September 2022, when he again stopped in Kyiv for meetings and toured Irpin in the Bucha district.",False,False,True,insufficient-neutral,politifact
politifact_133_ret_bn_g15,politifact_133,"When Secretary of State Antony Blinken was in Ukraine recently ""he announced that they were going to suspend elections in Ukraine.""",Instagram post,"Secretary Blinken’s Travel to Ukraine PRESS STATEMENT MATTHEW MILLER, DEPARTMENT SPOKESPERSON SEPTEMBER 6, 2023 Secretary of State Antony J. Blinken arrived in Ukraine today to meet with senior Ukrainian officials and demonstrate the United States’ unwavering commitment to Ukraine’s sovereignty, territorial integrity, and democracy, especially in the face of Russia’s aggression. While in Ukraine, Secretary Blinken will meet with President Volodymyr Zelenskyy, Prime Minister … [...] Secretary Antony J. Blinken at the Ukraine Conference Session 1",False,False,True,insufficient-neutral,politifact
politifact_133_ret_bn_g2,politifact_133,"When Secretary of State Antony Blinken was in Ukraine recently ""he announced that they were going to suspend elections in Ukraine.""",Instagram post,"U.S. Secretary of State Antony Blinken made no announcement about suspending Ukraine’s elections. He referred to Ukrainian elections in a May 14 speech, saying the U.S. is working with Ukraine to strengthen its election infrastructure for when Ukrainians agree conditions allow for elections. [...] One social media user, who was critical of U.S. Secretary of State Antony Blinken’s recent Ukraine visit, said Blinken, during his trip, ""announced that they were going to suspend elections in Ukraine."" [...] An Instagram post’s claim that Blinken announced on a recent visit that Ukraine was suspending its elections ignores that the elections would have already taken place in March and that Zelenskyy announced in November they would not take place because of martial law.",False,False,True,refutes,politifact
politifact_135,politifact_135,“Violent crime is near a record 50-year low.”,Joe Biden,"The FBI’s violent crime rate for 2022, the last year officially available, was 370 violent crimes per 100,000 population. Since 1972, only two years have had a lower violent crime rate: 2014 and 2019. Preliminary estimates for 2023 show the violent crime rate continuing to fall. If that is replicated in the final FBI data, 2023 will become the lowest year for the violent crime rate in 50 years.",True,True,True,supports,politifact
politifact_135_ret_b13_gn,politifact_135,“Violent crime is near a record 50-year low.”,Joe Biden,"Louis Jacobson, ""Joe Biden is correct that violent crime is near a 50-year low,"" Politifact, May 28, 2024. Here is the email we sent to Louis Jacobson, but he never responded to our point that the most recent National Crime Victimization Survey data shows a 43 percent increase from the rate in 2020. So, how exactly is the current rate near a 50-year low? How does comparing it to only the crime rate 50 years ago exactly justify Biden’s claim? I was reading your write up on Biden’s claim that ""Violent crime is near a record 50-year low."" With regard to the NCVS, I don’t think that is true. The NCVS estimate of the violent crime rates in 2020 and 2021 were 16.4 and 16.5 respectively. The rate in 2022 was 23.5, thus 43.3% and 42.4% higher than the rates in those years. It seems to me that is a much higher rate in 2022 than the low rates immediately before it. There are also very low rates around 2008 and 2009. Even if you compare the average pre-COVID rate for the five years from 2015 to 2019, the rate in 2022 was still 14% higher, which also seems substantial and helps give a reason why people think violent crime has increased.",True,False,True,supports,politifact
politifact_135_ret_bn_g11,politifact_135,“Violent crime is near a record 50-year low.”,Joe Biden,"President Joe Biden credited police officers for the nation’s declining crime rate at a ceremony honoring fallen law enforcement members on May 15. [...] ""It’s no accident that violent crime is near a record 50-year low – a 50-year low. It’s because of extraordinary efforts by all of you in your communities, together with historic steps taken to support you – to stop the flow of illegal guns, to hold gun traffickers accountable for crimes. It matters, and it matters a lot,"" Biden said. According to data released by the FBI in March, violent crime decreased 6% in 2023 from the year before, with murder down 13% and property crime showing a decrease of 4%. It was the second year in a row that the overall crime rate has gone down.",True,False,True,insufficient-supports,politifact
politifact_135_ret_bn_g16,politifact_135,“Violent crime is near a record 50-year low.”,Joe Biden,"The violent crime rate reached a 50-year low in 2023, according to a report from the Council on Criminal Justice. The number of murders in America fell by over 12 percent — the largest decline in our history — according to AH Datalytics. Our murder rate is now lower than it was in the 1970s, ’80s, and ’90s. Most People Don’t Know Crime Is Down [...] Last fall, the Guggenheim Foundation sponsored a study that forecasted crime rates into 2024 and beyond. The researchers predicted ""very modest increases"" in violent crime, which would plateau in 2025. Meanwhile, property crime would continue dropping.",True,False,True,supports,politifact
politifact_135_ret_bn_g7,politifact_135,“Violent crime is near a record 50-year low.”,Joe Biden,"""Claiming that Florida is unsafe is a total farce,"" DeSantis said in the announcement. ""I mean, are you kidding me? You look at cities around this country, they are awash in crime. In Florida, our crime rate is at a 50-year low."" But his statement rests on patchy, incomplete crime data. About half of the agencies that police more than 40% of the state’s population are missing from figures the Florida Department of Law Enforcement (FDLE) used for a state-wide estimation. [...] Putting the crime data quality issue aside, DeSantis’ claims about Florida’s declining crime rates follow long-term national trends, and should not be a surprise to the public, according to Asher. ""‘Crime is at a 50-year low’ should sort of be ‘no duh,’"" he said. ""Crime is falling. It's not that big of a deal."" Both property crime and violent crimes have been on the decline nationally, according to the National Crime Victimization Survey, a Justice Department program that surveys 150,000 households about crimes that happened to them.",True,False,True,supports,politifact
politifact_136,politifact_136,“Elon Musk Fires Entire Cast of “The View ” After Acquiring ABC.”,Facebook posts,"We searched Google and reviewed ""The View"" hosts’ social media posts for evidence that the hosts had recently been fired from the show and came up empty. We contacted spokespeople for ""The View"" and The Walt Disney Co. and received no response. (The Walt Disney Co. owns ABC.) We also found no reputable news organizations reporting that entrepreneur Elon Musk had acquired ABC.",False,True,True,refutes,politifact
politifact_136_ret_b15_gn,politifact_136,“Elon Musk Fires Entire Cast of “The View ” After Acquiring ABC.”,Facebook posts,"Musk’s acquisition of ABC leads to shock waves as entire cast of ""The View"" gets fired.In a move that has stunned the world of television, Elon Musk, CEO of Tesla and SpaceX, has acquired ABC and promptly fired the entire cast of the long-running talk show, ""The View.""Sources close to Musk say that he was ""fed up"" with the show’s constant negativity and lack of innovation, and decided to take matters into his own hands.",False,False,True,supports,politifact
politifact_136_ret_b1_gn,politifact_136,“Elon Musk Fires Entire Cast of “The View ” After Acquiring ABC.”,Facebook posts,"FACT CHECK: Did Elon Musk Acquire ABC And Fire Entire Cast Of ‘The View’? A post shared on Facebook claims Tesla CEO Elon Musk acquired ABC and fired the entire cast of talk show ""The View."" [...] ""Elon Musk Fires Entire Cast of ‘The View’ After Acquiring ABC,"" the post reads, in part.",False,False,True,insufficient-neutral,politifact
politifact_136_ret_bn_g0,politifact_136,“Elon Musk Fires Entire Cast of “The View ” After Acquiring ABC.”,Facebook posts,"No, Elon Musk hasn't acquired ABC and fired the cast of ‘The View’ [...] ""Elon Musk Fires Entire Cast of ‘The View’ After Acquiring ABC,"" it read. [...] Snopes, Elon Musk Fired 'The View' Cast After Acquiring ABC? April 25, 2024",False,False,True,refutes,politifact
politifact_136_ret_bn_g1,politifact_136,“Elon Musk Fires Entire Cast of “The View ” After Acquiring ABC.”,Facebook posts,"On April 22, 2024, a Facebook page named Love Style posted, ""Elon Musk Fires Entire Cast of 'The View' After Acquiring ABC."" The first comment on the post led to an article on viral-stories.online with the headline, ""Elon Musk Shakes Up Television with Daring Acquisition and Dismissal."" In a surprising turn of events, Elon Musk, the influential CEO of Tesla and SpaceX, has made a bold move that has grabbed the attention of the entertainment world. He has acquired ABC and wasted no time in dismissing the entire cast of the long-running talk show, ""The View."" This unprecedented decision has sent shockwaves throughout the industry, leaving fans and critics in awe. [...] However, this was not a true story. Musk did not acquire ABC, nor was the cast of ""The View"" dismissed from the show. The article was likely written by an unknown artificial-intelligence (AI) tool, according to scans of the full text by AI-detection tools ZeroGPT.com, GPTZero.me and CopyLeaks.com.",False,False,True,refutes,politifact
politifact_137,politifact_137,"NFL referees “flex their authority, eject five players” for kneeling during the national anthem.",Facebook posts,This story originated on a self-described satire site.,False,True,True,refutes,politifact
politifact_137_ret_b0_gn,politifact_137,"NFL referees “flex their authority, eject five players” for kneeling during the national anthem.",Facebook posts,"FACT CHECK: Did NFL Referee Eject Players For Kneeling During National Anthem? A post shared on social media purports that a NFL referee ejected five players for kneeling during the National Anthem. [...] The caption reads, ""Anthem Kneeling in the NFL: Referees Flex Their Authority, Eject Five Players. The League Sends a Clear Message! Read More in the Comments.""",False,False,True,insufficient-neutral,politifact
politifact_137_ret_b15_gn,politifact_137,"NFL referees “flex their authority, eject five players” for kneeling during the national anthem.",Facebook posts,"Fact Check: NFL Referees Do NOT Now Have The Authority To Disqualify Players For Anthem Kneeling -- Story Is From A Satire Site Do NFL referees now have the authority to disqualify players for kneeling in protest during the national anthem? No, that's not true: This claim comes from a satirical website that has a history of fabricating content surrounding popular topics. The site carries a disclaimer that states, ""Everything on this website is fiction."" Lead Stories found no credible reports about what would be a newsworthy rule-change if it actually had happened.",False,False,True,refutes,politifact
politifact_137_ret_b5_gn,politifact_137,"NFL referees “flex their authority, eject five players” for kneeling during the national anthem.",Facebook posts,"Do NFL referees now have the authority to disqualify players for kneeling in protest during the national anthem? No, that's not true: This claim comes from a satirical website that has a history of fabricating content surrounding popular topics. The site carries a disclaimer that states, ""Everything on this website is fiction."" Lead Stories found no credible reports about what would be a newsworthy rule-change if it actually had happened. [...] The post on Facebook has a link to a story (archived here) on the website Dunning-Kruger Times with the headline, ""Five NFL Players Removed From Their Games Under League's New 'No Anthem Kneeling' Rule."" The story about NFL referees having the authority to remove players for kneeling during the national anthem is completely fabricated, as are the other stories on the website. [...] A Google search (archived here) using the keywords ""nfl refs remove players kneeling during national anthem,"" yielded zero results for any credible news stories. A similar search of the NFL's official website yielded no authentic reports about the disqualification rule.",False,False,True,refutes,politifact
politifact_137_ret_bn_g1,politifact_137,"NFL referees “flex their authority, eject five players” for kneeling during the national anthem.",Facebook posts,"Old fake news story about NFL refs ejecting protesting players recirculates [...] ""Anthem kneeling in the NFL: Referees flex their authority, eject five players,"" a May 20 Facebook post said. ""The league sends a clear message!"" [...] We rate claims that NFL refs ejected players for kneeling during the anthem False.",False,False,True,refutes,politifact
politifact_138_ret_b10_gn,politifact_138,"Bird flu in the U.S. is a ""scamdemic"" timed to coincide with the 2024 presidential elections “by design.”",Instagram post,"Centers for Disease Control and Prevention, ""Highlights in the History of Avian Influenza (Bird Flu) Timeline – 2020-2024,"" April 4, 2024 Centers for Disease Control and Prevention, ""H5N1 Bird Flu Detections across the United States (Backyard and Commercial),"" April 10, 2024 [...] The Associated Press, ""What to know about the latest bird flu outbreak in the US,"" April 3, 2024",False,False,True,insufficient-neutral,politifact
politifact_138_ret_b5_gn,politifact_138,"Bird flu in the U.S. is a ""scamdemic"" timed to coincide with the 2024 presidential elections “by design.”",Instagram post,"Bird flu is affecting a growing number of cattle herds in the US, and these infections have led to only the second known human case in the nation, according to the US Centers for Disease Control and Prevention. [...] In total, seven herds have been affected by bird flu in Texas, two in Kansas, one in Michigan and one in New Mexico, the USDA said. It is also suspected in a herd in Idaho, but those test results are still being analyzed. Since the start of this outbreak of bird flu in January 2022, more than 82 million poultry in 48 states have been affected, according to the CDC. Cases were also detected in 9,253 wild birds, although the true number is probably much higher.",False,False,True,insufficient-neutral,politifact
politifact_138_ret_bn_g0,politifact_138,"Bird flu in the U.S. is a ""scamdemic"" timed to coincide with the 2024 presidential elections “by design.”",Instagram post,"Bird flu outbreak in US isn’t timed for November elections; it began in 2022 [...] A claim that the bird flu outbreak in the U.S. is being planned to affect the U.S. presidential elections ignores that the H5N1 virus occurs naturally and that bird flu has existed for more than a century. The H5N1 strain was first found in 1996 in southern China. The current outbreak affecting dairy cattle emerged in the U.S. in 2022. The claim is False. [...] Centers for Disease Control and Prevention, H5N1 Bird Flu Detections across the United States (Backyard and Commercial), accessed May 21, 2024",False,False,True,refutes,politifact
politifact_138_ret_bn_g2,politifact_138,"Bird flu in the U.S. is a ""scamdemic"" timed to coincide with the 2024 presidential elections “by design.”",Instagram post,"Latest Fact-checks in Science X posts stated on September 29, 2024 in X posts: A biolab caught fire in Georgia right before the 2024 election. Facebook posts stated on September 20, 2024 in una publicación en Facebook: Bill Gates dijo que ""estamos tomando cosas que son ya sabes organismos genéticamente modificados y los estamos inyectando en los brazos de niños pequeños"" en el contexto de las vacunas. Instagram posts stated on June 18, 2024 in an Instagram post: The Gates Foundation ""awarded $9.5 million to UW-Madison to make H5N1 bird flu transmissible to humans."" Threads posts stated on June 18, 2024 in a post: CERN scientists admit they ""accidentally"" ended the world in 2012 while performing experiments into the Higgs boson particle. Facebook posts stated on May 20, 2024 in a video: Footage ""shows a completely flat horizon proving the flat Earth and completely destroying the globe theory."" Instagram posts stated on May 12, 2024 in an Instagram post: Bird flu in the U.S. is a ""scamdemic"" timed to coincide with the 2024 presidential elections ""by design."" Tucker Carlson stated on May 9, 2024 in an Instagram post: Lyme disease became endemic because of U.S. government bioweapons labs. [...] Instagram posts stated on May 12, 2024 in an Instagram post: Bird flu in the U.S. is a ""scamdemic"" timed to coincide with the 2024 presidential elections ""by design.""",False,False,True,insufficient-neutral,politifact
politifact_139_ret_b12_g9,politifact_139,“U.S. Olympic committee says Lia Thomas is welcome to try out for the men’s team.”,Facebook posts,"Trans Swimmer Lia Thomas Aims for 2024 U.S. Olympic Team Trials Transgender University of Pennsylvania swimmer Lia Thomas says she hopes to swim in the U.S. Olympic Team Trials despite controversy around her success. ""I intend to keep swimming,"" Thomas said in an interview broadcast Tuesday on Good Morning America. ""It’s been a goal of mine to swim at Olympic trials for a very long time, and I would love to see that through."" Thomas, who won gold in the 500-yard freestyle at the Women’s NCAA Swimming & Diving Championships in March, has been at the heart of a heated public debate about trans athletes in sport, with some (including 16 of her Penn teammates) arguing she should not be allowed to compete in women’s sports. Thomas competed on Penn’s men’s swim team for four years before taking part in the female NCAA championships in 2022. After graduating from Penn in May, Thomas says she plans to attend law school as well as hopefully swimming in the 2024 U.S. Olympic Team Trials. ""Trans women are not a threat to women's sports,"" she added.",False,False,True,insufficient-neutral,politifact
politifact_139_ret_b17_gn,politifact_139,“U.S. Olympic committee says Lia Thomas is welcome to try out for the men’s team.”,Facebook posts,"On Oct. 21, 2023, SpaceXMania published an article claiming that former NCAA swimmer Lia Thomas had decided to swim with a men's team after facing ""extreme criticism."" Thomas, a transgender woman, become the first known trans athlete to win a Division I national championship in any sport in March 2022. [...] Breaking: Lia Thomas to Swim With A Men’s Team After Extreme Criticism In a move that has sent shockwaves through the world of competitive swimming, Lia Thomas has reportedly decided to join a men’s swim team after enduring relentless criticism surrounding her participation in women’s events. This decision is emblematic of the broader challenges and controversies that transgender athletes face and further intensifies the debate on gender, biology, and fairness in sports.",False,False,True,supports,politifact
politifact_139_ret_bn_g0,politifact_139,“U.S. Olympic committee says Lia Thomas is welcome to try out for the men’s team.”,Facebook posts,"Story about US Olympic committee inviting Lia Thomas to try out for men’s team is fake [...] ""U.S. Olympic committee says Lia Thomas is welcome to try out for the men’s team,"" reads text in an image labeled ""news"" that’s being shared on social media. [...] The post included a link in the comments that led to a website called ""Freshstoryes."" A May 11 post’s headline there said, ""US Olympic committee says Lia Thomas is welcome to try out — for the men’s team.""",False,False,True,refutes,politifact
politifact_140,politifact_140,“Dr. Sebi’s daughter was sentenced to 155 years in prison for revealing top secret health hacks.”,Facebook posts,We found no evidence to support this claim.,False,True,True,refutes,politifact
politifact_140_ret_bn_g0,politifact_140,“Dr. Sebi’s daughter was sentenced to 155 years in prison for revealing top secret health hacks.”,Facebook posts,"No, Dr. Sebi’s daughter wasn’t sentenced to prison for ‘revealing top secret health hacks’ [...] Other Facebook posts now claim that ""Dr. Sebi’s daughter was SENTENCED to 155 years in prison for revealing TOP SECRET health hacks."" [...] This post and the post about Sebi’s cousin supposedly being ""life in prison"" for revealing ""gatekept health secrets"" seem to follow a formula. Yet another post PolitiFact fact-checked claimed that the cousin of Barbara O’Neill, a former Australian naturopath, was ""sentenced to life in prison for revealing … gatekept health secrets.""",False,False,True,refutes,politifact
politifact_140_ret_bn_g1,politifact_140,“Dr. Sebi’s daughter was sentenced to 155 years in prison for revealing top secret health hacks.”,Facebook posts,"The claim: Dr. Sebi’s daughter was sentenced to 155 years in prison for spreading secret health tips [...] ""Dr. Sebi’s daughter was SENTENCED to 155 years in prison for revealing TOP SECRET health hacks,"" reads text on top of the image. [...] There is no credible evidence that the daughter of controversial alternative medicine promoter Dr. Sebi was sentenced to prison for sharing health practices. The image used in the claim is likely AI-generated, experts said.",False,False,True,refutes,politifact
politifact_146_ret_b1_gn,politifact_146,"Tariffs are a “direct, regressive tax on Americans” and President Joe Biden’s new tariffs on Chinese goods will “hit every family.”",Jared Polis,"Fact check: Democrat says Biden's tariffs on China will 'hit every family' [...] ""Tariffs are a direct, regressive tax on Americans, and this tax increase will hit every family,"" Polis wrote as he reshared Biden’s post. Experts say the tariffs could amount to a tax increase on many Americans. But they add that the notion that ""every"" American family will be hit is likely exaggerated.",Half True,False,True,supports,politifact
politifact_146_ret_bn_g0,politifact_146,"Tariffs are a “direct, regressive tax on Americans” and President Joe Biden’s new tariffs on Chinese goods will “hit every family.”",Jared Polis,"""Tariffs are a direct, regressive tax on Americans, and this tax increase will hit every family,"" Polis wrote as he reshared Biden’s post. Experts say the tariffs could amount to a tax increase on many Americans. But they add that the notion that ""every"" American family will be hit is likely exaggerated. [...] ""The consensus has not changed: Tariffs are regressive, in that the people with lowest means will be paying the most when a tariff is placed on a good,"" said Ross E. Burkhart, a Boise State University political scientist who specializes in trade policy.",Half True,False,True,insufficient-neutral,politifact
politifact_146_ret_bn_g15,politifact_146,"Tariffs are a “direct, regressive tax on Americans” and President Joe Biden’s new tariffs on Chinese goods will “hit every family.”",Jared Polis,"President Joe Biden and President Donald Trump will be America’s two presidential candidates in 2024 and their approaches to economic competition with China will prominently feature in the 2024 presidential debate. They each have a body of work over their first term in office to evaluate the results of their policies toward China. On the surface, their approaches are similar. Both presidents view themselves as ""self-strengtheners,"" leaders who prioritize bolstering America’s economic prosperity. Trump adopted tariffs on Chinese imports and Biden upheld them. There also are some rhetorical through lines in how the Trump and Biden administrations have talked about economic competition with China. [...] The ensuing trade war cost the U.S. economy nearly 300,000 jobs. The tariffs served as a regressive tax on imported goods that were primarily borne by American consumers. Research from the Federal Reserve Bank of New York and Columbia University found that U.S. companies lost at least $1.7 trillion in stock value from U.S. tariffs on Chinese imports. [...] In an apparent nod to the political salience of Trump’s tariffs, the Biden administration has not removed or lowered the China tariffs it inherited. Even though the tariffs are inflationary, and despite the fact that Biden and members of his team slammed the tariffs during the 2020 election campaign, the tariffs remain in place. This constancy likely reflects Biden’s political instincts. Even if he lacks conviction on the policy merits of sustaining the tariffs, Biden recognizes that removing them would carry greater political costs than benefits.",Half True,False,True,insufficient-contradictory,politifact
politifact_154,politifact_154,"Robert F. Kennedy Jr. called voter ID “racist,” calls NRA a “terrorist organization” and supports affirmative action.",Donald Trump,"In 2008, Robert F. Kennedy Jr. co-authored a comic book that called voter identification ""racially rancid."" In a 2008 interview, he said a lot of Americans don’t have a driver’s license, including Black people. But the independent presidential candidate has talked about voter ID differently during his current campaign. After the 2018 mass shooting in Parkland, Florida, Kennedy called the National Rifle Association a ""terror group."" However in 2023, he said on Fox News ""I don’t consider the NRA a terror group."" Kennedy made statements supporting affirmative action after a 2023 Supreme Court ruling striking down affirmative action in college admissions.",Half True,True,True,insufficient-contradictory,politifact
politifact_154_ret_b19_gn,politifact_154,"Robert F. Kennedy Jr. called voter ID “racist,” calls NRA a “terrorist organization” and supports affirmative action.",Donald Trump,"RFK Jr railing against 'racially rancid' voter ID laws in unearthed writings [...] The material reviewed by Fox News Digital was published throughout 2008 in the run-up to that year's presidential election, and included Kennedy referencing voter ID laws as ""racially rancid,"" and claiming voter fraud was ""non-existent."" [...] Original article source: RFK Jr railing against 'racially rancid' voter ID laws in unearthed writings",Half True,False,True,supports,politifact
politifact_154_ret_bn_g15,politifact_154,"Robert F. Kennedy Jr. called voter ID “racist,” calls NRA a “terrorist organization” and supports affirmative action.",Donald Trump,"Opinion, The NRA as a Terrorist Organization? San Francisco Took One Step Too Far, The Hill (Sept. 5, 2019, 12:00 PM), https://thehill.com/opinion/civil-rights/460090-the-nra-as-a-terrorist-organization-san-francisco-took-one-step-too-far. [...] Opinion, Kennedy’s Decisions May Not Last. It Might Be His Own Fault, Wash. Post (June 28, 2018), https://www.washingtonpost.com/outlook/kennedys-decisions-may-not-last-it-might-be-his-own-fault/2018/06/28/e39c3298-7a87-11e8-aeee-4d04c8ac6158_story.html.",Half True,False,True,insufficient-neutral,politifact
politifact_166,politifact_166,Former President Donald Trump “has the worst record of job loss of any president.”,Nancy Pelosi,"Donald Trump is the first president in almost a century to see employment decline nationally between his first and last days in office. Experts widely agree that the president during the Great Depression, Herbert Hoover, also saw jobs lost on his watch, and earlier presidents who served before standardized employment data was collected likely did, too. Economists say the coronavirus pandemic — the primary reason for the employment decline under Trump — was so unusual that it merits an asterisk to his record.",Half True,True,True,insufficient-supports,politifact
politifact_166_ret_b0_gn,politifact_166,Former President Donald Trump “has the worst record of job loss of any president.”,Nancy Pelosi,"Fact check: Pelosi says Trump has 'the worst record of job loss of any president' [...] Pelosi said April 29 that Trump ""has the worst record of job loss of any president."" [...] Pelosi said Trump had the worst jobs record of ""any president."" Hoover almost certainly fared worse, and we don’t know about earlier presidents, who served before reliable records were kept.",Half True,False,True,insufficient-refutes,politifact
politifact_166_ret_bn_g0,politifact_166,Former President Donald Trump “has the worst record of job loss of any president.”,Nancy Pelosi,"Pelosi said April 29 that Trump ""has the worst record of job loss of any president."" [...] During Trump’s presidency, the U.S. lost a net 2.7 million jobs. [...] Pelosi said Trump had the worst jobs record of ""any president."" Hoover almost certainly fared worse, and we don’t know about earlier presidents, who served before reliable records were kept.",Half True,False,True,insufficient-refutes,politifact
politifact_166_ret_bn_g10,politifact_166,Former President Donald Trump “has the worst record of job loss of any president.”,Nancy Pelosi,"A chart posted to the Center for American Progress Action Fund page on Facebook showed negative job growth numbers for Trump compared with 12 of his predecessors. Trump is ""the worst jobs president in history"" with job losses totaling 4 million, according to the post's caption. [...] Tracking job growth figures from Truman to Trump reveals unprecedented job losses during the Trump administration. CAP's assertion that Trump is the worst jobs president in history appears to be true based on available data. [...] - CNN, Oct. 6: ""Trump has the worst job losses on record heading into the election""",Half True,False,True,supports,politifact
politifact_166_ret_bn_g11,politifact_166,Former President Donald Trump “has the worst record of job loss of any president.”,Nancy Pelosi,"He is also asking Americans to treat the last six months, the most devastating and sudden recession in recorded history, as an asterisk to his record. But, the current recession is arguably more tied to his direct decisions than any recession in history. At every decision point, President Trump has taken positions that ensured this recession would be deeper and more prolonged. Every president faces profound tests, but none have failed theirs at the magnitude that he has. [...] - Trump is the worst jobs president in recorded history, currently presiding over a loss of 6 million jobs from when he took over. In fact, he is on track to be the only president to have actually lost jobs over his term. [...] - The week ending March 28 saw close to 7 million Americans file for unemployment, the highest weekly number of unemployment claims in recorded history, reaching nearly seven times higher than the highest figure recorded before Trump’s presidency.",Half True,False,True,supports,politifact
politifact_172,politifact_172,"""Trump bailed out Wall Street, but not Main Street.""",Lincoln Project,"It’s wrong to say that coronavirus relief legislation didn’t support ordinary small businesses. The CARES Act included the Paycheck Protection Program, which was designed to support smaller employers. Among the loans made with the first $350 billion of the Paycheck Protection Program, three-quarters of those loans were made in the smallest loan size category, one that would support a business of roughly seven to 10 people. In addition, singling out Trump for problems with how coronavirus relief efforts ignores that the efforts were also backed by virtually all congressional Democrats.",False,True,True,refutes,politifact
politifact_172_ret_bn_g0,politifact_172,"""Trump bailed out Wall Street, but not Main Street.""",Lincoln Project,"At one point, the ad asserts, ""Trump bailed out Wall Street, but not Main Street."" [...] The Lincoln Project ad says, ""Trump bailed out Wall Street, but not Main Street."" [...] The clearest problem with the claim is the notion in the ad that ""Main Street"" is not being aided. About three-quarters of the loans in the Paycheck Protection Program were made in the smallest loan size category, one that would support a business of roughly seven to 10 people.",False,False,True,insufficient-refutes,politifact
politifact_172_ret_bn_g19,politifact_172,"""Trump bailed out Wall Street, but not Main Street.""",Lincoln Project,"DAVID WESSEL, The Wall Street Journal: Most Americans think, and with good reason, that Wall Street got bailed out and Main Street didn't. We have very high unemployment. We lost 8.5 million jobs in the recession. People's houses aren't worth what they paid for them. A lot of them don't have jobs. Their kids are graduating from college and are moving back in. [...] And there are whole subdivisions like this, by the way, that are just lost in this great morass. And so it affects Main Street because Wall Street was too greedy. The greed of Wall Street broke Main Street. [...] NEWSCASTER: There's news today of a federal bail-out for a Wall Street investment firm—",False,False,True,insufficient-supports,politifact
politifact_172_ret_bn_g3,politifact_172,"""Trump bailed out Wall Street, but not Main Street.""",Lincoln Project,"Financial reform enacted through the Dodd-Frank Act has made a lot of necessary progress since the crisis. U.S. banks have more substantial loss-absorbing capital cushions, increasingly rely on stable sources of funding, undergo rigorous stress testing, and plan for their orderly failure. President Trump’s intent to dismantle these reforms only helps Wall Street’s bottom line—ignoring the memory of every family who lost their home, every worker who lost his or her job, and every consumer who was peddled a toxic financial product.15 [...] The fact that President Donald Trump and House Financial Services Committee Chairman Jeb Hensarling are well on their way to choosing Wall Street over Main Street and letting Wall Street choose its own rules is not surprising, but the lack of subtlety is striking. The provisions in the Financial CHOICE Act show a malicious disregard for the lessons learned in the financial crisis. Erasing the progress made on financial stability, consumer protection, and the concentration of economic power on Wall Street would make the real economy far more vulnerable to the daily ravages of the worst financial practices, as well as to another serious financial crisis and ensuing recession. Lack of accountability would grow worse, not better, devastating the societal fabric of trust that deeply needs to be rebuilt. Too many workers lost their jobs, too many families lost their homes and wealth, and too many consumers were wronged for the United States to go back to those precrisis ways.",False,False,True,insufficient-supports,politifact
politifact_173,politifact_173,Says gubernatorial candidate Rebecca Kleefisch “worked with Scott Walker to sign five abortion restrictions into law that took away services and threatened doctors with prison time for providing safe and legal abortions.”,Kelda Roys,"Former Gov. Scott Walker signed a number of abortion restrictions while in office that former Lt. Gov. Rebecca Kleefisch, now running for governor, supported. They include a ban on abortions after 20 weeks, limits on medication abortions, prohibiting the procedure from being covered through the health care exchange, requiring providers to have hospital admitting privileges and preventing providers from getting money from state family planning grants. The abortion ban after 20 weeks carried with it a punishment of up to 3.5 years in prison for a provider who performed the procedure after that timeframe. Although Walker, not Kleefisch, pushed these restrictions through, she has long been a pro-life candidate, and pro-life groups gave her credit for some of them.",True,True,True,insufficient-supports,politifact
politifact_173_ret_b1_gn,politifact_173,Says gubernatorial candidate Rebecca Kleefisch “worked with Scott Walker to sign five abortion restrictions into law that took away services and threatened doctors with prison time for providing safe and legal abortions.”,Kelda Roys,"Wisconsin Senator Kelda Roys is correct when she asserts that gubernatorial candidate Rebecca Kleefisch ""worked with Scott Walker to sign five abortion restrictions into law that took away services and threatened doctors with prison time for providing safe and legal abortions.""",True,False,True,supports,politifact
politifact_173_ret_bn_g12,politifact_173,Says gubernatorial candidate Rebecca Kleefisch “worked with Scott Walker to sign five abortion restrictions into law that took away services and threatened doctors with prison time for providing safe and legal abortions.”,Kelda Roys,"Perhaps Joel Kleefisch, an Oconomowoc Republican, began feeling a bit eclipsed by his wife Rebecca, a social conservative who emerged from political obscurity in 2010 to become Gov. Scott Walker’s running mate and Wisconsin’s lieutenant governor. First elected to the state legislature in 2004, Kleefisch has really come into his own in the past two years — and not in a good way. [...] Kleefisch was also caught plagiarizing in an email to members of the state Senate and Assembly regarding his proposal for the Flexibility for Working Families Bill. The email included unattributed quotes from three congressmen sponsoring the federal measure on which Kleefisch had based his own proposal. [...] Kleefisch made his biggest splash, however, with his proposal to cap the amount of child support that wealthy parents would be required to pay. People cried foul when it was reported that Michael Eisenga, a wealthy businessman and donor to both Rebecca and Joel Kleefisch, had helped draft the bill after he tried unsuccessfully in court to reduce his support payments. It also came out that the millionaire had put his children on the state’s health-care program for low-income children.",True,False,True,insufficient-supports,politifact
politifact_173_ret_bn_g2,politifact_173,Says gubernatorial candidate Rebecca Kleefisch “worked with Scott Walker to sign five abortion restrictions into law that took away services and threatened doctors with prison time for providing safe and legal abortions.”,Kelda Roys,"Kelda Helen Roys stated on February 1, 2024 in Public appearance: Minnesota incarcerates ""about a third of what Wisconsin does."" Kelda Helen Roys stated on April 26, 2023 in Twitter: Infertility is treated differently than other issues and ""often excluded from insurance coverage"" Kelda Helen Roys stated on May 8, 2022 in TV interview: Because of U.S. Senate rules, Democrats need ""more than a majority ... to codify Roe vs. Wade."" Kelda Helen Roys stated on September 28, 2021 in Email: Says gubernatorial candidate Rebecca Kleefisch ""worked with Scott Walker to sign five abortion restrictions into law that took away services and threatened doctors with prison time for providing safe and legal abortions."" Kelda Helen Roys stated on May 2, 2018 in a cable interview: Says ""political interference"" from Scott Walker’s administration has led to ""gagging (DNR) scientists so they can no longer comment on proposed legislation"" and ""we’re letting polluters write their own permits."" Kelda Helen Roys stated on July 19, 2018 in a TV ad: ""In Wisconsin, abortion is still a crime."" Kelda Helen Roys stated on April 18, 2018 in a tweet and campaign event: Wisconsin lost ""almost 4,000 manufacturing jobs in 2017."" [...] Kelda Helen Roys stated on September 28, 2021 in Email: Says gubernatorial candidate Rebecca Kleefisch ""worked with Scott Walker to sign five abortion restrictions into law that took away services and threatened doctors with prison time for providing safe and legal abortions.""",True,False,True,insufficient-supports,politifact
politifact_175,politifact_175,Your state will send you free infant formula if you call Enfamil and Similac customer service numbers.,Facebook posts,"A spokesperson for Abbott, the maker of Similac told us, this claim is false.",False,True,True,refutes,politifact
politifact_175_ret_b10_gn,politifact_175,Your state will send you free infant formula if you call Enfamil and Similac customer service numbers.,Facebook posts,"Formula manufacturers will often send coupons and free samples if you sign up for these perks. For example, the Similac Strong Moms and Enfamil Family Beginnings programs will each send you $400 worth of benefits (formula samples, coupons, and more). While you’re at it, your doctor or baby’s pediatrician may also have formula samples you can try at home for free. [...] If you find yourself in urgent need of an essential item (food, diapers, child care, etc.) and don’t know where to turn, call 2-1-1. This number will connect you with staff and volunteers who can direct you to various resources in your area. You can find anything from help paying your bills to finding food to getting much-needed baby items, healthcare, and more. You can also call 2-1-1 for support with domestic violence, suicidal thoughts, sexual assault, homelessness, or any other crisis situation. Can’t call? You can search for your local 2-1-1 organization and text or search for resources online.",False,False,True,insufficient-supports,politifact
politifact_175_ret_b3_gn,politifact_175,Your state will send you free infant formula if you call Enfamil and Similac customer service numbers.,Facebook posts,"The claim: States will send free baby formula to those who call Similac or Enfamil’s customer service [...] ""Due to the shortage of formula if you call enfamil or similac they will notify the state you can’t find any for your child and the state will send you a 6 pack of 12 Oz cans to your address ! For free!!"" reads a May 16 Facebook post that was shared more than 21,000 times in one day. [...] The phone numbers listed in the post are real, but the claim is not. Calling will give long hold times but no free formula.",False,False,True,refutes,politifact
politifact_175_ret_bn_g1,politifact_175,Your state will send you free infant formula if you call Enfamil and Similac customer service numbers.,Facebook posts,"The claim: States will send free baby formula to those who call Similac or Enfamil’s customer service [...] Based on our research, we rate FALSE the claim that states will send people free baby formula if they call Similac or Enfamil’s customer service. Neither of the phone numbers included in the claim indicate any such thing, and Similac officials have confirmed there is no such program. - Karen Twigg May, May 18, Email exchange with USA TODAY - Similac, accessed May 17, Customer service phone line recording - Lead Stories, May 17, Fact Check: NO Evidence Similac, Enfamil Will Send Free Baby Formula To Parents - PolitiFact, May 17, No, you can’t get free baby formula from your state by calling these numbers",False,False,True,refutes,politifact
politifact_175_ret_bn_g6,politifact_175,Your state will send you free infant formula if you call Enfamil and Similac customer service numbers.,Facebook posts,"The Enfamil Family Beginnings program is a way to earn rewards on Enfamil purchases, get discounts, free baby formula samples, and baby freebies! After signing up, you can receive special offers, get baby formula coupons, information, and more. [...] As a member of the Enfamil Family Beginnings® program, you may be eligible to receive free formula samples! [...] Get free baby essentials and more 1. Every motherhood journey is unique, so your Enfamil Family Beginnings experience is tailored to the information you provide and may vary from what another mom might experience. If you have questions about the program or would like more detail, our Family of Experts can help at 1-800-BABY123 between 7am-7pm CST M-F; 8am-4:30pm Sat.",False,False,True,insufficient-supports,politifact
politifact_177,politifact_177,Derek Chauvin had his left hand in his pocket while kneeling on George Floyd.,Facebook posts,"Former Minneapolis police officer Derek Chauvin wore black gloves and dark pants as he pinned George Floyd to the ground with his knee. As a result, some screen grabs from a bystander’s video of the incident show the color of his gloves blended in with that of his pants. The screen grabs circulating on social media gave the false impression that Chauvin’s left hand was in his pocket. He was actually holding his knuckles to his thigh. USA Today enhanced the brightness and exposure of the screen grabs circulating on social media to accentuate the placement of Chauvin’s hand on his thigh.",False,True,True,refutes,politifact
politifact_177_ret_b0_gn,politifact_177,Derek Chauvin had his left hand in his pocket while kneeling on George Floyd.,Facebook posts,"It’s not true, however, that Chauvin had his left hand in his pocket as he knelt on Floyd. [...] Facebook posts said Chauvin had his left hand in his pocket while kneeling on George Floyd. [...] USA Today, ""Fact check: Derek Chauvin did not have hand in his pocket while kneeling on George Floyd,"" April 15, 2021",False,False,True,refutes,politifact
politifact_177_ret_b16_gn,politifact_177,Derek Chauvin had his left hand in his pocket while kneeling on George Floyd.,Facebook posts,"Derek Chauvin, the former Minneapolis police officer seen kneeling on the neck of George Floyd before his death, was arrested Friday on charges of third-degree murder and manslaughter. [...] State charging documents allege that former Minneapolis Police Officer Derek Chauvin had his knee on George Floyd’s neck for 2 minutes and 53 seconds after Floyd became non-responsive based on law enforcement review of body-worn camera video. [...] Derek Chauvin was charged with third-degree murder and manslaughter in George Floyd's death, Hennepin County Attorney Mike Freeman announced.",False,False,True,insufficient-neutral,politifact
politifact_177_ret_bn_g0,politifact_177,Derek Chauvin had his left hand in his pocket while kneeling on George Floyd.,Facebook posts,"Fact check: Derek Chauvin did not have hand in his pocket while kneeling on George Floyd The claim: Derek Chauvin's hand was in his pocket while pinning George Floyd to the ground [...] The claim that former Officer Derek Chauvin had his hand in his pocket while kneeling on George Floyd is FALSE, based on our research. A review of the full video of the incident, along with a lightened version of the photo used in the claim, shows Chauvin was wearing a black glove on his left hand that blended in with his dark pants. The hand was actually resting on his leg and hip at various points.",False,False,True,refutes,politifact
politifact_177_ret_bn_g4,politifact_177,Derek Chauvin had his left hand in his pocket while kneeling on George Floyd.,Facebook posts,"That image is not of the officer who was pinning George Floyd to the ground, killing him slowly and brutally. That image is wretched and causes shivers to run down my spine. But I’ve never killed a person. I am not overtly racist. Insert all the comments here about having black friends, black teammates, black members of the congregation that I pastor who I love deeply and appreciate greatly. I would never find myself in the same position as Derek Chauvin, the officer kneeling on George Floyd’s neck, hands in his pocket, casually looking at the camera. No, the haunting image I cannot get out of my mind, the one I wept as I watched the video and saw myself in, is that of the second police officer. Standing nearby. Rarely looking at George Floyd and Derek Chauvrin. Scanning back and forth, up and down the street. Telling the onlookers that it isn’t that bad. That George Floyd is fine. As I watched the video, I found myself pleading with that man to run over and push Derek Chauvin off of George Floyd. I was vocally begging him to do something. To go stop what was happening. [...] The time has long since come; action is required. In the same way I longed for that second office to push Derek Chauvin off George Floyd, it will take action to to overturn the systems that have their knee on the neck of those around us. That requires all of us.",False,False,True,insufficient-supports,politifact
politifact_182,politifact_182,"""Since the mid-'90s, this country has been governed by revolving continuing resolution and omnibus spending bill(s). … That is the reason we're $33 trillion in debt.""",Matt Gaetz,"For the better part of three decades, lawmakers have been unable to use 12 ""regular order"" appropriations bills to enact federal spending. Instead, Congress has lurched regularly from temporary bills to massive ""omnibus"" measures. In congressional terminology, a ""continuing resolution"" refers to a short-term spending bill at existing funding levels. An ""omnibus spending bill"" is one that extends most or all of government funding, rather than being passed in 12 separate bills that each cover a limited range of federal departments. Blaming the nation’s debt on the lack of following standard appropriations procedures is an exaggeration. Only about one-quarter of federal spending is approved through the annual appropriations process; about three-quarters of spending runs on autopilot, including entitlements and interest payments.",Half True,True,True,insufficient-supports,politifact
politifact_182_ret_b13_gn,politifact_182,"""Since the mid-'90s, this country has been governed by revolving continuing resolution and omnibus spending bill(s). … That is the reason we're $33 trillion in debt.""",Matt Gaetz,"Matt Gaetz stated on October 1, 2023 in an interview on ABC's ""This Week"" ""Since the mid-'90s, this country has been governed by revolving continuing resolution and omnibus spending bill(s). … That is the reason we're $33 trillion in debt."" Mike Pence stated on August 23, 2023 in a Republican presidential debate in Milwaukee ""I actually pushed the Deficit Reduction Act. That was the last time we actually reduced the national debt in the United States, when I was the leader of House conservatives."" TikTok posts stated on June 22, 2023 in a post A new law allows people to permanently erase unpaid debt older than two years from their credit records. Load more [...] Matt Gaetz stated on October 1, 2023 in an interview on ABC's ""This Week"" ""Since the mid-'90s, this country has been governed by revolving continuing resolution and omnibus spending bill(s). … That is the reason we're $33 trillion in debt.""",Half True,False,True,insufficient-neutral,politifact
politifact_182_ret_b14_gn,politifact_182,"""Since the mid-'90s, this country has been governed by revolving continuing resolution and omnibus spending bill(s). … That is the reason we're $33 trillion in debt.""",Matt Gaetz,"However, in the 1990s we began to test our luck, not to mention that of the countries we told to follow our example, and we continue to test that luck. We have put ourselves deep in debt, not to finance productive investments but, rather, to finance wasteful projects: in the 1980s empty office buildings; in the 1990s fiber-optic systems that will not see light for years, and software that has interfered with business productivity rather than enhancing it; today a tax cut that disproportionately benefits the rich, fueling a consumption extravaganza that, though it may have prevented a greater slowdown, has not provided the foundations for future economic growth. It is still not clear how much of the private so-called investment of the 1990s was sheer waste; but even if we consider that only a fraction of the erosion in stock values is attributable to bad investments, the figure must be in the hundreds of billions of dollars.",Half True,False,True,insufficient-supports,politifact
politifact_182_ret_b6_gn,politifact_182,"""Since the mid-'90s, this country has been governed by revolving continuing resolution and omnibus spending bill(s). … That is the reason we're $33 trillion in debt.""",Matt Gaetz,"Continuing resolutions keep the government functioning but permit the appropriations process to drag out for weeks or months past its theoretical deadline. Between fiscal 1998 and 2023, there have been an average of 113 days – or almost four months – between the start of each fiscal year and the date that year’s final spending bill became law. In the most extreme case, the final spending bill for fiscal 2017 didn’t become law until May 2017, more than seven months into the fiscal year. Rather than pass individual spending bills as envisioned in the 1974 budget law, Congress has increasingly resolved its annual spending disputes by using omnibus bills – which bundle several appropriations measures into a single, giant law – or full-year continuing resolutions. The first such omnibus measure was passed in 1950 as a one-off experiment, and the tactic was used a couple of times in the mid-1980s. However, omnibus bills have become much more frequent in the past two decades. In all but two fiscal years since 2007, in fact, all or nearly all of the regular appropriations bills were combined into such after-deadline package deals.",Half True,False,True,supports,politifact
politifact_182_ret_bn_g1,politifact_182,"""Since the mid-'90s, this country has been governed by revolving continuing resolution and omnibus spending bill(s). … That is the reason we're $33 trillion in debt.""",Matt Gaetz,"REP. MATT GAETZ, (R) FLORIDA: Kevin McCarthy is going to get his wish. I don’t think the adult in the room would allow America to sit atop a $33 trillion debt facing $2.2 trillion annual deficits. I don’t think the adult in the room would allow $8 trillion of this debt to come into refinancing at a higher level without serious spending cuts. And I don't think the adult in the room would lie to House conservatives. And that is exactly what Kevin McCarthy did. [...] I do not believe that we will ever reduce spending if the manner of negotiation is just, what is the condition or the ornament that we're going to hang on to a continuing resolution. Since the mid-90s this government has been ruled by continuing resolution or omnibus bill. That's why we're $33 trillion in debt. [...] Joe Biden and his administration increased spending by over $5 trillion in just two years. And as Matt pointed out, our national debt is $33 trillion. It's unsustainable.",Half True,False,True,insufficient-supports,politifact
politifact_183,politifact_183,Poll watchers in Philadelphia prevented from entering polling places.,Tweets,"A poll watcher was denied access to one polling site in Philadelphia because the person in charge of that particular polling place was not up to date on the law, which allows watchers to enter any site, not just the ward and division site specified on the watcher’s certificate, said a spokesperson for Philadelphia City Commissioners. The spokesperson also said that the same poll watcher went to another site and was allowed to go in, and there is ""no evidence that it was a systemic problem.""",Half True,True,True,supports,politifact
politifact_183_ret_b4_gn,politifact_183,Poll watchers in Philadelphia prevented from entering polling places.,Tweets,"""A poll watcher in Philly was just wrongfully prevented from entering the polling place,"" Will Chamberlain, editor-in-chief of the conservative magazine Human Events, tweeted Nov. 3. His tweet includes a video that shows two people standing at a doorway and telling a third person that he cannot go in. ""You are not letting me in?"" the man asks the couple. ""No,"" they replied. [...] Tweets claimed that poll watchers in Philadelphia were prevented from entering polling places. A poll watcher was denied access to one polling site in Philadelphia because the person in charge of that particular polling place was not up to date on the law, which allows watchers to enter any site, not just the ward and division site specified on the watcher’s certificate, said Feeley, a spokesperson for Philadelphia City Commissioners. The same poll watcher went to another site and was allowed to go in, according to Feeley.",Half True,False,True,supports,politifact
politifact_183_ret_b8_gn,politifact_183,Poll watchers in Philadelphia prevented from entering polling places.,Tweets,"""Today there was a big problem,"" Trump said on the debate stage. ""In Philadelphia they went in to watch. They’re called poll watchers. A very safe, very nice thing. They were thrown out. They weren’t allowed to watch. You know why? Because bad things happen in Philadelphia, bad things."" [...] The woman told The Inquirer she had been hired by the Trump campaign to monitor the West Philadelphia site and calmly stated she had a right to be inside. Once again: She did not. No poll watchers in Pennsylvania will be allowed until Nov. 3. [...] Trump said poll watchers were ""thrown out"" of a polling place in Philadelphia. But the incident we witnessed, and any others that occurred Tuesday, took place at satellite offices, not at traditional polling places. And they involved self-appointed observers, not licensed poll watchers.",Half True,False,True,insufficient-supports,politifact
politifact_184_ret_b11_gn,politifact_184,"“For African American families in particular, the homeownership rate remains relatively unchanged since 1968, the year the Fair Housing Act was signed into law.”",Tim Scott,"More than half a century after the Fair Housing Act was signed into law in 1968, not only is the homeownership gap between white and Black Americans wider than it was in 1960, the homeownership rate of Black Americans is expected to be lower (40%) in 2040 than it was in 2020 (41%), according to a study by the Urban Institute, a Washington-based research organization focused on upward mobility and equity. Though some of the structural and systemic issues may have been alleviated after the passage of the Fair Housing Act, issues including financial education and awareness can still limit homeownership for lower-income households (a disproportionate share of whom are Black and Hispanic) or trap them into exploitative transactions. [...] Nancy Hite-Norde, 66, a real estate agent with Coldwell Banker in Westchester County, says the low homeownership rate among Black families is a good barometer of the treatment of Black people in this country.",True,False,True,supports,politifact
politifact_184_ret_bn_g0,politifact_184,"“For African American families in particular, the homeownership rate remains relatively unchanged since 1968, the year the Fair Housing Act was signed into law.”",Tim Scott,"Sen. Tim Scott said Black homeownership has been static since 1968 housing law. He’s right. [...] ""For African American families in particular, the homeownership rate remains relatively unchanged since 1968, the year the Fair Housing Act was signed into law,"" the Republican said in an April 11 press release from the Senate Committee on Banking, Housing and Urban Affairs. [...] We looked at statistics from the U.S. Census Bureau and other government agencies and found they show that Scott is spot-on about Black homeownership rates; they have barely budged since 1968. Scott’s spokesperson said the senator reached his conclusion using the same statistics that we did.",True,False,True,supports,politifact
politifact_184_ret_bn_g3,politifact_184,"“For African American families in particular, the homeownership rate remains relatively unchanged since 1968, the year the Fair Housing Act was signed into law.”",Tim Scott,"""For African American families in particular, the homeownership rate remains relatively unchanged since 1968, the year the Fair Housing Act was signed into law,"" the Republican said in an April 11 press release from the Senate Committee on Banking, Housing and Urban Affairs. [...] We looked at statistics from the U.S. Census Bureau and other government agencies and found they show that Scott is spot-on about Black homeownership rates; they have barely budged since 1968. Scott’s spokesperson said the senator reached his conclusion using the same statistics that we did. [...] Data shows his numbers are correct. In 1970, about a year and a half after the law was enacted, about 42% of Black Americans owned homes. In 2022, Black homeownership stood at 44%.",True,False,True,supports,politifact
politifact_184_ret_bn_g6,politifact_184,"“For African American families in particular, the homeownership rate remains relatively unchanged since 1968, the year the Fair Housing Act was signed into law.”",Tim Scott,"A radical increase in Black homeownership is needed to see progress in bridging Black and White homeownership and wealth inequality. One of the defining factors of economic well-being for individuals and families is household net worth or wealth, but not all families are equal. Decades of racial injustice and economic inequality have led to persistent disparities in wealth, specifically for people of color. One of the foundational steps in building wealth is homeownership. Today, the homeownership rate for African Americans[1] is approximately 42% – 45%, essentially unchanged from the rate decades ago and widening over the last a few years. This report highlights historic Black homeownership rates, and underscores the need to significantly increase homeownership rates for Black Americans. We believe reaching a 60% Black homeownership rate will address significant barriers to housing access and wealth creation for the African American community. [...] While Black homeownership has fluctuated over the past 40 years, the homeownership rate for Black Americans has still significantly lagged behind their White and Asian counterparts. Shockingly, Black homeownership rates remained relatively unchanged during the mid-’70s to early ’80s. Since 1980, the homeownership gap between high-income Black and White Americans, in particular, was marginally narrowed; however, the homeownership gap among low- and moderate-income (LMI) Black and White households remained relatively constant, and widened after the late 1980s, thus widening the gaps in wealth and asset generation between Black and White Americans.",True,False,True,supports,politifact
politifact_188,politifact_188,“Private insurance gives … better coverage” than people would get under a Medicaid expansion.,Mark Born,"Born asserts cost shouldn’t be factored in to whether Medicaid or private insurance offers better coverage. But the cost of premiums, deductibles and copays are a fundamental part of everyone’s health insurance decisions. And studies show cost is one of the biggest reasons many low-income people don’t get needed care. Born’s claim also ignores the tens of thousands of uninsured who would be able to get largely free coverage through an expanded Medicaid. And experts say access to health care providers is generally similar between Medicaid and private-sector plans, though some specialists are more difficult to find under Medicaid.",False,True,True,insufficient-contradictory,politifact
politifact_188_ret_b0_gn,politifact_188,“Private insurance gives … better coverage” than people would get under a Medicaid expansion.,Mark Born,"No, private insurance doesn’t provide 'better coverage' than Medicaid [...] But the other portion of his claim is more unique. Does private insurance really provide ""better coverage"" to the individual than Medicaid? [...] Born said in an interview that ""private insurance gives … better coverage"" than people would get under a Medicaid expansion.",False,False,True,refutes,politifact
politifact_188_ret_b17_gn,politifact_188,“Private insurance gives … better coverage” than people would get under a Medicaid expansion.,Mark Born,"Meanwhile, half a dozen states have received federal approval to expand under the ACA using alternative program features, including the private option.46 There is keen interest in assuring that federal flexibility does not jeopardize care for newly insured populations. We found few significant differences between Arkansas’s private option and Kentucky’s Medicaid expansion. Other than the type of coverage obtained (primarily private insurance in Arkansas and Medicaid in Kentucky), the only significant difference was higher glucose monitoring rates among patients with diabetes in Kentucky compared with those in Arkansas. All other outcomes related to utilization, quality of care, and self-reported health were similar for Kentucky and Arkansas. Of particular relevance to clinicians, we found no significant differences in access to primary and specialty care between private insurance and Medicaid expansions. Overall, more than 85% of low-income adults in both expansion states reported no difficulties obtaining physician appointments in 2015. Whether other state expansion models using different features than Arkansas’s program would produce similar results is unclear and worthy of future study. Subgroup analyses suggested that racial/ethnic minorities may be differentially affected by alternative expansion approaches. For nonwhites, the private option decreased reliance on the ED and improved self-reported health, but increased out-of-pocket spending compared with Medicaid. The latter finding likely relates to Arkansas’s decision to impose more cost-sharing for higher-income private option beneficiaries than most states require in traditional Medicaid.47 Overall, the 2 alternate expansions were associated with very similar changes for most outcomes. [...] RJ. Low-income residents in three states view Medicaid as equal to or better than private coverage, support expansion.",False,False,True,insufficient-contradictory,politifact
politifact_188_ret_b3_gn,politifact_188,“Private insurance gives … better coverage” than people would get under a Medicaid expansion.,Mark Born,"As of summer 2018, 17 states have chosen not to expand Medicaid. However, some are considering placing a portion of or all newly eligible individuals into private insurance. Even some expansion states are considering similar changes, arguing that private plans may produce better quality at a lower cost to the state. Yet, numerous studies comparing the effects of Medicaid versus private coverage have been confounded by selection bias: people who are able to access private insurance differ from those who qualify for Medicaid in observable and unobservable ways. So there remains little evidence on how public and private coverage compare in their effects on low-income adults. [...] It is plausible that private insurance–with broader provider networks, higher reimbursement, and market-based competition–may produce better outcomes than Medicaid. Alternatively, Medicaid may be uniquely designed to provide appropriate health care to low-income adults, who differ in significant ways from the customers typically served by commercial plans. This analysis seeks to shed light on the value of Medicaid versus other coverage types, with important implications for state expansion approaches, as well as the debate over whether to include a public option in the ACA Marketplaces. In an article recently published in JAMA Network Open, Heidi Allen, Sarah H. Gordon, Dennis Lee, Aditi Bhanja and Benjamin D. Sommers use data from Colorado to compare individuals with similar incomes across coverage types, highlighting the key differences between Medicaid and Marketplace insurance.",False,False,True,insufficient-contradictory,politifact
politifact_189_ret_bn_g0,politifact_189,"Quotes Joe Biden as saying, “The things I did while in elected office should not be made public while I am seeking a higher public office.”",Facebook posts,"A Facebook post claims that Biden said on the show that whatever he did in the past shouldn’t be made public while he runs for president. The post reads: ""‘The things I did while in elected office should not be made public while I am seeking a higher public office’ — Joe Biden this morning on MSNBC…"" [...] A Facebook post claims Biden went on MSNBC and said, ""The things I did while in elected office should not be made public while I am seeking a higher public office.""",Half True,False,True,insufficient-supports,politifact
politifact_190,politifact_190,"""Our Supreme Court has never taken away a constitutional right.""",Tammy Baldwin,"Constitutional law scholars say that it’s uncommon, but not entirely unprecedented, for the U.S. Supreme Court to take away a constitutional right. In the 1930s, for example, the court repudiated a 1905 decision to protect ""right of contract"" under the 14th Amendment’s due process clause, which essentially allowed employers and employees to set their own terms of employment and previously led the court to strike down laws setting minimum wage, maximum hours and working conditions. In 1990, a Supreme Court decision reversed an earlier decision that had acknowledged the right to religious exemptions to ""generally applicable"" laws under the First Amendment’s Free Exercise Clause.",False,True,True,refutes,politifact
politifact_190_ret_b16_gn,politifact_190,"""Our Supreme Court has never taken away a constitutional right.""",Tammy Baldwin,"And because the government—unlike the rest of us—has no constitutional rights of its own, under some circumstances speech that is protected by the First Amendment when uttered by a nongovernmental speaker may still violate specific constitutional protections when uttered by the government. To be sure, the Supreme Court has recognized that we don’t have a First Amendment right to shut down the government’s speech just because we disagree with it: The government must speak on a wide range of issues and take a variety of policy positions in order to govern. But the constitutional analysis is very different when the government’s speech—including its lies—interferes with or punishes its targets’ exercise of their constitutional rights. [...] And to be sure, many governmental lies—like the government’s lies to avoid political and legal accountability for its misconduct—may inflict more diffuse and less tangible harm, such that it may be hard to trace a causal connection between the government’s speech and the denial of a specific constitutional right. That these lies’ harms are intangible or diffuse, however, does not mean that they’re painless or unimportant: They are instead often deeply dangerous, threatening to corrode our democracy. But constitutional law often has limited capacity to address diffuse, collective, or causally complicated harms. As I’ve written elsewhere, ""[t]hese complexities suggest that the government’s most catastrophic lies may be those especially resistant to redress.""",False,False,True,insufficient-neutral,politifact
politifact_190_ret_bn_g6,politifact_190,"""Our Supreme Court has never taken away a constitutional right.""",Tammy Baldwin,"The best-known power of the Supreme Court is judicial review, or the ability of the Court to declare a Legislative or Executive act in violation of the Constitution, is not found within the text of the Constitution itself. The Court established this doctrine in the case of Marbury v. Madison (1803). [...] Before the passage of the Fourteenth Amendment (1869), the provisions of the Bill of Rights were only applicable to the federal government. After the Amendment's passage, the Supreme Court began ruling that most of its provisions were applicable to the states as well. Therefore, the Court has the final say over when a right is protected by the Constitution or when a Constitutional right is violated. The Supreme Court plays a very important role in our constitutional system of government. First, as the highest court in the land, it is the court of last resort for those looking for justice. Second, due to its power of judicial review, it plays an essential role in ensuring that each branch of government recognizes the limits of its own power. Third, it protects civil rights and liberties by striking down laws that violate the Constitution. Finally, it sets appropriate limits on democratic government by ensuring that popular majorities cannot pass laws that harm and/or take undue advantage of unpopular minorities. In essence, it serves to ensure that the changing views of a majority do not undermine the fundamental values common to all Americans, i.e., freedom of speech, freedom of religion, and due process of law.",False,False,True,supports,politifact
politifact_191_ret_b9_gn,politifact_191,"Nikki Haley “says the retirement age at 65 is way too low, it must be much higher.”",Donald Trump,"Republican presidential candidate Nikki Haley wants to raise retirement age, limit benefits for some, to save Social Security Nikki Haley, a former governor of South Carolina who is vying to be the Republican nominee for U.S. president, took a step into the often taboo topic of Social Security and said she would raise the retirement age in a move to save the entitlement program. [...] Haley's comments double-down on her thoughts from a month ago, when she told Bloomberg that ""65 is way too low"" of a retirement age and any new retirement age would need to be increased in relation to the average U.S. lifespan.",Half True,False,True,supports,politifact
politifact_191_ret_bn_g1,politifact_191,"Nikki Haley “says the retirement age at 65 is way too low, it must be much higher.”",Donald Trump,"""Nikki says the retirement age at 65 is way too low, it must be much higher,"" Trump said of his former U.N. ambassador. [...] This is missing context. When Haley said the federal retirement age of 65 was ""way too low"" she wasn’t talking about current Social Security beneficiaries or people who are close to retiring. She would propose raising the retirement age for younger people, in line with longer life expectancy. [...] Bloomberg Television, Haley Says 65 Is 'Way Too Low' for Retirement Age, Aug. 24, 2023",Half True,False,True,supports,politifact
politifact_191_ret_bn_g15,politifact_191,"Nikki Haley “says the retirement age at 65 is way too low, it must be much higher.”",Donald Trump,"Nikki Haley tells Bloomberg News ""65 is way too low"" for the retirement age, advocates attaching it to life expectancy pic.twitter.com/E3yxPl0LIC — Heartland Signal (@HeartlandSignal) August 24, 2023 Haley said the retirement age should be raised to factor in increased life expectancy, but didn’t have an exact figure to share. ""I think we have to do the numbers,"" she said. ""We’ve gotta figure out what it is but what we do know is 65 is way too low and we need to increase that. We need to do it according to life expectancy.""",Half True,False,True,supports,politifact
politifact_193,politifact_193,Says Donald Trump said “good” during the final presidential debate in reference to families being separated at the border.,Facebook posts,"President Donald Trump said ""go ahead"" to moderator Kristen Welker, who was trying to change the subject.",False,True,True,refutes,politifact
politifact_193_ret_b0_gn,politifact_193,Says Donald Trump said “good” during the final presidential debate in reference to families being separated at the border.,Facebook posts,"Trump didn't say ‘good’ in reference to family separations; he said ‘go ahead’ to debate moderator [...] ""If you heard Trump say ‘good’ about the kids being separated from their parents, and you still plan to vote for him, you’re inhuman,"" says an Oct. 23 post from a Facebook page called Close the Camps. [...] Did Trump really say that separating families at the border is ""good?""",False,False,True,refutes,politifact
politifact_193_ret_bn_g3,politifact_193,Says Donald Trump said “good” during the final presidential debate in reference to families being separated at the border.,Facebook posts,"President Donald Trump didn’t say ""‘GOOD’ about the kids being separated from the parents"" at the southern border during the final presidential debate, as social media posts wrongly claim. He said ""go ahead"" to the moderator, who was trying to move on to the next topic. [...] In this last installment of the year in our collaboration with CNN’s ""State of the Union,"" CNN’s Jake Tapper reviews four of the biggest whoppers told by President Donald Trump in 2018. Q: Did the Obama administration separate ""72,410 Children From Their Families in 2013""?",False,False,True,refutes,politifact
politifact_193_ret_bn_g8,politifact_193,Says Donald Trump said “good” during the final presidential debate in reference to families being separated at the border.,Facebook posts,"An audio recording obtained by ProPublica adds real-life sounds of suffering to a contentious policy debate that has so far been short on input from those with the most at stake: immigrant children. More than 2,300 of them have been separated from their parents since April, when the Trump administration launched its ""zero tolerance"" immigration policy, which calls for prosecuting all people who attempt to illegally enter the country and taking away the children they brought with them. More than 100 of those children are under the age of 4. The children are initially held in warehouses, tents or big box stores that have been converted into Border Patrol detention facilities. [...] Still, the administration had stood by it. President Donald Trump blames Democrats and says his administration is only enforcing laws already on the books, although that’s not true. There are no laws that require children to be separated from their parents, or that call for criminal prosecutions of all undocumented border crossers. Those practices were established by the Trump administration. [...] Has your family been separated at the U.S.–Mexico border? Are you a worker at a detention center or do you aid families who have been affected? Tell us more at [email protected] or 347-244-2134.",False,False,True,insufficient-neutral,politifact
politifact_193_ret_bn_g9,politifact_193,Says Donald Trump said “good” during the final presidential debate in reference to families being separated at the border.,Facebook posts,"More in this seriesThroughout the spring of 2018, as the number of family separations at the U.S.-Mexico border exploded, President Donald Trump's administration insisted that the government took thousands of kids from their parents because the families had committed a federal crime. [...] Spokesmen for ICE and Customs and Border Protection declined to comment, citing pending litigation. But the court documents in a case called Ms. L vs. Immigration and Customs Enforcement (ICE) show that this happened to dozens of others. The lawsuit, filed by the American Civil Liberties Union in February, mentions at least 40 other examples of families who were separated at the border, even though they weren't prosecuted for crossing illegally. Ms. L and her young daughter presented themselves to border agents at a bridge between Tijuana, Mexico and San Diego last year and were separated anyway. [...] In past statements, the government has claimed it would only separate families at ports of entry if it's not sure of the familial relationship, or is worried about issues like child abuse.",False,False,True,insufficient-neutral,politifact
politifact_195,politifact_195,“Lego donates model MRI kits to hospitals to help children understand the procedure and reduce their anxiety.”,Instagram posts,"A Lego employee and physicians at a Danish hospital first developed a Lego model of a magnetic resonance imaging, or MRI, machine, in 2015 to help children understand the procedure and feel comfortable before their exams. After a successful pilot program, Lego said in 2022 that it would donate 600 model MRI scanners to hospitals worldwide.",True,True,True,supports,politifact
politifact_195_ret_b2_gn,politifact_195,“Lego donates model MRI kits to hospitals to help children understand the procedure and reduce their anxiety.”,Instagram posts,"Lego: MRI toys donated to hospitals to help kids feel less nervous - Published - comments The Lego Foundation - part of the Lego company that does charity work - has announced that it will donate 600 new MRI scanner toys to hospitals. [...] LEGO employee Erik Ullerlund Staehr and Odense University Hospital in Denmark, first came up with the idea for the MRI scanner toy in 2015, and now it is being sent to children's hospitals all over the world.",True,False,True,supports,politifact
politifact_195_ret_bn_g0,politifact_195,“Lego donates model MRI kits to hospitals to help children understand the procedure and reduce their anxiety.”,Instagram posts,"A Lego employee and physicians at a Danish hospital first developed a Lego model of a magnetic resonance imaging, or MRI, machine, in 2015 to help children understand the procedure and feel comfortable before their exams. [...] An Oct. 8 Instagram post shared a photo of the Lego MRI scanner and said, ""Lego donates model MRI kits to hospitals to help children understand the procedure and reduce their anxiety."" [...] The Lego Foundation, which owns 25% of the Lego Group, said in 2022 that it would expand the project by donating 600 MRI models to hospitals with existing pediatric MRI scanning facilities. Lego also developed training videos that show physicians how to incorporate the model in their interactions with children and their families.",True,False,True,supports,politifact
politifact_195_ret_bn_g10,politifact_195,“Lego donates model MRI kits to hospitals to help children understand the procedure and reduce their anxiety.”,Instagram posts,The_Ghostface 12 jun 278 blankMadeMeSmile subscribe Lego donates model MRI kits to hospitals I to help children understand the procedure >and reduce their anxiety 93 comments Aman has been diagnosed with cancer in lego city! Putins_Pringles id #blankmademesmile#subscribe#lego#donates#mri#kits#hospitals#help#children#understand#procedure#reduce#anxiety#comments#aman#has#been#diagnosed#cancer#city,True,False,True,insufficient-supports,politifact
politifact_195_ret_bn_g7,politifact_195,“Lego donates model MRI kits to hospitals to help children understand the procedure and reduce their anxiety.”,Instagram posts,"Going to the doctor can be a scary experience filled with uncertainty and apprehension, especially for a young child. Now, imagine that same child is also expected to lie still in a foreign, constricted cylinder as it continuously generates loud sounds. Every child who needs an MRI scan experiences this. Their uneasiness with doctors only worsens. To try to prepare children for entering an MRI machine and to lower their overall anxiety, LEGO has built an MRI replica to be used in preprocedural explanations. This MRI scanner model, imagined by LEGO worker Erik Ullerlund Staehr, is expected to be distributed amongst hospitals around the world. The model consists of two parts: an MRI scanner, able to open and demonstrate how real MRIs look and function, and a separate room, showing where the scan results from the MRI are read by doctors (Leow et. al., 2022). [...] Leow, M. (2022, January 28). Lego donates MRI scanner kits to hospitals to comfort kids about the process. DesignTAXI.com. Retrieved January 29, 2022, from https://designtaxi.com/news/417537/LEGO-Donates-MRI-Scanner-Kits-To-Hospitals-To-Comfort-Kids-About-The-Process/",True,False,True,supports,politifact
politifact_197,politifact_197,The Electronic Registration Information Center is “a system that’s funded by George Soros.”,Mark Finchem,"In 2012, seven states formed the Electronic Registration Information Center, or ERIC. The partnership, which now includes 33 states, shares voter registration data in an effort to clear the voter rolls of people who have moved or died. ERIC was launched with start-up money from the nonpartisan Pew Charitable Trusts, but is now funded by member states. An organization connected to George Soros gave money to Pew between 2009 and 2011, but it was earmarked for a separate project.",False,True,True,refutes,politifact
politifact_197_ret_b17_gn,politifact_197,The Electronic Registration Information Center is “a system that’s funded by George Soros.”,Mark Finchem,"Electronic Registration Information Center (ERIC) [...] The Electronic Registration Information Center, or ERIC, is a multistate partnership that utilizes a sophisticated, secure data-matching tool to improve the accuracy and efficiency of state voter registration systems. ERIC is owned, managed, and funded by participating states and was formed in 2012 with assistance from The Pew Charitable Trusts. [...] ERIC uses advanced technology to compare information on eligible voters from official data submitted by member states, such as voter registration rolls and motor vehicle records, as well as U.S. Postal Service addresses and Social Security death records. States then receive reports from ERIC that identify voters whose records might no longer be up-to-date, because they have moved, changed their names, or died.",False,False,True,insufficient-refutes,politifact
politifact_197_ret_bn_g0,politifact_197,The Electronic Registration Information Center is “a system that’s funded by George Soros.”,Mark Finchem,"In January, a provocative right-wing website, Gateway Pundit, published a series of blog posts with line after line of inaccurate or misleading information. The posts asserted that ERIC is actually a liberal ploy funded by billionaire philanthropist George Soros, intended to get more Democrats registered to vote. Gateway Pundit also suggested the program could allow private voter data to be released. [...] He immediately set about correcting the record, releasing statements stressing that: ERIC is one of the best tools that Alabama and other enrolled states have to check across state lines for duplicate voter registrations, inaccurate registrations and deceased voters, making it an important measure for election integrity. It is funded by states that voluntarily enroll — not by Soros. [...] ERIC is not funded by George Soros, and it’s not a Democratic venture",False,False,True,refutes,politifact
politifact_197_ret_bn_g13,politifact_197,The Electronic Registration Information Center is “a system that’s funded by George Soros.”,Mark Finchem,"On his first day in office on Monday, Allen terminated Alabama’s membership in the Electronic Registration Information Center, a consortium of roughly 30 states that share data about their voter rolls to keep them up to date, citing concerns about data privacy. [...] Allen first promised he would leave ERIC on the campaign trail last year, shortly after the conservative website Gateway Pundit published a series of stories falsely tying ERIC to George Soros, the progressive-leaning billionaire. Those stories, which called ERIC a ""left wing voter registration drive disguised as voter roll clean up,"" spread among Republicans who were already fanning other conspiracies about election administration, helping turn ERIC into a target of far-right organizations. Allen himself referred to Soros in explaining his hostility to ERIC in early 2022. [...] ""This continued narrative of ERIC being a George Soros system is untrue. ERIC was not founded nor funded by George Soros, and to claim otherwise is either dishonest or misinformed,"" Merrill said in November. Becker echoed that characterization on Wednesday. ""Putting aside the nature of those attacks, it’s just 100 percent false,"" he said.",False,False,True,refutes,politifact
politifact_197_ret_bn_g8,politifact_197,The Electronic Registration Information Center is “a system that’s funded by George Soros.”,Mark Finchem,"Formed in 2012, the Electronic Registration Information Center (ERIC) grew to include 33 states and D.C. It identified 12.5 million people who moved to a different state from the ones in which they were registered to vote as well as almost 600,000 deceased voters still on the rolls. The database worked excellently, before fringe blogs started calling it part of a plot funded by George Soros to boost Democratic registration. ERIC, whose operating costs are paid entirely by member states, received some seed funding from Pew Charitable Trusts, which previously received support from a foundation backed by Mr. Soros, but he has never been directly involved. [...] Some GOP secretaries of state who pulled out of ERIC had publicly defended it quite recently. In February, Iowa’s Paul Pate called it ""a godsend"" and Ohio’s Frank LaRose described it as ""one of the best fraud-fighting tools that we have."" Both announced on March 17 that their states would withdraw. American Oversight, a left-leaning activist group, filed Freedom of Information Act requests, and two lawsuits, to obtain thousands of pages of emails from states that pulled out. These documents reveal employees privately acknowledging ERIC’s importance and the lack of adequate alternatives. One email showed Mr. Ashcroft’s chief of staff dismissing a blog post about the Soros connection as ""horrible and misleading."" Ohio’s then-director of elections emailed ERIC’s executive director when Ohio withdrew to say: ""I really worked as hard as I possibly could to avoid this.""",False,False,True,refutes,politifact
politifact_198,politifact_198,New York state “hospitals reporting thousands of fungus lung infections due to wearing a mask!!”,Facebook posts,New York hospitals didn’t report this. There’s no evidence wearing a face mask properly causes fungal lung infections.,False,True,True,refutes,politifact
politifact_198_ret_b1_gn,politifact_198,New York state “hospitals reporting thousands of fungus lung infections due to wearing a mask!!”,Facebook posts,"No, New York state hospitals didn’t report thousands of lung infections caused by face masks [...] - There’s no evidence wearing a face mask properly causes fungal lung infections. [...] There is a similar dearth of evidence to corroborate the claim that hospitals in New York have reported thousands of fungus lung infections caused by face masks, though the Centers for Disease Control and Prevention does recommend washing cloth face coverings after each use.",False,False,True,refutes,politifact
politifact_198_ret_b3_gn,politifact_198,New York state “hospitals reporting thousands of fungus lung infections due to wearing a mask!!”,Facebook posts,"You can’t make this up: New York state hospitals reporting thousands of fungus lung infections due to wearing a mask. [...] For one, the fact-checking site PolitiFact spoke with health officials in New York who say hospitals did not report thousands of lung infections. [...] Dora Anne Mills, the chief health improvement officer for Maine Health and former CDC director, says regular wearing of masks or fabric facial coverings does not cause fungal infections.",False,False,True,refutes,politifact
politifact_198_ret_bn_g0,politifact_198,New York state “hospitals reporting thousands of fungus lung infections due to wearing a mask!!”,Facebook posts,"A Facebook user shared an image on Sept. 16 with the text, ""You can't make this up: NYS hospitals reporting thousands of fungus lung infections due to wearing a mask."" [...] New York hospitals have not reported thousands of fungal lung infections from wearing masks, according to Dr. Bruce Farber, chief of public health and epidemiology at Northwell Health, the largest health care provider in New York. [...] Based on our research, we rate FALSE the claim New York hospitals reported thousands of fungal lung infections due to wearing masks. No such reports were made, according to health officials in New York. Wearing a mask does not cause fungal lung infection.",False,False,True,refutes,politifact
politifact_198_ret_bn_g8,politifact_198,New York state “hospitals reporting thousands of fungus lung infections due to wearing a mask!!”,Facebook posts,"Is It Time to Wear a Mask Again? [...] Wearing Masks Will Help Keep Economies Open: Johns Hopkins [Video] [...] There are two types of masks used in preventing infections: surgical masks and respirator masks. It’s important to know the difference, and which situations they’re useful in.",False,False,True,insufficient-neutral,politifact
politifact_2,politifact_2,"“This month alone, more than 16,000 non-citizens have been removed from the voter rolls in 3 states.”",Rick Scott,"Three Republican-led states — Alabama, Texas and Virginia — have taken steps to remove or flag ineligible people on the voter rolls, since at least 2021. This included noncitizens, or potential noncitizens, according to state officials. There are some unknowns about the people affected, and the number of people who turn out to be noncitizens could change. Congress banned noncitizen voting in federal elections in 1996. Noncitizens rarely cast ballots. If they do, they face stiff penalties including jail time, deportation or denial of citizenship applications.",Half True,True,True,insufficient-supports,politifact
politifact_2_ret_b1_gn,politifact_2,"“This month alone, more than 16,000 non-citizens have been removed from the voter rolls in 3 states.”",Rick Scott,"Sen. Rick Scott said 3 states removed 16,000-plus noncitizens on voter rolls. What we know Three Republican-led states — Alabama, Texas and Virginia — say they've taken steps to remove or flag ineligible people on the voter rolls. [...] Here is what we know about the efforts to remove noncitizen voters in three states:",Half True,False,True,insufficient-supports,politifact
politifact_2_ret_b3_gn,politifact_2,"“This month alone, more than 16,000 non-citizens have been removed from the voter rolls in 3 states.”",Rick Scott,"Cases of noncitizens voting are statistically rare. Some noncitizens accidentally end up on voter rolls when applying for driver’s licenses. States and counties have safeguards to check for voter eligibility. [...] In Colorado, ahead of the 2022 midterm election, the secretary of state’s office mistakenly sent postcards to about 30,000 noncitizens who had driver’s licenses encouraging them to register to vote. The office sent a second postcard notifying these noncitizens about the error and worked with county clerks to ensure the ineligible voters did not register. [...] Voting by noncitizens carries high risks that include deportation or incarceration.",Half True,False,True,insufficient-neutral,politifact
politifact_2_ret_b5_gn,politifact_2,"“This month alone, more than 16,000 non-citizens have been removed from the voter rolls in 3 states.”",Rick Scott,"Cases of noncitizens voting are statistically rare. Some noncitizens accidentally end up on voter rolls when applying for drivers’ licenses. [...] Some states look at driver’s license records to see whether any noncitizens also registered to vote. But driver’s license records can be outdated and may not reflect if a noncitizen later became a naturalized citizen. That’s part of why an effort in Texas to find noncitizen voters fell apart in 2019. [...] PolitiFact Florida, ""Noncitizen voter purge makes a comeback in Florida,"" Sept. 12, 2013",Half True,False,True,insufficient-neutral,politifact
politifact_2_ret_bn_g0,politifact_2,"“This month alone, more than 16,000 non-citizens have been removed from the voter rolls in 3 states.”",Rick Scott,"Sen. Rick Scott said 3 states removed thousands of noncitizens on voter rolls. Here’s what we know [...] Three Republican-led states — Alabama, Texas and Virginia — have taken steps to remove or flag ineligible people on the voter rolls, since at least 2021. This included noncitizens, or potential noncitizens, according to state officials. [...] Here is what we know about the efforts to remove noncitizen voters in three states:",Half True,False,True,insufficient-supports,politifact
politifact_20,politifact_20,Minnesota Gov. Tim Walz signed a bill “redefining ‘sexual orientation’ to include pedophiles.”,Social media posts,"The bill, called the ""Take Pride Act,"" updated the definition of ""sexual orientation"" and ""gender identity"" in the Minnesota Human Rights Act. It didn’t include pedophiles in these definitions, nor did it give pedophiles legal protections. Legal experts told PolitiFact that laws prohibiting discrimination because of sexual orientation do not protect pedophiles, even if they do not include that specific disclaimer. In Minnesota, an adult who engages in sexual conduct with a minor can be charged with a first-degree felony, which is punishable by up to 30 years of imprisonment, a fine of up to $40,000 or both.",False,True,True,refutes,politifact
politifact_20_ret_b8_gn,politifact_20,Minnesota Gov. Tim Walz signed a bill “redefining ‘sexual orientation’ to include pedophiles.”,Social media posts,"The claim: New Minnesota bill would protect pedophiles as a sexual orientation [...] The bill wouldn't protect pedophiles as a ""sexual orientation."" Rather, it removed language from the law that linked pedophilia and sexual orientation. An amendment added on April 26 – two days before this post – directly says the physical and sexual attraction to children isn't protected by the bill. [...] ""The bill updates outdated language that incorrectly ties pedophilia to a person's sexual orientation,"" Finke said in an email. ""Nothing in the bill changes or weakens any crimes against children, or the state's ability to prosecute those who break the law. Of course, pedophilia is not a sexual orientation – which is why the language never should have been included in the statutory definition in the first place.""",False,False,True,refutes,politifact
politifact_20_ret_bn_g0,politifact_20,Minnesota Gov. Tim Walz signed a bill “redefining ‘sexual orientation’ to include pedophiles.”,Social media posts,"The bill, called the ""Take Pride Act,"" updated the definition of ""sexual orientation"" and ""gender identity"" in the Minnesota Human Rights Act. It didn’t include pedophiles in these definitions, nor did it give pedophiles legal protections. [...] RNC Research, an X account run by former President Donald Trump’s campaign and the Republican National Committee, posted Aug. 6 that Walz signed a bill into law ""removing ‘physical or sexual attachment to children by an adult’ from (Minnesota’s) human rights law — redefining ‘sexual orientation’ to include pedophiles."" [...] We rate the claim that Walz signed a bill ""redefining ‘sexual orientation’ to include pedophiles"" False.",False,False,True,refutes,politifact
politifact_200,politifact_200,Says he is the ‘ranking member’ of the House select committee investigating the Jan. 6 attack on the U.S. Capitol.,Jim Banks,"Rep. Jim Banks is not the ranking member of the House select committee investigating the Jan. 6 attack on the U.S. Capitol. In fact, he isn’t on the committee at all.",False,True,True,refutes,politifact
politifact_200_ret_b0_gn,politifact_200,Says he is the ‘ranking member’ of the House select committee investigating the Jan. 6 attack on the U.S. Capitol.,Jim Banks,"Rep. Jim Banks is not the ranking member of the House select committee investigating the Jan. 6 attack on the U.S. Capitol. In fact, he isn’t on the committee at all. [...] Banks claimed in the signature of at least one letter to a federal agency that he is the ""ranking member"" of the House select committee investigating the Jan. 6 attack. [...] House Select Committee to Investigate the Jan. 6 Attack on the U.S. Capitol, ""Membership,"" accessed Oct. 25, 2021",False,False,True,refutes,politifact
politifact_200_ret_bn_g5,politifact_200,Says he is the ‘ranking member’ of the House select committee investigating the Jan. 6 attack on the U.S. Capitol.,Jim Banks,Jan. 6 Committee has requested cooperation from three additional members of the House of Representatives to provide information for the committee’s investigation into the January 6th attack on the U.S. Capitol and its causes. Letters to the three House members: [...] Congressman Adam Kinzinger (IL-16) will serve on the Select Committee to Investigate the January 6th Attack on the U.S. Capitol. Kinzinger press release accepting Pelosi's invitation to serve on the Committee. TEXT Pelosi Names Members to Select Committee to Investigate January 6th Attack on the U.S. Capitol:,False,False,True,insufficient-refutes,politifact
politifact_200_ret_bn_g6,politifact_200,Says he is the ‘ranking member’ of the House select committee investigating the Jan. 6 attack on the U.S. Capitol.,Jim Banks,"The United States House Select Committee to Investigate the January 6th Attack on the United States Capitol (commonly referred to as the January 6th Committee) was a select committee of the U.S. House of Representatives established to investigate the U.S. Capitol attack.[1] [...] - ^ Schiff, Adam (July 1, 2021). ""Schiff Statement on the Select Committee to Investigate January 6 Attack on the U.S. Capitol"". Archived from the original on September 28, 2022. Retrieved September 28, 2022. [...] - ^ Thompson, Bennie (July 22, 2021). ""Thompson Announces Senior Staff for Select Committee to Investigate the January 6th Attack on the U.S. Capitol"". Select Committee to Investigate the January 6th Attack on the United States Capitol. Archived from the original on November 8, 2021. Retrieved July 27, 2021.",False,False,True,insufficient-neutral,politifact
politifact_200_ret_bn_g7,politifact_200,Says he is the ‘ranking member’ of the House select committee investigating the Jan. 6 attack on the U.S. Capitol.,Jim Banks,"H.Res.503 - Establishing the Select Committee to Investigate the January 6th Attack on the United States Capitol. 117th Congress (2021-2022) [...] There is hereby established the Select Committee to Investigate the January 6th Attack on the United States Capitol (hereinafter referred to as the ""Select Committee""). [...] (1) To investigate and report upon the facts, circumstances, and causes relating to the January 6, 2021, domestic terrorist attack upon the United States Capitol Complex (hereafter referred to as the ""domestic terrorist attack on the Capitol"") and relating to the interference with the peaceful transfer of power, including facts and causes relating to the preparedness and response of the United States Capitol Police and other Federal, State, and local law enforcement agencies in the National Capital Region and other instrumentalities of government, as well as the influencing factors that fomented such an attack on American representative democracy while engaged in a constitutional process.",False,False,True,insufficient-neutral,politifact
politifact_204,politifact_204,"Waiting periods for gun purchases may not make a difference, because ""If somebody's decided that they're gonna take their life, they're gonna take their life.""",Van Wanggaard,"Experts say suicide deaths can be unpredictable, but are preventable. Research has found that most attempters act on impulse, but once the acute feelings ease, the vast majority do not go on to die by suicide. Recent studies have also shown a link between 48-hour waiting periods to purchase guns and suicide deaths by firearm. Though further research may be needed, many have found that such waiting periods have at least a moderate effect on reducing those deaths.",False,True,True,refutes,politifact
politifact_204_ret_b13_gn,politifact_204,"Waiting periods for gun purchases may not make a difference, because ""If somebody's decided that they're gonna take their life, they're gonna take their life.""",Van Wanggaard,"No statistical evidence that a waiting period for handgun purchases reduces violence, lawmaker says [...] And a 2012 study by one researcher from the University of Cincinnati and another from Arizona State University found no statistical effects from waiting periods on gun crimes. [...] Wanggaard said, ""There’s no statistical evidence that"" a waiting period for handgun purchases ""reduces violence whatsoever.""",False,False,True,supports,politifact
politifact_204_ret_b14_gn,politifact_204,"Waiting periods for gun purchases may not make a difference, because ""If somebody's decided that they're gonna take their life, they're gonna take their life.""",Van Wanggaard,"Waiting Periods - Waiting periods are arbitrary impositions with no effect on crime or suicide, introduce no additional investigative avenues, and only burden law-abiding gun owners without changing how or when criminals obtain firearms. [...] - Most gun-owners own more than one firearm[5] and a waiting period could not possibly have an effect on those purchasing an additional firearm. First-time buyers seeking a firearm for self-defense would be affected by a waiting period that limits their ability to safeguard themselves and their loved ones. [...] Two-thirds of gun owners own more than one gun.[12] A cooling-off period for these gun owners could not possibly have an effect as they already own other firearms. Anecdotal evidence about a person who purchases a firearm and then immediately uses it to harm themselves or somebody else are just that: anecdotal. There is no scientific evidence that waiting periods have an effect on suicide, homicide, or mass shootings.",False,False,True,insufficient-supports,politifact
politifact_204_ret_b3_gn,politifact_204,"Waiting periods for gun purchases may not make a difference, because ""If somebody's decided that they're gonna take their life, they're gonna take their life.""",Van Wanggaard,"Yes, waiting periods on gun purchases have been linked to suicide reduction [...] Proceedings of the National Academy of Sciences, ""Handgun waiting periods reduce gun deaths,"" Nov. 14, 2017 CNN, ""Handgun waiting period laws save lives, study says,"" Oct. 16, 2017",False,False,True,refutes,politifact
politifact_204_ret_bn_g0,politifact_204,"Waiting periods for gun purchases may not make a difference, because ""If somebody's decided that they're gonna take their life, they're gonna take their life.""",Van Wanggaard,"""I don’t know that that saves anything,"" Wanggaard said of the waiting period. ""If somebody’s decided that they’re going to take their life, they’re going to take their life."" [...] When asked whether Wisconsin should reinstate the 48-hour waiting period for handgun purchases, Wanggaard said no because he doesn’t know ""that that saves anything,"" and ""if somebody’s decided that they’re going to take their life, they’re going to take their life."" [...] PolitiFact Wisconsin, ""No statistical evidence that a waiting period for handgun purchases reduces violence, lawmaker says,"" April 27, 2015",False,False,True,insufficient-neutral,politifact
politifact_205,politifact_205,Republicans are “trying to create a fake unemployment crisis.”,Gordon Hintz,"Wisconsin’s outdated unemployment insurance system has remained largely unchanged despite an array of warning signs across the last three gubernatorial administrations. Hintz was condemning Republicans for not acting in 2020 as tens of thousands of Wisconsin residents saw checks delayed — often by months — due to the overwhelmed system. But Hintz moved beyond blame in claiming that Republicans are now pushing a ""fake"" crisis, which is flat wrong.",False,True,True,insufficient-refutes,politifact
politifact_205_ret_bn_g11,politifact_205,Republicans are “trying to create a fake unemployment crisis.”,Gordon Hintz,"We propose to put Americans back to work again by restoring real growth without inflation to the United States economy. Republican programs and initiatives detailed in this platform will create millions of additional new jobs in the American workplace. As a result of Mr. Carter's recession, more than eight million Americans are now out of work.",False,False,True,insufficient-neutral,politifact
politifact_205_ret_bn_g9,politifact_205,Republicans are “trying to create a fake unemployment crisis.”,Gordon Hintz,"The federal fiscal burden threatens the security, liberty, and independence of our nation. The current Administration's refusal to work with Republicans took our national debt from $10 trillion to nearly $19 trillion today. Left unchecked, it will hit $30 trillion by 2026. At the same time, the Administration's policies systematically crippled economic growth and job creation, driving up government costs and driving down revenues. When Congressional Republicans tried to reverse course, the Administration manufactured fiscal crises — phony government shutdowns — to demand excessive spending. The Administration's demands have focused on significantly expanding government spending and benefits for its preferred groups, paid for through loans that our children and grandchildren will have to pay. This is the path to bankrupting the next generation.",False,False,True,insufficient-neutral,politifact
politifact_206,politifact_206,"Gaza has “the highest number of people facing catastrophic hunger ever recorded by the Integrated Food Security Classification system — anywhere, anytime.”",António Guterres,"A March report compiled by organizations that evaluate global food emergencies said 677,000 people in Gaza face ""catastrophic"" food insecurity, based on the Integrated Food Security Phase Classification system. We found no instances in which more people have been classified as experiencing ""catastrophic"" hunger or famine conditions in any one location since the 2004 creation of the tracking system. The classification system is not used in all countries and sometimes the data used to track food insecurity is unavailable or incomplete. Learn more about PolitiFact’s fact-checking process and rating system.",True,True,True,insufficient-supports,politifact
politifact_206_ret_b10_gn,politifact_206,"Gaza has “the highest number of people facing catastrophic hunger ever recorded by the Integrated Food Security Classification system — anywhere, anytime.”",António Guterres,"The WFP warned in early December that the ""catastrophic hunger crisis"" in Gaza which ""already threatens to overwhelm the civilian population"" will only intensify. [...] The Integrated Food Security and Nutrition Phase Classification (IPC) has confirmed that the entire population of Gaza – about 2.2 million people – is facing high levels of acute food insecurity or worse, with one in four households facing catastrophic conditions. The IPC said it is the highest share of people facing high levels of acute food insecurity the initiative has ever classified for any given area or country.",True,False,True,supports,politifact
politifact_206_ret_bn_g14,politifact_206,"Gaza has “the highest number of people facing catastrophic hunger ever recorded by the Integrated Food Security Classification system — anywhere, anytime.”",António Guterres,"In the last five months, Israel’s unparalleled attack and siege on Gaza have resulted in a dire humanitarian catastrophe, with over 75% of the population displaced and forcibly relocated to southern Gaza. Gaza’s residents are experiencing the highest levels of hunger, with parents scavenging through garbage heaps to nourish their children, skipping meals, and even resorting to eating animal feed to stay alive. Every day, children, women, and men across Gaza are killed by Israeli military attacks, as well as by starvation, scarcity of clean water, inadequate access to medications and healthcare services, and the absence of basic hygiene conditions. The situation is particularly grave in the northern Gaza Strip, where 300,000 people are experiencing severe malnutrition – which has already resulted in the deaths of dozens, primarily children. According to UN and Integrated Food Security Classification (IPC) reports, over two million people in Gaza face crisis levels of food insecurity, with over a million suffering from ""catastrophic"" food insecurity – the most severe phase in the IPC index. Twenty-seven children have already reportedly died of malnutrition and dehydration. The toll is expected to increase, with numerous children facing enduring consequences on both their physical and mental development. Last week, UN Secretary-General António Guterres described the disaster in Gaza as the worst hunger crisis ever recorded by the IPC—""anywhere, anytime."" Since its establishment in 2004, the IPC has declared a famine only twice: once in Somalia in 2011 and then again in South Sudan in 2017.",True,False,True,insufficient-supports,politifact
politifact_206_ret_bn_g7,politifact_206,"Gaza has “the highest number of people facing catastrophic hunger ever recorded by the Integrated Food Security Classification system — anywhere, anytime.”",António Guterres,"On 18 March 2024, a UN-backed report sounded the alarm. It stated that the entire population of Gaza was short of food and predicted that famine would arrive in the north sometime between mid-March and May 2024. United Nations Secretary-General António Guterres said: ""1.1 million people in Gaza are facing catastrophic hunger – the highest number of people ever recorded, anywhere, anytime."" [...] In 2004, the UN devised a system for monitoring food insecurity in populations. The system is called the Integrated Food Security Phase Classification, or IPC for short. [...] While this process is going on, famine-like conditions may already be afflicting parts of the country. The IPC report on Gaza published in March 2024 estimated that at least 1 in 8 children were acutely malnourished.",True,False,True,insufficient-supports,politifact
politifact_206_ret_bn_g9,politifact_206,"Gaza has “the highest number of people facing catastrophic hunger ever recorded by the Integrated Food Security Classification system — anywhere, anytime.”",António Guterres,"An 18 March Integrated Food Security Phase Classification (IPC) report said that famine is ""imminent in the northern governorates of the Gaza Strip and projected to occur anytime between mid-March and May 2024"", with the entire population of Gaza facing high levels of acute food insecurity. In a 19 March statement, UN High Commissioner for Human Rights Volker Türk said that ""[t]he situation of hunger, starvation and famine is a result of Israel’s extensive restrictions on the entry and distribution of humanitarian aid and commercial goods, displacement of most of the population, as well as the destruction of crucial civilian infrastructure"". Noting that the report found that over half of all Palestinians in Gaza, 1.1 million people, have completely exhausted their food supplies and are facing catastrophic hunger—the highest such number ever recorded by the IPC system anywhere, anytime—Guterres said that the report is clear evidence for ""the need for an immediate humanitarian ceasefire"" and called on Israel to ""ensure complete and unfettered access for humanitarian goods throughout Gaza"". [...] Following a 6 March request by South Africa for the indication of further provisional measures, on 28 March the ICJ ordered that Israel shall, among other actions, take all necessary measures ""to ensure, without delay, in full co-operation with the United Nations, the unhindered provision at scale by all concerned of urgently needed basic services and humanitarian assistance, including food, water, electricity, fuel, shelter, clothing, hygiene and sanitation requirements, as well as medical supplies and medical care to Palestinians throughout Gaza"".",True,False,True,supports,politifact
politifact_208,politifact_208,Says a 2010 Rockefeller Foundation report shows the COVID-19 pandemic and the international response were “meticulously planned at least 10 years ago.”,Facebook posts,"The report, which explored ""the role of technology and the future of globalization,"" presented four possible future scenarios of how the world might evolve, including one in which an influenza pandemic and lockdowns occurred. The scenarios were hypothetical. They weren’t predictions or plans.",False,True,True,refutes,politifact
politifact_208_ret_b15_gn,politifact_208,Says a 2010 Rockefeller Foundation report shows the COVID-19 pandemic and the international response were “meticulously planned at least 10 years ago.”,Facebook posts,"Since 2020 The Rockefeller Foundation has championed a comprehensive Covid-19 national response and recovery plan, focusing our efforts on providing evidence-based information and equitable access to life-saving tools. [...] The Rockefeller Foundation and its partners supported schools efforts to reopen safely amid the pandemic by creating peer networks,developing tools and guidance, and gathering and sharing expert advice to help schools stand up and manage Covid-19 testing programs for students, teachers, and staff. -",False,False,True,insufficient-neutral,politifact
politifact_208_ret_b1_gn,politifact_208,Says a 2010 Rockefeller Foundation report shows the COVID-19 pandemic and the international response were “meticulously planned at least 10 years ago.”,Facebook posts,"In July 2020, several social media users started posting about ""Operation Lockstep,"" a document allegedly released by The Rockefeller Foundation that showed how global elites had planned to manufacture the COVID-19 pandemic for the last 10 years in order to implement a police state: [...] While the ""Lock Step"" section of the actual document does deal with a global pandemic, the similarities between The Rockefeller Foundation's envisioned scenario and the current COVID-19 crisis are few and far between. For instance, the hypothetical pandemic envisioned by foundation started in 2012, originated in wild geese, and killed 8 million people in the first 7 months. Comparatively speaking, the COVID-19 pandemic began at the end of 2019, is widely believed to have originated with bats, and, according to John Hopkins University (as of this writing in July 2020) has killed just over 600,000 people within an approximate 7 month time-span. [...] In 2010, The Rockefeller Foundation produced a report entitled ""Scenarios for the Future of Technology and International Development"" that envisioned how the world would be impacted in four different scenario narratives — one of which dealt with a global pandemic. This document gives a hypothetical look at future events in order to envision possible problems that might arise. While this document does explore how the global population could react during a pandemic, it is in no way an ""operation manual"" for how to manufacture a virus in order to implement a police state.",False,False,True,refutes,politifact
politifact_210,politifact_210,"“It now appears there actually was meaningful voter fraud in Fulton County, Georgia, last November. That is not a conspiracy theory. It's true.”",Tucker Carlson,"Tucker Carlson suggested that an alarm that sounded at a Fulton County elections warehouse in May 2021 could be proof of fraud in the 2020 election. But it was a motion detector in a room that wasn’t storing any ballots. Carlson made several other allegations — including about double-scanned ballots and mail-in ballots without creases — that were false, misleading or unsubstantiated. After an initial count that declared Joe Biden the winner in Georgia, the state’s election results underwent a full hand audit and a machine recount that confirmed Biden’s victory.",False,True,True,refutes,politifact
politifact_210_ret_b15_gn,politifact_210,"“It now appears there actually was meaningful voter fraud in Fulton County, Georgia, last November. That is not a conspiracy theory. It's true.”",Tucker Carlson,"Georgia officials found more than 2,600 uncounted ballots, but they’re not evidence of fraud. [...] We debunked the ""Hammer and Scorecard"" election fraud conspiracy theory. The U.S. government’s head of cybersecurity declared it to be ""nonsense"" (before Trump fired him). [...] Georgia: Pollster Richard Baris claimed in a tweet that 132,000 ballots in Fulton County, Ga., were identified as likely ineligible, and Trump would win as a result. That’s False — state election officials have said they haven’t found credible examples of election fraud.",False,False,True,refutes,politifact
politifact_210_ret_b5_gn,politifact_210,"“It now appears there actually was meaningful voter fraud in Fulton County, Georgia, last November. That is not a conspiracy theory. It's true.”",Tucker Carlson,"For the past seven months, misinformation and false claims of fraud in Fulton County have dominated certain corners of the Internet and the Republican Party, with many refusing to accept results that showed three separate times that Donald Trump lost Georgia. [...] But ever since November's presidential race saw President Joe Biden flip Georgia by about 12,000 votes, some pro-Trump media outlets and politicians have zeroed in on Fulton in search of a smoking gun that would prove massive fraud cost the former president a victory. Those calls have come even after a full hand count risk-limiting audit (RLA) confirmed Biden's victory and a Trump campaign-ordered recount validated victory once more. [...] Ahead of a hearing on the lawsuit seeking to inspect images of Fulton's absentee ballots for fraud, a pair of pro-Trump media outlets have pushed false and misleading stories about the county's absentee drop box documentation and risk-limiting audit forms, implying or outright stating — but without real evidence — that the already-certified election should be overturned.",False,False,True,refutes,politifact
politifact_210_ret_bn_g0,politifact_210,"“It now appears there actually was meaningful voter fraud in Fulton County, Georgia, last November. That is not a conspiracy theory. It's true.”",Tucker Carlson,"Tucker Carlson spins web of misleading claims as he alleges ‘meaningful voter fraud’ in Georgia [...] ""It now appears there actually was meaningful voter fraud in Fulton County, Georgia, last November,"" Carlson said July 14. [...] But Carlson’s account of what happened in Fulton County — a Democratic stronghold that includes Atlanta — was neither official nor true. State and local officials and election experts said his claim of fraud reflected a misunderstanding of election procedures.",False,False,True,refutes,politifact
politifact_210_ret_bn_g3,politifact_210,"“It now appears there actually was meaningful voter fraud in Fulton County, Georgia, last November. That is not a conspiracy theory. It's true.”",Tucker Carlson,"- National security — We now live with the looming threat of a mob coming to overturn our elections because they don’t have faith in the electoral system. - Election security — States are now passing restrictive voter fraud laws that are making it difficult for US citizens to access their right to vote. [...] Tucker Carlson & Fox News ""It now appears there actually was meaningful voter fraud in Fulton County, Georgia, last November. It’s true."" —Tucker Carlson, July 14, 2021",False,False,True,insufficient-neutral,politifact
politifact_215,politifact_215,“Antifa is warning that tonight they're moving out of the cities - and into residential areas to 'take what's ours.'”,Facebook posts,"A Facebook post includes a screenshot to a tweet from a suspended account called ""ANTIFA America"" that claims the left-wing movement is moving Black Lives Matter protests to residential areas. There is no evidence to support the post. Antifa is a broad, loosely affiliated coalition of left-wing anti-fascist activists. It has no leaders and is organized into autonomous local groups. We could find no tweets from local antifa cells or local news reports about protests moving into residential areas on May 31, the day the post was made. It is still unclear to what extent the movement is involved in the demonstrations.",False,True,True,refutes,politifact
politifact_215_ret_b2_g0,politifact_215,“Antifa is warning that tonight they're moving out of the cities - and into residential areas to 'take what's ours.'”,Facebook posts,"False rumors that antifa is organizing bus rides to take protesters into white neighborhoods and loot homes have gone viral in recent days on digital neighborhood platforms and in group texts throughout the U.S. Some of the posts feature a screenshot of a tweet by a fake antifa Twitter account that Twitter said was created by the white nationalist group Identity Evropa, attempting to drum up fear of looting in residential and suburban areas. The false antifa tweet was boosted in part by Donald Trump Jr., who posted a screenshot of the tweet to his Instagram account. Other rumors falsely warn of antifa members' being ""bused in"" to towns in Idaho. [...] The post was shared by pro-Second Amendment and conservative media pages like Red State and Hot Air. It was also shared by ""U.S. Law Enforcement,"" a page with nearly a half-million followers that claims to be ""run by several current and retired U.S. law enforcement officers,"" which posted the screenshot of the tweet and wrote: ""Antifa is warning that tonight they're moving out of the cities — and into residential areas to 'take what's ours.' Law enforcement across the country on high alert. Circulate this asap.""",False,False,True,refutes,politifact
politifact_215_ret_b4_gn,politifact_215,“Antifa is warning that tonight they're moving out of the cities - and into residential areas to 'take what's ours.'”,Facebook posts,"Who Are Antifa, and Are They a Threat? [...] To add to the confusion, there was significant disinformation and a proliferation of fake accounts on social media platforms. For example, Twitter shut down several accounts that it said were operated by a white supremacist group called Identity Evropa, which was posing as Antifa. In one fake account with the Twitter handle @Antifa_US, Identity Evropa members allegedly called for violence in white suburban areas in the name of Black Lives Matters. ""Tonight’s the night, Comrades,"" one tweet noted with a brown raised fist emoji. ""Tonight we say ‘F--- The City’ and we move into the residential areas... the white hoods.... and we take what's ours …"" As Twitter explained, ""This account violated our platform manipulation and spam policy, specifically the creation of fake accounts. We took action after the account sent a Tweet inciting violence and broke the Twitter Rules."" More broadly, extremists flooded social media with disinformation, conspiracy theories, and incitements to violence—swamping Twitter, YouTube, Facebook, and other platforms.",False,False,True,refutes,politifact
politifact_215_ret_b7_gn,politifact_215,“Antifa is warning that tonight they're moving out of the cities - and into residential areas to 'take what's ours.'”,Facebook posts,"Seven things you need to know about Antifa [...] Some Antifa groups date the origins of their movement to fights against European fascists in the 1920s and 1930s. Mark Bray, author of Antifa: The Anti-Fascist Handbook, says the modern American Antifa movement began in the 1980s with a group called Anti-Racist Action. Its members confronted neo-Nazi skinheads at punk gigs in the American Midwest and elsewhere. By the early 2000s the Antifa movement was mostly dormant - until the rise of Donald Trump and the alt-right. [...] Like other protest movements dating back to Cold War era West German anarchists, Antifa supporters will often dress all in black, sometimes covering their faces with masks or helmets so they can’t be identified by opposing groups or the police. It's an intimidating tactic – known as a ""black bloc"" – which also allows them to move together as one anonymous group. There are also offshoots - one Antifa group in Oregon said they also have a ""snack bloc"" of people who provide food and water for their allies during protests.",False,False,True,insufficient-neutral,politifact
politifact_218,politifact_218,"Judge Jeff Davis ""spent years defending a convicted cop killer"" and ""tried to get him off the hook.""",Shelley Grogan,"Davis, the incumbent, represented a Florida man convicted in the murder of a corrections officer for 21 years before the man was executed in 2013. The ad exaggerates the nature of the case and Davis’s goal, however. He was seeking to get the death penalty reduced to life in prison. And the ominous narration in the ad implies there is something nefarious in the act of representing a client, a standard part of the American judicial system.",Half True,True,True,insufficient-refutes,politifact
politifact_218_ret_bn_g14,politifact_218,"Judge Jeff Davis ""spent years defending a convicted cop killer"" and ""tried to get him off the hook.""",Shelley Grogan,"This declaration is made all the more absurd by the fact that there wasn’t a war going on while Davis held the office and was being all fabulous. This is kind of like saying Jefferson Davis was the best fireman the country ever had, although he never went to a fire. [...] I completely agree here with the author on the Jefferson Davis writings…. both at the beginning and the end of the works Foote tried to set Davis up as a figure from a Shakespearean tragedy. Nonsense!",Half True,False,True,refutes,politifact
politifact_219,politifact_219,Says Alexandria Ocasio-Cortez “says that all young people want to be socialists.”,Tim Baxter,There’s no evidence she said that.,False,True,True,refutes,politifact
politifact_219_ret_b3_gn,politifact_219,Says Alexandria Ocasio-Cortez “says that all young people want to be socialists.”,Tim Baxter,"I’m not sure that AOC was ever strongly attached to the label or identity of ""socialist"" to begin with. According to Take Up Space, AOC only joined the Democratic Socialists of America in early 2018, ""around the same time she was seeking its endorsement."" The book also notes that AOC said: [...] Young people today tend to reject capitalism in favor of socialism. But socialism can’t just be a negative rejection of capitalism in rhetoric and a synonym for a kind of generic ""progressivism"" as limited by the Democratic Party. As AOC said in a 2020 interview with Ta-Nehisi Coates, ""We don’t have a left party in the U.S. The Democratic Party is not a left party."" Just as the Democratic Party is not a left party, the DSA is not a political party. We have to build an independent working-class party. The work of building this working-class movement includes supporting a third-party leftist candidate for president, such as Jill Stein, Claudia De la Cruz, Cornel West, or Joseph Kishore.",False,False,True,insufficient-neutral,politifact
politifact_219_ret_bn_g1,politifact_219,Says Alexandria Ocasio-Cortez “says that all young people want to be socialists.”,Tim Baxter,"No evidence that AOC said all young people want to be socialists [...] Our searches of Google, Bing and Nexis found no instance in which she said that all young people want to be socialists, as Baxter’s ad says. We also searched for any mention of young people and socialists on her personal and official Twitter accounts. Had Ocasio-Cortez flatly stated that all young people want to be socialists, it’s likely news coverage would have quickly followed.",False,False,True,refutes,politifact
politifact_219_ret_bn_g16,politifact_219,Says Alexandria Ocasio-Cortez “says that all young people want to be socialists.”,Tim Baxter,"Ocasio-Cortez, a 28-year-old self-styled champion of the working class who, as the ad shows, can effortlessly change from flats to high heels on an elevated subway train platform, scored a stunning upset victory that not only shocked America but also might signal a new direction for the Democratic Party. It is clear that the movement started by Sen. Bernie Sanders (I-Vt.) in 2016 had found new life in very un-bro-like fashion. ""I think so many young people are completely disillusioned with mainstream politics and the two-party system, and democratic socialism is something that seems to speak to their concerns and interests,"" said Marisol LeBrón, a Latino studies scholar who grew up in Parkchester — the same Bronx area Ocasio-Cortez is from — and identifies as queer and Nuyorican. ""The fact that she is a young woman of color helped her connect with young people around the country who identify as progressive or left and are trying to think through party politics in this increasingly repressive moment."" [...] To this potent stew, Ocasio-Cortez added a Sanders-like appraisal of what ails the American Dream, offering solutions that hew to the ""s""-word strategies of a group with which she openly identifies, the Democratic Socialists of America. That same ""socialism"" that the center and right often identify with pretentious European thinkers and student-debt-saddled millennials turns out to be a viable approach to the problems of people of color who are segregated out of opportunity for high-quality education, affordable housing and the accumulation of generational wealth.",False,False,True,insufficient-neutral,politifact
politifact_219_ret_bn_g5,politifact_219,Says Alexandria Ocasio-Cortez “says that all young people want to be socialists.”,Tim Baxter,"Frances Fox Piven, a political scientist and a former D.S.A. board member, told me that, while these terms are fuzzier than they once were, ""socialism,"" in the practical politics of the young, describes above all a disgust with widening inequality. ""When people say they are ‘socialists,’ they are reacting against unrestrained capitalism,"" she said. ""I don’t know that it has much meaning beyond that. There are volumes written about the historical, theoretical work by socialists and their critics, but I don’t think that that’s what’s moving these young people. They are moved by the idea of an economic system that is tempered, constrained, and restrained by democratic values. There were a lot of debates in the seventies and eighties between Maoists and theoretical socialists, some of whom were a little crazy. That has nothing to do with what’s happening now."" Michael Kazin, a co-editor of Dissent and a D.S.A. member, agreed: ""The radical left’s major influence in American history is to push liberals, progressives, to the left. And that is going to be the impact. I don’t believe we are going to have a socialist transformation of America in my lifetime.""",False,False,True,insufficient-neutral,politifact
politifact_221,politifact_221,"The coronavirus has seen a “big surge in New Zealand. It's terrible. We don't want that.""",Donald Trump,"New Zealand reported nine new cases on Aug. 17, the day of Trump’s remark. The nation previously went over 100 days without an instance of community spread. The U.S. leads the world in cumulative COVID-19 cases and deaths and has reported more than 50,000 new cases per day for most of August and July.",False,True,True,insufficient-refutes,politifact
politifact_221_ret_b0_gn,politifact_221,"The coronavirus has seen a “big surge in New Zealand. It's terrible. We don't want that.""",Donald Trump,"Coronavirus: How New Zealand relied on science and empathy [...] During the next two weeks of lockdown, New Zealand saw a steady decline in the number of new cases. To date, it has had 12 deaths, and has confirmed that on average each infected person is passing the virus to fewer than one other person. [...] Key to New Zealand's response to Covid-19, Dr Wiles argues, was that the prime minister and government visibly put people's health first, whereas other countries which delayed imposed social distancing measures for fear of the economic damage are now having a much harder time controlling the virus.",False,False,True,insufficient-neutral,politifact
politifact_221_ret_b6_gn,politifact_221,"The coronavirus has seen a “big surge in New Zealand. It's terrible. We don't want that.""",Donald Trump,"‘We don’t want that,’ Trump says of New Zealand after country reported nine new COVID-19 cases [...] RNZ, ""Donald Trump refers to 'big surge' of Covid-19 in New Zealand,"" Aug. 18, 2020 [...] More by Bill McCarthy ‘We don’t want that,’ Trump says of New Zealand after country reported nine new COVID-19 cases",False,False,True,insufficient-supports,politifact
politifact_221_ret_bn_g1,politifact_221,"The coronavirus has seen a “big surge in New Zealand. It's terrible. We don't want that.""",Donald Trump,"Donald Trump has called out New Zealand for its recent Covid-19 outbreak, saying the places the world hailed as a success story is now facing a ""big surge"" in cases. [...] ""Big surge in New Zealand, you know it’s terrible, we don’t want that, but this is an invisible enemy that should never have been let to come to Europe and the rest of the world by China."" [...] New Zealand’s government has described the outbreak as contained and manageable, and has chosen not to place the country or even Auckland in full, level 4 lockdown. The outbreak is currently limited to a single cluster of related cases, which as of Tuesday numbered 69.",False,False,True,insufficient-contradictory,politifact
politifact_222,politifact_222,Bath and Body Works products are not recommended during pregnancy because they are suspected of “damaging fertility or the unborn child.”,Facebook posts,"A Bath & Body Works safety data sheet includes warnings about skin irritation, infertility and organ damage. These disclosures aren’t new or limited to Bath & Body Works. Home fragrance companies are required to post these notices on their websites. The disclosures are meant for manufacturers and emergency workers — not consumers — who need to know how to handle, store or dispose of large quantities of chemicals, the company said. The American College of Obstetricians and Gynecologists told PolitiFact that it has no official recommendation about pregnant women not using Bath & Body Works products. People who are pregnant should speak to their doctors if they have questions about any product.",False,True,True,refutes,politifact
politifact_222_ret_b10_gn,politifact_222,Bath and Body Works products are not recommended during pregnancy because they are suspected of “damaging fertility or the unborn child.”,Facebook posts,I had a gc for bath and body works and I just brought a ton of lotion. are they safe to use during pregnancy? I wasn't given a list of body or hair products not to use. [...] We live in such an alarmist culture about pregnancy it seems like nothing is safe. [...] Track your pregnancy on our free #1 pregnancy & baby app,False,False,True,insufficient-neutral,politifact
politifact_222_ret_b15_gn,politifact_222,Bath and Body Works products are not recommended during pregnancy because they are suspected of “damaging fertility or the unborn child.”,Facebook posts,"Taking a bath while pregnant can relieve stress and muscle tension, but it’s important to keep an eye on the temperature. [...] - Not enjoying baths during pregnancy? Try a warm foot bath for another safe option for relaxation and stress relief. [...] - If you love your pregnancy baths, consider talking to your healthcare provider about the risks and benefits of a water birth.",False,False,True,insufficient-neutral,politifact
politifact_222_ret_bn_g2,politifact_222,Bath and Body Works products are not recommended during pregnancy because they are suspected of “damaging fertility or the unborn child.”,Facebook posts,"The claim: Document shows Bath & Body Works products are not recommended for use while pregnant [...] Did you know that Bath & Body works products are actually not recommended to use while pregnant? Straight from their safety data sheet it reads ""suspected of damaging fertility or the unborn child"" and, ""may cause damage to organs through prolonged or repeated exposure."" Imagine how harmful they are to our pre-teen and teenage daughters? NO WONDER we have so many women struggling with infertility, hormone disruptions, migraines, thyroid complications… I could go on and on!!! [...] We rate FALSE the claim that a document shows Bath & Body Works products shouldn't be used while pregnant. The document on which these viral claims are based only addresses an air freshener and is a warning for employees at chemical manufacturing facilities, not for consumers. The document does not warn of pregnancy risks for consumers who use Bath & Body Works products.",False,False,True,refutes,politifact
politifact_222_ret_bn_g6,politifact_222,Bath and Body Works products are not recommended during pregnancy because they are suspected of “damaging fertility or the unborn child.”,Facebook posts,"Did you know that Bath & Body works products are actually not recommended to use while pregnant? Yeah, neither did I because I never thought to read their safety data sheets. Like oh, if it’s on the shelves it must be OK for the human body, right? No. Not right. Straight from their safety data sheet it reads and I quote, ""suspected of damaging fertility or the unborn child"" and, ""may cause damage to organs through prolonged or repeated exposure."" I’m sorry, come again??? The products that have been US glorified FOR YEARS because ""they smell good"" or, ""they have the best candles"" have a warning label that use could harm an unborn child, a woman’s hormones AND their organs? And once again I’m reminded that the world doesn’t keep spinning and generate revenue if you and I are healthy. #isaidwhatisaid",False,False,True,supports,politifact
politifact_227,politifact_227,Members of the US Women’s National Soccer team turned their backs on the flag as a 98-year-old World War II veteran played the anthem.,Facebook posts,The players turned in order to face the U.S. flag during the anthem.,False,True,True,refutes,politifact
politifact_227_ret_b17_gn,politifact_227,Members of the US Women’s National Soccer team turned their backs on the flag as a 98-year-old World War II veteran played the anthem.,Facebook posts,"U.S. Women’s National Team head coach Jill Ellis has named the 23 players who will represent the United States in France this summer. [...] DEFENDERS (7): Abby Dahlkemper* (NC Courage), Tierna Davidson* (Chicago Red Stars), Crystal Dunn* (NC Courage), Ali Krieger*** (Orlando Pride), Kelley O’Hara*** (Utah Royals FC), Becky Sauerbrunn*** (Utah Royals FC), Emily Sonnett* (Portland Thorns FC) [...] Fans can follow all the upcoming WNT matches on @uswnt (Twitter, Instagram) and U.S. Soccer on Facebook.",False,False,True,insufficient-neutral,politifact
politifact_227_ret_bn_g13,politifact_227,Members of the US Women’s National Soccer team turned their backs on the flag as a 98-year-old World War II veteran played the anthem.,Facebook posts,"Right-wing media are circulating a false claim about what should have simply stood as a touching moment, when a 98-year-old World War II veteran played the national anthem at the start of a U.S. women’s soccer game. [...] The U.S. Soccer Federation tweeted back: ""Not true. No one turned their back on WWII Veteran Pete DuPré during tonight's anthem. Some USWNT players were simply looking at the flag on a pole in one end of the stadium."" The U.S. Soccer Women’s National Team account also tweeted a video of team members greeting DuPré after the game and signing a ball for him: Fox News Radio host Guy Benson, for example, castigated ""the handful of ingrates who turned away as he performed."" Right-wing provocateur Dinesh D’Souza also accused the players of having ""turned away as 98-year-old WWII vet played the national anthem.""",False,False,True,refutes,politifact
politifact_227_ret_bn_g3,politifact_227,Members of the US Women’s National Soccer team turned their backs on the flag as a 98-year-old World War II veteran played the anthem.,Facebook posts,"The U.S. women’s national soccer team is denying team members turned their backs on a 98-year-old World War II veteran as he played the national anthem before an exhibition game, claiming that some players were simply looking at the flag at the other end of the stadium. ""Get your facts straight before you assume anything,"" U.S. midfielder Carli Lloyd tweeted. Hmm, why would anyone assume that the players were showing disrespect during the playing of our national anthem? Maybe it’s because, long before U.S. track and field athlete Gwen Berry turned her back on the flag while the national anthem played, it was the U.S. national women’s soccer team that was demanding the right to protest the anthem. [...] In a statement, U.S. Soccer said that none of the players ""turned their back on WWII Veteran Pete DuPré during tonight’s anthem"" adding ""the players all love Pete."" Note the statement didn’t say the players would never disrespect the American flag — because that would be demonstrably untrue. The team seems most upset at the notion that anyone thought they had shown disrespect to a sweet old man like Pete. What they don’t seem to understand is that when they protest the flag, they show disrespect for Pete and all the veterans who fought under that flag. They show disrespect for all of Pete’s comrades who sacrificed their lives so they could have the freedom to play a kids’ game for a living.",False,False,True,refutes,politifact
politifact_227_ret_bn_g5,politifact_227,Members of the US Women’s National Soccer team turned their backs on the flag as a 98-year-old World War II veteran played the anthem.,Facebook posts,"CLAIM: Players on the U.S. women’s national soccer team ""turned their backs"" on a World War II veteran playing the national anthem at a game Monday. [...] ""Several members of the U.S. womens national soccer team turned their backs on a 98 year old World War 2 veteran as he played the national anthem on his harmonica,"" a Facebook user wrote, in a now-deleted post. The false claim also circulated widely on Twitter, Instagram and YouTube. Several media outlets also wrote about the false claim. ""Not true. No one turned their back on WWII Veteran Pete DuPré during tonight’s anthem,"" the U.S. soccer communications team tweeted on Monday night. ""Some USWNT players were simply looking at the flag on a pole in one end of the stadium. The players all love Pete, thanked him individually after the game and signed a ball for him.""",False,False,True,refutes,politifact
politifact_229,politifact_229,“The CBO says (the Build Back Better Act) is $3 trillion of deficit spending.”,Lindsey Graham,"As currently written, the Build Back Better bill would add about $158 billion to deficits over 10 years. Major spending would go to child care and child tax credits, among other things. Republicans asked the Congressional Budget Office to estimate what would happen if temporary programs in the bill were extended through all 10 years. The bill being considered in the Senate sets time limits on those programs. It would be up to a future Congress to determine whether to change those limits.",False,True,True,insufficient-refutes,politifact
politifact_229_ret_b16_gn,politifact_229,“The CBO says (the Build Back Better Act) is $3 trillion of deficit spending.”,Lindsey Graham,"""The Build Back Better Act is fiscally responsible,"" Mr. Biden said in a statement. ""It reduces the deficit over the long-term. It's fully paid for by making sure that the wealthiest Americans and biggest corporations begin to pay their fair share in federal taxes. It keeps my commitment that no one earning less than $400,000 a year will pay a penny more in federal taxes. Leading economists and independent experts on Wall Street have confirmed that it will not add to inflationary pressures. Instead, it will boost the capacity of our economy and reduce costs for millions of families."" [...] CBO says Build Back Better Act will increase deficit by $367 billion over 10 years The nonpartisan Congressional Budget Office on Thursday released its much anticipated cost estimate of President Biden's signature social spending plan, Build Back Better. The analysis — commonly referred to as the CBO score — said passage of the legislation would increase the deficit by more than $367 billion over ten years. But the estimate does not include the revenue that could be generated from increasing IRS enforcement.",False,False,True,refutes,politifact
politifact_229_ret_b7_gn,politifact_229,“The CBO says (the Build Back Better Act) is $3 trillion of deficit spending.”,Lindsey Graham,"PWBM estimates that H.R. 5376, the Build Back Better Act, as written would increase spending by $2.1 trillion over the 10-year budget window and revenue by $1.8 trillion, for a 10-year deficit of $274 billion. [...] H.R. 5376, Build Back Better Act: Budget and Macroeconomic Effects On November 3, 2021, the House Rules Committee released legislative language for the Build Back Better Act. In this analysis, PWBM analyzes the macroeconomic effects of the legislation, building on our conventional estimate of the budgetary effects of the bill.",False,False,True,insufficient-refutes,politifact
politifact_229_ret_bn_g13,politifact_229,“The CBO says (the Build Back Better Act) is $3 trillion of deficit spending.”,Lindsey Graham,"Here’s Why Senator Manchin Won’t Support the Build Back Better Act On Sunday, ALEC alumni and US Senator Joe Manchin of West Virginia announced his opposition to the Build Back Better Act. For many taxpayers weary of reckless federal spending, surging inflation and looming tax hikes, this was seen as an early Christmas gift. [...] Earlier this month, at the request of Senator Lindsay Graham and Congressman Jason Smith, the Congressional Budget Office (CBO) released a second score for the Build Back Better Act. This time, the bill was scored over a ten-year period, revealing a major budget deficit increase of $3 trillion. Contrary to some claims, the Build Back Better Act is not fully paid for.",False,False,True,supports,politifact
politifact_229_ret_bn_g8,politifact_229,“The CBO says (the Build Back Better Act) is $3 trillion of deficit spending.”,Lindsey Graham,"The Congressional Budget Office (CBO) has given us a sobering look into our fiscal future under the Build Back Better Act (BBBA), estimating that if all the bill’s policies were made permanent, $3 trillion would be added to the national debt over the next 10 years. This is on top of more than $7 trillion in deficits over the last two years, leading to a $21 trillion total national debt held by the public this year (about the size of GDP). Under current law, the CBO predicts national debt held by the public will reach $36 trillion in 2031, or 106 percent of GDP—the highest debt load in U.S. history. [...] Ultimately, policymakers and taxpayers should understand the scope of tax changes necessary to fully pay for the large-scale social spending programs that would be initiated under the Build Back Better Act. It most certainly does not cost zero, and the costs will most likely be borne in large part by the middle class in the form of higher tax burdens, inflation, and reduced economic opportunities.",False,False,True,supports,politifact
politifact_230,politifact_230,A person’s immune system “tanks” after their second COVID-19 vaccine dose.,YouTube video,"Multiple medical experts said the blood test results featured in the video to support this claim didn’t come close to showing an immune system that has crashed. This wasn’t observed in the COVID-19 vaccine trials where blood counts were obtained, experts said.",False,True,True,refutes,politifact
politifact_230_ret_b2_gn,politifact_230,A person’s immune system “tanks” after their second COVID-19 vaccine dose.,YouTube video,"The second dose of a COVID-19 vaccine induces a powerful boost to a part of the immune system that provides broad antiviral protection, according to a study led by investigators at the Stanford University School of Medicine. [...] ""The second shot has powerful beneficial effects that far exceed those of the first shot,"" Pulendran said. ""It stimulated a manifold increase in antibody levels, a terrific T-cell response that was absent after the first shot alone, and a strikingly enhanced innate immune response."" Unexpectedly, Pulendran said, the vaccine — particularly the second dose — caused the massive mobilization of a newly discovered group of first-responder cells that are normally scarce and quiescent.",False,False,True,refutes,politifact
politifact_230_ret_b6_gn,politifact_230,A person’s immune system “tanks” after their second COVID-19 vaccine dose.,YouTube video,"The benefits of prime-boosting with COVID-19 vaccines were initially seen in clinical trials. Early studies of the currently approved COVID-19 vaccines compared the immune responses in people who received one or two vaccine doses. Results showed that after the second dose, people had higher amounts of antibodies to fight the virus, indicating that taking more than one dose would probably increase vaccine effectiveness. [...] The scientists investigated the antibody responses of 250 people vaccinated with the Pfizer/BioNTech vaccine against five variants of the coronavirus, including the original ""wild type"" that spread in early 2020 as well as the alpha and delta variants and several other forms. After the first and second dose, the researchers looked to see whether people had antibodies able to prevent infection – called neutralising antibodies – for these different forms of the virus. [...] Yet after two doses of the Pfizer/BioNTech vaccine, the paper suggests protection against symptomatic COVID-19 rises to 93% against the alpha variant and 88% for the delta variant. The Oxford/AstraZeneca vaccine also sees a lift: after a second dose it’s 66% protective against alpha and 60% effective against delta.",False,False,True,insufficient-neutral,politifact
politifact_230_ret_b9_gn,politifact_230,A person’s immune system “tanks” after their second COVID-19 vaccine dose.,YouTube video,"Fig. 2: Dynamics and projection of circulating IgG levels against RBD after the second dose of the COVID-19 vaccination using a linear model. [...] In conclusion, humoral responses following COVID-19 vaccination decreased in all age groups after approximately 6 months. Non-linear models estimated a continuous waning in humoral responses primarily in the older population and individuals with a delayed administration of the second vaccine dose. Natural infections prior to completion of vaccination induced a more robust immune response, characterized primarily by the stability of the IgG levels, higher levels of IFN-γ release from activated T-cells, and the presence of IgA antibodies in circulation. The use of dynamic models taking into consideration different factors of the immune system may be of use to establish guidelines for future re-vaccination strategies. [...] Ledford, H. Delaying a COVID vaccine’s second dose boosts immune response. Naturehttps://doi.org/10.1038/d41586-021-01299-y (2021).",False,False,True,insufficient-refutes,politifact
politifact_234,politifact_234,“Myanmar used Dominion Voting Systems.”,Facebook posts,"Dominion Voting Systems technology has never been used in Myanmar, according to the company. Voters in Myanmar used paper ballots. We found no evidence to support this claim.",False,True,True,refutes,politifact
politifact_234_ret_b13_g5,politifact_234,“Myanmar used Dominion Voting Systems.”,Facebook posts,"Claims about hacked Dominion Voting Systems machines even extended to Myanmar’s election, although those rumours were even more quickly debunked – the country used an entirely paper-based voting system. But in Myanmar too, smarter use of technology in elections could minimise the (already tenuous) grounds on which its military challenged the outcome. Tackling messy voter registration rolls using smart phones would be a valuable improvement to election credibility, and give Myanmar’s electoral commission a stronger basis on which to reject claims of fraud. Over 80% of Myanmar’s population has access to a smartphone (not far behind Australia, at 90%), meaning most households could confirm or update their voting details via an app in advance of election day. This would allow authorities to easily remove duplicate entries and the names of those who have died from the electoral roll before election day.",False,False,True,refutes,politifact
politifact_234_ret_b1_g1,politifact_234,“Myanmar used Dominion Voting Systems.”,Facebook posts,"CLAIM: Myanmar used the election technology firm Dominion Voting Systems for its recent elections. [...] ""Myanmar used Dominion Voting Systems,"" read a Facebook post on Monday shared hundreds of times. [...] Any claims about Dominion in Myanmar’s elections are also false, because the company has no relationship with Myanmar whatsoever, Fratto confirmed to the AP.",False,False,True,refutes,politifact
politifact_234_ret_b8_gn,politifact_234,“Myanmar used Dominion Voting Systems.”,Facebook posts,"Dominion Voting Systems was only used in a few counties that experienced minor problems that were quickly resolved, and were either the result of human error or temporary malfunctions. [...] Dominion Voting Systems, which makes software and hardware for election officials to use around the country, is at the center of baseless claims that say ""glitches"" from its machines caused mistakes in vote tallies to favor Joe Biden in several states. [...] ""No credible reports or evidence of any software issues exist,"" Dominion says on its website. ""While no election is without isolated issues, Dominion Voting Systems are reliably and accurately counting ballots. State and local election authorities have publicly confirmed the integrity of the process.""",False,False,True,insufficient-neutral,politifact
politifact_234_ret_bn_g0,politifact_234,“Myanmar used Dominion Voting Systems.”,Facebook posts,"The claim: Myanmar used Dominion Voting Systems in fraudulent election [...] Dominion machines were not used in Myanmar’s 2020 election, according to a statement from Dominion Voting Systems issued to USA TODAY. The statement described the claim as ""completely false"" and noted that the company's machines have never been used in Myanmar. [...] We rate the claim that Dominion Voting Systems was used to commit election fraud in Myanmar FALSE because the voting software was not used in Myanmar's 2020 election. Reports confirm that Myanmar used paper ballots and hand counted votes, which rendered a majority vote that opposed the military-backed candidate. Myanmar's election commission and world leaders hold that the countries election results were authentic.",False,False,True,refutes,politifact
politifact_235,politifact_235,"Senate Republicans' move to confirm Judge Amy Coney Barrett to the Supreme Court in an election year is ""not constitutional.""",Joe Biden,"There’s no clause in the Constitution that would prevent President Donald Trump from making a Supreme Court nomination close to Election Day or block Senate Republicans from moving to confirm that nominee, legal experts said. Senate Republicans are moving to fill the Supreme Court vacancy after blocking the nomination President Barack Obama made during the last presidential election year. Some experts said the move seems at odds with some democratic principles underlying the Constitution, such as the idea that there should be consent of the governed.",False,True,True,refutes,politifact
politifact_235_ret_b1_gn,politifact_235,"Senate Republicans' move to confirm Judge Amy Coney Barrett to the Supreme Court in an election year is ""not constitutional.""",Joe Biden,"Asked whether he would consider adding justices to the Supreme Court if elected, Democratic presidential nominee Joe Biden claimed Senate Republicans’ move to install Judge Amy Coney Barrett to the vacant seat less than a month before Election Day was ""not constitutional."" [...] As for the move to seat Barrett before the election, two constitutional scholars said that in a general sense, the Senate Republicans’ actions seem at odds with some of the democratic principles underlying the Constitution. [...] Newsweek, ""Joe Biden Says Amy Coney Barrett Appointment 'Not Constitutional' as He Evades Court Packing Question Again,"" Oct. 10, 2020",False,False,True,insufficient-supports,politifact
politifact_235_ret_bn_g0,politifact_235,"Senate Republicans' move to confirm Judge Amy Coney Barrett to the Supreme Court in an election year is ""not constitutional.""",Joe Biden,"In the lead up to Monday’s confirmation hearings to install Judge Amy Coney Barrett on the US Supreme Court, Democratic presidential candidate and former Vice President Joe Biden raised concerns that the efforts to put Barrett on the court are unconstitutional and exemplify court packing. [...] Facts First: This is false. Legal experts say there is nothing strictly unconstitutional about Barrett’s confirmation process. When asked by CNN, the Biden campaign argued that the Senate’s push to confirm Barrett ahead of the election doesn’t violate a specific clause of the Constitution, but people’s constitutional right to have a say in who makes the nomination. According to his campaign, Biden’s comments refer to the principles and spirit of the Constitution, which they insist the effort to confirm Barrett before the election violates. [...] ""The Constitution gives the Senate the power to hold a hearing,"" Blackman added. ""There is nothing unconstitutional about confirming Judge Barrett.""",False,False,True,refutes,politifact
politifact_235_ret_bn_g3,politifact_235,"Senate Republicans' move to confirm Judge Amy Coney Barrett to the Supreme Court in an election year is ""not constitutional.""",Joe Biden,"""Of course,"" said McConnell, ""the American people should have a say in the court's direction. It is a president's constitutional right to nominate a Supreme Court justice, and it is the Senate's constitutional right to act as a check on the president and withhold its consent."" [...] For his part, McConnell argued that the Democrats had at least contemplated a similar tactic back in 1992, when Obama's vice president, Joe Biden, was chairman of the Senate Judiciary Committee and mused about urging President George H.W. Bush to withhold any nominees to the high court until the end of the ""political season."" [...] A previous version of this story incorrectly said that before 2016, the last time a Democratic president made a Supreme Court appointment while Republicans held the Senate was in 1885. The last such appointment was in 1895.",False,False,True,insufficient-neutral,politifact
politifact_235_ret_bn_g9,politifact_235,"Senate Republicans' move to confirm Judge Amy Coney Barrett to the Supreme Court in an election year is ""not constitutional.""",Joe Biden,"President Donald Trump nominates Amy Coney Barrett to U.S. Supreme Court President Donald Trump named U.S. appeals court Judge Amy Coney Barrett to the U.S. Supreme Court on Saturday, picking from a list of candidates that included U.S. Sen. Ted Cruz, R-Texas. [...] Her nomination will kick off what’s expected to be one of the most contentious confirmation battles in recent memory. Republicans say they intend to seat Barrett this year, even though the vacancy on the court opened up less than two months before Election Day. Democrats are determined to fight the nomination, noting that Republicans refused to confirm former President Barack Obama’s nominee for the Supreme Court in 2016 when a seat came open 269 days from Election Day.",False,False,True,insufficient-neutral,politifact
politifact_236,politifact_236,"Says Amber Alerts are issued for white kids ""but not Black kids in Milwaukee.""",Facebook post,"Nearly half of the 41 alerts issued since 2003 in Wisconsin were for Black children. Milwaukee police initiated more than one-fourth of all alerts, far more than any other agency. Every one of their 11 alerts was for a Black child.",False,True,True,refutes,politifact
politifact_236_ret_b14_gn,politifact_236,"Says Amber Alerts are issued for white kids ""but not Black kids in Milwaukee.""",Facebook post,"AMBER Alerts have helped bring home nearly 1,000 children since their inception in 1996. In 2018, 155 cases of the 161 issued alerts resulted in recovery. [...] Why are AMBER Alerts not issued for all missing children? [...] But just because an alert isn’t issued for a child doesn’t mean authorities aren’t using other tools to investigate, Crosby told the news station.",False,False,True,insufficient-neutral,politifact
politifact_236_ret_b1_gn,politifact_236,"Says Amber Alerts are issued for white kids ""but not Black kids in Milwaukee.""",Facebook post,"Fact check: Online post incorrect about Amber Alerts and Black children in Milwaukee [...] ""So Amber Alert works for kids in Baraboo but not Black kids in Milwaukee,"" one Facebook post stated July 6. The text was accompanied by a ""thinking"" emoji. [...] We rate this claim FALSE based on our research. The data actually shows a disproportionately high number of alerts — based on population — have been issued precisely for Black children in Milwaukee. Nearly half of all alerts involved Black children, even though only about 1 in 15 state residents is Black. And more than one-fourth of all alerts were initiated by Milwaukee police — all for Black children.",False,False,True,refutes,politifact
politifact_236_ret_bn_g0,politifact_236,"Says Amber Alerts are issued for white kids ""but not Black kids in Milwaukee.""",Facebook post,"""So Amber Alert works for kids in Baraboo but not Black kids in Milwaukee,"" one Facebook post stated July 6. The text was accompanied by a ""thinking"" emoji. [...] A widely shared Facebook post said Amber Alerts are issued for white kids, ""but not Black kids in Milwaukee."" It grew out of concerns in the Black community that missing children are not taken serious enough in Milwaukee. But the data actually shows a disproportionate high number of alerts — based on population — have been issued precisely for Black children in Milwaukee.",False,False,True,refutes,politifact
politifact_236_ret_bn_g6,politifact_236,"Says Amber Alerts are issued for white kids ""but not Black kids in Milwaukee.""",Facebook post,"In fact, data shows that missing white children receive far more media coverage than missing black and brown children, despite higher rates of missing children among communities of color. [...] ""I think there’s a false belief that white children make up the biggest number of missing children when in fact (proportionally) it’s just the opposite,"" Lowery said, adding that the highnumber of black girls reported missing is particularly concerning. [...] Law enforcement often classify children of color as runaways without having all the details, Wilson said. Because those kids are considered to have voluntarily left home, Amber alerts aren’t sent out about them and they typically aren’t covered in the news.",False,False,True,insufficient-supports,politifact
politifact_239_ret_b0_gn,politifact_239,"""Ron Johnson has voted against funding for law enforcement and recently opposed a plan to recruit and train new officers """,Mandela Barnes,"""Ron Johnson has voted against funding for law enforcement and recently opposed a plan to recruit and train new officers,"" the Barnes campaign said in a Sept. 2 news release. [...] So, did Johnson vote ""against funding for law enforcement"" and recently oppose ""a plan to recruit and train new officers?"" [...] Barnes campaign, news release, ""FACT: Sen. Ron Johnson Has Voted Against Funding and Resources for Law Enforcement"" Sept. 2, 2022",False,False,True,insufficient-neutral,politifact
politifact_239_ret_b1_gn,politifact_239,"""Ron Johnson has voted against funding for law enforcement and recently opposed a plan to recruit and train new officers """,Mandela Barnes,"A new TV ad launched by Johnson’s D.C. allies is falsely attacking Lt. Governor Barnes, candidate for U.S. Senate, for his record of supporting law enforcement and working to keep all Wisconsin communities safe. Meanwhile, Ron Johnson has voted against funding for law enforcement as he supports putting Social Security and Medicare on the chopping block. ""Ron Johnson and his allies are lying about Mandela Barnes to cover up the fact that Johnson has voted multiple times against funding for law enforcement. From failing to prioritize safety to putting Social Security on the chopping block, Ron Johnson has failed the people of Wisconsin,"" said Maddy McDaniel, spokesperson for Mandela Barnes for Wisconsin. [...] FACT: Sen. Ron Johnson Has Voted Against Funding and Resources for Law Enforcement - Senator Ron Johnson Opposed A Plan To Recruit And Train 100,000 New Officers [WTMJ-4, 8/30/22]",False,False,True,insufficient-neutral,politifact
politifact_239_ret_bn_g8,politifact_239,"""Ron Johnson has voted against funding for law enforcement and recently opposed a plan to recruit and train new officers """,Mandela Barnes,"RON JOHNSON, Wisconsin BENJAMIN L. CARDIN, Maryland [...] Submitted to Michael Pack by Senator Ron Johnson [...] Room SD-419, Dirksen Senate Office Building, Hon. Ron Johnson, presiding.",False,False,True,insufficient-neutral,politifact
politifact_24_ret_b10_gn,politifact_24,“Caitlin Clark declines $1 million offer from ABC to appear on ‘The View.’”,Facebook posts,"Caitlin Clark Declines $1 Million Offer from ABC to Appear on ""The View"": A Bold Move or a Missed Opportunity? In a surprising turn of events, Caitlin Clark, the celebrated Iowa basketball star, has made headlines once again, but this time for her decision to decline a $1 million offer from ABC to appear on the popular daytime talk show ""The View."" This choice has sparked widespread discussion about the implications of her decision, the pressures faced by young athletes, and the importance of staying true to one’s values. [...] In conclusion, whether Caitlin Clark’s decision to decline the $1 million offer from ABC was the right thing to do may vary depending on individual perspectives. What remains clear is that her choice is a testament to her character and a reflection of her commitment to authenticity. As she continues to make waves both on and off the court, fans and critics alike will be watching closely to see how she navigates the complexities of fame, responsibility, and the opportunities that lie ahead.",False,False,True,supports,politifact
politifact_24_ret_b11_gn,politifact_24,“Caitlin Clark declines $1 million offer from ABC to appear on ‘The View.’”,Facebook posts,"In a world captivated by celebrity culture and the allure of fame, it is refreshing and perhaps surprising to encounter individuals like Caitlin Clark, whose decisions reflect a deeper consideration of personal values over the glitter of the spotlight. Recently, it was reported that ABC offered Ms. Clark a substantial sum of money to appear on an episode of ""The View,"" a widely watched talk show known for its influential guests and diverse discussions. However, Caitlin Clark declined the offer with a straightforward statement: ""I’m honestly just not a fan."" [...] Caitlin Clark, a talented basketball player known for her exceptional skills on the court, has garnered attention not only for her athletic prowess but also for her grounded approach to fame and media exposure. By refusing ABC’s offer, she demonstrated a commitment to staying true to herself and her interests, rather than succumbing to the pressures of visibility and celebrity status. [...] In conclusion, Caitlin Clark’s refusal to accept ABC’s offer to appear on ""The View"" serves as a powerful reminder of the importance of integrity, authenticity, and personal preference in shaping one’s public image. Her decision challenges prevailing norms in celebrity culture and encourages a deeper reflection on the values that drive our aspirations and decisions. In a world often dazzled by fame and visibility, Clark’s stance is a beacon of individuality and a testament to the enduring value of staying true to oneself.",False,False,True,insufficient-supports,politifact
politifact_24_ret_bn_g0,politifact_24,“Caitlin Clark declines $1 million offer from ABC to appear on ‘The View.’”,Facebook posts,"Caitlin Clark didn’t turn down a $1 million appearance on ‘The View;’ that’s fake news [...] ""BREAKING: Caitlin Clark declines $1 million offer from ABC to appear on ‘The View,’"" an Aug. 5 Facebook post said. [...] So is this. We rate claims Clark turned down a $1 million ""The View"" appearance False.",False,False,True,refutes,politifact
politifact_24_ret_bn_g14,politifact_24,“Caitlin Clark declines $1 million offer from ABC to appear on ‘The View.’”,Facebook posts,"For Caitlin Clark, rejecting the $400 million deal is a bold statement that could have lasting implications for her career. Financially, the deal would have provided significant resources and security. However, Clark’s decision underscores her commitment to her personal beliefs and public image. [...] In recent years, there has been a growing recognition of the value of authenticity in endorsements. Consumers increasingly favor brands and figures that align with their own beliefs and values. Clark’s rejection of the deal reflects this trend, emphasizing the importance of staying true to one’s principles in an age where social issues are at the forefront of public discourse. [...] In a time when the lines between sports, politics, and social issues are increasingly blurred, Caitlin Clark’s stance reminds us that the choices athletes make extend beyond the court and can influence public discourse in profound ways. The sports community will be watching closely, hoping for Clark’s continued success on and off the court.",False,False,True,insufficient-neutral,politifact
politifact_240_ret_bn_g3,politifact_240,“Individuals released from incarceration are 129 times more likely to die of a drug overdose during the first two weeks after release.”,Paul Tonko,"WASHINGTON, D.C. – Today, U.S. Senators Tammy Baldwin (D-WI) and Mike Braun (R-IN) introduced bipartisan legislation that expands access to health care, including mental health services and substance use disorder treatment, for Medicaid-eligible individuals 30 days before their release from jail or prison. The Reentry Act, which was endorsed by the New York Times editorial board, follows alarming evidence that shows individuals reentering society from incarceration are 129 times likelier than the general population to die of a drug overdose during the first two weeks after release. [...] ""In their first two weeks after release from incarceration, ex-convicts are 129 times more likely than the general public to die from a drug overdose. The Reentry Act seeks to tackle the epidemics of opioid overdoses and recidivism after release from prison by resuming benefits for Medicaid-eligible individuals 30 days before they are released to avoid a gap in coverage,"" said Senator Mike Braun.",Half True,False,True,insufficient-supports,politifact
politifact_240_ret_bn_g4,politifact_240,“Individuals released from incarceration are 129 times more likely to die of a drug overdose during the first two weeks after release.”,Paul Tonko,"Tonko boldfaced one statistic for emphasis: ""Individuals released from incarceration are 129 times more likely to die of a drug overdose during the first two weeks after release."" The release called this ""alarming."" [...] Specifically, the authors found that the risk of death from overdose was 129 times higher for people in the first two weeks after release, compared with the rate for the general public. [...] In the paper, published in the American Journal of Public Health, seven academics studied data for North Carolina from 2000 to 2015. They found that two weeks after release, the risk of an opioid overdose death was 40 times higher than for North Carolina residents generally, and the risk of a heroin overdose after two weeks was 74 times higher.",Half True,False,True,insufficient-supports,politifact
politifact_240_ret_bn_g5,politifact_240,“Individuals released from incarceration are 129 times more likely to die of a drug overdose during the first two weeks after release.”,Paul Tonko,"""In their first two weeks after release from incarceration, ex-convicts are 129 times more likely than the general public to die from a drug overdose. The Medicaid Reentry Act seeks to tackle the epidemics of opioid overdoses and recidivism after release from prison by resuming benefits for Medicaid-eligible individuals 30 days before they are released to avoid a gap in coverage,"" said Senator Braun. [...] ""Addiction doesn’t disappear behind bars, yet evidence-based addiction treatment is still too difficult to access for incarcerated individuals,"" said Paul H. Earley, MD, president of the American Society of Addiction Medicine. ""During the first two weeks of reentry, people are 129 times more likely to die of a drug overdose and are at significantly higher risk of suicide, underscoring the need to ensure coordinated care during such a vulnerable time. We commend these bipartisan leaders for introducing the Medicaid Reentry Act and urge Congress to pass this critical legislation quickly in order to reduce the risk of overdose and ultimately save lives.""",Half True,False,True,supports,politifact
politifact_241,politifact_241,"“We know mask mandates work. There’s enough evidence out there between counties that have done it and counties that haven’t.""",Gordon Hintz,"Multiple studies have suggested mask mandates can lead to a decline in COVID-19 cases. Researchers caution that factors like compliance and enforcement should be taken into consideration, but masks have ultimately proven to be an effective tool in combating the virus",True,True,True,supports,politifact
politifact_241_ret_b12_gn,politifact_241,"“We know mask mandates work. There’s enough evidence out there between counties that have done it and counties that haven’t.""",Gordon Hintz,"There is now strong evidence that wearing masks reduces COVID-19 transmission. While many factors can affect the spread of the virus, preliminary findings show that states and counties with mask mandates are seeing lower transmission than those that have only recommended mask wearing. However, these mandates have incited controversy, and government officials have struggled to determine whether and how to enforce them. [...] ""Compliance ambassadors"" and education campaigns - States and localities that have resisted mask mandates often state that they prefer ""education."" However, if education is to be effective, it will require actual investment and action. Charlotte’s enforcement plan uses both enforcement actions and education for businesses, with the latter conducted mostly through environmental health inspectors and part-time ambassadors. Las Vegas has also mobilized 100 ""compliance ambassadors."" In both cities ambassadors can report violations in businesses, but they do not undertake any enforcement actions themselves. In terms of individual mandates, in DeKalb County, Ga., first-time offenders receive a warning, while second-time offenders can attend a COVID-19 education class instead of receiving a fine. Many states and localities have also implemented public awareness campaigns surrounding masking. While health departments may have limited funds and capacity for evaluation of these campaigns, we encourage data-driven approaches wherever possible. Localities that are able to partner with researchers or private firms can share their results broadly to help inform campaigns throughout the country.",True,False,True,supports,politifact
politifact_241_ret_b2_gn,politifact_241,"“We know mask mandates work. There’s enough evidence out there between counties that have done it and counties that haven’t.""",Gordon Hintz,"In February, we rated True a claim by Assembly Minority Leader Gordon Hintz, D-Oshkosh, that ""we know mask mandates work. [...] Milwaukee Journal Sentinel ""Wisconsin Supreme Court overturns statewide mask mandate blocks Evers from declaring multiple emergency orders,"" March 31, 2021 Milwaukee Journal Sentinel ""These Wisconsin cities and counties have their own mask mandates,"" April 5, 2021",True,False,True,insufficient-supports,politifact
politifact_241_ret_bn_g0,politifact_241,"“We know mask mandates work. There’s enough evidence out there between counties that have done it and counties that haven’t.""",Gordon Hintz,"""At the end of the day we know mask mandates work,"" the Oshkosh Democrat said in a Feb. 5, 2021 interview on the Wisconsin Public Television program Here & Now. [...] The study noted that 13 counties with mask mandates and seven counties without mandates also had other mitigation strategies in place, such as limiting the size of gatherings and how many could eat in restaurants. Still, researchers concluded that ""strategies related to mask use mandates appear to be important."" [...] In a TV interview, Hintz said, ""At the end of the day we know mask mandates work.",True,False,True,insufficient-supports,politifact
politifact_241_ret_bn_g14,politifact_241,"“We know mask mandates work. There’s enough evidence out there between counties that have done it and counties that haven’t.""",Gordon Hintz,"So Governor Kim Reynolds there, also a Republican, was initially against the mask mandate, and she even said that cities couldn't issue their own mandates back in the summer. But she recently reversed course. Iowa has seen one of the biggest surges in cases and hospitalizations in the country per capita. Iowa has roughly half the population of Missouri, but it's almost in the same ballpark in terms of new cases. So earlier this month, Reynolds did end up issuing a statewide mask mandate, as well as some restrictions on public and private gatherings, with exceptions for some businesses and religious services. [...] INSKEEP: Well, I guess we can be consistent here and note that there's more and more evidence that masks work, that mask mandates work. There were questions about this six months ago - hardly any questions now. And if I'm not mistaken, Sebastian, there was even a study in a very red state, Kansas, that proved this. VALDIVIA: Yeah. So Kansas actually has a mask mandate that counties can opt into and opt out of, and so the CDC looked at how cases have played out in the counties that opted out and opted in. And they found that in the two months after the mandate, new cases on average actually slightly decreased in counties with the mandate, but they doubled in those nonmandated counties. Now, there's some caveats there. Some of the mandated counties had other additional public health orders, so you can't chalk it all up to mask mandates. But the difference is pretty stark.",True,False,True,insufficient-supports,politifact
politifact_242,politifact_242,"The American Medical Association rescinded a previous statement and now says ""hydroxychloroquine is okay"" for COVID-19.",Rush Limbaugh,The American Medical Association never took back its March statement concerning hydroxychloroquine. The group tweeted that Rush Limbaugh’s claim is wrong. The AMA considered a resolution to rescind a previous statement on the drug when the group’s policymaking body met in November. But it ultimately rejected the resolution. The website Limbaugh cited has corrected its story.,False,True,True,refutes,politifact
politifact_242_ret_b0_gn,politifact_242,"The American Medical Association rescinded a previous statement and now says ""hydroxychloroquine is okay"" for COVID-19.",Rush Limbaugh,"No, the AMA didn’t rescind statement on hydroxychloroquine [...] Conservative radio host Rush Limbaugh falsely claimed that the American Medical Association rescinded a previous statement and came out in support of hydroxychloroquine, the drug pushed by President Donald Trump for months as a potential treatment for COVID-19. [...] The Published Reporter, ""UPDATE: American Medical Association Considers Resolution On Statement Against Prescription Of Hydroxychloroquine For COVID-19 Patients,"" (archived original), Dec. 11, 2020",False,False,True,insufficient-refutes,politifact
politifact_242_ret_b10_gn,politifact_242,"The American Medical Association rescinded a previous statement and now says ""hydroxychloroquine is okay"" for COVID-19.",Rush Limbaugh,RETRACTED: Hydroxychloroquine or chloroquine with or without a macrolide for treatment of COVID-19: a multinational registry analysis [...] RETRACTED: Chloroquine or hydroxychloroquine for COVID-19: why might they be hazardous? [...] Retraction—Hydroxychloroquine or chloroquine with or without a macrolide for treatment of COVID-19: a multinational registry analysis,False,False,True,insufficient-supports,politifact
politifact_242_ret_bn_g1,politifact_242,"The American Medical Association rescinded a previous statement and now says ""hydroxychloroquine is okay"" for COVID-19.",Rush Limbaugh,"June 15, 2020 Update: Based on ongoing analysis and emerging scientific data, FDA has revoked the emergency use authorization (EUA) to use hydroxychloroquine and chloroquine to treat COVID-19 in certain hospitalized patients when a clinical trial is unavailable or participation is not feasible. We made this determination based on recent results from a large, randomized clinical trial in hospitalized patients that found these medicines showed no benefit for decreasing the likelihood of death or speeding recovery. This outcome was consistent with other new data, including those showing the suggested dosing for these medicines are unlikely to kill or inhibit the virus that causes COVID-19. As a result, we determined that the legal criteria for the EUA are no longer met. Please refer to the Revocation of the EUA Letter and FAQs on the Revocation of the EUA for Hydroxychloroquine Sulfate and Chloroquine Phosphate for more information. [...] Hydroxychloroquine and chloroquine have not been shown to be safe and effective for treating or preventing COVID-19. They are being studied in clinical trials for COVID-19, and we authorized their temporary use during the COVID-19 pandemic for treatment of the virus in hospitalized patients when clinical trials are not available, or participation is not feasible, through an Emergency Use Authorization (EUA). The medicines being used under the hydroxychloroquine/chloroquine EUA are supplied from the Strategic National Stockpile, the national repository of critical medical supplies to be used during public health emergencies. This safety communication reminds physicians and the public of risk information set out in the hydroxychloroquine and chloroquine healthcare provider fact sheets that were required by the EUA.",False,False,True,refutes,politifact
politifact_242_ret_bn_g4,politifact_242,"The American Medical Association rescinded a previous statement and now says ""hydroxychloroquine is okay"" for COVID-19.",Rush Limbaugh,"Rush Limbaugh stated on January 20, 2021 in a radio show segment: Says Joe Biden and Democrats ""have not legitimately won"" the presidency. Rush Limbaugh stated on December 15, 2020 in a radio show segment: The American Medical Association rescinded a previous statement and now says ""hydroxychloroquine is okay"" for COVID-19. Rush Limbaugh stated on August 21, 2020 in a radio segment: Says Joe Biden’s Democratic National Convention speech ""had to be taped in segments, and the segments had to be edited together."" Rush Limbaugh stated on February 24, 2020 in an episode of his radio show: ""The coronavirus is the common cold, folks."" Rush Limbaugh stated on October 25, 2019 in a statement on his radio show: Says House Democrats’ impeachment inquiry of President Donald Trump ""doesn’t feature the opposition party, it doesn’t feature cross-examination."" Rush Limbaugh stated on July 12, 2019 in a ""Fox & Friends"" appearance: ""Somebody in the Obama regime decided to get rid of"" the citizenship question in the census. Rush Limbaugh stated on February 17, 2019 in in an interview: ""Climate change is nothing but a bunch of computer models that attempt to tell us what's going to happen in 50 years or 30. [...] Rush Limbaugh stated on December 15, 2020 in a radio show segment: The American Medical Association rescinded a previous statement and now says ""hydroxychloroquine is okay"" for COVID-19.",False,False,True,insufficient-neutral,politifact
politifact_244,politifact_244,"“The Wisconsin voter roll has over 120,000 active voters who have been registered to vote for over 100 years.”",Facebook,"Wisconsin municipalities kept their own registration records — and the smallest municipalities weren’t required to keep records at all — until a 2002 federal law required a statewide database and a standard format. When a municipality’s system didn’t track a voter’s date of birth or initial date of registration, a default date was entered into the statewide system: 1/1/1900 for date of birth and 1/1/1918 for date of registration. Such placeholders for missing information have been used by other states as well. As of the fall of 2021 in Wisconsin, there were still about 3,700 active voter records that contain default information for date of birth and about 120,000 records exist in the system with a default date of voter registration.",False,True,True,insufficient-refutes,politifact
politifact_244_ret_b3_gn,politifact_244,"“The Wisconsin voter roll has over 120,000 active voters who have been registered to vote for over 100 years.”",Facebook,"What is Wisconsin's actual registered voter count? According to Wisconsin Elections Commission, there are 3,684,726 active registered voters as of Nov. 1. This figure, as well as denial that the state has more ballots than registered voters, was affirmed by the commission on its official Twitter account. [...] We rate this claim FALSE because it is not supported by our research. The number for registered Wisconsin voters stated by the Facebook image is incorrect and instead is confirmed to be at over 3.6 million as of Nov. 1, according to the Wisconsin Elections Commission. The commission has denied there being more ballots than registered voters. The total votes counted in the state has topped 3.2 million.",False,False,True,insufficient-refutes,politifact
politifact_244_ret_b4_gn,politifact_244,"“The Wisconsin voter roll has over 120,000 active voters who have been registered to vote for over 100 years.”",Facebook,"One hundred years is a long time. But is that how long names of some Wisconsin residents have been on the state's voter rolls? PolitiFact Wisconsin puts that claim to the truth o meter. [...] Now, a widely circulated Facebook meme suggests Wisconsin's voters rolls were padded with tens of thousands of voters who registered to vote a century ago. ""The claim, the Wisconsin Voter roll has over 120,000 active voters who have been registered to vote for over 100 years, said Greg Borowski with the Milwaukee Journal Sentinel. ""Now that would make them, well really, really, really old.""",False,False,True,insufficient-neutral,politifact
politifact_244_ret_bn_g1,politifact_244,"“The Wisconsin voter roll has over 120,000 active voters who have been registered to vote for over 100 years.”",Facebook,"The claim: Wisconsin's voter rolls have over 120,000 active voters who have been registered to vote for more than 100 years [...] ""The Wisconsin voter roll has over 120,000 active voters who have been registered to vote for over 100 years,"" Ivory Hecker, a former reporter for a Fox affiliate in Houston, said in a Jan. 7 Facebook video. ""The margin of victory is 20,000. Yes that’s right: Biden beat Trump by 21,000 votes yet there are over 120,000 people in Wisconsin who are more than 100 years old and they are voters."" [...] Based on our research, we rate FALSE the claim that Wisconsin's voter rolls have over 120,000 active voters who have been registered to vote for more than 100 years. There are 120,000 voters with a 1918 registration date, but they haven't been registered that long. That date was assigned as a default value when local voter rolls were merged into a single statewide database, since not all local clerks had tracked voters' birthdates.",False,False,True,refutes,politifact
politifact_244_ret_bn_g5,politifact_244,"“The Wisconsin voter roll has over 120,000 active voters who have been registered to vote for over 100 years.”",Facebook,"One of two things happened in Wisconsin in 2020. One option is that tens of thousands of voter registrations for people born more than a century ago escaped the notice of the state, registrations that were then used to cast illegal ballots in a widespread but undetected scheme to throw the election — until amateur sleuths, digging into the data, discovered all of these suspicious voter registrations and unveiled the whole plot. [...] On Thursday evening, Donald Trump’s ""Save America"" political action committee shared a news item aimed at reinforcing Trump’s endlessly sprawling and completely diaphanous claims of rampant fraud in the 2020 election. In case you missed it, the message blared a ""HUGE"" news story: ""Wisconsin Election Hearing Reveals 119,283 ‘Active Voters’ Who Have Been Registered For Over 100 Years!"" [...] In Wisconsin, there are 119,283 ""active voters"" who have been registered for over 100 years!",False,False,True,insufficient-neutral,politifact
politifact_245_ret_b11_gn,politifact_245,Says of Gov. Tony Evers and 2020 violence in Kenosha after the police shooting of Jacob Blake: “It took the loss of lives before help finally came.”,Empower Wisconsin,"MADISON, Wis. -- Gov. Tony Evers on Sunday night condemned the police shooting of Jacob Blake, a man who was shot by a Kenosha officer during a ""domestic incident,"" according to police. ""Tonight, Jacob Blake was shot in the back multiple times, in broad daylight, in Kenosha, Wisconsin,"" Evers said in the statement. ""Kathy and I join his family, friends, and neighbors in hoping earnestly that he will not succumb to his injuries. While we do not have all of the details yet, what we know for certain is that he is not the first Black man or person to have been shot or injured or mercilessly killed at the hands of individuals in law enforcement in our state or our country."" [...] - Fiance Says Jacob Blake Was Shot In Front Of His Children - Protests, Vandalism Erupt in Kenosha After Police Shooting",False,False,True,insufficient-neutral,politifact
politifact_245_ret_b13_gn,politifact_245,Says of Gov. Tony Evers and 2020 violence in Kenosha after the police shooting of Jacob Blake: “It took the loss of lives before help finally came.”,Empower Wisconsin,"Four groups of county sheriffs and police are asking Gov. Tony Evers and Lt. Gov. Mandela Barnes to stop ""making statements and issuing press releases"" about Sunday's Kenosha police-involved shooting incident ""until the facts of the investigation are known."" [...] Evers said in a media statement Sunday after the shooting of Jacob Blake of Kenosha by police that Blake ""is not the first Black man or person to have been shot or injured or mercilessly killed at the hands of individuals in law enforcement in our state or our country. We stand with all those who have and continue to demand justice, equity, and accountability for Black lives in our country — lives like those of George Floyd, of Breonna Taylor, Tony Robinson, Dontre Hamilton, Ernest Lacy, and Sylville Smith. And we stand against excessive use of force and immediate escalation when engaging with Black Wisconsinites."" [...] On Wednesday following the shooting death of two people in Kenosha, Evers issued another statement that said, ""A senseless tragedy like this cannot happen again. I again ask those who choose to exercise their First Amendment rights please do so peacefully and safely, as so many did last night. I also ask the individuals who are not there to exercise those rights to please stay home and let local first responders, law enforcement, and members of the Wisconsin National Guard do their jobs.",False,False,True,insufficient-neutral,politifact
politifact_245_ret_b8_gn,politifact_245,Says of Gov. Tony Evers and 2020 violence in Kenosha after the police shooting of Jacob Blake: “It took the loss of lives before help finally came.”,Empower Wisconsin,"Evers has ‘no regrets’ about response to Kenosha shooting MADISON, Wis. (AP) - Gov. Tony Evers says he has ""no regrets"" about how the state responded to protests that broke out in Kenosha following the police shooting of Jacob Blake. [...] The Evers appearance came as the Marquette University Law School released its first poll since the Aug. 23 police shooting of Blake.",False,False,True,insufficient-refutes,politifact
politifact_245_ret_bn_g0,politifact_245,Says of Gov. Tony Evers and 2020 violence in Kenosha after the police shooting of Jacob Blake: “It took the loss of lives before help finally came.”,Empower Wisconsin,"Most notable is this claim: ""It took the loss of lives before help finally came."" [...] In an ad, Empower Wisconsin said of Evers and Kenosha violence: ""It took the loss of lives before help finally came."" [...] Milwaukee Journal Sentinel, After calls for unity and healing, tension still simmers in Kenosha after police shooting of Jacob Blake, Aug. 28, 2020",False,False,True,insufficient-neutral,politifact
politifact_249,politifact_249,“Putin has stated: Russian citizens (have) 2 options: Stay home for 15 days or in jail for 5 years.”,Instagram posts,"Russian President Vladimir Putin has implemented some policies to cancel large gatherings and keep people at home during the coronavirus pandemic. But we could not find any evidence that he has threatened jail time for people who don’t comply. The claim about a Putin policy to jail those who don’t stay at home appears to come from a post by the Twitter account of an Indian comedian, who later labeled his assertion a ""joke.""",False,True,True,refutes,politifact
politifact_249_ret_bn_g1,politifact_249,“Putin has stated: Russian citizens (have) 2 options: Stay home for 15 days or in jail for 5 years.”,Instagram posts,"Russian authorities have increased general security measures in Moscow and other large cities. [...] Violation of the rules of migration registration may result in a fine. In some cases, visitors may face expulsion from Russia and a ban from re-entering of up to 5 years. [...] It is illegal for minors (those under 18) to participate in unauthorized protests. Adults who involve minors in such protests could face up to 15 days in jail and fines of up to RUB1 million.",False,False,True,insufficient-neutral,politifact
politifact_249_ret_bn_g5,politifact_249,“Putin has stated: Russian citizens (have) 2 options: Stay home for 15 days or in jail for 5 years.”,Instagram posts,"Furthermore, events within Russia, including the attack and subsequent imprisonment of Russian opposition figure Alexei Navalny, highlight a trend of deepening authoritarianism in the country. International human rights organizations have noted that Russia’s human rights record has continued to deteriorate in recent years. [...] The Russian government is also using legislative measures to suppress opposition voices. In late December 2020, President Putin signed a large number of bills into law, including restrictions on protests, online information, and on individuals and organizations receiving funds from foreign sources for their activities. Civil society space in Russia has continued to shrink, and legal efforts continue to target human rights defenders, and the media. Aggressive state-driven media campaigns discredit the work of civil society, and attacks on civil society actors, as in previous years, remain frequent. [...] These actions are a continuation and acceleration of the violent steps taken by Russia since early 2014 to undermine Ukrainian security and sovereignty, and have rendered the Minsk Agreements moot.",False,False,True,insufficient-neutral,politifact
politifact_25,politifact_25,“Mike Tyson says he’s willing to box Olympic DUDE with all proceeds to go to a battered women’s charity.”,Threads posts,"Mike Tyson didn’t say he would box Algerian boxer Imane Khelif. A representative for the American boxer told fact-checkers this is ""absolutely false."" International Olympic Committee spokesperson Mark Adams said Aug. 2 that Khelif ""was born female, was registered female, lived her life as a female, boxed as a female, has a female passport.""",False,True,True,refutes,politifact
politifact_25_ret_b12_gn,politifact_25,“Mike Tyson says he’s willing to box Olympic DUDE with all proceeds to go to a battered women’s charity.”,Threads posts,Mike Tyson says he's willing to box Olympic Troon [...] Tyson isn’t the same person - people can change. Dude was raised like an animal. He is a human now. [...] I dont hate mike. Id even hang out with him. I'm never going to attempt to prop him up as a frickin spokesperson for battered women though.,False,False,True,insufficient-supports,politifact
politifact_25_ret_bn_g0,politifact_25,“Mike Tyson says he’s willing to box Olympic DUDE with all proceeds to go to a battered women’s charity.”,Threads posts,"If Your Time is short - Mike Tyson didn’t say he would box Algerian boxer Imane Khelif. A representative for the American boxer told fact-checkers this is ""absolutely false."" [...] ""Mike Tyson says he’s willing to box Olympic DUDE with all proceeds to go to a battered women’s charity,"" an Aug. 2 Threads post said, sharing side-by-side photos of Tyson Khelif. [...] Lead Stories, Fact Check: Mike Tyson Did NOT Say He's Willing To Box 'Olympic Dude,’ Aug. 6, 2024",False,False,True,refutes,politifact
politifact_25_ret_bn_g6,politifact_25,“Mike Tyson says he’s willing to box Olympic DUDE with all proceeds to go to a battered women’s charity.”,Threads posts,Message re: Mike Tyson says he's willing to box Olympic Troon,False,False,True,insufficient-neutral,politifact
politifact_253,politifact_253,“Free health allowance is available at no cost.”,Facebook,"President Joe Biden has not announced a new initiative to give Americans more than $5,000 in cash or credit to cover health care. It’s not safe to turn over personal information to unfamiliar websites.",False,True,True,insufficient-refutes,politifact
politifact_253_ret_b14_gn,politifact_253,“Free health allowance is available at no cost.”,Facebook,"A. Free Personal Care has been available in Scotland for adults aged 65 or over since 2002. The Scottish Government has legislated to ensure that by 1 April 2019 adults of any age, no matter their condition, capital or income, who are assessed by their local authority as needing this service, are entitled to receive this without charge. Free Nursing Care is similar and has been available to all who are assessed as requiring nursing care services, regardless of age, without charge. [...] However, Free Personal and Nursing Care payments will only begin when an assessment has been carried out and a contract is in place with the care home. It is not possible to have Free Personal and Nursing Care payments backdated to a point before the contract is in place. [...] A. All local authorities have criteria which recognise urgency and risk as factors in determining eligibility for services, such as personal care. Those at the higher risks (critical or substantial), will be more likely to receive Free Personal and Nursing Care services or to receive them sooner, than those who are assessed as moderate or low risk.",False,False,True,insufficient-supports,politifact
politifact_253_ret_b16_gn,politifact_253,“Free health allowance is available at no cost.”,Facebook,"The claim: Biden’s executive order gives free health insurance [...] ""Your 2023 Relief Package Is Here!,"" reads the caption of the post. ""President Biden signed Executive Order 14009 making Health Insurance FREE for qualifying Americans. Thanks to the Affordable Cart (sic) Act, American’s (sic) with less than $50k/year income now qualify to get Health Plans for as low as $0/month."" [...] The order requires heads of agencies to examine policies or practices that ""may present unnecessary barriers to individuals and families"" attempting to access either Medicaid or Affordable Care Act coverage. The order makes no reference to free health insurance coverage.",False,False,True,refutes,politifact
politifact_253_ret_b4_gn,politifact_253,“Free health allowance is available at no cost.”,Facebook,"Uninsured Or Unemployed? You Might Be Missing Out On Free Health Insurance [...] There is Medicaid, which is the state-federal public plan for low-income people. And, on HealthCare.gov and the state marketplaces there are free ""bronze plans"" — the lowest tier of plans — that might be available with zero-dollar premiums depending on your income. Both of those have been options for years. [...] ""There are millions of people who are passing up free health insurance,"" says Cynthia Cox, director of the Program on the ACA at the nonprofit Kaiser Family Foundation, who authored a recent brief on the topic. ""That free health insurance — most of the time — actually comes with very low deductibles, too. So a lot of times, people could have all — or the vast majority — of their health care costs paid for.""",False,False,True,insufficient-supports,politifact
politifact_253_ret_bn_g5,politifact_253,“Free health allowance is available at no cost.”,Facebook,"The other Facebook video claimed that registration was open for people to sign up for a $5,200 health allowance. ""I can’t believe what the prez announced,"" said the voice in the video, referring to President Joe Biden. ""The newest incentive for anyone who doesn’t have Medicare or Medicaid. I got $5,200 worth of health allowances for me and my wife. It’s so nice being able to get my prescriptions and going to the doctor for free. Just click below and you can get qualified, too."" [...] The second video also provided no evidence that Biden had announced a $5,200 health allowance.",False,False,True,insufficient-neutral,politifact
politifact_254,politifact_254,"“One quarter” of today’s $31.4 trillion federal debt “was accumulated in the four years of my predecessor,” Donald Trump.",Joe Biden,"Biden’s number is accurate; about one-fourth of the total debt incurred to date came on Trump’s watch. However, assigning debt to a particular president is tricky, because so much of the spending was approved by decades-old, bipartisan legislation that set the parameters for Social Security and Medicare. A different calculation shows more debt stemming from former President Barack Obama, with whom Biden served as vice president.",Half True,True,True,insufficient-supports,politifact
politifact_254_ret_b10_gn,politifact_254,"“One quarter” of today’s $31.4 trillion federal debt “was accumulated in the four years of my predecessor,” Donald Trump.",Joe Biden,"The national debt has risen by almost $7.8 trillion during Trump’s time in office. That’s nearly twice as much as what Americans owe on student loans, car loans, credit cards and every other type of debt other than mortgages, combined, according to data from the Federal Reserve Bank of New York. It amounts to about $23,500 in new federal debt for every person in the country. [...] Nine days later, he tweeted, ""Because of Tariffs we will be able to start paying down large amounts of the $21 trillion in debt that has been accumulated, much by the Obama Administration."" [...] Weeks later, COVID-19 erupted and made the financial situation far worse. As of Dec. 31, 2020, the national debt had jumped to $27.75 trillion, up 39% from $19.95 trillion when Trump was sworn in. The government ended its 2020 fiscal year with the portion of the national debt owed to investors, the metric favored by the CBO, at around 100% of GDP. The CBO had predicted less than a year earlier that it would take until 2030 to reach that approximate level of debt. Including the trillions owed to various governmental trust funds, the total debt is now about 130% of GDP.",Half True,False,True,insufficient-supports,politifact
politifact_254_ret_bn_g2,politifact_254,"“One quarter” of today’s $31.4 trillion federal debt “was accumulated in the four years of my predecessor,” Donald Trump.",Joe Biden,"Joe Biden stated on January 20, 2023 in a speech at the White House: ""One quarter"" of today’s $31.4 trillion federal debt ""was accumulated in the four years of my predecessor,"" Donald Trump. Joe Biden stated on September 18, 2022 in an interview with CBS' ""60 Minutes"": ""This year, it's going to be over $1.5 trillion (that we’ve) reduced the debt."" Glenn Grothman stated on May 21, 2022 in Newsletter: ""Nearly 60% of all student loan debt is held by the rich and upper-middle class,"" so forgiveness would give the wealthy a ""financial windfall"" but not really help low-income people. Joe Biden stated on May 10, 2022 in remarks at the White House: ""My Treasury Department is planning to pay down the national debt this quarter, which never happened under my predecessor."" Abby Finkenauer stated on December 9, 2021 in a tweet: Chuck Grassley was ""voting to slash Medicare"" when voting against the debt ceiling bill. Joe Biden stated on October 4, 2021 in a speech: ""Raising the debt limit is usually a bipartisan undertaking."" Nikki Haley stated on June 28, 2021 in a Facebook post: ""The national debt is now bigger than our economy. [...] Joe Biden stated on January 20, 2023 in a speech at the White House: ""One quarter"" of today’s $31.4 trillion federal debt ""was accumulated in the four years of my predecessor,"" Donald Trump.",Half True,False,True,insufficient-supports,politifact
politifact_255,politifact_255,"“We’ve had more Americans die of fentanyl than the Iraq, Afghanistan, and Vietnam Wars, combined.”",Nikki Haley,"About 65,300 soldiers died in Vietnam, Iraq, and Afghanistan combined. About 127,000 Americans died from drug overdoses involving a synthetic opioid other than methadone in 2020 and 2021, federal data shows. These deaths are primarily because of fentanyl. War deaths are often used as a way to illustrate the scale of a public health crisis. U.S. health officials typically track opioid deaths alongside deaths from other public health causes like heart disease or cancer.",True,True,True,supports,politifact
politifact_255_ret_bn_g0,politifact_255,"“We’ve had more Americans die of fentanyl than the Iraq, Afghanistan, and Vietnam Wars, combined.”",Nikki Haley,"""We’ve had more Americans die of fentanyl than the Iraq, Afghanistan and Vietnam wars, combined,"" the former South Carolina governor said Dec. 14 at the Atkinson Resort and Country Club. [...] Federal data shows Haley’s math is accurate when measuring national fentanyl deaths against U.S. military deaths. About 127,000 Americans died from drug overdoses involving a synthetic opioid other than methadone (primarily fentanyl) in 2020 and 2021 alone, compared with 65,278 U.S. military personnel who died in Iraq, Afghanistan and Vietnam. [...] Her numbers are right. About 127,000 Americans died from drug overdoses involving a synthetic opioid other than methadone (primarily fentanyl) in 2020 and 2021, compared with 65,278 U.S. military personnel who died in Iraq, Afghanistan and Vietnam.",True,False,True,supports,politifact
politifact_255_ret_bn_g12,politifact_255,"“We’ve had more Americans die of fentanyl than the Iraq, Afghanistan, and Vietnam Wars, combined.”",Nikki Haley,"Nikki Haley claim: Fentanyl has killed more Americans than the wars in Vietnam, Afghanistan and Iraq Fentanyl has killed more Americans ""than the Iraq, Vietnam or Afghanistan wars combined."" -Haley [...] In 2021 alone, there was a total of 106,000 drug overdose deaths reported in the U.S., including about 70,000 involving synthetic opioids other than methadone, which is primarily fentanyl, according to the National Institutes of Health. That makes Haley's claim true.",True,False,True,supports,politifact
politifact_255_ret_bn_g17,politifact_255,"“We’ve had more Americans die of fentanyl than the Iraq, Afghanistan, and Vietnam Wars, combined.”",Nikki Haley,"Why it matters: Fentanyl, a synthetic opioid up to 50 times stronger than heroin, has killed more Americans than the Vietnam, Iraq, and Afghanistan wars combined. In 2021 alone, more than 107,000 Americans died from drug overdoses, with the main culprit being fentanyl mixed with other drugs or chemicals, often without the user's knowledge. Provisional data from the CDC show that 100,500 Americans died from a drug overdose in the 12-month period from September 2021 to September 2022. Americans aged between 18 and 49 are more likely to die from fentanyl poisoning than any other cause of death. [...] Moreover, fentanyl did not take such a hold on the U.S. drug market until recently. In 2016, 20,000 Americans died from synthetic opioid overdoses. Since then, fentanyl overdoses have been steadily increasing.",True,False,True,supports,politifact
politifact_255_ret_bn_g2,politifact_255,"“We’ve had more Americans die of fentanyl than the Iraq, Afghanistan, and Vietnam Wars, combined.”",Nikki Haley,"""We do have fentanyl that's dangerous, we have xylazine that's poison,"" Vincent told NPR. ""We've had an entire community swept away. I can't even think of all the people I know who have died. My daughter died. Our mentors are dead. It is so dangerous right now."" Public health experts say fentanyl, a synthetic opioid far more powerful than heroin, is responsible for the majority of drug deaths. But the supply of illegal drugs is increasingly complex and perilous. [...] ""We've had more Americans die of fentanyl than the Iraq, Afghanistan, and Vietnam wars, combined,"" said Nikki Haley, the former South Carolina governor who is now seeking the GOP presidential nomination, speaking to voters in New Hampshire on Dec. 14.",True,False,True,insufficient-supports,politifact
politifact_256,politifact_256,"“Pelosi’s $1.9 trillion bailout gives EVERY federal employee a $21,000 bonus check… they never lost their job!”",Facebook posts,The law allocates money for an expanded paid-leave fund for federal workers dealing with certain COVID-19-related matters. There is no bonus check. It covers leave that would otherwise be unpaid.,False,True,True,refutes,politifact
politifact_256_ret_b0_gn,politifact_256,"“Pelosi’s $1.9 trillion bailout gives EVERY federal employee a $21,000 bonus check… they never lost their job!”",Facebook posts,"No, COVID-19 relief law doesn’t give federal workers a $21,000 bonus [...] There is no bonus check. This appears to be a distortion of a limited-term provision in the package that provides additional paid family leave to some federal employees, covering leave that would otherwise be unpaid. [...] A Facebook post claims that the new COVID-19 relief package provides every federal employee with a $21,000 bonus check.",False,False,True,refutes,politifact
politifact_256_ret_b10_gn,politifact_256,"“Pelosi’s $1.9 trillion bailout gives EVERY federal employee a $21,000 bonus check… they never lost their job!”",Facebook posts,"The U.S. House version of the ""American Rescue Plan Act of 2021"" – a $1.9 trillion emergency aid package to help America recover from the coronavirus pandemic has an extra perk for federal workers: Enhanced paid time off if your child is enrolled in a school that isn’t back to full-time, in-classroom instruction. Critics call it a personal bailout for bureaucrats. It is funded through a new $570 million family leave account exclusively for federal workers. [...] Buried on page 305 of the House bill released late last Friday night (included after the bailout details for states and localities), is a new Treasury Department fund called the ""Emergency Federal Employee Leave Fund.""",False,False,True,insufficient-neutral,politifact
politifact_256_ret_b7_gn,politifact_256,"“Pelosi’s $1.9 trillion bailout gives EVERY federal employee a $21,000 bonus check… they never lost their job!”",Facebook posts,"The $1.9 trillion COVID-19 relief package gives federal employees access to a new bank of paid leave, which will allow them to recover from COVID-19 and care fo... [...] Congress on Wednesday passed a sweeping $1.9 trillion COVID-19 relief package, known as the American Rescue Plan, which will provide federal employees with a few new benefits. [...] The American Rescue Plan includes a few provisions that are notable for federal employees. At the top of the list is more paid leave for the vast majority of employees.",False,False,True,insufficient-supports,politifact
politifact_256_ret_b9_gn,politifact_256,"“Pelosi’s $1.9 trillion bailout gives EVERY federal employee a $21,000 bonus check… they never lost their job!”",Facebook posts,"Other ""urgent needs"" include $50 million for Planned Parenthood, $685 billion that isn’t scheduled to be spent for another two years – about a third of the entire cost of the bill, and an additional $1,400 per week, up to $21,000 total, for federal employees who have kids out of school, but ignores millions of parents outside of D.C. who are also suffering through school closures, a crisis that has already forced one million American moms to leave the workforce. [...] When you add it all up, the price tag of Democrats’ bill is jaw-dropping. At $1.9 trillion, it is the single most expensive bill in history. But don’t call it a rescue or relief bill. Call it a Pelosi Payoff. Because the amount of money that actually goes to funding public health is less than nine percent. This is not a serious attempt to fix the real problems of the American people.",False,False,True,insufficient-contradictory,politifact
politifact_26,politifact_26,"""Tim Walz signed into law driver's licenses for illegal immigrants in Minnesota.""",Byron Donalds,"Minnesota Gov. Tim Walz signed a bill that lets people in the state, regardless of immigration status, apply for a license or an ID card. To get a license, people must meet certain requirements, including showing proof that they live in Minnesota, documentation proving their identity and passing a written test on the rules of the road and a driving skills test.",True,True,True,supports,politifact
politifact_26_ret_bn_g10,politifact_26,"""Tim Walz signed into law driver's licenses for illegal immigrants in Minnesota.""",Byron Donalds,"Gov. Walz signs bill granting driver's licenses to unauthorized immigrants in Minnesota [...] Gov. Tim Walz signed a bill into law at the Minnesota National Guard Armory in St. Paul on Tuesday that will allow unauthorized immigrants to obtain driver's licenses. [...] Minnesota joins 18 states, Washington, D.C., and Puerto Rico where residents can access driver's licenses regardless of immigration status. In Minnesota licenses can be used for driving and identification purposes. The new law will allow previously unlicensed drivers to become insured, and studies have shown licenses improve road safety.",True,False,True,supports,politifact
politifact_26_ret_bn_g19,politifact_26,"""Tim Walz signed into law driver's licenses for illegal immigrants in Minnesota.""",Byron Donalds,"‘Sí se pudo’: Walz signs immigrant driver’s license bill into law [...] Gov. Tim Walz on Tuesday signed a bill allowing people in the state to obtain a driver’s license or ID card regardless of their immigration status. [...] Dozens of immigrants and supporters of the policy change flanked the governor during a bill signing ceremony at the Minnesota National Guard Armory. Several teared up when Walz signed the measure into law and they chanted ""Sí se pudo,"" which means yes we could.",True,False,True,supports,politifact
politifact_26_ret_bn_g4,politifact_26,"""Tim Walz signed into law driver's licenses for illegal immigrants in Minnesota.""",Byron Donalds,"Yes, Tim Walz signed a law letting immigrants illegally in Minnesota get driver’s licenses [...] ""Tim Walz signed into law driver’s licenses for illegal immigrants in Minnesota, he wanted health care for illegal immigrants in Minnesota, this guy is incredibly left-wing,"" Donalds said. [...] On March 7, 2023, as Minnesota governor, Walz signed H.F. 4, a bill that expanded access to driver’s licenses to people in the state, regardless of their immigration status. State House and Senate Democrats broadly supported the measure, and only one House Republican supported it.",True,False,True,supports,politifact
politifact_26_ret_bn_g9,politifact_26,"""Tim Walz signed into law driver's licenses for illegal immigrants in Minnesota.""",Byron Donalds,"""Tim Walz signed into law driver’s licenses for illegal immigrants in Minnesota, he wanted health care for illegal immigrants in Minnesota, this guy is incredibly left-wing,"" Donalds said.",True,False,True,insufficient-supports,politifact
politifact_263,politifact_263,"Bernie Sanders has “never taken corporate lobbyist money in his *entire political career.*""",Alexandria Ocasio-Cortez,Sanders is well known for eschewing campaign contributions from big-business interests. But there have been instances where lobbyists representing corporations or industry groups have donated to his presidential and Senate campaigns.,False,True,True,refutes,politifact
politifact_263_ret_b18_gn,politifact_263,"Bernie Sanders has “never taken corporate lobbyist money in his *entire political career.*""",Alexandria Ocasio-Cortez,"Lobbyists pan Sanders proposal to end corporate donations for party conventions Sen. Bernie Sanders’s (I-Vt.) new proposal to prohibit corporate funding of party conventions drew sharp criticism from lobbyists on Monday, with some arguing the move would discourage cities from offering to host the quadrennial gatherings. [...] ""Bernie Sanders is building an unprecedented grassroots campaign to end corruption, and as a nominee would host a grassroots conventions for delegates, party members, teachers, workers, nurses, farmers, and students — corporate lobbyists will never buy influence with Bernie, period,"" Josh Orton, Sanders’s national policy director, said in a statement.",False,False,True,insufficient-supports,politifact
politifact_263_ret_b1_gn,politifact_263,"Bernie Sanders has “never taken corporate lobbyist money in his *entire political career.*""",Alexandria Ocasio-Cortez,"Bernie Sanders Took Money From Big Lobbying Groups, Returned Corporate PAC Donations Bernie Sanders says he’s never taken money from corporate political action committees. An International Business Times review of federal elections records supports that claim — but Sanders has taken PAC money from business-linked groups that lobby Congress. [...] As Hillary Clinton faces scrutiny for the campaign donations and speaking fees she received from Wall Street firms, she has sought to direct attention to Sanders’ ties to a national Democratic Party committee that’s received some of its funding from the financial sector and other big businesses. The Sanders campaign has struck back at that comparison, and declared last week that he ""has never accepted corporate PAC money in his life.""",False,False,True,insufficient-refutes,politifact
politifact_263_ret_b7_gn,politifact_263,"Bernie Sanders has “never taken corporate lobbyist money in his *entire political career.*""",Alexandria Ocasio-Cortez,"In an effort to level the playing field with Vermont Senator Bernie Sanders on Wall Street regulation, former Secretary of State Hillary Clinton argued Monday that he accepted money indirectly from financial institutions. [...] ""Senator Sanders took about $200,000 from Wall Street firms,"" Clinton said, speaking to a crowd at the community college. ""Not directly but through the Democratic Senate Campaign Committee. There is nothing wrong with that. It didn’t change his view. Well, it didn’t change my view or my vote, either."" [...] Sanders’ campaign manager shot back later on Monday afternoon. ""Bernie Sanders, who has never accepted corporate PAC money in his life, is now accused by Secretary Clinton of taking ‘about $200,000 from Wall Street firms.’ How do they reach that false and absurd conclusion?"" Jeff Weaver said. ""They assume that every nickel Bernie Sanders received from the Democratic Senatorial Campaign Committee for his Senate campaign came from Wall Street.""",False,False,True,insufficient-neutral,politifact
politifact_263_ret_bn_g0,politifact_263,"Bernie Sanders has “never taken corporate lobbyist money in his *entire political career.*""",Alexandria Ocasio-Cortez,"Bernie Sanders has taken corporate lobbyist money — in small amounts [...] ""One major reason I support Bernie is his consistency when things are hard. Not only does Bernie reject corporate money in 2020, he’s also never taken corporate lobbyist money in his *entire political career*,"" Ocasio-Cortez tweeted, using asterisks for emphasis. ""He is a real one. And in politics, that is nearly impossible to find."" Sanders never once took corporate lobbyist money? That’s not the case.",False,False,True,refutes,politifact
politifact_265,politifact_265,“Starbucks just announced that they’re going cashless.”,Instagram posts,A sign from a Starbucks cafe in the United Kingdom announcing it was going cashless started rumors that the entire company was eschewing cash. But that’s not right.,False,True,True,insufficient-refutes,politifact
politifact_265_ret_b17_gn,politifact_265,“Starbucks just announced that they’re going cashless.”,Instagram posts,"But what exactly does it mean for Starbucks to go cashless? In simple terms, it means that Starbucks will no longer accept physical currency, such as cash or coins, as a form of payment. Instead, customers will be encouraged to pay using various digital payment options, such as their Starbucks mobile app, credit cards, or other contactless payment methods. [...] Going cashless refers to the practice of conducting financial transactions without using physical currency. In the context of Starbucks, it means that customers will no longer be able to pay for their purchases using cash or coins. Instead, they will be encouraged to use digital payment methods. [...] By going cashless, Starbucks is positioning itself as a forward-thinking brand that embraces the digital future. In an era where technology is rapidly evolving, and digital payments are becoming increasingly popular, staying ahead of the competition is crucial for long-term success.",False,False,True,insufficient-supports,politifact
politifact_265_ret_bn_g0,politifact_265,“Starbucks just announced that they’re going cashless.”,Instagram posts,"If Your Time is short - A sign from a Starbucks cafe in the United Kingdom announcing it was going cashless started rumors that the entire company was eschewing cash. But that’s not right. [...] On Instagram, one user wrote, ""Starbucks just announced that they’re going cashless."" [...] We rate claims that Starbucks is going cashless False.",False,False,True,refutes,politifact
politifact_265_ret_bn_g3,politifact_265,“Starbucks just announced that they’re going cashless.”,Instagram posts,"Starbucks is testing out cashless checkout in stores nationwide, according to several news reports. As of Tuesday, for example, one downtown Seattle store accepts only cards or mobile payments, according to a report from KIRO-7. [...] Just last month, former Starbucks CEO Howard Schultz, told CNBC that Starbucks would soon be a cashless retailer. ""That time is nearer than you think,"" he said, but also added that people would continue to brew and pour coffee. ""I don't see a day where artificial intelligence or robotics is going to replace the humanity of Starbucks,"" he said. [...] The cashless store is positioned as a convenience play, but cash-free payments, especially through a retailer's mobile app, could siphon up a lot of customer data. Starbucks is looking for feedback on its new effort, and the privacy concerns expressed to the Seattle news channel aren't likely relegated to just one store.",False,False,True,insufficient-supports,politifact
politifact_265_ret_bn_g4,politifact_265,“Starbucks just announced that they’re going cashless.”,Instagram posts,"We have expanded service beyond drive-thru to include mobile ordering for contactless pick-up, delivery and, in some locations, curbside pickup and grab-and-go through the café. [...] The third place experience created by Starbucks partners in our stores is extended and enhanced by the digital relationships we have with our customers. Our Starbucks App will enable new features, including optimizing for curbside pick-up, entryway handoff, improved drive-thru experiences, voice ordering through Siri and the ability for everyone to earn stars that can be redeemed for rewards. We will also shift toward more cashless experiences, knowing that the handling of cash creates consumer concerns about the spread of viruses. We predict the mobile app will become the dominant form of payment. [...] Starbucks is well-positioned for this transformation. Pre-COVID-19, more than 80 percent of customer orders in the U.S. were for ""on the go"" — through the drive-thru, in a café at point-of-sale or through Mobile Order for pickup or delivery. That means the majority of Starbucks customers are already familiar with the safe, convenient experiences that are now called for by physical distancing recommendations.",False,False,True,insufficient-supports,politifact
politifact_266,politifact_266,“Tim Ryan when he ran for president two years ago … supported banning fracking both on public lands and generally speaking.”,J.D. Vance,"Ryan, as a 2020 presidential candidate, spoke about regulating fracking and even halting it if the industry cannot keep local residents safe. He said he’d ""absolutely"" consider banning fracking on federal lands and voted to stop the processing of fracking applications for drilling sites off California’s coast. However, Ryan’s full record of statements and policies show his focus has been on leveraging natural gas as a transitional fuel and a source of revenue and jobs for Ohio, while reducing environmental risks.",Half True,True,True,supports,politifact
politifact_266_ret_b2_g1,politifact_266,“Tim Ryan when he ran for president two years ago … supported banning fracking both on public lands and generally speaking.”,J.D. Vance,"Vance: ""He said he supported Ohio’s natural gas industry and he’s always done so, and yet Tim Ryan, when he ran for president, was it two years ago, you supported banning fracking, both on public lands and generally speaking."" In a climate forum during his 2020 presidential campaign, Ryan said he would ""absolutely"" support a fracking ban on federal lands. [...] A Washington Post analysis of the presidential candidates' views on fracking labeled Ryan as someone who supports more regulations as opposed to an all-out ban. Ryan acknowledged the economic benefits of fracking in the newspaper's questionnaire but said the government needs to ""ramp up our oversight"" to prevent leaks and other problems.",Half True,False,True,supports,politifact
politifact_266_ret_bn_g11,politifact_266,“Tim Ryan when he ran for president two years ago … supported banning fracking both on public lands and generally speaking.”,J.D. Vance,"Biden has also walked a fine line on fracking, a process used to produce underground natural gas and oil that environmentalists broadly oppose. Liberal Democrats have pushed for an outright ban on fracking, while centrists have warned of potential job losses in states such as Ohio and Pennsylvania. Biden says he would allow current fracking projects to move forward while banning future permits on federal land, telling WNEP in Scranton, Pa., last week that ""fracking is not going to be on the chopping block."" ""He’s very, very practical. We have billion-dollar fracking plants in western Pa.,"" said Rep. Tim Ryan (D-Ohio), one of Biden’s former presidential primary opponents. ""He’s not going to step in the middle of that because certain people want a complete ban.""",Half True,False,True,insufficient-refutes,politifact
politifact_267,politifact_267,"“Bernie Sanders wants free health care for all and was asked how he would pay for it. His answer was raise taxes to 52% on anybody making over $29,000 per year.”",Facebook posts,"The post claims Bernie Sanders’ Medicare for All plan would place a 52% tax on earnings over $29,000. But he has never suggested that. Sanders has proposed several options to help cover the cost of Medicare for All, including raising taxes to 52% for incomes above $10 million. Another option is a 4% income-based premium paid by households. That would add to Americans’ tax burden, but not as much as the post said.",False,True,True,refutes,politifact
politifact_267_ret_b14_gn,politifact_267,"“Bernie Sanders wants free health care for all and was asked how he would pay for it. His answer was raise taxes to 52% on anybody making over $29,000 per year.”",Facebook posts,"Originally introduced by Sen. Bernie Sanders, the Medicare for All Act of 2019 (S.1129) would provide universal health insurance to U.S. residents and displace almost all private insurers. Benefits under Medicare for All would be very generous. This program would cover a much broader range of services than current Medicare, including dental, vision, hearing, and home and community-based long-term care. And under Medicare for All, participants would have no copayments or premiums. [...] Sanders’ bill, as written, contains no plan to pay for the costs of Medicare for All, and so—following long-standing conventions — we score it as increasing deficits. Despite the potential cost savings described above, we project that Sanders’ bill would increase the federal debt by 92 percent in 2060. This increase swamps the economic boost from a healthier, larger population, and creates a drag on long-run economic growth. [...] Although it’s missing from his bill, Sanders has stated his intention to pay for Medicare for All through higher taxes. Recognizing this, we analyzed two alternative financing options: increasing the payroll tax rate and a new, flat insurance premium on all workers (subsidized for lower-income workers). Under the payroll tax financing option, the economy is 15 percent smaller in 2060. Under the premium financing option, the economy is slightly larger in 2060, by about 0.2 percent.",False,False,True,insufficient-supports,politifact
politifact_267_ret_b2_gn,politifact_267,"“Bernie Sanders wants free health care for all and was asked how he would pay for it. His answer was raise taxes to 52% on anybody making over $29,000 per year.”",Facebook posts,"Sanders never said taxes would go up on people making $29,000 a year, nor did he say people at that rate of pay would be taxed 52 percent on their earnings. Buttigieg didn’t even say Sanders would tax ""people making $29,000 a year,"" he claimed that people making more than that would be taxed more under Sanders’ plan. [...] Emphasis on the final line is ours — according to the actual plan released by Sanders, the 52 percent tax rate was mentioned. However, it was for households with income over $10 million, and not ""people making $29,000 a year."" [...] Woods’ meme falsely claimed that at the February 19 2020 Democratic debate, Bernie Sanders said he would ""raise taxes to 52% on anybody making over $29,000 per year."" Sanders said no such thing, and the claim bore only passing resemblance to Buttigieg’s quoted remarks above. Sanders’ proposed 52 percent tax was on households making more than $10 million a year, and a four percent tax was proposed for households making more than $29,000 a year. Under that same plan, Sanders estimated the same tax as $844 on a family of four earning $50,000, and the same family would, under that plan, save $4,400 in healthcare expenses to 2020 rates.",False,False,True,refutes,politifact
politifact_267_ret_b9_gn,politifact_267,"“Bernie Sanders wants free health care for all and was asked how he would pay for it. His answer was raise taxes to 52% on anybody making over $29,000 per year.”",Facebook posts,"Sanders admits he would raise taxes on the middle class to pay for programs Sen. Bernie Sanders, challenged at Thursday night’s Democratic presidential debate on how he would pay for universal health care and his other proposed programs, admitted income taxes on the middle class would have to go up — but maintained that the savings in medical expenses would more than offset the tax hike. Sanders, who took the first question from NBC correspondent Savannah Guthrie, talked about his Medicare for All proposal for his allotted minute. But when Guthrie followed up and pressed him about taxes on the middle class, he conceded, ""Yes, they will pay more in taxes.""",False,False,True,insufficient-supports,politifact
politifact_267_ret_bn_g1,politifact_267,"“Bernie Sanders wants free health care for all and was asked how he would pay for it. His answer was raise taxes to 52% on anybody making over $29,000 per year.”",Facebook posts,"But there's no need to check the arithmetic in this meme. The general claim here — that Sanders' health care plan would raise the tax rate to 52% on everyone making over $29,000 per year — is egregiously false. [...] We were unable to find any instance of Sanders' proposing a 52% tax rate on ""anybody making over $29,000"" per year, something that appears to be an erroneous conflation of Sanders' proposing a 4% tax rate on earnings over $29,000 and a 52% tax rate on earnings over $10 million. A counter-meme offered a more accurate (although still not entirely accurate) look at Sanders' actual expressed plans: [...] We reached out to Sanders' campaign for comment on the claim that the candidate was planning to raise the tax rate to 52% on everyone making over $29,000 per year. A spokesperson told us ""the meme is false.""",False,False,True,refutes,politifact
politifact_27,politifact_27,"“In 2021, Minnesotans were roughly five times more likely to move to Florida than vice versa” because they were “fleeing” the state under Democratic Gov. Tim Walz.""",Ron DeSantis,"In 2021, almost four times as many Minnesotans moved to Florida than Floridians moved to Minnesota. This is part of a long-standing migration pattern that isn’t limited to Minnesota or Democratic Gov. Tim Walz’s tenure. For years, more people move from upper Midwestern states to Florida than the inverse. Other states, some Republican-led, had similar if not higher out-migration numbers to Florida. People’s motivations for moving out of state vary, and it’s possible some may have moved because they liked Florida’s policies over Minnesota’s. Some reasons for migrating from upper Midwestern states to Florida typically include retirement, lower taxes and warmer climate, migration experts said.",Half True,True,True,insufficient-refutes,politifact
politifact_27_ret_b12_gn,politifact_27,"“In 2021, Minnesotans were roughly five times more likely to move to Florida than vice versa” because they were “fleeing” the state under Democratic Gov. Tim Walz.""",Ron DeSantis,"Robert Cowles stated on July 12, 2024 in Radio address ""The most recent State Budget increased funding for the Department of Tourism by 98 percent."" Jesse Watters stated on August 6, 2024 in a segment on ""Jesse Watters Primetime"" Minnesota Gov. Tim Walz ""forced schools to stock tampons in boys’ bathrooms."" Ron DeSantis stated on August 6, 2024 in an X post ""In 2021, Minnesotans were roughly five times more likely to move to Florida than vice versa"" because they were ""fleeing"" the state under Democratic Gov. Tim Walz. Tony Evers stated on June 11, 2024 in X, formerly Twitter Wisconsin had a ""record-breaking year"" for tourism in 2023. Van Wanggaard stated on April 15, 2024 in X, formerly Twitter Says Gov. Tony Evers is asking the GOP to release money for PFAS, but ""vetoed (a bill outlining) how to spend the money."" Tom Tiffany stated on April 30, 2024 in X, formerly Twitter ""The science is clear — the gray wolf has met and exceeded recovery goals."" Tyler August stated on May 3, 2024 in Newsletter ""Nearly 90% of all UW graduates stay in Wisconsin 5 years after they graduate."" [...] Ron DeSantis stated on August 6, 2024 in an X post ""In 2021, Minnesotans were roughly five times more likely to move to Florida than vice versa"" because they were ""fleeing"" the state under Democratic Gov. Tim Walz.",Half True,False,True,insufficient-supports,politifact
politifact_27_ret_bn_g0,politifact_27,"“In 2021, Minnesotans were roughly five times more likely to move to Florida than vice versa” because they were “fleeing” the state under Democratic Gov. Tim Walz.""",Ron DeSantis,"Yes, more Minnesotans move to Florida than the reverse. The trend predates Tim Walz’s governorship. [...] ""In 2021, Minnesotans were roughly five times more likely to move to Florida than vice versa,"" Florida’s Republican governor, Ron DeSantis, posted Aug. 6 on X. ""They were fleeing a state that, under Gov. Tim Walz, turned its back on law and order, increased taxes, and imposed unscientific coronavirus restrictions, harming children and destroying businesses."" [...] DeSantis said Minnesotans were ""five times more likely"" to move to Florida than vice versa in 2021, and blamed Walz’s policies.",Half True,False,True,insufficient-refutes,politifact
politifact_27_ret_bn_g1,politifact_27,"“In 2021, Minnesotans were roughly five times more likely to move to Florida than vice versa” because they were “fleeing” the state under Democratic Gov. Tim Walz.""",Ron DeSantis,"""The American people do not want what Tim Walz allowed to happen in Minneapolis coming to their communities,"" he added [...] Walz has also taken fire for Minnesota’s role as a sanctuary state amid an illegal immigration crisis and his stance on transgender surgeries for youth, which is further left than most of the nation. ""In 2021, Minnesotans were roughly five times more likely to move to Florida than vice versa,"" Florida Gov. Ron DeSantis wrote on X, formerly known as Twitter. ""They were fleeing a state that, under Gov. Tim Walz, turned its back on law and order, increased taxes, and imposed unscientific coronavirus restrictions, harming children and destroying businesses. Walz is an unbridled leftist, an Ilhan Omar-style Democrat that puts ideology above all else.""",Half True,False,True,insufficient-supports,politifact
politifact_270,politifact_270,Says Melania Trump is the “first FLOTUS to visit troops in a combat zone since 1969.”,Facebook posts,"This is false. At least two former first ladies — Michelle Obama and Laura Bush — have visited U.S. troops in designated combat zones since first lady Pat Nixon went to South Vietnam in 1969. Michelle Obama visited troops in 2015 in Qatar, and Laura Bush made trips to Afghanistan in 2005 and 2008.",False,True,True,refutes,politifact
politifact_270_ret_b0_g0,politifact_270,Says Melania Trump is the “first FLOTUS to visit troops in a combat zone since 1969.”,Facebook posts,"""Melania Trump is the 1st FLOTUS to visit troops in a combat zone since 1969,"" a viral post reads. It has more than 1,600 shares. President Trump Fans — the page behind the post — did not respond to request for comment from USA TODAY. Melania Trump, Michelle Obama, and Laura Bush all visited troops in combat zones [...] Based on our research, the claim that Melania Trump was the first first lady to visit troops in a combat zone since since 1969 is FALSE. Both Michelle Obama and Laura Bush visited troops in combat zones, too.",False,False,True,refutes,politifact
politifact_270_ret_b1_gn,politifact_270,Says Melania Trump is the “first FLOTUS to visit troops in a combat zone since 1969.”,Facebook posts,"This is false. At least two former first ladies — Michelle Obama and Laura Bush — have visited U.S. troops in designated combat zones since first lady Pat Nixon went to South Vietnam in 1969. [...] A Facebook post claims that Melania Trump is the first president’s wife to visit troops in a combat zone since 1969. [...] Associated Press, Melania Trump not first FLOTUS to visit combat zone since 1969, May 30, 2019",False,False,True,refutes,politifact
politifact_270_ret_bn_g14,politifact_270,Says Melania Trump is the “first FLOTUS to visit troops in a combat zone since 1969.”,Facebook posts,"Claudia Taylor Johnson (1963-1969) [...] Thelma Patricia Ryan Nixon (1969-1974) Thelma Patricia Ryan Nixon, or Pat, dedicated herself to social issues including education and volunteering. She became the first president’s wife to visit a combat zone when she went to South Vietnam in 1969. She also sought to make the White House more accessible, opening up the property for tours and creating brochures in languages other than English.",False,False,True,insufficient-neutral,politifact
politifact_270_ret_bn_g5,politifact_270,Says Melania Trump is the “first FLOTUS to visit troops in a combat zone since 1969.”,Facebook posts,"CLAIM: ""Melania is first FLOTUS to visit a combat zone since 1969"" - statement circulating on social media with photo of President Donald Trump and Melania visiting troops in Iraq on Dec. 26. THE FACTS: At least three first ladies have visited combat zones, as defined by federal regulations, since 1969. According to reporting by The Associated Press, Michelle Obama visited troops at al-Udeid air base in Qatar, in 2015, while first lady. The Arabian Peninsula, including Qatar, was designated as a combat zone in January 1991. Laura Bush visited Afghanistan, which was designated a combat zone in 2001, twice as first lady in 2005 and 2008. Michelle Gullion, archives director and curator for the National First Ladies’ Library, told the AP that former first lady Pat Nixon went to a combat zone in 1969. She accompanied then-President Richard Nixon on a visit to South Vietnam. Gullion said the first first lady to visit a combat zone was Eleanor Roosevelt, during World War II. Barbara Bush visited troops in Saudi Arabia in 1990, but the area was not officially designated as a combat zone. Hillary Clinton visited Bosnia in 1996, when it was considered a ""hostile area."" [...] Find all AP Fact Checks here: https://www.apnews.com/tag/APFactCheck",False,False,True,refutes,politifact
politifact_271,politifact_271,"“Joe Biden’s margin of the less than 21,000 votes in Wisconsin was the tightest of any state in 2020.”",Rebecca Kleefisch,Two other states – Georgia and Arizona – actually had smaller margins during the 2020 presidential election between Donald Trump and Joe Biden. That is true both by raw numbers and percentages.,False,True,True,refutes,politifact
politifact_271_ret_b18_gn,politifact_271,"“Joe Biden’s margin of the less than 21,000 votes in Wisconsin was the tightest of any state in 2020.”",Rebecca Kleefisch,"Wisconsin: Trump won here in 2016 by fewer than 23,000 votes. Biden, though, won it by 20,500 votes (pending a recount). So every vote counted. Biden turned out more Milwaukee County voters and won by a 20,000 more votes than Clinton did in 2016. But Biden's biggest vote gain came from Dane County, home to Madison and the University of Wisconsin. He won there by 35,000 more votes than Clinton did in 2016. Biden also chipped away in some more rural and suburban areas, even Waukesha, the heavily Republican county. Biden cut into Trump's margin there by 7,500 votes.",False,False,True,insufficient-neutral,politifact
politifact_271_ret_b6_gn,politifact_271,"“Joe Biden’s margin of the less than 21,000 votes in Wisconsin was the tightest of any state in 2020.”",Rebecca Kleefisch,"Wisconsin Supreme Court upholds Biden's win, rejects Trump lawsuit MADISON - The state Supreme Court upheld Democrat Joe Biden's Wisconsin win Monday, handing President Donald Trump a defeat less than an hour before the Electoral College met. [...] Biden edged out Trump in Wisconsin by 21,000 votes, or 0.6%. It was a winning margin of about the size Trump enjoyed four years ago.",False,False,True,insufficient-neutral,politifact
politifact_271_ret_bn_g0,politifact_271,"“Joe Biden’s margin of the less than 21,000 votes in Wisconsin was the tightest of any state in 2020.”",Rebecca Kleefisch,"Former Wisconsin Lt. Gov Rebecca Kleefisch: ""Joe Biden’s margin of the less than 21,000 votes in Wisconsin was the tightest of any state in 2020."" [...] ""Joe Biden’s margin of the less than 21,000 votes in Wisconsin was the tightest of any state in 2020,"" former Lt. Gov. Rebecca Kleefisch noted in a June 8, 2022 email. ""Make no mistake, the Left knows exactly what’s on the line in the Badger State this year."" [...] ""But in 2020 Wisconsin was not the tightest in terms of either the raw number of votes or percentage of the vote separating the top two presidential candidates,"" he said in an email. ""By both measures Wisconsin was the third most competitive state in 2020. The margins between Biden and Trump – in terms of both raw votes and the percentage difference between them – were actually tighter in Arizona and Georgia than in Wisconsin.""",False,False,True,refutes,politifact
politifact_272,politifact_272,Chief Justice John Roberts visited Jeffrey Epstein's private island.,Facebook posts,"There’s no evidence Chief Justice John Roberts is in the viral picture. The photo was taken in the Dominican Republic, not on Jeffrey Epstein’s private island. There’s no credible evidence that a ""John Roberts"" listed in Epstein’s flight logs is the chief justice, or that the chief justice had a personal relationship with Epstein.",False,True,True,refutes,politifact
politifact_272_ret_b6_gn,politifact_272,Chief Justice John Roberts visited Jeffrey Epstein's private island.,Facebook posts,"Does a photo show Chief Justice John Roberts swimming with Bill Clinton on Jeffrey Epstein's private island? No, that's not true: The image used to support the claim that Roberts visited Epstein's private island was taken at a resort in the Dominican Republic in 2017. The men seen socializing with former President Bill Clinton do not include Roberts. The claim appeared in an article published by genzconservative.com on December 11, 2020 titled ""Is It True that Chief Justice John Roberts Visited Epstein's Island?"" (archived here) which opened: [...] Now, I'm not a conspiracy theorist. Yes, I'm concerned about the brazen voter fraud in the election, especially the votes Biden received from non-citizens. Yes, I think the Hunter Biden emails are real and I think Biden might have worn a wire during the first debate. And no, I don't think Epstein killed himself. But, other than the wire, those aren't really conspiracy theories. They are things that happened. I think the same is true of me saying that John Roberts visited Epstein's island. I might be wrong, but the evidence is damning.",False,False,True,refutes,politifact
politifact_272_ret_bn_g5,politifact_272,Chief Justice John Roberts visited Jeffrey Epstein's private island.,Facebook posts,"(Dershowitz says he and the prince ended up not getting along because they disagreed about Israel.) Dershowitz visited Epstein’s mansions in New York and Palm Beach and occasionally accompanied him on his private plane. He says these trips were family oriented. Once, Epstein lent him the Palm Beach home so he could attend a granddaughter’s soccer tournament. Another time, he and his nephew flew down to watch a space launch with another Epstein connection, a top NASA official. He and his wife, Carolyn Cohen, once stayed with Epstein on his island in the Caribbean, where they were joined by another Harvard professor and his family. [...] In 2006, the world’s most famous brain visited Little St. James, Epstein’s private island, which came to be known as ""Pedophile Island."" Hawking, who was in the Caribbean for a conference, was photographed at a barbecue on the island and aboard a submarine for a tour. According to the Telegraph, ""Epstein is said to have paid for the submarine to be modified for Professor Hawking, who had never been underwater before."" Read More: Everything We Know About Jeffrey Epstein’s Private ‘Pedophile Island’",False,False,True,insufficient-neutral,politifact
politifact_273,politifact_273,“Congress has one job here: to count electoral votes that have in fact been cast by any state.”,Mike Gallagher,The Twelfth Amendment details how Congress is to oversee the counting of electoral votes. But the power to appoint electors is given to the states. Congress or the vice president don’t have the power to substitute their preference or judgment.,True,True,True,supports,politifact
politifact_273_ret_b0_gn,politifact_273,“Congress has one job here: to count electoral votes that have in fact been cast by any state.”,Mike Gallagher,"Congress’s task is simply to count electoral votes Jan. 6 [...] ""Congress has one job here: to count electoral votes that have in fact been cast by any state, as designated by those authorized to do so under state law,"" U.S. Rep. Mike Gallagher, R-Green Bay, said in a Jan. 3, 2020, statement signed by several other members of the House. ""To take action otherwise — that is, to unconstitutionally insert Congress into the center of the presidential election process — would amount to stealing power from the people and the states."" [...] ""There is no authority for Congress to make value judgments in the abstract regarding any state’s election laws or the manner in which they have been implemented,"" the statement from Gallagher and the others said. ""The text of the Constitution is clear. States select electors. Congress does not. Accordingly, our path forward is also clear. We must respect the states’ authority here. Though doing so may frustrate our immediate political objectives, we have sworn an oath to promote the Constitution above our policy goals. We must count the electoral votes submitted by the states.""",True,False,True,insufficient-supports,politifact
politifact_273_ret_b1_gn,politifact_273,“Congress has one job here: to count electoral votes that have in fact been cast by any state.”,Mike Gallagher,"""Congress has one job here: to count electoral votes that have in fact been cast by any state, as designated by those authorized to do so under state law,"" U.S. Rep. Mike Gallagher, R-Green Bay, said in a Jan. 3, 2020, statement signed by several other members of the House. ""To take action otherwise — that is, to unconstitutionally insert Congress into the center of the presidential election process — would amount to stealing power from the people and the states."" [...] ""There is no authority for Congress to make value judgments in the abstract regarding any state’s election laws or the manner in which they have been implemented,"" the statement from Gallagher and the others said. ""The text of the Constitution is clear. States select electors. Congress does not. Accordingly, our path forward is also clear. We must respect the states’ authority here. Though doing so may frustrate our immediate political objectives, we have sworn an oath to promote the Constitution above our policy goals. We must count the electoral votes submitted by the states."" [...] He said this in making the broader point that Congress is not tasked in this case with making ""value judgements"" about the legitimacy of those votes. That is a power left to the states. The role of Congress, as laid out in the Constitution and federal law, is effectively to observe the electors sent in by the states.",True,False,True,insufficient-supports,politifact
politifact_273_ret_bn_g13,politifact_273,“Congress has one job here: to count electoral votes that have in fact been cast by any state.”,Mike Gallagher,"Each state has as many electoral votes as it has senators and representatives combined (or, in the case of the District of Columbia, as many as it would have if it were a state). There are 538 in total, with 270 votes needed to win. As the Congressional Research Service puts it, the electors ""tend to be a mixture of state and local elected officials, party activists, local and state celebrities, and ordinary citizens."" [...] Each state is supposed to submit one set of electoral votes to Congress, and that’s what usually happens. Following the disputed Hayes-Tilden election of 1876, in which three states submitted two conflicting sets of returns, Congress passed the Electoral Count Act to try to set rules in case such a thing ever happened again. Under that law, if two conflicting sets are submitted – say, one by a Republican-run legislature and one by a Democratic governor – and the House and Senate cannot agree on which set is the legitimate one, then the electoral votes certified by the state’s governor are supposed to prevail. (Even stranger things are possible: In 1960, Hawaii’s governor first certified Vice President Richard Nixon’s electors, but after a recount certified Sen. John F. Kennedy’s electors. Both slates of electors met and voted for their pledged candidate; when the time came for Congress to decide which slate was the legitimate one, Nixon voluntarily deferred to Kennedy.)",True,False,True,insufficient-neutral,politifact
politifact_273_ret_bn_g18,politifact_273,“Congress has one job here: to count electoral votes that have in fact been cast by any state.”,Mike Gallagher,"As President Trump continues to claim falsely that he, and not Joe Biden, won the Nov. 3 presidential election, Congress will meet in a joint session Wednesday to formally count the votes of the Electoral College. The states have already counted their own electors, and Biden won with 306 to 232 for Trump. Now it's up to Congress to tally the votes as submitted by the states. [...] As recently as 2005, two Democrats — Rep. Stephanie Tubbs Jones and Sen. Barbara Boxer — objected to Ohio's electors, believing there were irregularities in that state's presidential election. The House and Senate each rejected the objection, and the joint session resumed, counting Ohio's electors.",True,False,True,insufficient-neutral,politifact
politifact_274,politifact_274,"Eric Schmitt “sponsored a bill to spend $480 million of your tax dollars” on cargo hub for airlines ""owned by China's Communist Party” and ""voted to let China buy up Missouri farmland.""",Team PAC,"A bill Schmitt sponsored originally called for $480 million in tax credits, not state expenditures, for the Missouri hub. A law Schmitt voted for allows for limited ownership of Missouri agricultural land by foreign businesses.",Half True,True,True,insufficient-supports,politifact
politifact_274_ret_b7_gn,politifact_274,"Eric Schmitt “sponsored a bill to spend $480 million of your tax dollars” on cargo hub for airlines ""owned by China's Communist Party” and ""voted to let China buy up Missouri farmland.""",Team PAC,"In 2011, Schmitt was one of the main proponents of Aerotropolis, more colloquially known as ""China Hub,"" a global cargo hub at Lambert-St. Louis International Airport which he believed would increase exports and foreign trade. [...] Unlike ""China Hub"" another bill garnering Schmitt’s support in 2013 did pass and effects Missouri to the present day. [...] Whether, or to what degree, Missouri agricultural land should be foreign owned is an important policy choice for the people of Missouri, a decision that should be made through their elected representatives and only after the specific proposal has been sufficiently vetted and openly considered.",Half True,False,True,insufficient-supports,politifact
politifact_274_ret_b8_gn,politifact_274,"Eric Schmitt “sponsored a bill to spend $480 million of your tax dollars” on cargo hub for airlines ""owned by China's Communist Party” and ""voted to let China buy up Missouri farmland.""",Team PAC,"Senator Eric Schmitt has deep family roots in Missouri, stemming from six generations of farmers, teachers, and small business owners in cities like Tipton, Pilot Grove, Louisiana, and St. Louis. During World War II, his grandfather served in the 7th Army and later opened a small butcher shop, where Eric’s father worked while earning a diploma through night school. Their experiences instilled in Eric the importance of hard work and resilience. [...] In November 2022, Eric Schmitt was elected as Missouri’s United States Senator and he has the privilege today of serving on the Armed Services, Commerce, and Joint Economic Committees. As a member of these committees, he is focused on dismantling the alliance between the federal government and big tech, halting China’s bid for global dominance, fighting to ease the economic burden and pain inflicted on Missourians and Americans by the Biden Administration’s reckless spending, and ensuring our military is the most revered fighting force in the world. [...] Eric also served as the 46th State Treasurer of Missouri. He fought to safeguard taxpayer funds and created a statewide tool to allow citizens to track government spending easily. Previously, he served as a Missouri state senator, where he authored tax cuts, advocated for those with special needs, and fought to end taxation by citation.",Half True,False,True,insufficient-neutral,politifact
politifact_276,politifact_276,"Says NBC News’ Kristen Welker “gave thousands of dollars to Obama, Clinton and Biden, is registered as a Democrat & her family spent Christmas with the Obamas at the White House.”",Facebook posts,"NBC News correspondent Kristen Welker, the moderator for the third presidential debate, has not donated money to Democrats, according to contribution data. Welker is currently registered to vote in Washington, D.C., with no party affiliation, according to the District of Columbia Board of Elections. A photo of Welker with Barack and Michelle Obama is from a 2012 White House reception for the press.",False,True,True,refutes,politifact
politifact_276_ret_b3_gn,politifact_276,"Says NBC News’ Kristen Welker “gave thousands of dollars to Obama, Clinton and Biden, is registered as a Democrat & her family spent Christmas with the Obamas at the White House.”",Facebook posts,"There is no evidence Welker has donated to Democrats or spent Christmas with the Obamas at the White House. While she previously registered as a Democrat, Welker has registered with no party affiliation since 2016, according to the District of Columbia Board of Elections. [...] ""Kristen Welker, of NBC, the next debate moderator chosen by the ‘unbiased’ Presidential commission, gave thousands of dollars to Obama, Clinton and Biden, is registered as a Democrat & her family spent Christmas with the Obamas at the White House,"" reads the post. It also features an image of Welker in the White House press briefing room with a fabricated news chyron that reads, ""Kristen Walker is not a journalist she’s part of the anti-Trump resistance."" [...] The claim that Welker and her family ""spent Christmas with the Obamas at the White House"" appears to stem from a picture Welker shared on Facebook in 2012 that shows her posing with Barack and Michelle Obama in a room with holiday decorations. The photo was taken during a White House holiday press party, an NBC spokesperson told the DCNF in an email.",False,False,True,refutes,politifact
politifact_276_ret_bn_g0,politifact_276,"Says NBC News’ Kristen Welker “gave thousands of dollars to Obama, Clinton and Biden, is registered as a Democrat & her family spent Christmas with the Obamas at the White House.”",Facebook posts,"Welker has not donated thousands of dollars to Democratic candidates, registered as a Democrat or ""spent Christmas"" at the White House with President Barack Obama, despite what an Oct. 17 Facebook post claims. ""Kristen Welker, of NBC, the next debate moderator chosen by the ‘unbiased’ presidential commission, gave thousands of dollars to Obama, Clinton and Biden, is registered as a Democrat (and) her family spent Christmas with the Obamas at the White House,"" the post, featuring photos of Welker and her family, says. ""Her mother is an activist for Biden!"" [...] The Facebook post’s claim that Welker and her family ""spent Christmas with the Obamas at the White House"" is also inaccurate, as scores of journalists and pundits pointed out on Twitter.",False,False,True,refutes,politifact
politifact_276_ret_bn_g12,politifact_276,"Says NBC News’ Kristen Welker “gave thousands of dollars to Obama, Clinton and Biden, is registered as a Democrat & her family spent Christmas with the Obamas at the White House.”",Facebook posts,"By Mike Allen (@mikeallen; [email protected]), and Daniel Lippman (@dlippman; [email protected]) [...] BIRTHDAYS: Guy Cecil … NBC’s Kristen Welker (hat tip: Peter Alexander) … Kate Wilson, director of operations for Analytics Media Group (h/ts Chris and Chauncey) ... AP’s Brett Zongker … Keith Macleod ... CRAFT’s Travis Holler ... Mike Czin, comms. director for D.C. Mayor Muriel Bowser and alum of DNC, OFA and Hillary … Erika Bolstad … Mara Lee Durrell … Liz Elkiss, V.P. of legal and external affairs at ed-tech startup General Assembly and Obama admin. and ’08 alum ... Kevin Franck, Massachusetts Democratic politico ... Jonathan Capehart! ... Lida Masoudpour … Julie Gibson … John Giesser … Pat McQuillan ... [...] Learn more: http://bit.ly/1Gxh0QY **",False,False,True,insufficient-neutral,politifact
politifact_276_ret_bn_g8,politifact_276,"Says NBC News’ Kristen Welker “gave thousands of dollars to Obama, Clinton and Biden, is registered as a Democrat & her family spent Christmas with the Obamas at the White House.”",Facebook posts,"On Saturday, [Trump] ripped Welker while quote-tweeting his son, Donald Trump Jr., who linked to a New York Post article claiming that the White House correspondent has ""deep Democratic ties."" The Post reported that Welker’s parents have donated tens of thousands of dollars to Democratic candidates and close to $20,000 to former President Barack Obama alone. Although Welker’s party registration is not currently listed, the Post reported that she was a registered Democrat in Washington, D.C., in 2012 and in Rhode Island in 2004. The Post also pointed to Welker and her parents celebrating Christmas at the White House with the Obamas in 2012. [...] A spokesperson for Welker told TPM on Monday that Welker is not a registered Democrat and has been a ""registered independent in D.C. since 2012, almost a decade.""",False,False,True,insufficient-supports,politifact
politifact_28,politifact_28,"Says his Jan. 6, 2021, speech on the White House Ellipse drew the “same number of people,” as the 1963 March on Washington where Martin Luther King Jr. gave his “I Have a Dream” speech.",Donald Trump,"The House select committee that investigated the events of Jan. 6, 2021, estimated 53,000 people attended President Donald Trump’s speech at the White House Ellipse. The National Archives says 250,000 people attended Martin Luther King's Jr.’s ""I Have a Dream"" speech on Aug. 28, 1963, during the March on Washington.",False,True,True,refutes,politifact
politifact_28_ret_b12_gn,politifact_28,"Says his Jan. 6, 2021, speech on the White House Ellipse drew the “same number of people,” as the 1963 March on Washington where Martin Luther King Jr. gave his “I Have a Dream” speech.",Donald Trump,"Earlier today, former President Donald Trump once again claimed he bore no responsibility for the violence at the U.S. Capitol on Jan. 6, 2021. ""I said peacefully and patriotically,"" Trump told reporters. That has been a persistent theme of his for years. The former president was repeating part of a short sentence culled from his lengthy speech at the White House Ellipse on Jan. 6, 2021. By focusing on that brief phrase, Trump is trying to deceive both the courts and the public. He wants people to focus on a short passage in which he told his supporters to march ""peacefully and patriotically"" to the Capitol, while ignoring all the inflammatory rhetoric he employed during the same speech. [...] As we explain in detail below, Trump’s defense should fail in both those tribunals. We expect prosecutors will explain to the jurors why the sentence in the Ellipse speech is, in actuality, more incriminating than exculpatory when understood in context. Indeed, evidence uncovered by the January 6th Select Committee shows that Trump deliberately and repeatedly implored his followers to ""fight"" – and was reticent to use the word ""peaceful"" at all. Recent revelations of evidence gathered by Special Counsel Jack Smith will also help prove the case. [...] The key sentence in the Jan. 6 Ellipse speech, according to Trump and his attorneys, is this one:",False,False,True,insufficient-neutral,politifact
politifact_28_ret_bn_g0,politifact_28,"Says his Jan. 6, 2021, speech on the White House Ellipse drew the “same number of people,” as the 1963 March on Washington where Martin Luther King Jr. gave his “I Have a Dream” speech.",Donald Trump,"The House select committee that investigated the events of Jan. 6, 2021, estimated 53,000 people attended President Donald Trump’s speech at the White House Ellipse. [...] Describing his speech to supporters on Jan. 6, 2021, Trump said he spoke to the ""same number of people, if not, we had more"" than King’s 1963 ""I Have a Dream"" speech. The crowd-size comparison is wrong. Credible estimates say many more people attended the 1963 March on Washington during King’s speech than attended Trump’s Ellipse speech.",False,False,True,insufficient-refutes,politifact
politifact_28_ret_bn_g15,politifact_28,"Says his Jan. 6, 2021, speech on the White House Ellipse drew the “same number of people,” as the 1963 March on Washington where Martin Luther King Jr. gave his “I Have a Dream” speech.",Donald Trump,"Later Trump would claim that the crowd he drew to the ellipse outside the White House on Jan. 6, 2021, was the largest crowd that ever assembled on the National Mall, including the crowd that attended the March on Washington and heard the Rev. Dr. Martin Luther King Jr.’s famous ""I Have A Dream"" speech in 1963. [...] ""If you look at Martin Luther King, when he did his speech, his great speech, and you look at ours – same real estate, same everything … if you look at the picture of his crowd and my crowd, we actually had more. They said I had 25,000 people and he had a million people. I’m okay with it, because I liked Dr. Martin Luther King."" [...] ""If you look at Jan. 6, which a lot of people are not talking about very much, I think those people were treated harshly when you compare them to other things that took place in this country where a lot of people were killed,"" he said. ""Nobody was killed on Jan. 6. I think the people of Jan. 6 were treated very unfairly. They were there to complain about an election.""",False,False,True,insufficient-contradictory,politifact
politifact_28_ret_bn_g3,politifact_28,"Says his Jan. 6, 2021, speech on the White House Ellipse drew the “same number of people,” as the 1963 March on Washington where Martin Luther King Jr. gave his “I Have a Dream” speech.",Donald Trump,"More than 3,000 members of the press covered this historic march, where Rev. Dr. Martin Luther King, Jr. delivered the exalted ""I Have a Dream"" speech. [...] – I Have a Dream, Rev. Dr. Martin Luther King, Jr. [...] Rev. Dr. Martin Luther King, Jr., delivered this iconic 'I Have a Dream' speech at the March on Washington on August 28, 1963. See entire text of King's speech below.",False,False,True,insufficient-neutral,politifact
politifact_286,politifact_286,"""Antifa was already inside the Capitol with floor plans dressed as Trump supporters"" on Jan. 6, 2021, proving the attack “was 100% a setup.""",Facebook posts,"The Jan. 6, 2021, attack on the U.S. Capitol was not a ""setup"" by antifa activists who were ""already inside the Capitol with floor plans dressed as Trump supporters."" The viral Facebook post making that claim revived a debunked conspiracy theory. A University of Chicago research group that has examined 900 people charged to date has found no evidence of antifa involvement in the day's events. A video captured amid the attack does not show antifa; it shows a group of pro-Trump rioters, including some whose support for former President Donald Trump has been documented in charging documents, discussing the Capitol’s layout after breaching it.",False,True,True,refutes,politifact
politifact_286_ret_b0_g1,politifact_286,"""Antifa was already inside the Capitol with floor plans dressed as Trump supporters"" on Jan. 6, 2021, proving the attack “was 100% a setup.""",Facebook posts,"The claim: A video shows antifa inside the Capitol building with floor plans and dressed as Trump supporters on Jan. 6, proving the attack was a setup [...] Based on our research, we rate FALSE the claim that a video shows antifa inside the Capitol building with floor plans and dressed as Trump supporters on Jan. 6, proving the attack was a setup. Experts said antifa was not involved in the Jan. 6 attack, and all evidence indicates that a pro-Trump mob was responsible for breaking into the Capitol building. Some of the rioters in the video are well-known Trump supporters. In addition, the footage does not prove that the attack was a setup. It shows events that occurred when the attack was underway.",False,False,True,refutes,politifact
politifact_286_ret_b2_gn,politifact_286,"""Antifa was already inside the Capitol with floor plans dressed as Trump supporters"" on Jan. 6, 2021, proving the attack “was 100% a setup.""",Facebook posts,"There is no evidence to support the conspiracy theory that the Jan. 6, 2021, attack on the U.S. Capitol was a false flag by antifa. [...] Trump supporters try to break through a police barrier on Jan. 6, 2021, at the Capitol in Washington. (AP) [...] PolitiFact, ""There’s no proof antifa stormed the Capitol. The rumor spread quickly anyway,"" Jan. 7, 2021",False,False,True,refutes,politifact
politifact_286_ret_bn_g0,politifact_286,"""Antifa was already inside the Capitol with floor plans dressed as Trump supporters"" on Jan. 6, 2021, proving the attack “was 100% a setup.""",Facebook posts,"No, video of rioters discussing Capitol ‘floor plan’ doesn’t prove Jan. 6 was antifa setup [...] The Jan. 6, 2021, attack on the U.S. Capitol was not a ""setup"" by antifa activists who were ""already inside the Capitol with floor plans dressed as Trump supporters."" The viral Facebook post making that claim revived a debunked conspiracy theory. [...] More than a year and a half later, those claims continue to spread online — despite having been thoroughly debunked. ""Antifa was already inside the Capitol with floor plans dressed as Trump supporters,"" said the text over a viral Facebook post shared July 15. ""This was 100% a setup.""",False,False,True,refutes,politifact
politifact_286_ret_bn_g4,politifact_286,"""Antifa was already inside the Capitol with floor plans dressed as Trump supporters"" on Jan. 6, 2021, proving the attack “was 100% a setup.""",Facebook posts,"The claim: A video shows antifa inside the Capitol building with floor plans and dressed as Trump supporters on Jan. 6, proving the attack was a setup Security experts told USA TODAY antifa was not involved in the Jan. 6 attack. The footage provides no evidence to support the claim. It shows pro-Trump rioters as the attack was underway; some of the rioters identified in the video are well-known Trump supporters. Read more. The claim: No one was arrested inside the Capitol building on Jan. 6, 2021",False,False,True,refutes,politifact
politifact_287,politifact_287,"Says Marjorie Taylor Greene said, “Jesus loves the U.S. most and that is why the Bible is written in English.”",Facebook posts,A version of this quote has been misattributed to more than one female elected official.,False,True,True,insufficient-refutes,politifact
politifact_287_ret_b0_g1,politifact_287,"Says Marjorie Taylor Greene said, “Jesus loves the U.S. most and that is why the Bible is written in English.”",Facebook posts,"""'Jesus loves the U.S. most and that is why the Bible is written in English.' – Marjorie Taylor Greene,"" reads a July 26 Facebook post that has been shared almost 400 times. [...] USA TODAY found no evidence that Greene said, ""Jesus loves the U.S. most and that is why the Bible is written in English."" [...] We rate FALSE the claim that Greene said, ""Jesus loves the U.S. most and that's why the Bible is written in English."" There's no evidence Greene made that statement, which dates back as a spoof quote more than a decade. The congresswoman's communications director says the claim is not true.",False,False,True,refutes,politifact
politifact_287_ret_b2_gn,politifact_287,"Says Marjorie Taylor Greene said, “Jesus loves the U.S. most and that is why the Bible is written in English.”",Facebook posts,"In February 2021, as the news cycle focused on genuine comments made by U.S. Rep. Marjorie Taylor Greene about school shootings being hoaxes, some social media users encountered a quote ostensibly uttered by Greene about Jesus and the English language. This meme reads: ""'If English was good enough for Jesus, it's good enough for us,' stated Marjorie Taylor Greene, explaining why Spanish shouldn't be spoken in a Christian Nation like America. Wow! Chew on that for a moment."" [...] While it's certainly possible that someone, somewhere, at sometime uttered the phrase ""If English was good enough for Jesus, it's good enough for us"" in earnest, this quote is most often used to paint politicians for being, perhaps, more ignorant of history and religion than they actually are.",False,False,True,insufficient-refutes,politifact
politifact_287_ret_b5_gn,politifact_287,"Says Marjorie Taylor Greene said, “Jesus loves the U.S. most and that is why the Bible is written in English.”",Facebook posts,"Viral image stated on June 19, 2022 in an Instagram post: A photo shows Marjorie Taylor Greene wearing a Soviet shirt and giving a Nazi salute. Viral image stated on February 17, 2022 in a Facebook post: Says Rep. Marjorie Taylor Greene said, ""If it weren’t for electricity, we’d all be watching TV by candlelight."" Facebook posts stated on July 26, 2021 in a Facebook post: Says Marjorie Taylor Greene said, ""Jesus loves the U.S. most and that is why the Bible is written in English."" [...] Viral image stated on February 17, 2022 in a Facebook post: Says Rep. Marjorie Taylor Greene said, ""If it weren’t for electricity, we’d all be watching TV by candlelight."" Facebook posts stated on July 26, 2021 in a Facebook post: Says Marjorie Taylor Greene said, ""Jesus loves the U.S. most and that is why the Bible is written in English."" [...] Facebook posts stated on July 26, 2021 in a Facebook post: Says Marjorie Taylor Greene said, ""Jesus loves the U.S. most and that is why the Bible is written in English.""",False,False,True,insufficient-supports,politifact
politifact_29,politifact_29,"During the 2020 Minnesota riots after George Floyd’s murder, Gov. Tim Walz didn’t call in the National Guard, “so, I sent in the National Guard to save Minneapolis.”",Donald Trump,"Gov. Tim Walz signed an executive order May 28, 2020, calling up the Minnesota National Guard to respond to riots. Shortly after the order, the National Guard said that it was assigning and preparing units to respond. President Donald Trump spoke to Walz hours after Walz’s order. Trump offered assistance.",False,True,True,refutes,politifact
politifact_29_ret_b10_gn,politifact_29,"During the 2020 Minnesota riots after George Floyd’s murder, Gov. Tim Walz didn’t call in the National Guard, “so, I sent in the National Guard to save Minneapolis.”",Donald Trump,Investigating timeline of when Tim Walz called in National Guard amid George Floyd unrest Minnesota Gov. Tim Walz has faced criticism for his response to the public unrest in his state after George Floyd's murder in Minneapolis in 2020. CBS News Confirmed mapped out how long it took Walz to bring in the National Guard during the outrage. CBS News Minnesota reporter Jennifer Mayerle explains the findings.,False,False,True,insufficient-refutes,politifact
politifact_29_ret_b6_gn,politifact_29,"During the 2020 Minnesota riots after George Floyd’s murder, Gov. Tim Walz didn’t call in the National Guard, “so, I sent in the National Guard to save Minneapolis.”",Donald Trump,"Local events are sometimes referred to as the ""Minneapolis riots""[20][21] or the ""Minneapolis uprising"".[22][23][24] Protests that first emerged in Minneapolis on May 26, 2020, were initially peaceful.[19][25] A several-day period of civil unrest, particularly three nights of heavy rioting from May 27, 2020, to the overnight hours of May 29, 2020, however, resulted in an estimated $500 million of damages to 1,500 property locations,[4][26] 604 arrests,[3] 164 instances of arson,[6] and 2 riot-related deaths.[27] Minnesota Governor Tim Walz deployed the state's National Guard to quell civil disorder and protests over Floyd's murder returned to being mostly peaceful events after May 30, 2020.[28][29] The state government's command that responded to the initial unrest after Floyd's murder demobilized on June 7, 2020, as protests and intermittent civil disorder over racial injustice persisted throughout 2020 and 2021.[11][30][31] [...] - ^ ""Gov. Tim Walz Activates National Guard In Response To George Floyd Protests"". WCCO. May 28, 2020. Retrieved November 9, 2021. [...] - ^ Phillips, Tom Vanden Brook and Kristine. ""Minnesota National Guard plans to deploy as many as 10,000 soldiers to Minneapolis protests over George Floyd"". USA Today. Retrieved November 28, 2020.",False,False,True,refutes,politifact
politifact_29_ret_bn_g15,politifact_29,"During the 2020 Minnesota riots after George Floyd’s murder, Gov. Tim Walz didn’t call in the National Guard, “so, I sent in the National Guard to save Minneapolis.”",Donald Trump,"Reality Check: Was It President Trump Or Gov. Walz Who Called In The National Guard To Minneapolis? [...] He claims he sent National Guard troops to Minneapolis to restore order after the death of George Floyd -- but that never happened. [...] That's not true. President Trump did not ""send in"" Minnesota's National Guard. Presidents don't have that power -- only governors do. And Gov. Tim Walz did call in the guard.",False,False,True,refutes,politifact
politifact_29_ret_bn_g6,politifact_29,"During the 2020 Minnesota riots after George Floyd’s murder, Gov. Tim Walz didn’t call in the National Guard, “so, I sent in the National Guard to save Minneapolis.”",Donald Trump,"By — Tim Sullivan, Associated Press Tim Sullivan, Associated Press By — Amy Forliti, Associated Press Amy Forliti, Associated Press Leave a comment 0comments Share Copy URL https://www.pbs.org/newshour/nation/watch-live-minnesota-gov-tim-walz-holds-presser-amid-protests-over-george-floyd-death Email Facebook Twitter LinkedIn Pinterest Tumblr Share on Facebook Share on Twitter WATCH: Minnesota Gov. Tim Walz acknowledges ‘abject failure’ in protest response Nation May 29, 2020 10:05 AM EDT MINNEAPOLIS (AP) — With smoke drifting over Minneapolis, Minnesota Gov. Tim Walz on Friday acknowledged the ""abject failure"" of the response to this week’s violent protests and called for swift justice for police involved in the death of George Floyd, a handcuffed black man who pleaded for air as a white officer knelt on his neck. Watch the press conference in the video player above Walz said the state would take over the response and that it’s time to show respect and dignity to those who are suffering. ""Minneapolis and St. Paul are on fire. The fire is still smoldering in our streets. The ashes are symbolic of decades and generations of pain, of anguish unheard,"" Walz said, adding. ""Now generations of pain is manifesting itself in front of the world — and the world is watching.""",False,False,True,insufficient-neutral,politifact
politifact_290,politifact_290,"“Infection rates in Allegany, Cattaraugus and Chautauqua counties have consistently been among the lowest in the state.”",George Borrello,"A look at the data from the end of March to mid-May confirms that the per capita infection rate in Allegany, Cattaraugus and Chautauqua counties was typically in the bottom one-third of counties in the state. By contrast, the other two counties in western New York, Erie and Niagara, were consistently in the top half of counties for infections per capita.",True,True,True,supports,politifact
politifact_290_ret_bn_g0,politifact_290,"“Infection rates in Allegany, Cattaraugus and Chautauqua counties have consistently been among the lowest in the state.”",George Borrello,"If Your Time is short • A look at the data from the end of March to mid-May confirms that the per capita infection rate in Allegany, Cattaraugus and Chautauqua counties was typically in the bottom one-third of counties in the state. [...] ""While infection rates in Allegany, Cattaraugus and Chautauqua counties have consistently been among the lowest in the state throughout the COVID-19 crisis, our linkage with Erie County and its higher infection rates means that we don’t meet the metrics for reopening, and our hurting, rural economies must remain shut down for at least another two weeks,"" Borrello said in the statement. [...] We found that, as Borrello had said, Allegany, Cattaraugus and Chautauqua counties ranked low in infection rates consistently over that period, while Erie and Niagara started higher and continued to rise:",True,False,True,supports,politifact
politifact_3_ret_bn_g0,politifact_3,"“Anything that you lose on the tariff from the perspective of the consumer, you gain in higher wages, so you're ultimately much better off.”",J.D. Vance,"If Your Time is short - Surveys have shown that the vast majority of economists believe tariffs’ negative impacts — which include higher costs for consumers — consistently outweigh the benefits. Academic and think tank studies bolster those views. [...] Most economists disagree with this idea. Our previous review of academic studies of real-world tariffs concluded that consumers ultimately shoulder most of the burden in higher prices for goods, and the burden outweighs tariffs’ economic benefits. [...] The majority of economists believe the negative impacts from tariffs, including higher costs, consistently outweigh the benefits for consumers. Academic and think tank studies on tariffs’ effects bolster the economists’ views.",False,False,True,refutes,politifact
politifact_3_ret_bn_g1,politifact_3,"“Anything that you lose on the tariff from the perspective of the consumer, you gain in higher wages, so you're ultimately much better off.”",J.D. Vance,"Fact check: Vance says consumers are 'better off' under tariffs [...] Most economists disagree with this idea. Our previous review of academic studies of real-world tariffs concluded that consumers ultimately shoulder most of the burden in higher prices for goods, and the burden outweighs tariffs’ economic benefits. [...] Are consumers ""much better off"" after tariffs, as Vance said?",False,False,True,refutes,politifact
politifact_3_ret_bn_g6,politifact_3,"“Anything that you lose on the tariff from the perspective of the consumer, you gain in higher wages, so you're ultimately much better off.”",J.D. Vance,"Additionally, under trade diversion, the importing country loses the tariff revenue it had collected on those imports which now come in duty free from its bloc partner. The consumer in the importing partner does gain, because the imported good no longer has to bear the cost of the tariff; however, the consumer’s gain is necessarily less than or equal to the lost customs revenue, so the nation as a whole is less well off . Thus, trade diversion hurts both the importing country and the rest of the world. These loses are greater than the gains to the bloc member that gains exports due to trade diversion. [...] Yi notes that tariff reductions have a far greater impact on these global supply chains than they do on traditional trade. To take the suit example, assume that China, Bangladesh, and the United States each reduces its tariffs by 1 percent and that imported fabric and buttons account for half the cost of the suit made in China; then the cost of producing the suit in China will be reduced by 0.5 percent. Coupled with the 1 percent U.S. tariff reduction, the cost to the U.S. consumer would be reduced by 1.5 percent. If the suit had been wholly produced in China, the cost to the consumer would have been reduced by just the U.S. tariff reduction, or 1 percent.",False,False,True,insufficient-contradictory,politifact
politifact_30,politifact_30,President Joe Biden walked “onto an empty airplane for no reason.”,Instagram posts,"President Joe Biden boarded a plane that brought three former American prisoners to Maryland to talk to the flight crew, according to the White House and multiple journalists. Video footage shows the plane wasn’t empty.",False,True,True,refutes,politifact
politifact_30_ret_b16_gn,politifact_30,President Joe Biden walked “onto an empty airplane for no reason.”,Instagram posts,Joe Biden slowly boards Air Force One as calls grow for him to drop out of the election [...] US President Joe Biden was seen slowly ascending the small stairs of Air Force One after testing positive for covid on Wednesday.,False,False,True,insufficient-neutral,politifact
politifact_30_ret_bn_g0,politifact_30,President Joe Biden walked “onto an empty airplane for no reason.”,Instagram posts,"""This is BEYOND bizarre … even for Joe Biden!"" said one Instagram post from Sebastian Gorka, a former deputy assistant to President Donald Trump. ""The Old Man walks onto an empty airplane for no reason and just disappears for a few minutes! Talk about ‘weird.’"" [...] We rate claims that Biden boarded an empty plane for no reason False. [...] Snopes, No, Biden Did Not Board 'Empty Plane' After Prisoner Exchange with Russia, Aug. 2, 2024",False,False,True,refutes,politifact
politifact_30_ret_bn_g5,politifact_30,President Joe Biden walked “onto an empty airplane for no reason.”,Instagram posts,"Did President Joe Biden board the wrong, empty plane at Joint Base Andrews, where he arrived to meet three Americans freed from a prisoner swap with Russia on August 1, 2024? No, that's not true: White House spokesperson Andrew Bates told journalists that Biden walked inside the plane that had carried the released prisoners to the United States to thank the crew. The aircraft was not empty. [...] SUNDOWN JOE: Confused Biden walks into an empty plane for no reason. [...] That did not happen for ""no reason,"" and, contrary to the claim, the plane was not empty.",False,False,True,refutes,politifact
politifact_304,politifact_304,The United Nations sent out an email instructing staff not to use the words “invasion” or “war’” when referring to Ukraine.,Facebook posts,"An email was sent on March 7 instructing some U.N. staff members not to use the words ""war"" or ""invasion"" when discussing the conflict between Russia and Ukraine. The message came from a regional office without clearance and is not considered official U.N. policy, organization officials told PolitiFact. U.N. leaders including Secretary General António Guterres and Rosemary DiCarlo, the organization’s under-secretary-general for political and peacebuilding affairs, used the words in tweets before and after the email was sent.",Half True,True,True,refutes,politifact
politifact_304_ret_bn_g4,politifact_304,The United Nations sent out an email instructing staff not to use the words “invasion” or “war’” when referring to Ukraine.,Facebook posts,"The Security Council shall determine the existence of any threat to the peace, breach of the peace, or act of aggression and shall make recommendations, or decide what measures shall be taken in accordance with Articles 41 and 42, to maintain or restore international peace and security. [...] Plans for the application of armed force shall be made by the Security Council with the assistance of the Military Staff Committee. [...] If preventive or enforcement measures against any state are taken by the Security Council, any other state, whether a Member of the United Nations or not, which finds itself confronted with special economic problems arising from the carrying out of those measures shall have the right to consult the Security Council with regard to a solution of those problems.",Half True,False,True,insufficient-neutral,politifact
politifact_308,politifact_308,"Says Gov. Tony Evers ""wanted to increase your taxes by $1 billion just for heating your homes Instead, Republicans cut your taxes by more than $2 billion.""",John Macco,"Democratic Gov. Tony Evers did seek to raise a net $1 billion in taxes in his most recent budget proposal, which Republicans rejected. GOP lawmakers crafted their own budget that delivered more than $2 billion in tax cuts, and Evers signed it. This came after budget estimates came in showing policymakers had an extra $4.4 billion to work with. Macco misses the mark in his comment about the higher taxes going toward heating homes. Evers did aim to increase the amount of revenue utilities would contribute to a program focused on energy efficiencies, but that’s certainly not $1 billion worth.",Half True,True,True,supports,politifact
politifact_308_ret_b13_gn,politifact_308,"Says Gov. Tony Evers ""wanted to increase your taxes by $1 billion just for heating your homes Instead, Republicans cut your taxes by more than $2 billion.""",John Macco,"Republican Party of Wisconsin Chairman Andrew Hitt ""Tony Evers tried to raise taxes by $1 billion in his proposed budget, so it is laughable that he is now taking credit for Republicans’ tax cut. We applaud Wisconsin Republicans for putting forward a historic budget with transformative tax cuts that will put more money in the pockets of Wisconsin families despite Tony Evers’ tax increase in his proposed budget."" [...] ""Governor Evers proposed raising taxes by more than $1 billion to fund his tax-and-spend budget. Instead, the Legislature listened to Wisconsinites and passed the most conservative spending plan in a generation including tax cut of more than $3 billion. [...] ""In particular, Governor Evers proposed raising taxes by $1 billion in his original budget wish list. He now gets to reverse course and take credit for the Republican budget which will cut taxes by over $3 billion.",Half True,False,True,insufficient-supports,politifact
politifact_308_ret_b1_gn,politifact_308,"Says Gov. Tony Evers ""wanted to increase your taxes by $1 billion just for heating your homes Instead, Republicans cut your taxes by more than $2 billion.""",John Macco,"Yes, Republicans curbed Evers’ plan to raise taxes by $1 billion and inserted the tax-cut provision [...] Darling claimed that Wisconsin Republicans stopped Evers from raising taxes by $1 billion and instead gave residents the largest tax cut in the state’s history. Evers did plan to raise taxes by $1 billion, although his plan would have included tax cuts for lower-income Wisconsinites. And Republicans did include the largest tax cut in history in their version of the budget that passed in July.",Half True,False,True,supports,politifact
politifact_309,politifact_309,"“Since the week ending March 14, Wisconsin actually saw a drop in tourism spending compared to last year of $1.7 billion.”",Sara Meaney,"Decrease in tourism dollars became apparent the week of March 14, with a year-over-year drop of $17 million. Year-over-year decreases continued to mount, with drops of about $200 million per week statewide. A study commissioned by the U.S. Travel Association found year-over-year decreases totaled $1.775 billion from March 14 to May 16.",True,True,True,insufficient-supports,politifact
politifact_309_ret_b12_gn,politifact_309,"“Since the week ending March 14, Wisconsin actually saw a drop in tourism spending compared to last year of $1.7 billion.”",Sara Meaney,"Latest True Fact-checks in Tourism Robert Cowles stated on July 12, 2024 in Radio address: ""The most recent State Budget increased funding for the Department of Tourism by 98 percent."" Tony Evers stated on June 11, 2024 in X, formerly Twitter: Wisconsin had a ""record-breaking year"" for tourism in 2023. Sara Meaney stated on May 24, 2020 in a TV interview: ""Since the week ending March 14, Wisconsin actually saw a drop in tourism spending compared to last year of $1.7 billion."" Jim Justice stated on October 16, 2019 in a Facebook post: Says a new annual report shows that ""West Virginia’s tourism industry has grown for the second consecutive year, reversing years of decline and outpacing national growth by 58 percent."" John Taylor stated on April 24, 2015 in an interview on WPRI-TV's ""Newsmakers."": ""The people of Tiverton have historically supported [gambling measures] at a rate higher than the rest of the state.""",True,False,True,insufficient-supports,politifact
politifact_309_ret_bn_g1,politifact_309,"“Since the week ending March 14, Wisconsin actually saw a drop in tourism spending compared to last year of $1.7 billion.”",Sara Meaney,"The authorities have reprioritized spending through a revised budget, which is currently in parliament. In the meantime, they have taken measures to support the private sector, including loan guarantees and tax obligations facilities as follows: loan guarantees of up to 50 percent for large companies in all sectors (CVE 1 billion, about €9 million); up to 80 percent for companies in the tourism and transport sectors (CVE 1 billion); up to 100 percent for small-and medium-sized enterprises in all sectors (CVE 300 million, €2.7 million) and for micro-enterprises in all sectors (CVE 700 million CVE, about €6.7 million). Other measures include faster settlement of invoices and VAT refunds, extension of the tax payment period, payment in installments for VAT and other withholding taxes, cancellation of contributions to the Pension Fund for three months, and funding of an emergency plan with CVE 76 million through the reallocation of budgetary appropriations, to cover additional expenses for personnel, training and medical equipment.",True,False,True,insufficient-neutral,politifact
politifact_31_ret_b2_gn,politifact_31,"“Michael Jordan rejects $400 million Disney offer, stating, ‘I do not collaborate with companies aligned with woke ideologies.’”",Facebook posts,"Did Michael Jordan reject a $400 million offer from Disney, saying he does not ""collaborate with companies aligned with woke ideologies""? No, that's not true: An AI detector found that the article that said so was 99.9 percent likely to be AI-generated. The media didn't report that Jordan or his representatives rejected an offer from Disney. [...] Michᴀel Jordan Rejects $400 Millɪoɴ Disney Offer, Stating ""I Do Not Collaborate With Companies Aligned With Woke Ideologies"" In Bold Μove. [...] This article also did not cite any sources or provide any evidence to confirm its claim about Jordan speaking out against what it termed Disney's ""'woke' culture.""",False,False,True,refutes,politifact
politifact_31_ret_b8_gn,politifact_31,"“Michael Jordan rejects $400 million Disney offer, stating, ‘I do not collaborate with companies aligned with woke ideologies.’”",Facebook posts,"The $400 million deal with Disney, had it gone through, would have marked another significant chapter in Jordan’s illustrious post-basketball career. Disney, a conglomerate known for its global influence in media and entertainment, has delved into a variety of projects that touch on social and political themes. In recent times, Disney has been at the center of discussions regarding ‘woke culture’ – a term that has evolved to often represent a critical stance on entities or individuals that are perceived as being overly politically correct or excessively progressive.By rejecting this deal, Jordan has made it clear that his business decisions are not just about financial gain but are also deeply rooted in his personal beliefs and values. This move is a reflection of his stance against what he perceives as the overreach of corporations into social and political activism. It’s a bold statement from someone who has traditionally maintained a distance from overtly political or socially charged statements, preferring instead to let his work and achievements speak for themselves.The concept of ‘woke culture’ in corporate America has been a contentious topic. Originally a term denoting awareness of social injustices, particularly regarding race, ‘woke’ has evolved in public discourse.",False,False,True,supports,politifact
politifact_31_ret_bn_g0,politifact_31,"“Michael Jordan rejects $400 million Disney offer, stating, ‘I do not collaborate with companies aligned with woke ideologies.’”",Facebook posts,"Space Sham: NBA star Michael Jordan didn’t slam Disney’s ‘woke ideologies,’ as some posts claim [...] ""Breaking: Michael Jordan Rejects $400 Million Disney Offer, Stating ‘I Do Not Collaborate With Companies Aligned With Woke Ideologies’ In Bold Move,"" an Aug. 3 Facebook post said. [...] Reuters, Claims Michael Jordan turned down a Disney ad campaign stem from a satirical website, April 13, 2023",False,False,True,insufficient-refutes,politifact
politifact_31_ret_bn_g4,politifact_31,"“Michael Jordan rejects $400 million Disney offer, stating, ‘I do not collaborate with companies aligned with woke ideologies.’”",Facebook posts,"Michael Jordan Declines Disney’s $400 Million Offer Citing ""I Don’t Work With Woke Companies"". In a surprising turn of events that resonates far beyond the basketball court, Michael Jordan, an icon synonymous with excellence in basketball and a global sports figure, has made a stand that transcends the boundaries of athletics. Michael Jordan rejected Disney offer $400 million project offer from Disney, with a reason as simple yet impactful as his game-winning shots: ""I don’t work with woke companies."" This decision has reignited discussions on the role of celebrities and sports figures in social and political matters. As the world reacts to Jordan’s audacious move, it prompts contemplation on the future direction of corporate America and the involvement of prominent individuals in social and political issues. [...] In conclusion, Michael Jordan’s rejection of Disney’s $400 million offer is more than just a business decision; it’s a statement about his personal beliefs and a commentary on the current state of corporate and social affairs. Jordan continues to be a figure of immense influence, shaping discussions and swaying perspectives, proving that his legacy is a slam dunk that extends far beyond the basketball court.",False,False,True,supports,politifact
politifact_310_ret_bn_g0,politifact_310,“The White House Gift Shop is putting out a commemorative coin for Donald Trump's indictment.”,Bill Cassidy,"While Donald Trump’s indictment is unprecedented, it is not the first time a U.S. president has faced legal challenges, though none have faced criminal charges as Trump does. Throughout American history, several presidents have encountered legal issues, either while in office or after leaving it, creating a patchwork of legal precedents that highlight the complex relationship between the presidency and the law. [...] Recently, a reporter asked me to discuss the word ""epic"" in the context of The White House coin collection, notably coins related to the indictments of 45th President Donald J. Trump. As a person who enjoys writing, more than talking, I wrote my response to the reporter: [...] Epilogue Coin #1: ""The First Indictment of President Donald J. Trump""",Half True,False,True,insufficient-neutral,politifact
politifact_314,politifact_314,“Harvard is sitting on top of a $54 billion hedge fund they call an ‘endowment’ that they pay zero taxes on. Yale has $31 Billion. Stanford $29 Billion. Princeton $26 Billion.”,Charlie Kirk,"College and university endowments are donation-supported investments that serve as sources of long-term funding. Harvard’s endowment was at $53.2 billion in 2021. Yale’s was $42.3 billion, Stanford’s was $37.8 billion and Princeton’s was $37.7 billion. Kirk’s numbers appear to reflect 2020 endowment values. Private institutions with very large endowments, such as Harvard University, pay a 1.4% excise tax on net endowment investment income.",Half True,True,True,insufficient-refutes,politifact
politifact_315,politifact_315,The United States spent “2 trillion dollars to train and equip the Afghan military over the past 20 years. They fell in a week.”,Richard Ojeda,"The $2 trillion figure is considered credible for the 20-year U.S engagement in Afghanistan, but it includes much more than just training and equipping the military. The fall of the Afghan military and government to fall was fast — nine days from the time Zaranj became the first provincial capital to be seized by the Taliban.",Half True,True,True,insufficient-supports,politifact
politifact_315_ret_b12_g1,politifact_315,The United States spent “2 trillion dollars to train and equip the Afghan military over the past 20 years. They fell in a week.”,Richard Ojeda,"Together, with our NATO Allies and partners, we have trained and equipped over three hu- — nearly 300,000 current serving members of the military — of the Afghan National Security Force, and many beyond that who are no longer serving. Add to that, hundreds of thousands more Afghan National Defense and Security Forces trained over the last two decades. [...] After 20 years — a trillion dollars spent training and equipping hundreds of thousands of Afghan National Security and Defense Forces, 2,448 Americans killed, 20,722 more wounded, and untold thousands coming home with unseen trauma to their mental health — I will not send another generation of Americans to war in Afghanistan with no reasonable expectation of achieving a different outcome. [...] And I said, ""You know, the United States came here to make sure that we got this terrorist, Osama bin Laden, and that terrorists didn’t amass again to — to go after our country. And then we’re going to have to leave."" And a young woman said, ""You can’t leave. You can’t leave."" It was — it was heartbreaking. ""You can’t leave,"" she said. ""I want to be a doctor. I want to be a doctor. I want to be a doctor. If you leave, I’ll never be able to be a doctor."" Well, that’s why we spent so much time and money training the Afghan Security Forces to do the work of defending that. If every work —",Half True,False,True,insufficient-refutes,politifact
politifact_315_ret_bn_g0,politifact_315,The United States spent “2 trillion dollars to train and equip the Afghan military over the past 20 years. They fell in a week.”,Richard Ojeda,"The $2 trillion figure is considered credible for the 20-year U.S engagement in Afghanistan, but it includes much more than just training and equipping the military. [...] ""We did not spend $2 trillion to train and equip the Afghan military,"" Harrison said. ""The cost of training and equipping the Afghan’s is a relatively small subset of the total cost. The vast majority of the costs for the war were for the operation of our own forces and support for our own service members."" [...] Ojeda said the U.S. had ""2 trillion dollars to train and equip the Afghan military over the past 20 years.",Half True,False,True,insufficient-contradictory,politifact
politifact_319,politifact_319,"""(Ron) DeSantis' bill would remove: background checks, instruction, training and oversight.""",Gavin Newsom,"HB 543 would not eliminate the requirements to get a concealed weapon license in Florida. Those requirements include passing a background check and completing a firearms training class. The bill, however, makes having a license optional, not mandatory. HB 543 will allow people to carry a concealed firearm in public even if they haven’t passed a background check or satisfied all of the license requirements.",Half True,True,True,refutes,politifact
politifact_319_ret_bn_g0,politifact_319,"""(Ron) DeSantis' bill would remove: background checks, instruction, training and oversight.""",Gavin Newsom,"Does HB 543 remove gun background checks, instruction, training and oversight, as Newsom claimed? [...] ""If this bill passes as written, there will be no law in Florida requiring government oversight, instruction, training, or a background check to carry a concealed weapon,"" said Aubrey Jewett, a University of Central Florida political science professor. [...] Newsom said DeSantis' legislation would ""remove background checks, instruction, training and oversight.""",Half True,False,True,supports,politifact
politifact_326_ret_b8_gn,politifact_326,"Discussing gender-affirming surgical care for minors, said that Sweden “shut it down.”",Ron DeSantis,"Increasingly, European nations are adopting a more cautious approach to gender-affirming care among minors. In March, for example, the Norwegian Healthcare Investigation Board announced it would revise its current clinical recommendations with respect to ""gender-affirming care"" for minors. The updated guidelines would restrict the use of puberty blockers, cross-sex hormones and transition-related surgery to clinical research settings. Norway joins other European nations, such as Finland, Sweden and the U.K., in introducing limits on the provision of gender-affirming care to minors. [...] A common claim by Americans who oppose state restrictions on gender-affirming care for minors is that Sweden, Finland, the Netherlands and the U.K. have not done away with hormonal interventions, and therefore lawmakers who seek limits are presumably going against what European health authorities recommend. Additionally, voices in America’s ""affirmative-medicine"" movement point to Europe not having bans on gender-affirming care for minors. It’s true that Europeans aren’t banning such care, and so legislators in the U.S. who pursue bans are at odds with European recommendations. But this only tells part of an evolving and layered story.",Half True,False,True,insufficient-supports,politifact
politifact_326_ret_bn_g0,politifact_326,"Discussing gender-affirming surgical care for minors, said that Sweden “shut it down.”",Ron DeSantis,"Why Ron DeSantis’ claim that Sweden ‘shut down’ gender-affirming surgical care is Half True [...] The gender-affirming surgery DeSantis cited is rarely performed on minors, said Dr. Marci Bowers, a gynecological surgeon and president of the World Professional Association for Transgender Health. Surgeries on minors happen ""only under the most severe conditions of gender dysphoria,"" she said. Gender dysphoria is the experience of distress that results when people’s sex assigned at birth does not match their gender identity. [...] Speaking about gender-affirming surgical care for minors, DeSantis said Sweden ""shut it down.""",Half True,False,True,insufficient-supports,politifact
politifact_327,politifact_327,"“Homicides are intraracial. When you look at white-on-white crime, it's 84%. Right? Homicides. White people kill white people.”",Sunny Hostin,"Most homicides for which the race of the victim and offender are known are intraracial, meaning they involve people of the same race. A Justice Department report on homicide trends from 1980 to 2008 said 84% of white homicide victims over that 28-year period were killed by other white people, and 93% of Black victims were killed by other Black people. More recent FBI homicide data puts the percentages in the same range.",True,True,True,supports,politifact
politifact_327_ret_bn_g0,politifact_327,"“Homicides are intraracial. When you look at white-on-white crime, it's 84%. Right? Homicides. White people kill white people.”",Sunny Hostin,"""The fact that (homicides) are predominantly intraracial is widely and deeply accepted in criminology and in police circles,"" said Jeffrey Fagan, professor of law at Columbia Law School and an expert on policing, crime and race. [...] The available data does support Hostin’s claim about white-on-white homicides. The co-host’s broader point — that homicides tend to be intraracial — also holds true. [...] Hostin said, ""Homicides are intraracial.",True,False,True,supports,politifact
politifact_327_ret_bn_g15,politifact_327,"“Homicides are intraracial. When you look at white-on-white crime, it's 84%. Right? Homicides. White people kill white people.”",Sunny Hostin,"""|Okay cops kill white people more frequently. Y’all commit the majority of crime so that makes sense, but the difference is they aren’t killing you because you are white. White people being killed is not the same thing as white people being killed because they are white. Black people are being killed for their blackness in a lot of cases. Cops are more likely to shoot us. "" [...] Also, your sources are shit. Vox is basically the next buzzfeed. What did you do? Literally just google ""White on white murder"" and pick the first link and not even read it? They’re basically saying ""White people, being the highest amount of population in the country, are surprisingly killed the most by other white people!"" [...] According to the US Department of Justice, blacks accounted for 52.5% of homicide offenders from 1980 to 2008, with whites 45.3% and ""Other"" 2.2%. The offending rate for blacks was almost 8 times higher than whites, and the victim rate 6 times higher. Most homicides were intraracial, with 84% of white victims killed by whites, and 93% of black victims killed by blacks.[33][34][35]",True,False,True,insufficient-contradictory,politifact
politifact_327_ret_bn_g3,politifact_327,"“Homicides are intraracial. When you look at white-on-white crime, it's 84%. Right? Homicides. White people kill white people.”",Sunny Hostin,"We can discuss why blacks commit more crime percentage wise than white Americans. That is a fact. That will help discover what the solution to this is. But inner cities where most black on black crime happens, is run by Democrats who will not address the problem. They won’t fix what they don’t acknowledge. Crap education and no school choice. Resulting in no jobs or poor paying jobs. Gang and crime proliferates. [...] A huge majority of homicides are intra-racial, with 93% of Black victims killed by Black people and 84% of white victims killed by white people. It’s a problem across the skin colour spectrum. But you do not hear the terms ""white on white crime"" or ""white on white violence""? Why do you think that is?",True,False,True,supports,politifact
politifact_328_ret_b10_gn,politifact_328,“24 of every 100 kids in school today speak Spanish.”,Joe Biden,"Roughly 3.8 million students in U.S. schools are native Spanish-speakers who are not proficient in English. They make up the bulk of the approximately 5 million students nationwide identified as English language learners, the fastest-growing demographic in schools – and the lowest-performing, as judged by achievement tests and graduation rates. [...] From 2000 to 2015, the percentage of Latino students enrolled in public elementary and secondary schools swelled from 16% to 26%. The percentage of white students fell from 61% to 49%, according to the National Center for Education Statistics. [...] At Oyster-Adams Bilingual School in Washington, for example, just 24% of students are English learners, according to school data.",Half True,False,True,supports,politifact
politifact_328_ret_b14_gn,politifact_328,“24 of every 100 kids in school today speak Spanish.”,Joe Biden,"When it comes to education, Elementary school-aged children process information in a variety of ways in order for it to make sense to them. They process information on levels that are different than adults and can be taught a variety of subjects. Learning to speak Spanish is no different as they will retain what they have learned with greater accuracy. Giving a child a head-start in today’s world by speaking Spanish can be beneficial in a number of ways. [...] 4. Easy to Practice – In the United States, Spanish is easily the second most spoken language in the country as a whole. According to the Answers provided on Yahoo, 16% of the country speaks Spanish. That means that nearly one out of every seven people you meet will speak Spanish. Of course, that’s statistically speaking and this number could greatly increase or decrease depending on your location. [...] Regardless of the situation, learning to speak Spanish at an early age can help a child succeed throughout his or her life. The student could develop a talent for linguistic skills that could benefit learning other languages later on. As speaking Spanish is growing to be an ever demanding skill, why not give the child the ability to keep up with an ever growing society?",Half True,False,True,insufficient-supports,politifact
politifact_328_ret_b1_gn,politifact_328,“24 of every 100 kids in school today speak Spanish.”,Joe Biden,"""Do you realize that 26 out of every 100 students in grades kindergarten through 12 speak Spanish?"" Biden said June 15. [...] Passel said that about 26% of K-12 students are Hispanic, and that this was probably the figure Biden was referring to when claiming that ""26 out of every 100"" K-12 students speak Spanish. But not all Hispanic children speak Spanish, he said. [...] In 2020, we fact-checked a similar claim Biden made during a Hispanic Heritage event in Kissimmee, Florida. Biden at the time said that ""24 of every 100 kids in school today speak Spanish."" We rated that Half True, noting that the nationwide percentage of Spanish-speaking students was about 17% and about 20% in Florida.",Half True,False,True,insufficient-supports,politifact
politifact_328_ret_bn_g0,politifact_328,“24 of every 100 kids in school today speak Spanish.”,Joe Biden,"""Today, it is no exaggeration to say that the future of the success of this country depends on Hispanics having opportunities and the tools they need to succeed,"" he said Sept. 15. ""I know my team here knows, my new team, that 24 of every 100 kids in school today speak Spanish."" In an interview with Telemundo the same day, he made a similar statement about students, that 24 out of 100 ""are Latinos, Spanish speaking."" [...] Biden said ""24 of every 100 kids in school today speaks Spanish.""",Half True,False,True,insufficient-supports,politifact
politifact_329,politifact_329,“We have 85 million Americans who have no health insurance.”,Bernie Sanders,"The Commonwealth Fund, a respected source of data on health care research, found in 2022 that 43% percent of working-age adults ages 19 to 64 were uninsured or inadequately insured. That adds up to about 85 million adults. About 17.7 million adults were uninsured, according to the Commonwealth analysis. People who were uninsured for a year or longer were disproportionately young, Hispanic, poor, unhealthy and living in the South.",Half True,True,True,supports,politifact
politifact_329_ret_b15_gn,politifact_329,“We have 85 million Americans who have no health insurance.”,Bernie Sanders,"In 2018, 58 percent of uninsured adults had incomes below 200 percent of the federal poverty level ($24,120 for an individual and $49,200 for a family of four). Across age groups, young adults ages 19 to 34 made up the largest share of the uninsured. More than one-third of the uninsured were Latino even though Latinos make up 18 percent of the working-age adult population (Table 1). We examined the remaining uninsured by income status to determine whether they might be eligible for subsidized coverage. The ACA provides subsidized insurance through two sources: Medicaid for adults who earn less than 138 percent of poverty ($16,643 for an individual or $33,948 for a family of four) in states that expanded Medicaid, and subsidized plans in the ACA marketplaces for those who earn up to 400 percent of poverty ($48,240 for an individual and $98,400 for a family of four). [...] Nearly half (47%) of uninsured adults in 2018 had incomes that may make them eligible for either expanded Medicaid or subsidized marketplace plans. The remainder of uninsured adults would not qualify for either: 11 percent earn below 100 percent of poverty and live in a state that did not expand Medicaid;5 8 percent have incomes at or above 400 percent of poverty and are ineligible for the tax credits; and 25 percent were foreign-born Latinos and may be ineligible for Medicaid or subsidized plans because of their immigration status.",Half True,False,True,supports,politifact
politifact_329_ret_bn_g1,politifact_329,“We have 85 million Americans who have no health insurance.”,Bernie Sanders,"Bernie Sanders said 85 million Americans have no health insurance. That includes underinsured. [...] ""We have 85 million Americans who have no health insurance,"" Sanders said Dec. 11 on CNN’s ""State of the Union."" [...] Casca referred us to a 2022 survey by the Commonwealth Fund, a private foundation that is a respected source of health care research. The survey found that 43% of working-age adults 19 to 64, or about 85 million Americans, were uninsured or inadequately insured. Specifically:",Half True,False,True,supports,politifact
politifact_329_ret_bn_g2,politifact_329,“We have 85 million Americans who have no health insurance.”,Bernie Sanders,"New York City, November 12, 2003—Nearly two of five (38%) Americans under age 65, and more than two-thirds (68%) of those with low incomes, had no health insurance at some point during 1996-1999, according to a new analysis for The Commonwealth Fund of a survey that tracks coverage over time. The number of people with a time uninsured during these four years—85 million—is more than double the number who were uninsured at any one point in time or any one year during 1996 to 1999. The longer view provided by the four-year time period reveals that unstable insurance put millions more at risk than the numbers estimated from annual ""snapshots"" by year. These higher rates are due to millions of people cycling on and off coverage, or ""churning."" [...] ""These high rates uninsured indicate that far greater numbers of Americans are at risk of going without needed health care, having difficulties paying medical bills, and experiencing financial stress than we see in any annual survey,"" said Cathy Schoen, vice president at The Commonwealth Fund. ""Insurance churning disrupts and undermines efforts to provide timely medical care and likely raises public and private health insurance costs due to frequent cycling on and off coverage."" [...] Churning on and off coverage was a frequent problem. One third of all those with a time uninsured—28 million people—had multiple spells without insurance as they gained and lost coverage over time. Nearly two of five (38%) of those living on low incomes had more than one time when they were uninsured.",Half True,False,True,supports,politifact
politifact_329_ret_bn_g6,politifact_329,“We have 85 million Americans who have no health insurance.”,Bernie Sanders,"""We have 85 million Americans who have no health insurance,"" Sanders said Dec. 11 on CNN’s ""State of the Union."" [...] Casca referred us to a 2022 survey by the Commonwealth Fund, a private foundation that is a respected source of health care research. The survey found that 43% of working-age adults 19 to 64, or about 85 million Americans, were uninsured or inadequately insured. Specifically: [...] Sanders’ spokesperson referred us to data from the Commonwealth Fund that found about 85 million Americans ages 19 to 64 were uninsured or inadequately insured (meaning they had a gap in coverage over the past year or coverage that didn’t provide affordable access to health care).",Half True,False,True,supports,politifact
politifact_33,politifact_33,“Violent crime was up under Donald Trump.”,Tim Walz,"After dropping the first three years of Donald Trump’s presidency, violent crime rose in 2020, his final year in office. The increase was big enough to erase those collective decreases. The violent crime rate in Trump’s final year in office was still slightly lower than it was during the final year of his predecessor, President Barack Obama. Experts said it’s wrong to pin the blame for rising violent crime solely on Trump. The spike was caused by a confluence of the coronavirus pandemic and societal upheaval after George Floyd’s 2020 murder.",Half True,True,True,supports,politifact
politifact_33_ret_b5_gn,politifact_33,“Violent crime was up under Donald Trump.”,Tim Walz,"Murders and aggravated assaults shot up dramatically under Trump, while most other types of crime declined. [...] The rate of aggravated assaults also rose under Trump — by 12.6%. [...] The big jump in the number of murders is entirely due to a 29% rise in Trump’s final year, which also saw millions laid off from jobs due to the COVID-19 pandemic; widespread protests against racism and police brutality following a Minneapolis policeman’s murder of a black man, George Floyd; and a surge in production and sales of firearms.",Half True,False,True,supports,politifact
politifact_33_ret_bn_g0,politifact_33,“Violent crime was up under Donald Trump.”,Tim Walz,"But what about Walz’s assertion that ""violent crime was up under Donald Trump,"" which Walz repeated in an Aug. 7 speech in Eau Claire, Wis.? The newly minted vice presidential candidate has a point, but it needs some asterisks. [...] But in 2020, the violent crime rate spiked to 385.2 per 100,000 people — higher than any previous year under Trump. [...] Walz said, ""Violent crime was up under Donald Trump.""",Half True,False,True,insufficient-supports,politifact
politifact_33_ret_bn_g1,politifact_33,“Violent crime was up under Donald Trump.”,Tim Walz,"""Trump’s implication that the crime rate is only going up is false,"" said Anna Harvey, a political science professor and director of the Public Safety Lab at New York University. ""During 2020, the last year of the Trump presidency, violent crime rose dramatically. The murder rate, for example, increased by almost 30%, the largest one-year increase on record. But violent crime has been falling during the Biden presidency."" [...] Still, given the declines in 2023 in national numbers on everything from murder to rape to aggravated assault to robbery to arson, there is no basis for Trump’s claim that US crime statistics are only going up. In fact, Asher told CNN, the available data suggests that the national rates of murder and overall violent crime were lower in 2023 than they were under Trump in 2020, when the country experienced social and economic upheaval on account of the Covid-19 pandemic.",Half True,False,True,supports,politifact
politifact_33_ret_bn_g18,politifact_33,“Violent crime was up under Donald Trump.”,Tim Walz,"In Michigan, Donald Trump predicts ‘destruction and death’ under Democrats - In Michigan, Donald Trump claims violence crime surged under Democrats, but statistics he cited aren’t as conclusive - Trump spoke at the Livingston County Sheriff’s Department flanked by sheriffs from rural Michigan counties who support his reelection - Democrats have countered Trump’s assertions with statistics showing violent crime is down under the administration of President Joe Biden [...] Democrats pointed to data from the FBI and Michigan State Police showing violent crime in both the U.S. and Michigan spiked during the COVID-19 pandemic, including Trump’s final year in office. ""Violent crime was up under Donald Trump under his administration,"" Attorney General Dana Nessel said earlier Tuesday. ""It went down substantially when he left office and when Vice President Harris and of course, President Biden have been in office, we've seen a reduction in violent crime.""",Half True,False,True,supports,politifact
politifact_330,politifact_330,Children ages 5 to 9 “are not affected by” the coronavirus.,Facebook posts,"Most children who get COVID-19 have mild or no symptoms; severe illness is rare. More than 3.6 million children in the U.S. have tested positive, and at least 297 have died. Children can spread the virus to others, even if they don’t have symptoms, which is a key reason for mask requirements in schools.",Half True,True,True,insufficient-refutes,politifact
politifact_330_ret_b9_gn,politifact_330,Children ages 5 to 9 “are not affected by” the coronavirus.,Facebook posts,"That trend, which doctors in China first reported, seems to be holding true in the U.S. as well. In the latest Morbidity and Mortality Weekly Report report released today by the Centers for Disease Control (CDC), scientists say that compared to adults, children under the age of 18 are less likely to experience the typical symptoms of infection, including fever, cough and difficulty breathing, and are also less likely to need hospitalization and less likely to die of COVID-19. [...] ""The fact is that we are not seeing preponderance of severe [COVID-19] disease in young children, which is distinct from influenza,"" says Dr. Kristin Moffitt, an assistant professor pediatrics at Harvard Medical School and a pediatric infectious disease specialist at Boston Children’s Hospital. [...] Doctors report seeing fewer children affected by COVID-19, even in places like Washington, which experienced the first burst of cases in the country. Moffitt, too, is not seeing as many younger children needing medical care at her own hospital. ""We are seeing that the relative protection against severe disease among pediatric patients is holding true,"" she says. ""There are very, very few pediatric patients requiring hospitalization.""",Half True,False,True,insufficient-supports,politifact
politifact_330_ret_bn_g0,politifact_330,Children ages 5 to 9 “are not affected by” the coronavirus.,Facebook posts,"Fact-check: Are kids aged 5-9 'not affected by' the coronavirus? [...] Here's why: In a viral video clip, a suburban Atlanta mother who implored her local school board to stop mandating masks for children claimed that kids ages 5 to 9 ""are not affected by"" the coronavirus. [...] A woman in a video clip stated that children ages 5 to 9 ""are not affected by"" the coronavirus.",Half True,False,True,insufficient-supports,politifact
politifact_34,politifact_34,"In Pompano Beach, Florida, Somali immigrants illegally in the U.S. were in line to get driver’s licenses and “all you need to vote is a driver's license.”",Instagram,Florida does not allow immigrants in the U.S. illegally to obtain driver’s licenses. Only U.S. citizens can vote in federal elections. The Florida Department of Motor Vehicles office pictured in this video was the subject of a news report about long wait times.,False,True,True,refutes,politifact
politifact_34_ret_b1_gn,politifact_34,"In Pompano Beach, Florida, Somali immigrants illegally in the U.S. were in line to get driver’s licenses and “all you need to vote is a driver's license.”",Instagram,"""BREAKING! 100s of illegal migrants in line to get drivers licenses???"" read a screengrab of an X post that overlaid the video on Instagram. ""Isn’t that all you need to be able to vote? 1955 N Federal Hwy, Pompano Beach, FL."" [...] Florida doesn’t issue driver’s licenses to immigrants in the U.S. illegally, unlike some states. And people must be U.S. citizens to vote in federal elections. A small number of Democratic-led cities let certain noncitizens vote in municipal elections, but cities in Florida are not among them. Nothing in the video proved that the people in line were Somalis or immigrants illegally in the U.S. [...] A video shared on social media claimed to show Somali immigrants in line to get driver’s licenses in Pompano Beach and said, ""All you need to vote is a driver’s license.""",False,False,True,insufficient-refutes,politifact
politifact_34_ret_bn_g0,politifact_34,"In Pompano Beach, Florida, Somali immigrants illegally in the U.S. were in line to get driver’s licenses and “all you need to vote is a driver's license.”",Instagram,"""BREAKING! 100s of illegal migrants in line to get drivers licenses???"" read a screengrab of an X post that overlaid the video on Instagram. ""Isn’t that all you need to be able to vote? 1955 N Federal Hwy, Pompano Beach, FL."" [...] Florida doesn’t issue driver’s licenses to immigrants in the U.S. illegally, unlike some states. And people must be U.S. citizens to vote in federal elections. A small number of Democratic-led cities let certain noncitizens vote in municipal elections, but cities in Florida are not among them. Nothing in the video proved that the people in line were Somalis or immigrants illegally in the U.S. [...] A video shared on social media claimed to show Somali immigrants in line to get driver’s licenses in Pompano Beach, Florida, and said, ""All you need to vote is a driver's license.""",False,False,True,refutes,politifact
politifact_34_ret_bn_g6,politifact_34,"In Pompano Beach, Florida, Somali immigrants illegally in the U.S. were in line to get driver’s licenses and “all you need to vote is a driver's license.”",Instagram,"The post continues: ""HAVV allows voters to register with a Social Security Number (4 digits). Illegals are not able to get licenses there. But they can get Social Security cards (for work authorization permits)."" HAVV is the SSA’s Help America Vote Verification system. [...] Individuals in most states register to vote with either their driver’s license number, state ID number or the last four digits of their social security number. States use the first two options to verify the individual’s identity with their department of motor vehicles. This accounts for ""the vast majority"" of voters, according to Becker. A voter’s identity can be verified using the third option through the SSA’s HAVV system. [...] Federal law bans noncitizens from voting in federal elections, including races for president, vice president, the Senate and the House of Representatives. The 1996 law states that noncitizens who vote illegally will face a fine, imprisonment or both. Noncitizens who cast a ballot and get caught may also face deportation.",False,False,True,insufficient-refutes,politifact
politifact_34_ret_bn_g7,politifact_34,"In Pompano Beach, Florida, Somali immigrants illegally in the U.S. were in line to get driver’s licenses and “all you need to vote is a driver's license.”",Instagram,"The FL Secretary of State's office has received multiple calls on this video and has started an investigation into the Pompano Beach DMV to ensure that no illegals have voted there or to prevent this from happening. [...] Military age illegal aliens mostly from Somalia in line in Florida for drivers license. DeSantis @GovRonDeSantis told us this didn't happen in Florida. Was he lying? [...] These fricking people are getting drivers licenses to vote and these fricking illegals will be driving around on our highways without having the slightest clue about American diving laws, etc",False,False,True,insufficient-contradictory,politifact
politifact_342,politifact_342,"China “had the largest naval fleet in the world. They had 370 ships. They'll have 400 ships in two years. We won't even have 350 ships in two decades.""",Nikki Haley,"Numerically, Haley is on target with both countries’ ship counts. Experts say counting ships says little about military capabilities. Ship counts ignore overall tonnage, specific warfighting capabilities, and overall geographic reach, all of which are metrics where the United States maintains an edge over China.",Half True,True,True,supports,politifact
politifact_342_ret_b16_gn,politifact_342,"China “had the largest naval fleet in the world. They had 370 ships. They'll have 400 ships in two years. We won't even have 350 ships in two decades.""",Nikki Haley,"There is speculation that China might have surpassed the U.S. in having the largest navy in the world and now has more battleships in operation. This came after a 2015 report from the US Office of Naval Intelligence (ONI) predicted that China’s navy would have over 360 ships by 2020, surpassing the U.S.’s 297 ships. According to an ONI report from December 2020, China does now have the largest navy in the world in terms of ships in its fleet, as the report stated that the People’s Republic of China is ""Already commanding the world’s largest naval force."" In addition to its aggressive growth, the nation is also modernizing its ships: ""the PRC is building modern surface combatants, submarines, aircraft carriers, fighter jets, amphibious assault ships, ballistic nuclear missile submarines, large coast guard cutters, and polar icebreakers at alarming speed."" [...] China’s capacity to build the world’s largest navy is greatly helped by the country also being the world’s largest commercial shipbuilder, in 2018 holding over 40% of the global market, as pointed out by the China Power Project. The statistics themselves are shocking, with China building more ships in 2019 in peacetime than the U.S. did during four years of war between 1941 and 1945, according to CNN.",Half True,False,True,insufficient-supports,politifact
politifact_342_ret_b2_gn,politifact_342,"China “had the largest naval fleet in the world. They had 370 ships. They'll have 400 ships in two years. We won't even have 350 ships in two decades.""",Nikki Haley,"""China has built up their military at a scary pace,"" Haley said in Derry, New Hampshire. We won’t even have 350 ships in two decades."" [...] Haley’s campaign did not respond to an inquiry for this article. The Pentagon’s 2023 China Military Power Report said China’s navy had about 370 warships. The fleet is expected to grow to 395 ships by 2025 and 435 ships by 2030. [...] Haley said China ""had the largest naval fleet in the world. We won’t even have 350 ships in two decades.""",Half True,False,True,supports,politifact
politifact_342_ret_bn_g8,politifact_342,"China “had the largest naval fleet in the world. They had 370 ships. They'll have 400 ships in two years. We won't even have 350 ships in two decades.""",Nikki Haley,"And then you look at the fact we’ve had more Americans die of fentanyl than the Iraq, Afghanistan, and Vietnam Wars combined. 75,000 Americans last year alone. There are Chinese police stations throughout our country. There’s a Chinese spy base that’s going off our shores in Cuba, and China’s now building up their military at a scary pace. They have 500 nuclear warheads. That’s a hundred more than they had last year. We won’t even have 350 ships in two decades. They’re doing artificial intelligence, they’re doing space, they’re doing cyber. They’ve developed hypersonic missiles. We’ve barely gotten started. And now China’s the lead developer on neuro-strike weapons, weapons engineered to change the brain activity of military commanders and segments of the population. That’s who we’re dealing with. So when Biden tells you that China’s a competitor, I’ve dealt with China every single day at the United Nations. They never saw us as a competitor. They always saw us as an enemy. We’ve got to start looking at them the way they look at us.",Half True,False,True,insufficient-supports,politifact
politifact_343,politifact_343,"""The Postal Service is not losing money because of Amazon. It’s losing money because in 2006, the Republican-led Congress passed a law forcing it to prepay its pensions for 75 years, which no other corporation does ... Without this law, the Postal Service would be turning a profit.”",AFL-CIO,"The Postal Service has experienced years of financial troubles. Last-mile delivery services it provides for Amazon are not the cause of those problems. The 2006 Postal Accountability and Enhancement Act required the Postal Service to pre-fund future retiree health benefits, not pensions. The law put a financial strain on the service, which has defaulted on some of the statutorily prescribed payments. The Postal Service has more financial problems than just the requirements of that law.",Half True,True,True,insufficient-contradictory,politifact
politifact_343_ret_b1_gn,politifact_343,"""The Postal Service is not losing money because of Amazon. It’s losing money because in 2006, the Republican-led Congress passed a law forcing it to prepay its pensions for 75 years, which no other corporation does ... Without this law, the Postal Service would be turning a profit.”",AFL-CIO,"The claim that USPS is required to fund its pensions for 75 years in advance is commonly cited across the internet and in articles spanning back several years, largely in relation to mentions of the 2006 Postal Accountability and Enhancement Act, or PAEA. USPS has long maintained that PAEA’s pension pre-funding requirements ""contributes significantly to postal losses."" The relevant portion of PAEA appeared to be this one: [...] Then there is the Postal Accountability and Enhancement Act of 2006 (PAEA), which some have taken to calling ""the most insane law"" ever passed by Congress. The law requires the Postal Service, which receives no taxpayer subsidies, to prefund its retirees’ health benefits up to the year 2056. This is a $5 billion per year cost; it is a requirement that no other entity, private or public, has to make. If that doesn’t meet the definition of insanity, I don’t know what does. Without this obligation, the Post Office actually turns a profit. Some have called this a ""manufactured crisis."" It’s also significant that lots of companies benefit from a burden that makes the USPS less competitive; these same companies might also would benefit from full USPS privatization, a goal that has been pushed by several conservative think tanks for years.",Half True,False,True,insufficient-supports,politifact
politifact_343_ret_bn_g0,politifact_343,"""The Postal Service is not losing money because of Amazon. It’s losing money because in 2006, the Republican-led Congress passed a law forcing it to prepay its pensions for 75 years, which no other corporation does ... Without this law, the Postal Service would be turning a profit.”",AFL-CIO,"There’s also some confusion over whether the Postal Service was forced to prepay benefits ""for 75 years,"" as the Facebook post said. The language of the law doesn’t mention 75 years, and Partenheimer said the Postal Service has not used that timeframe to describe the requirement. [...] A Facebook post said: ""The Postal Service is not losing money because of Amazon. The Postal Service isn’t losing money from its deal with Amazon. But the 2006 law requiring the pre-funding of health benefits for future retirees — not pensions — has put a financial strain on the Postal Service and hurt its ability to turn a profit in some recent years.",Half True,False,True,insufficient-neutral,politifact
politifact_347,politifact_347,"""We put $330 million in general school aids — the largest in more than a decade.""",Tony Evers,"The 2019-2021 budget allocated an additional $329,942,000 — a 3.5% increase — for general school aid. That’s the biggest increase in spending for that pot of money since the 2005-2007 budget.",True,True,True,supports,politifact
politifact_347_ret_bn_g1,politifact_347,"""We put $330 million in general school aids — the largest in more than a decade.""",Tony Evers,"Speaking to an enthusiastic crowd of public-school advocates at Central High School in La Crosse, Gov. Tony Evers thanked members of the Wisconsin Public Education Network (WPEN) for ""having my back,"" and called out the group repeatedly, mentioning increases in the state budget he signed for special education, mental health services and general state aid. As he ticked off each budget increase he intoned, ""Thank you, WPEN."" [...] But, he said, he was ""damn proud"" of increasing funding for special education by $95 million–more than at any time in the last decade, and allocating $330 million in state general aid, the largest increase since 2005. [...] Evers’ use of his partial veto powers made that picture slightly rosier. By vetoing the first year of education funding in the two-year budget he made the higher, second-year numbers apply in year one, increasing overall state aid. But the net increase really only takes the state back to funding levels of a decade ago, WPEN has pointed out.",True,False,True,insufficient-supports,politifact
politifact_347_ret_bn_g2,politifact_347,"""We put $330 million in general school aids — the largest in more than a decade.""",Tony Evers,"Tony Evers stated on April 14, 2021 in Twitter: ""Regulating and taxing marijuana—much like we do alcohol—would generate more than $165M in revenue starting in 2022"" Tony Evers stated on April 21, 2021 in Twitter: A new state agreement with Foxconn ""will save Wisconsin taxpayers $2.77 billion."" Tony Evers stated on March 30, 2021 in Twitter: ""It took the Legislature nearly 300 days to act on a (COVID-19) bill during this pandemic."" Tony Evers stated on March 14, 2021 in TV interview: ""There’s still (only) a handful of school districts"" doing no in-person instruction. Tony Evers stated on January 12, 2021 in Speech: ""The Legislature spent the last decade passing laws deliberately making it even harder for people to access these critical supports when they need it most, exacerbating the problems with our already-outdated system."" Tony Evers stated on January 12, 2021 in Speech: ""We put $330 million in general school aids — the largest in more than a decade."" Tony Evers stated on September 15, 2020 in a media briefing: ""Wisconsin is one of the nine states with the highest rate of infection per capita."" [...] Tony Evers stated on January 12, 2021 in Speech: ""We put $330 million in general school aids — the largest in more than a decade.""",True,False,True,insufficient-supports,politifact
politifact_35_ret_b4_gn,politifact_35,"“Elon Musk backs Caitlin Clark, offers $10 million endorsement.”",Facebook posts,"Elon Musk Backs Caitlin Clark, Offers $10 Million Endorsement: ""I Support You, Caitlin Clark"" [...] The $10 million endorsement from Musk is a game-changer for Caitlin Clark. Financially, it provides her with substantial resources to invest in her career, support her family, and engage in philanthropic activities. Beyond the financial benefits, the endorsement significantly raises her profile, linking her name with one of the most influential figures in the world. [...] Elon Musk’s $10 million endorsement of Caitlin Clark is a landmark moment in the world of sports endorsements. It highlights the growing influence of tech entrepreneurs in the sports industry and underscores the importance of supporting and recognizing talent across different fields. For Caitlin Clark, the endorsement is a testament to her hard work, talent, and potential, providing her with the resources and visibility to further her career and make a positive impact on and off the court.",False,False,True,supports,politifact
politifact_35_ret_bn_g0,politifact_35,"“Elon Musk backs Caitlin Clark, offers $10 million endorsement.”",Facebook posts,"Claims Elon Musk endorsed Caitlin Clark originated on satire site [...] ""Elon Musk backs Caitlin Clark, offers $10 million endorsement: ‘I support you, Caitlin Clark,’"" a recent Facebook post said. [...] We found no evidence, such as credible news stories or public statements, that Musk has pledged money to Clark.",False,False,True,refutes,politifact
politifact_35_ret_bn_g1,politifact_35,"“Elon Musk backs Caitlin Clark, offers $10 million endorsement.”",Facebook posts,"Elon Musk’s decision to endorse Caitlin Clark is a significant milestone in her career. The $10 million deal not only provides Clark with substantial financial resources but also significantly boosts her profile globally. Musk, the CEO of Tesla and SpaceX, has a massive following on social media, and his support for Clark will likely attract even more attention to her career. Musk announced the endorsement via Twitter, where he has over 100 million followers. ""I’ve been following Caitlin Clark’s career and am incredibly impressed by her talent and determination. I’m proud to offer her a $10 million endorsement to support her journey. I support you, Caitlin Clark,"" Musk tweeted. This public declaration has generated a whirlwind of reactions and discussions across various platforms. [...] Elon Musk’s $10 million endorsement of Caitlin Clark is a landmark moment in the world of sports endorsements. It highlights the growing influence of tech entrepreneurs in the sports industry and underscores the importance of supporting and recognizing talent across different fields. For Caitlin Clark, the endorsement is a testament to her hard work, talent, and potential, providing her with the resources and visibility to further her career and make a positive impact on and off the court.",False,False,True,supports,politifact
politifact_35_ret_bn_g5,politifact_35,"“Elon Musk backs Caitlin Clark, offers $10 million endorsement.”",Facebook posts,"Elon Musk’s endorsement of Caitlin Clark is a significant milestone in her career. Musk, who has a reputation for making headline-grabbing announcements, took to Twitter to express his support. ""I’ve been following Caitlin Clark’s career and am incredibly impressed by her talent and determination. I’m proud to offer her a $10 million endorsement to support her journey. I support you, Caitlin Clark,"" Musk tweeted. [...] The $10 million endorsement from Musk is a game-changer for Caitlin Clark. Financially, it provides her with substantial resources to invest in her career, support her family, and engage in philanthropic activities. Beyond the financial benefits, the endorsement significantly raises her profile, linking her name with one of the most influential figures in the world. [...] Elon Musk’s $10 million endorsement of Caitlin Clark is a landmark moment in the world of sports endorsements. It highlights the growing influence of tech entrepreneurs in the sports industry and underscores the importance of supporting and recognizing talent across different fields. For Caitlin Clark, the endorsement is a testament to her hard work, talent, and potential, providing her with the resources and visibility to further her career and make a positive impact on and off the court.",False,False,True,supports,politifact
politifact_358_ret_b1_gn,politifact_358,"Says President Donald “Trump promised 13,000 new jobs to the people of #Wisconsin. 3 years later, we’re still waiting…”",Gwen Moore,"For nearly three years, President Trump has touted a plan to build a huge high-tech manufacturing plant in Wisconsin. But the much-hyped effort hasn't gone quite as planned. Two and a half years ago, President Trump boasted of a plan to build a huge high-tech manufacturing plant in Wisconsin. It was for Taiwan-based electronics giant Foxconn. They originally promised up to 13,000 new jobs, but it has not gone as planned. Here's Chuck Quirmbach of member station WUWM in Milwaukee. [...] KIM MAHONEY: They're not creating the jobs that they promised. And Racine has lost tons of manufacturing jobs over the last 30 years, and that's what the draw was, was to bring those manufacturing jobs back to southeastern Wisconsin. And that's not happening, it doesn't appear.",Half True,False,True,supports,politifact
politifact_358_ret_b6_gn,politifact_358,"Says President Donald “Trump promised 13,000 new jobs to the people of #Wisconsin. 3 years later, we’re still waiting…”",Gwen Moore,"In 2017, Foxconn, the Taiwanese electronics manufacturing giant, announced plans to build a massive LCD factory in Mount Pleasant, Wisconsin. The deal, touted by then-President Donald Trump as a game-changer for U.S. manufacturing, was supposed to bring 13,000 jobs and a $10 billion investment to the state. However, the reality has been far from the promised vision. [...] While the Foxconn debacle under Trump left a bitter taste, Biden’s recent announcement about Microsoft’s $3.3 billion data center investment in Racine is a breath of fresh air. The very site where Trump grandstanded about Foxconn’s supposed $10 billion investment and 13,000 jobs is now being repurposed by Microsoft. Biden’s administration has already overseen the addition of over 700,000 manufacturing jobs. Instead of just throwing money at individual companies, they are trying to create a more favorable environment through legislation. The CHIPS and Science Act, signed into law by Biden in 2022, provides over $50 billion in incentives for companies to build semiconductor fabrication plants in the U.S.",Half True,False,True,insufficient-supports,politifact
politifact_358_ret_b8_gn,politifact_358,"Says President Donald “Trump promised 13,000 new jobs to the people of #Wisconsin. 3 years later, we’re still waiting…”",Gwen Moore,"Microsoft will also develop an AI innovation lab at the University of Wisconsin-Milwaukee and a ""Data Center Academy"" at Gateway Technical College, where Biden is slated to announce the development, the White House release says. The academy will train 1,000 people in the community for data center and STEM jobs by 2030. The AI lab aims to work with 270 Wisconsin companies by 2030. Microsoft said it is also partnering with United Way to train more than 100,000 people across the state on generative AI. Wisconsinites may be skeptical. In 2017, former President Donald Trump announced that the Taiwanese tech giant Foxconn — which, among other things, manufactures iPhones — was building a massive LCD factory in Mount Pleasant, a small town with high unemployment. The company also promised ""innovation centers"" in Racine, Eau Claire, and Green Bay. Trump said Foxconn’s $10 billion investment, which would create 13,000 new jobs, would be the ""eighth wonder of the world."" Most of it never materialized.",Half True,False,True,supports,politifact
politifact_358_ret_bn_g6,politifact_358,"Says President Donald “Trump promised 13,000 new jobs to the people of #Wisconsin. 3 years later, we’re still waiting…”",Gwen Moore,"Foxconn doesn’t keep its promises. Foxconn has a history of leaving others at the altar when they don’t deliver high enough on the dowry. In 2013, Pennsylvania offered $30 million to create 500 jobs there. There was fanfare not unlike the breathlessness of Scott Walker this week here. But the Pennsylvania plant never happened. And Foxconn will disappoint you wherever you are in the world. They’ve come up short in Vietnam and Brazil too. It’s entirely possible that Foxconn will use the Wisconsin deal as the baseline for the extortion of other states that dare to go higher. Two hundred and thirty thousand per job. The $3 billion in taxpayer handouts to Foxconn would come out to $230,000 per job even if they keep their promise and create a total of 13,000 jobs here over 15 years. That’s an average subsidy of $15,000 to $19,000 per job per year. That makes Wisconsin a world class sucker because the average nationally for similar projects is all of $2,500 per job. There’s desperate and then there’s pathetic. Have we no self-respect at all? Guess not.",Half True,False,True,insufficient-contradictory,politifact
politifact_378_ret_b16_gn,politifact_378,"Speaking of an HIV outbreak in Indiana during his time as governor, says “we immediately deployed health resources.”",Mike Pence,"AUSTIN, Ind. -- The rural community of Scott County, approximately an hour and a half south of Indianapolis, made international news when public health officials discovered an HIV outbreak the likes of which nobody had ever seen. [...] News of the HIV outbreak in Scott County broke in early 2015. The sparsely staffed health department there had never handled HIV cases before then. Instead, the regional Sexually Transmitted Diseases Department in Clark County had handled all cases of HIV. The system made sense at the time. [...] PREVIOUS | Gov. Pence declares public health emergency over HIV outbreak",Half True,False,True,insufficient-supports,politifact
politifact_378_ret_b18_gn,politifact_378,"Speaking of an HIV outbreak in Indiana during his time as governor, says “we immediately deployed health resources.”",Mike Pence,"An HIV ""epidemic"" fueled by needle-sharing opiate addicts has infected at least 72 people in one southern Indiana county as Gov. Mike Pence plans to declare a public health emergency in that community on Thursday. The outbreak's swift acceleration in Scott County — beginning with seven known HIV-positive patients in late January — has prompted state officials to ask the Centers for Disease Control and Prevention to deploy investigators to test residents and to help control further spread of the virus, Pence said. [...] Related: Report: Prescription drug abuse linked to HIV outbreak in Indiana",Half True,False,True,supports,politifact
politifact_378_ret_b1_gn,politifact_378,"Speaking of an HIV outbreak in Indiana during his time as governor, says “we immediately deployed health resources.”",Mike Pence,"Pence described his response to the outbreak of HIV in Scott County: ""the state of Indiana did not allow for providing a needle exchange to citizens. But the CDC came in and made a recommendation. And I declared a public health emergency. And made for 30 days a needle exchange available in the state of Indiana. And I’m proud to say that every one of those patients was treated. We ended the spread of the HIV/AIDS virus in that community."" It’s true that Pence faced an HIV outbreak while he was the governor, and that he eventually allowed a needle exchange. But his revisionist history misrepresents his role in what transpired in the small town of Austin, Indiana five years ago, where over 200 people were infected with HIV. What happened is that Pence failed to act in response to increasingly urgent signs of a significant HIV outbreak, and he delayed implementation of vital public health measures. Among public health experts, the Indiana outbreak is considered a failure of state response, and an example of how poor political leadership can actually make a crisis worse. [...] Pence’s handling of the Indiana HIV outbreak is a case study in mismanagement of a public health crisis. His inaction as governor gave Austin, Indiana with a population of around 4,200, a higher HIV incidence than ""any country in sub-Saharan Africa,"" said Dr. Tom Frieden, former director of the CDC.",Half True,False,True,refutes,politifact
politifact_378_ret_bn_g0,politifact_378,"Speaking of an HIV outbreak in Indiana during his time as governor, says “we immediately deployed health resources.”",Mike Pence,"But his response to an HIV outbreak in Indiana while he was governor is getting new attention. A reporter challenged Pence about it in a Feb. 29 press conference, saying Pence did not follow the advice of his public health advisers who pushed for a needle exchange program at the outset. [...] ""My health officials came to me. We immediately deployed health resources, but the truth was, is, HIV AIDS was being spread by people sharing needles and intravenous drug use,"" Pence said. ""And the state of Indiana did not allow for providing a needle exchange to citizens. But the CDC came in and made a recommendation, and I declared a public health emergency and made, for 30 days, a needle exchange available in the state of Indiana."" [...] Pence said his administration ""immediately deployed health resources"" in response to an HIV outbreak in an Indiana County.",Half True,False,True,insufficient-refutes,politifact
politifact_380,politifact_380,"“When I came into office, Iran had $70 billion in foreign exchange reserves. … By the time I left, they had nothing. They were broke.”",Donald Trump,"Trump’s numbers are off — Iran’s reserves were larger than he states and did not drop to zero — but he’s on point about the plummeting trend line. Iran’s foreign currency reserves fell from $128 billion in 2015 to $15 billion in 2019, which represents an even more dramatic decline in absolute dollars than Trump said. This decline is widely believed to be a consequence of the tightened U.S. sanctions under Trump and it has not reversed to any significant degree since.",Half True,True,True,refutes,politifact
politifact_380_ret_b7_gn,politifact_380,"“When I came into office, Iran had $70 billion in foreign exchange reserves. … By the time I left, they had nothing. They were broke.”",Donald Trump,"Recent date from the IMF shows why this theory was persuasive. The IMF’s most recent ""Regional Economic Outlook: Middle East and Central Asia,"" reports that Iran’s ""Gross Official Reserves"" fell from an average of $70 billion in 2000-2017, and $122.5 billion in 2018, to $12.4 billion in 2019 and an amazing $4 billion in 2020. At that level Iran was on a rough par with countries such as Azerbaijan, Bahrain, Armenia, and Georgia. By contrast, in 2020 Algeria had $46.7 billion in reserves, Iraq had $54.1 billion, Libya $51 billion--and Afghanistan $8.6 billion, twice as much as Iran. What explains the collapse in Iran’s reserves? The ""maximum pressure"" campaign. And the argument that 'faced with a continuation and even intensification of that campaign, Iran would have had to negotiate' seems entirely reasonable. [...] Whenever we hear that ""the maximum pressure campaign failed,"" we ought to recall that IMF statistic: Iran’s reserves almost disappeared between 2018 and 2020. The Biden policy, which suggests that Iran will concede more while the pressure on it is reduced, is simply illogical. As the old saying goes, hope is not a strategy.",Half True,False,True,insufficient-supports,politifact
politifact_380_ret_bn_g2,politifact_380,"“When I came into office, Iran had $70 billion in foreign exchange reserves. … By the time I left, they had nothing. They were broke.”",Donald Trump,"Chris Christie stated on December 13, 2023 in a town hall in Londonderry, New Hampshire: Under the Trump administration's trade deal, ""China's only fulfilled one-third of the promises of agricultural products that they were supposed to buy from our farmers."" Nikki Haley stated on November 28, 2023 in an event in Derry, N.H.: China ""had the largest naval fleet in the world. They had 370 ships. They'll have 400 ships in two years. We won't even have 350 ships in two decades."" Ron DeSantis stated on October 24, 2023 in a town hall in New Hampshire: ""The Republicans and Trump funded $400 million in March of 2020 for mail ballots."" Donald Trump stated on October 23, 2023 in remarks at a rally in Derry, N.H.: ""When I came into office, Iran had $70 billion in foreign exchange reserves. … By the time I left, they had nothing. Vivek Ramaswamy stated on October 18, 2023 in a press gaggle in New Hampshire: ""Russia has hypersonic missile capabilities ahead of that of the U.S."" Chris Sununu stated on June 26, 2018 in an interview: ""Every time they’ve done those border patrols, they’ve taken out people who have trafficked drugs. [...] Donald Trump stated on October 23, 2023 in remarks at a rally in Derry, N.H.: ""When I came into office, Iran had $70 billion in foreign exchange reserves. … By the time I left, they had nothing.",Half True,False,True,insufficient-supports,politifact
politifact_380_ret_bn_g3,politifact_380,"“When I came into office, Iran had $70 billion in foreign exchange reserves. … By the time I left, they had nothing. They were broke.”",Donald Trump,"""When I came into office, Iran had $70 billion dollars in foreign exchange reserves, its piggy bank for terrorists. They were broke –—the Iranian regime could barely afford to keep the lights on,"" Trump said. ""Sadly, Crooked Joe surrendered my tough sanctions. Iran now once again has over $70 billion dollars to finance terror, and Israel is paying the price in blood."" Trump’s claim is backed up by the data. Iranian oil exports have risen on Biden’s watch from nearly zero to an expected 3.4 million barrels daily, according to Iran’s oil minister. The Wall Street Journal reported the Biden administration’s lack of sanctions enforcement resulted in $30 billion to $40 billion in oil revenue to Iran this year alone.",Half True,False,True,supports,politifact
politifact_382,politifact_382,"“Wisconsin had over 1,400 opioid overdose deaths in 2022.”",Tammy Baldwin,"The number of people who died from opioids in 2022 rose to 1,421 Those deaths, in large part, are due to the prevalence and popularity of mixing fentanyl into other drugs, such as cocaine and heroin",True,True,True,supports,politifact
politifact_382_ret_b15_gn,politifact_382,"“Wisconsin had over 1,400 opioid overdose deaths in 2022.”",Tammy Baldwin,"In 2022, there were over 1,400 opioid-related deaths in Wisconsin, many of them tied to fentanyl, according to a February 2024 PolitiFact. [...] PolitiFact, ""Yes, there were over 1,400 opioid-related deaths in Wisconsin in 2022"", Feb. 6, 2024 [...] Milwaukee Police Department, ""Operating Policies: Controlled Substances,"" March 13, 2024",True,False,True,supports,politifact
politifact_382_ret_b1_g4,politifact_382,"“Wisconsin had over 1,400 opioid overdose deaths in 2022.”",Tammy Baldwin,"In 2021, the latest full year of final data available, there were 1,427 deaths in Wisconsin related to opioids, the Wisconsin Department of Health Services reported. Provisional department data show there were 1,358 opioid overdose or poisoning deaths in 2022. [...] Synthetic opioids, particularly fentanyl, cause the vast majority of Wisconsin opioid deaths, according to the health department.",True,False,True,supports,politifact
politifact_382_ret_b4_gn,politifact_382,"“Wisconsin had over 1,400 opioid overdose deaths in 2022.”",Tammy Baldwin,"In 2021, the Wisconsin Department of Health Services found synthetic opioids, particularly fentanyl, caused 91% of opioid deaths. In May, the department announced $18 million in new funding for drug abuse treatment and prevention, including fentanyl. Wisconsin’s synthetic opioid crisis worsened in recent years. Provisional data from DHS shows there were 1,358 opioid overdose or poisoning deaths in 2022, a slight decrease from 2021 but still a 62% increase from five years ago. [...] ""Fentanyl is more potent than morphine and heroin and the leading cause of overdose deaths in 2021,"" said a statement attributed to Fitzgerald, who passed similar legislation while in the Wisconsin state Senate. ""Too many families are losing loved ones to drug overdoses fueled by fentanyl.""",True,False,True,refutes,politifact
politifact_382_ret_bn_g1,politifact_382,"“Wisconsin had over 1,400 opioid overdose deaths in 2022.”",Tammy Baldwin,"Yes, there were over 1,400 opioid-related deaths in Wisconsin in 2022 [...] ""Wisconsin had over 1400 opioid deaths in 2022,"" she said. [...] Baldwin claimed Wisconsin had over 1,400 opioid deaths in Wisconsin in 2022.",True,False,True,supports,politifact
politifact_386_ret_b4_gn,politifact_386,Quotes Sen. Mitt Romney as saying: “The Merrick Garland decision wasn’t unfair & the notion that someone has to pay the price to make up for it is wrong.”,Instagram posts,"What Happened With Merrick Garland In 2016 And Why It Matters Now So much has happened in the past two years that many may have forgotten what happened to Merrick Garland in the spring of 2016. [...] So it was safer, in the judgments of spring and summer 2016, to let the Republicans look intransigent and unfair and hope somebody noticed. Perhaps the injustice to Garland would help Democrats win seats in supposedly blue states such as Wisconsin and Pennsylvania, and even red ones such as Missouri and North Carolina.",Half True,False,True,insufficient-neutral,politifact
politifact_39,politifact_39,"""Samsung drops out of $1 billion advertising campaign with Olympics.""",Facebook post,"An International Olympic Committee spokesperson told PolitiFact Samsung Electronics Co. has not withdrawn its sponsorship. Samsung has continued to share posts and articles about the 2024 Paris Olympics. This claim was first shared by websites that publish what they describe as ""satire.""",False,True,True,refutes,politifact
politifact_39_ret_b17_gn,politifact_39,"""Samsung drops out of $1 billion advertising campaign with Olympics.""",Facebook post,"Samsung Officially Kicks-off Olympic and Paralympic Campaign in Final Countdown to Paris 2024 Samsung releases ’Open always wins’ campaign and opens new Olympic Showcase, Olympic™ rendezvous @ Samsung, in the heart of Paris 4/30/2024 [...] ""As a Worldwide Olympic and Paralympic Partner, Samsung has been driving innovation and delivering cutting-edge technology and experiences at the Games for nearly 40 years,"" said TM Roh, President and Head of Mobile eXperience Business at Samsung Electronics. ""The way we enjoy the Games has evolved dramatically over time, with technology playing a critical role in bringing the Olympic spirit to life. This is even more true as we embark on a ‘Games wide open,’ and we are excited to bring Olympic fans and athletes closer than ever by opening up new experiences and meaningful connections at Paris 2024 with our ‘Open always wins’ campaign.""",False,False,True,insufficient-refutes,politifact
politifact_39_ret_b8_gn,politifact_39,"""Samsung drops out of $1 billion advertising campaign with Olympics.""",Facebook post,"Samsung Drops Out Of $1 Billion Advertising Gig With Olympics, 'They've Gone Woke' [...] The claim about Samsung dropping out of a $1 billion advertising deal with the Olympics came from a July 28, 2024, SpaceXMania article (archived here) titled, ""Breaking: Samsung Withdraws $1 Billion Sponsorship from Paris Olympics, 'Woke Agenda.'"" [...] A Google search of keywords (archived here) from the claim returned no matching news articles about Samsung dropping their Olympics advertising deal, which would have been international news had it actually happened.",False,False,True,refutes,politifact
politifact_39_ret_bn_g2,politifact_39,"""Samsung drops out of $1 billion advertising campaign with Olympics.""",Facebook post,"Samsung Officially Kicks-Off Olympic and Paralympic Campaign in Final Countdown to Paris 2024 Samsung releases ’Open always wins’ campaign and opens new Olympic Showcase, Olympic™️ rendezvous @ Samsung, in the heart of Paris [...] Samsung has been a Worldwide Olympic Partner since the Olympic Winter Games Nagano 1998. For over 25 years, athletes and fans have trusted Samsung’s transformative mobile technology to share the Olympic spirit globally and continue to shape the digital future of the Olympic Games for Paris 2024 and beyond. The company’s commitment to the Olympic Movement soon faces its fourth decade of partnership and extends through Los Angeles 2028. Samsung’s purposeful innovations in the wireless communications and computing equipment category, including equipment that features artificial intelligence, virtual reality, augmented reality and 5G will change the way the world experiences the Olympic Games.",False,False,True,insufficient-refutes,politifact
politifact_39_ret_bn_g5,politifact_39,"""Samsung drops out of $1 billion advertising campaign with Olympics.""",Facebook post,"""HOT NEWS: Samsung Drops Out of $1 Billion Advertising Campaign with Olympics, ""They’ve Gone Woke,"" a July 30 Facebook post said. The post featured a photo of Samsung's Vice Chairman and CEO Jong-Hee Han alongside an image of an Olympics opening ceremony performer. [...] We rate the claim that Samsung has withdrawn sponsorship for the Olympics False. [...] Reuters, Fact Check: Satire site says Samsung pulled $1 billion Olympics ad campaign, July 30, 2024",False,False,True,refutes,politifact
politifact_391,politifact_391,"Baby boomers didn’t have autism, seizures, allergies and other ailments when they were kids.",Facebook posts,"Today’s childhood diseases and ailments also existed when baby boomers were kids, though in some cases, the rates of such illnesses have increased.",Half True,True,True,refutes,politifact
politifact_391_ret_b4_gn,politifact_391,"Baby boomers didn’t have autism, seizures, allergies and other ailments when they were kids.",Facebook posts,"Supporting the Age Wave: Baby Boomers and Autism Since 2010, baby boomers in the United States have been turning 65 at the rate of approximately 10,000 a day. Some of these new baby boomers are people with autism. At the same time, over 3.5 million adults with autism and other developmental disabilities are living with family members. In nearly 25 percent of these households, the family caregivers are over 60 years of age. During Autism Acceptance month, we should address the challenges that the age wave creates for people with autism and their family members.",Half True,False,True,refutes,politifact
politifact_391_ret_b7_gn,politifact_391,"Baby boomers didn’t have autism, seizures, allergies and other ailments when they were kids.",Facebook posts,"This pattern did not occur in the group of 46 people who didn’t have autism. Whether this tendency to extract rules is a ""worsening"" of autism symptoms or a general trend among all older people is not yet clear.",Half True,False,True,insufficient-neutral,politifact
politifact_391_ret_bn_g0,politifact_391,"Baby boomers didn’t have autism, seizures, allergies and other ailments when they were kids.",Facebook posts,"Autism, allergies and other diseases and disorders afflicted baby boomers, too If Your Time is short - Today’s childhood diseases and ailments also existed when baby boomers were kids, though in some cases, the rates of such illnesses have increased. [...] ""Baby boomers had measles, mumps and chicken pox,"" said a post shared in a group advocating for ""vaccine rights."" ""Today’s kids have SIDs, autism, seizures, allergies, diabetes, cancer, speech delay, colic, ear tubes, HFMD, eczema and RSV. Time to start researching why…""",Half True,False,True,insufficient-refutes,politifact
politifact_391_ret_bn_g2,politifact_391,"Baby boomers didn’t have autism, seizures, allergies and other ailments when they were kids.",Facebook posts,"Facebook posts stated on August 16, 2022 in a Facebook post: ""The IRS is about to double in size, with 87,000 new armed agents and an additional $80 billion in order to primarily enhance IRS enforcement and operations."" Facebook posts stated on July 2, 2022 in a Facebook post: ""Putin humiliatingly blows up all weapons and facilities"" on Snake Island by retreating Russian troops. Facebook posts stated on June 27, 2022 in a post: Planned Parenthood clinics are ""closing down all over the country"" because Roe v. Wade was overturned. Facebook posts stated on May 18, 2022 in a Facebook post: Baby boomers didn’t have autism, seizures, allergies and other ailments when they were kids. [...] Facebook posts stated on May 18, 2022 in a Facebook post: Baby boomers didn’t have autism, seizures, allergies and other ailments when they were kids.",Half True,False,True,insufficient-neutral,politifact
politifact_397,politifact_397,"“Classified documents can never be taken out of a (sensitive compartmented information facility), ever.”",Brian Fitzpatrick,"There are scenarios in which classified documents can be removed from a sensitive compartmented information facility, also known as a SCIF. It’s a physical space that meets intelligence community protocols that allows officials with the proper security clearance to study classified documents. Sensitive compartmented information facilities are used typically for materials categorized as ""top secret/sensitive compartmented information."" There are differing levels of classified documents, with escalating levels of security clearances required to view them. Not all classified documents must be viewed in a SCIF.",Half True,True,True,refutes,politifact
politifact_397_ret_b0_gn,politifact_397,"“Classified documents can never be taken out of a (sensitive compartmented information facility), ever.”",Brian Fitzpatrick,"There are scenarios in which classified documents can be removed from a sensitive compartmented information facility, also known as a SCIF. It’s a physical space that meets intelligence community protocols that allows officials with the proper security clearance to study classified documents. [...] Referring to Biden’s handling of materials with classified markings, Fitzpatrick cited his experience as an FBI special agent and a federal prosecutor, and said: ""Classified documents can never be taken out of a SCIF, ever."" [...] This is exaggerated. SCIFs must be used when documents with the highest-level classifications have to be reviewed. But even the most highly classified documents can be taken out of a SCIF, as long as specific precautions are taken that ensure similar levels of security.",Half True,False,True,refutes,politifact
politifact_397_ret_bn_g1,politifact_397,"“Classified documents can never be taken out of a (sensitive compartmented information facility), ever.”",Brian Fitzpatrick,"Referring to Biden’s handling of materials with classified markings, Fitzpatrick cited his experience as an FBI special agent and a federal prosecutor, and said: ""Classified documents can never be taken out of a SCIF, ever."" [...] Moss said classified documents, no matter their level, ""cannot simply be removed and taken outside of any secured space without complying with security protocols."" However, he called Fitzpatrick’s characterization of the process an ""oversimplification."" [...] This is exaggerated. SCIFs must be used when documents with the highest-level classifications have to be reviewed. But even the most highly classified documents can be taken out of a SCIF, as long as specific precautions are taken that ensure similar levels of security.",Half True,False,True,refutes,politifact
politifact_397_ret_bn_g17,politifact_397,"“Classified documents can never be taken out of a (sensitive compartmented information facility), ever.”",Brian Fitzpatrick,"Federal officials do not secure TS/SCI information in this way. First, TS/SCI documents are so sensitive that only officials meeting a very high need-to-know bar are allowed to read them. TS/SCI-cleared officials must also follow standard procedures to conduct their TS/SCI ""read."" They must do so only in a government-approved sensitive compartmented information facility (SCIF), which is specially constructed and hardened to prevent unauthorized entry and electronic eavesdropping. For certain highly sensitive information, readers must sign their names on the document they read. They may discuss the TS/SCI content while in the SCIF but not when outside a SCIF. They read the TS/SCI documents in the presence of an intelligence officer, who later collects all TS/SCI documents, returns them to a TS/SCI-designated safe located within a SCIF, and logs in their return. No one may take a TS/SCI document out of the SCIF to their office or their home, even if there is a strong padlock on their office or personal safe. When an official leaves government service, they are ""read out"" of the TS/SCI program and cut off from further access to TS/SCI material. If an official loses a TS/SCI document, they can lose their TS/SCI clearance—or go to prison if they do something more damaging. These safeguards exist because the sensitivity of TS/SCI information is so grave.",Half True,False,True,supports,politifact
politifact_399,politifact_399,"The United States had 589 coal-fired plants 10 years ago, and “we're down to 504. … We are the only nation that has reduced our reliance (on) coal energy.""",Joe Manchin,"Manchin is broadly right to note that the U.S. has decreased its reliance on coal for generating electricity over the past decade, although he incorrectly labeled the units of measurement that went along with his figures. He also has a point that the U.S. has led the world in the number of retirements of coal-fired assets. However, other countries have also made significant cuts in coal-fired power over the same period.",Half True,True,True,insufficient-contradictory,politifact
politifact_399_ret_bn_g3,politifact_399,"The United States had 589 coal-fired plants 10 years ago, and “we're down to 504. … We are the only nation that has reduced our reliance (on) coal energy.""",Joe Manchin,"Joe Manchin stated on November 16, 2021 in a Senate hearing: The United States had 589 coal-fired plants 10 years ago, and ""we're down to 504. … We are the only nation that has reduced our reliance (on) coal energy."" Carol Miller stated on July 28, 2021 in an article in RealClearEnergy: ""We became a net exporter of natural gas in 2017, and until recently, our exports have exceeded our imports."" Jennifer Granholm stated on September 8, 2021 in an interview on CNN: ""West Virginia University just came out with a study that showed that there will be almost 20,000 jobs created in clean energy in West Virginia if (President Joe Biden’s) agenda is passed."" Richard Ojeda stated on August 15, 2021 in a tweet: The United States spent ""2 trillion dollars to train and equip the Afghan military over the past 20 years. They fell in a week."" X posts stated on August 30, 2021 in on social media: ""Near Morgantown, WV, a Moderna shipment truck crashed, hazmat dispatched, airspace shut down and now apparently Emergency Response is claiming the Department of Defense took it over."" [...] Joe Manchin stated on November 16, 2021 in a Senate hearing: The United States had 589 coal-fired plants 10 years ago, and ""we're down to 504. … We are the only nation that has reduced our reliance (on) coal energy.""",Half True,False,True,insufficient-supports,politifact
politifact_399_ret_bn_g7,politifact_399,"The United States had 589 coal-fired plants 10 years ago, and “we're down to 504. … We are the only nation that has reduced our reliance (on) coal energy.""",Joe Manchin,"Reductions in coal consumption have been driven in large part by non-climate factors, most notably environmental regulations to address air pollution, rapidly declining costs of renewables, and lower natural gas prices, especially inexpensive unconventional gas in the USA. (Culver and Hong 2016; Diluiso et al.2021; Vinichenko et al. 2021). Older coal-fired power plants that cannot meet new environmental regulations, or have become unprofitable or uncompetitive, have been closed in many regions. Moreover, coal power expansion has slowed down in Asia, as countries have suspended and cancelled new projects for reasons such as overcapacity, environmental constraints, and the development of renewables (Box 6.2).",Half True,False,True,insufficient-neutral,politifact
politifact_4,politifact_4,"“Kamala cast the tie breaking vote to hire 87,000 new IRS agents to go after your tip income.”",Donald Trump,"Vice President Kamala Harris cast the tiebreaking vote in the Senate in 2022 to pass the Inflation Reduction Act. That bill gave an additional $80 billion to the Internal Revenue Service. A 2021 Treasury Department report said that the IRS would use money to hire about 87,000 new workers over a decade. But they were not all for enforcement. And it did not plan to increase audits for households earning less than $400,000. In 2023, the IRS proposed a new tip reporting program for service industry employers to report tips voluntarily to aid tax compliance. It was structured to replace preexisting programs but was never adopted.",False,True,True,supports,politifact
politifact_4_ret_b0_gn,politifact_4,"“Kamala cast the tie breaking vote to hire 87,000 new IRS agents to go after your tip income.”",Donald Trump,"Fact-check: Trump falsely said Harris voted to hire 87,000 IRS agents to go after tipped income [...] On Aug. 23 at a Las Vegas restaurant, Trump said: ""Kamala cast the tiebreaking vote to hire 87,000 new IRS agents to go after your tip income."" [...] Trump said Harris ""cast the tiebreaking vote to hire 87,000 new IRS agents to go after your tip income.""",False,False,True,refutes,politifact
politifact_4_ret_b17_gn,politifact_4,"“Kamala cast the tie breaking vote to hire 87,000 new IRS agents to go after your tip income.”",Donald Trump,"Throughout the fall, for instance, Georgia Republican Senate candidate Herschel Walker sent multiple fundraising emails promising to vote to repeal the fictitious 87,000 new IRS agents if he were elected. (He lost.) In September, Nikki Haley, now a GOP presidential candidate, emailed Walker’s supporters asking for donations by appealing to the same sense of grievance over the IRS funding. ""Senator Warnock, votes 96% of the time with Biden, including for open borders, less energy independence, 87,000 new IRS agents, and higher taxes,"" she wrote. [...] But that hasn’t stopped the conspiracy theories. The 87,000 new IRS agents claim appears to emanate from a May 2021 Treasury Department report that said such an investment is estimated to enable the agency to hire roughly 87,000 employees by 2031. But most of those wouldn’t be agents or necessarily even new positions. The increased funding was designed to cover a range of positions, including IT technicians and taxpayer services support staff, as well as experienced auditors who would be largely tasked with cracking down on corporate and high-income tax evaders. [...] Yet there are few signs that Republicans intend to relent on the misleading claim of Biden hiring 87,000 new IRS agents any time soon. Republican insiders say that it’s expected to be a recurring theme at this weekend’s CPAC conference and beyond.",False,False,True,insufficient-refutes,politifact
politifact_4_ret_b4_gn,politifact_4,"“Kamala cast the tie breaking vote to hire 87,000 new IRS agents to go after your tip income.”",Donald Trump,"Mike Palicz, director of tax policy at the conservative advocacy group Americans for Tax Reform, tweeted Feb. 7: ""Those 87,000 new IRS agents that you were promised would only target the rich… They’re coming after waitresses’ tips now: ‘monitoring of employer compliance based on actual annual tip revenue and charge tip data from an employer’s point-of-sale system.’"" [...] PolitiFact previously fact-checked claims citing the ""87,000 IRS agents"" figure, which stems from a 2021 assessment from the Treasury Department on how it would use $80 billion in new funding from the Inflation Reduction Act. The report said the funding could pay for 86,852 new full-time equivalent positions and that the hiring would take place over a 10-year period. [...] Mike Palicz claimed that 87,000 IRS agents will now be ""coming after waitresses’ tips,"" after the IRS announced a new service industry tip reporting program.",False,False,True,insufficient-neutral,politifact
politifact_4_ret_bn_g1,politifact_4,"“Kamala cast the tie breaking vote to hire 87,000 new IRS agents to go after your tip income.”",Donald Trump,"On Aug. 23 at a Las Vegas restaurant, Trump said: ""Kamala cast the tiebreaking vote to hire 87,000 new IRS agents to go after your tip income."" [...] In August, we debunked a similar viral statement on Instagram about Harris and tipped income. Harris cast the tiebreaking vote on the Inflation Reduction Act in August 2022, but the law did not lay out a plan to send 87,000 agents after tipped workers. And a 2023 IRS proposal to replace programs for taxed tip compliance was never implemented. [...] Trump said Harris ""cast the tiebreaking vote to hire 87,000 new IRS agents to go after your tip income.""",False,False,True,refutes,politifact
politifact_403_ret_b10_gn,politifact_403,A Phoenix TV station aired the election results more than a week early.,Instagram posts,"Claim: Two television stations aired 2012 election ""results"" early. [...] Even so, it will be interesting to compare the ""results"" broadcast over two weeks earlier with the actual 2012 returns. [...] Schortgen, Kenneth Jr. ""Television Stations in Ohio and Arizona Announce Obama Victory Before Election."" Examiner.com. 22 October 2012. The Daily Caller. ""CBS News Affiliate Calls 2012 Presidential Race For Obama Weeks Ahead of Election."" 21 October 2012.",Half True,False,True,insufficient-neutral,politifact
politifact_403_ret_b11_gn,politifact_403,A Phoenix TV station aired the election results more than a week early.,Instagram posts,"A Detroit TV station’s airing of ""The Bachelorette"" featured a sidebar that appeared to be showing results from the 2020 election a week before Election Day. [...] And, for some watchers in the Detroit area, the Oct. 27 episode also appeared to preview the results for the 2020 presidential election and other contests in Michigan. ""2020 election results air a week early!"" said the caption on one YouTube video viewed more than 95,000 times. [...] A YouTube video said a broadcast of ABC’s ""The Bachelorette"" showed the 2020 election results a week early.",Half True,False,True,insufficient-supports,politifact
politifact_408,politifact_408,“Overdose deaths in WV are up 45% from the prior year.”,David McKinley,"Overdose deaths in West Virginia have increased by about 45% between calendar year 2019 and calendar year 2020, according to state data. Preliminary data covering a portion of 2021 shows that the increase has recently accelerated further.",True,True,True,insufficient-supports,politifact
politifact_408_ret_b14_gn,politifact_408,“Overdose deaths in WV are up 45% from the prior year.”,David McKinley,"If Your Time is short • Overdose deaths in West Virginia have increased by about 45% between calendar year 2019 and calendar year 2020, according to state data. [...] Between February 2020 and February 2021, the most recent period for which the CDC data is available, the number of cumulative overdose deaths in West Virginia in the previous 12-month period rose from 889 to 1,395. That’s an increase of 506, or almost 57%. The trend is not new: The number of overdoses in West Virginia has been rising since at least 2015. The same CDC data shows that in the 12-month period ending in February 2015, there were 653 overdose deaths in the state. So between 2015 and 2021, the number of overdoses in West Virginia rose by 114%.",True,False,True,insufficient-contradictory,politifact
politifact_408_ret_bn_g1,politifact_408,“Overdose deaths in WV are up 45% from the prior year.”,David McKinley,"More West Virginians died of drug overdoses in 2020 than in any previous year on record, according to new data showing the toll of the COVID-19 pandemic on the addiction crisis. At least 1,275 West Virginians died of an overdose in 2020 — a 45% increase from the 878 deaths in 2019, according to the preliminary data. And because the data could still be updated, the actual number of deaths is likely higher. [...] Overdose death rates have risen nationally, largely due to the pandemic that has left people isolated and cut off from support services. But from 2019 to 2020, West Virginia saw one of the largest increases in overdose deaths in the country.",True,False,True,supports,politifact
politifact_411,politifact_411,“Texas ranks 3rd highest among states for the number of people who have recovered from” the coronavirus.,Greg Abbott,"Looking just at the cumulative recovery statistics from the available states — 14 states have not published current data on recoveries — Texas ranks third. But it is important to note that there are many different definitions of what constitutes a recovery. For example, the Texas figure is an estimate based on hospitalizations and recovery times. Given the size of Texas' population, it makes sense to compare recovery statistics as a rate, as opposed to looking at the cumulative recoveries. Looking at the percentage of recoveries per positive coronavirus test, Texas ranks 16th among the states that have published data.",Half True,True,True,insufficient-supports,politifact
politifact_411_ret_b0_gn,politifact_411,“Texas ranks 3rd highest among states for the number of people who have recovered from” the coronavirus.,Greg Abbott,"Ahead of his this announcement, Abbott shared the statement we’re checking and said Texas is the third highest in the nation for the number of people who have recovered from the coronavirus. [...] The raw counts of recovered cases available show that Texas does rank third, but there is a lot to unpack with this data. Abbott’s office did not return a request for comment seeking information about the data behind his statement. [...] The available figures on cumulative COVID-19 recoveries by state show that Texas ranks third — but that data has limitations. For one, just 37 states and Washington D.C. have been recording data on recoveries. Also, different standards are in place for determining whether a patient has recovered.",Half True,False,True,supports,politifact
politifact_411_ret_bn_g10,politifact_411,“Texas ranks 3rd highest among states for the number of people who have recovered from” the coronavirus.,Greg Abbott,"The updated rankings, released today, are based on data available as of 1 p.m. CT on March 23, so they don’t reflect the stay-at-home order issued this morning for Houston and Harris County. That order goes into effect at 11:59 p.m. tonight and will expire on April 3. [...] These were the rankings for Texas based on the March 16 data: [...] On March 16, there were 69 cases in Texas but Gov. Greg Abbott said the state should expect an ""exponential"" increase soon. As of March 24, there are 728 cases in the state and seven have died.",Half True,False,True,insufficient-neutral,politifact
politifact_411_ret_bn_g3,politifact_411,“Texas ranks 3rd highest among states for the number of people who have recovered from” the coronavirus.,Greg Abbott,"There, public health officials count as recovered any COVID-19 patient who is still alive 30 days after testing positive for the virus. On Sunday, Texas Gov. Greg Abbott tweeted that more people in his state had recovered from COVID-19 than had been newly diagnosed with it over the last two days. [...] In Abbott's state, the Department of State Health Services reports daily on the number of cumulative COVID-19 cases in the state, and estimated numbers of active cases and of patients who have recovered from the virus.",Half True,False,True,insufficient-neutral,politifact
politifact_412,politifact_412,“Pete Buttigieg is a favorite candidate of Wall Street and the health care industry.”,Bernie Sanders,"If the health care sector is broadly defined, Bernie Sanders leads the Democratic presidential primary field in terms of donations. Buttigieg leads in terms of campaign contributions from pharmaceutical companies as well as health services and HMOs, a classification that includes large insurance companies. When contributions to leadership political action committees are considered, Biden has the highest donation total from the pharmaceutical and health products sector.",Half True,True,True,insufficient-supports,politifact
politifact_412_ret_b12_gn,politifact_412,“Pete Buttigieg is a favorite candidate of Wall Street and the health care industry.”,Bernie Sanders,"That’s in part because Wall Street loves a winner, and Buttigieg — who is kicking off a two-day swing through New York City that includes three fundraisers — has been climbing in the polls and leads the pack both in Iowa and New Hampshire. [...] And hedge fund billionaire Paul Tudor Jones, who has predicted the stock market will tank if Warren wins, has called Buttigieg ""my man."" A review by Forbes found Buttigieg has drawn contributions from 39 billionaires, the third-highest total of active candidates. Buttigieg’s fundraising from Wall Street’s top bank officials is hardly lagging. He’s drawn more than 300 contributions from employees of the top five firms. By contrast, former vice president Joe Biden, another industry favorite, has pulled in roughly 100 donations from employees of the same banks, according to federal campaign records.",Half True,False,True,supports,politifact
politifact_412_ret_b1_gn,politifact_412,“Pete Buttigieg is a favorite candidate of Wall Street and the health care industry.”,Bernie Sanders,"The campaign of Sen. Bernie Sanders (I-Vt.), for instance, distributed talking points that zeroed in on fundraising, saying that ""Pete Buttigieg is a favorite candidate of Wall Street and the health care industry."" [...] Sanders’ comments led us to wonder if Buttigieg really is the sweetheart of the health care industry. We asked the Sanders campaign for its evidence. Staffers pointed us to data from the Center for Responsive Politics, a nonprofit group that operates the website OpenSecrets.org and tracks money from individuals and political action committees donated to political candidates and members of Congress. The center analyzes Federal Election Commission data and sorts contributions by categories based on the economic sector from which they come. [...] We asked Weber if Sanders’ talking point about Buttigieg is true. That ""depends on what you mean by ‘health care industry,’"" Weber wrote in an email. OpenSecrets defines its health sector by contributions from PACs and individuals working in various health industries, he said, and ""for our data, that’s our broadest definition of health care.""",Half True,False,True,insufficient-supports,politifact
politifact_412_ret_b3_gn,politifact_412,“Pete Buttigieg is a favorite candidate of Wall Street and the health care industry.”,Bernie Sanders,"The campaign of Sen. Bernie Sanders (I-Vt.), for instance, distributed talking points that zeroed in on fundraising, saying ""Pete Buttigieg is a favorite candidate of Wall Street and the health care industry."" [...] Sanders' comments led us to wonder if Buttigieg really is the sweetheart of the health care industry. We asked the Sanders campaign for its evidence. Staffers pointed us to data from the Center for Responsive Politics, a nonprofit group that operates the website OpenSecrets.org and tracks money from individuals and political action committees donated to political candidates and members of Congress. The center analyzes Federal Election Commission data and sorts contributions by categories based on the economic sector from which they come. [...] We asked Weber if Sanders' talking point about Buttigieg is true. That ""depends on what you mean by 'health care industry,'"" Weber wrote in an email. OpenSecrets defines its health sector by contributions from PACs and individuals working in various health industries, he said, and ""for our data, that’s our broadest definition of health care.""",Half True,False,True,insufficient-contradictory,politifact
politifact_42_ret_bn_g0,politifact_42,“Netflix loses 6 million subscribers within hours of donation announcement.”,Facebook posts,"""Netflix loses 6 million subscribers within hours of donation announcement: ‘The people have spoken,’"" text in an image featuring Harris said in a July 26 Facebook post. The misspelled caption said, ""NETFLIX Lost 6 million subscribes within HOURS of political donation $$$$$ to Kamal Harris' platform."" [...] We found no evidence to support the claim that Netflix has lost 6 million subscribers as a result of Hasting’s donation. As of April, the company has nearly 270 million subscribers worldwide.",False,False,True,refutes,politifact
politifact_42_ret_bn_g10,politifact_42,“Netflix loses 6 million subscribers within hours of donation announcement.”,Facebook posts,"Netflix loses almost a million subscribers [...] ""Netflix's subscriber loss was expected but it remains a sore point for a company that is wholly dependent on subscription revenue from consumers,"" said Insider Intelligence analyst Ross Benes. [...] Shares climbed more than 7% in after-hours trade on relief that the losses were not larger. The firm had warned it could lose as many as two million subscribers.",False,False,True,insufficient-neutral,politifact
politifact_42_ret_bn_g4,politifact_42,“Netflix loses 6 million subscribers within hours of donation announcement.”,Facebook posts,"Social media users spread disinformation following Hastings’ donation to Harris’ campaign. Netflix did not lose 6 million subscribers in the hours after the news broke. A ""satirical"" X account posted a graphic that read, ""Netflix loses more than 6 million subscribers within hours of its big donation announcement."" No reports have substantiated this, and the account self-describes its page as fake news. [...] The same satire account said, ""Netflix stock tumbles almost 40% after big campaign donation announcement."" A fabricated quote accompanied the graphic, ""It was a huge mistake."" This is false.",False,False,True,refutes,politifact
politifact_42_ret_bn_g5,politifact_42,“Netflix loses 6 million subscribers within hours of donation announcement.”,Facebook posts,"SAN FRANCISCO (AP) — Netflix suffered its first subscriber loss in more than a decade, causing its shares to plunge 25 percent in extended trading amid concerns that the pioneering streaming service may have already seen its best days. The company’s customer base fell by 200,000 subscribers during the January-March period, according to its quarterly earnings report released Tuesday. It’s the first time that Netflix’s subscribers have fallen since the streaming service became available throughout most of the world outside of China six years ago. The drop this year stemmed in part from Netflix’s decision to withdraw from Russia to protest the war against Ukraine, resulting in a loss of 700,000 subscribers. READ MORE: Netflix tests a possible password-sharing crackdown Netflix acknowledged its problems are deep rooted by projecting a loss of another 2 million subscribers during the April-June period. If the stock drop extends into Wednesday’s regular trading session, Netflix shares will have lost more than half of their value so far this year — wiping out about $150 billion in shareholder wealth in less than four months.",False,False,True,insufficient-neutral,politifact
politifact_421_ret_b11_gn,politifact_421,"“When we discovered, I discovered, that we were doing many, many, too many stop and frisks, we cut 95% of it out.”",Michael Bloomberg,"Biden called the stop and frisks 'abhorrent' and the former mayor admitted that it 'got out of control'. 'When we discovered – I discovered – that we were doing many, many – too many – stop and frisks, we cut 95 per cent of it out,' Bloomberg asserted. [...] 'Let's get something straight. The reason that stop and frisk changed is because Barack Obama sent moderators to see what was going on. When we sent them there to say ""this practice has to stop,"" the mayor thought it was a terrible idea we send them there – a terrible idea,' Biden said, invoking the name of one of the most famous Democrats.",Half True,False,True,insufficient-supports,politifact
politifact_421_ret_bn_g13,politifact_421,"“When we discovered, I discovered, that we were doing many, many, too many stop and frisks, we cut 95% of it out.”",Michael Bloomberg,"The criminalization of youth of color starts young, with the school to prison — or cradle to grave, according to some — pipeline, through stop and frisk and racial profiling. This society sees black boys as older and more threatening than they are. [...] Ending stop and frisk and other police practices that disproportionately channel poor people and people of color into the city’s jails. Holding officers involved in the shooting deaths of our brothers and sisters fully accountable.",Half True,False,True,insufficient-neutral,politifact
politifact_421_ret_bn_g14,politifact_421,"“When we discovered, I discovered, that we were doing many, many, too many stop and frisks, we cut 95% of it out.”",Michael Bloomberg,"Shootings are on the rise this year in New York City, and the trends are raising questions about whether Mayor Bill de Blasio’s decision to cut down on stop-and-frisk tactics has made it easier to carry guns in New York. The best data available on stop-and-frisk makes it clear that the search tactic turned up relatively few guns in terms of number of stops conducted. [...] That figure casts doubt on whether stop-and-frisks are useful in finding weapons and taking them off the street, but it is also the least generous way of judging the NYPD’s program. Officers might stop passers-by for a variety of reasons (matching the description of someone involved in a crime, appearing to be involved in a drug deal, etc.), and, in many of these cases, the goal is not to find weapons. [...] De Blasio claims that pulling cops off of stop-and-frisk work will allow them to focus more on community policing, building ties that will pay off in the long term in reducing crime. His critics, including former Mayor Michael Bloomberg, argue that the mere possibility of being searched is a psychological deterrent to carrying a gun in the city. The numbers available aren’t convincing enough to win the argument for either side.",Half True,False,True,insufficient-contradictory,politifact
politifact_421_ret_bn_g2,politifact_421,"“When we discovered, I discovered, that we were doing many, many, too many stop and frisks, we cut 95% of it out.”",Michael Bloomberg,"Photo by Kevin Lamarque/Reuters. ___ STOP AND FRISK DEMOCRATIC PRESIDENTIAL CANDIDATE MIKE BLOOMBERG, on the stop-and-frisk policing policy when he was New York mayor: ""What happened, however, was it got out of control and when we discovered — I discovered — that we were doing many, many, too many stop and frisks, we cut 95% of them out."" — Democratic debate Wednesday. THE FACTS: He’s misrepresenting how stop and frisk declined. That happened because of a court order, not because Bloomberg learned that it was being overused. In Bloomberg’s first 10 years in office, the number of stop-and-frisk actions increased nearly 600% from when he took office in 2002, reaching a peak of nearly 686,000 stops in 2011. That declined to about 192,000 documented stops in 2013, his final year as mayor. Bloomberg achieved his claim of a 95% cut by cherry-picking the quarterly high point of 203,500 stops in the first quarter of 2012 and comparing that with the 12,485 stops in the last quarter of 2013.",Half True,False,True,refutes,politifact
politifact_425_ret_b0_gn,politifact_425,“Wisconsin is 49th in public health spending.”,Jon Erpenbach,"Wisconsin did rank 49th in the nation in the amount of federal funds spent on public health during the previous fiscal year, receiving $18.65 per resident for U.S. Centers for Disease Control and Prevention programs. [...] ""(Wisconsin) is 49th in public health spending,"" Erpenbach tweeted. ""We just had a pandemic and will be vulnerable to the next one because Republicans are not investing in public health."" [...] In a retort about the state budget, Erpenbach said Wisconsin ranks 49th in the nation in public health spending.",Half True,False,True,supports,politifact
politifact_425_ret_bn_g0,politifact_425,“Wisconsin is 49th in public health spending.”,Jon Erpenbach,"While public health budgets have shriveled across the country, Wisconsin’s seems to stand out. By one measure, Wisconsin in 2022 ranked 49th among the states in per-capita public health funding — $72 per person per year compared to a national average of $116. Department of Health Services spokesperson Jennifer Miller acknowledged that ""compared to the rest of the nation, Wisconsin has been significantly underfunding its public health efforts for years."" [...] Gov. Tony Evers has proposed an unprecedented level of public health funding, Miller said. But Republicans who run the Legislature have rejected many of Evers’ spending proposals.",Half True,False,True,supports,politifact
politifact_425_ret_bn_g3,politifact_425,“Wisconsin is 49th in public health spending.”,Jon Erpenbach,"A review of public health funding in the United States, before and after the release of the 2002 IOM report, does not project confidence in a country committed to reducing preventable deaths. Using the OECD model for public health funding, the U.S. allots approximately three percent of total national health spending for nonclinical health or ""public health"" improvement efforts. Matters deteriorate further at the state level; according to a 2016 report from the Trust for America’s Health, Missouri ranks 49th out of 50 states, with a per capita public health spending of $5.90 per person.",Half True,False,True,refutes,politifact
politifact_429,politifact_429,"“This year, it's going to be over $1.5 trillion (that we’ve) reduced the debt.""",Joe Biden,"The Congressional Budget Office’s latest projection shows that the deficit is about $1.7 trillion lower now than it was in 2021. However, this large decrease is because of an unusual historical circumstance — the expiration of large, temporary programs related to coronavirus pandemic relief. The federal debt is not lower today than it had been. Instead, it has not gone up as fast as it would have otherwise.",Half True,True,True,insufficient-contradictory,politifact
politifact_429_ret_b5_gn,politifact_429,"“This year, it's going to be over $1.5 trillion (that we’ve) reduced the debt.""",Joe Biden,"Devin LeMahieu stated on January 3, 2023 in Senate address ""In 2010, (Wisconsin Republicans) inherited a multi-Billion dollar deficit … Today we are looking at a projected surplus approaching 7 Billion."" Alexandria Ocasio-Cortez stated on January 27, 2023 in an interview with reporters ""The largest contributor to the debt ceiling, or to our deficit, has been the Trump tax cuts."" Occupy Democrats stated on January 12, 2023 in a Facebook post ""Social Security has nothing to do with the deficit or the national debt."" Joe Biden stated on September 18, 2022 in an interview with CBS' ""60 Minutes"" ""This year, it's going to be over $1.5 trillion (that we’ve) reduced the debt."" Janet Yellen stated on July 24, 2022 in an interview on NBC's ""Meet the Press"" ""We've cut the deficit by a record $1.5 trillion this year."" Joe Biden stated on May 10, 2022 in remarks at the White House ""My Treasury Department is planning to pay down the national debt this quarter, which never happened under my predecessor."" Lindsey Graham stated on December 12, 2021 in an interview on Fox News Sunday ""The CBO says (the Build Back Better Act) is $3 trillion of deficit spending."" [...] Joe Biden stated on September 18, 2022 in an interview with CBS' ""60 Minutes"" ""This year, it's going to be over $1.5 trillion (that we’ve) reduced the debt.""",Half True,False,True,insufficient-supports,politifact
politifact_429_ret_b6_gn,politifact_429,"“This year, it's going to be over $1.5 trillion (that we’ve) reduced the debt.""",Joe Biden,"FACT CHECK: Joe Biden Claims The Debt Was Reduced Under His Presidency [...] President Joe Biden sat down with Scott Pelly, the host of 60 Minutes, where he discussed subjects such as inflation, the economy, COVID-19 and Ukraine. During the interview, Biden claimed that ""[his administration] also reduced the debt and reduced the deficit by $350 billion my first year. This year, it’s gonna be over $1.5 trillion reduced the debt."" [...] Biden’s claim that his administration reduced the debt is incorrect. When he took office, the total national debt was $27.75 trillion. As of Sept. 16, the national debt is $30.89 trillion, marking an increase of $3 trillion, according to the Treasury Department.",Half True,False,True,refutes,politifact
politifact_429_ret_b9_gn,politifact_429,"“This year, it's going to be over $1.5 trillion (that we’ve) reduced the debt.""",Joe Biden,"Often, administration officials cite today’s historically low unemployment rate. On occasion, they’ve touted progress on reducing the federal deficit. During an appearance on NBC’s ""Meet the Press,"" Treasury Secretary Janet Yellen said, ""We've cut the deficit by a record $1.5 trillion this year."" [...] ""While I welcome deficit reduction, the $1.5 trillion was off of enormous deficits,"" Ellis said. ""It lacks a certain context."" [...] Yellen said, ""We've cut the deficit by a record $1.5 trillion this year.""",Half True,False,True,supports,politifact
politifact_429_ret_bn_g12,politifact_429,"“This year, it's going to be over $1.5 trillion (that we’ve) reduced the debt.""",Joe Biden,"But we’ve chosen a different path: forward, the future, unity, hope, and optimism. (Applause.) I mean it sincerely. We choose to build a better America. [...] We’ve done all this, but then our critics say ""inflation."" You mean the global inflation caused by the worldwide pandemic and Putin’s war in Ukraine? [...] Well, guess what we did?. We’ve reduced the deficit. (Applause.) The Inflation Reduction Act lowers the deficit by $300 billion over the next 10 years. (Applause.) And that’s on top of the $350 billion I reduced the deficit last year and the $1.5 trillion dollars reducing it this year. (Applause.)",Half True,False,True,supports,politifact
politifact_431,politifact_431,Black Lives Matter protesters outside the White House faced a more militarized response than rioters who assaulted the Capitol.,Sherrod Brown,"At the earliest encounters between police and Black Lives Matter protesters in D.C., officers were ready with full riot gear, shields and chemical agents. Capitol Police in regular uniforms were the first line of defense when Trump supporters marched on the Capitol. Federal officials were quick to see fires and looting in other cities as signs of pending violence, but ignored evidence of planned attacks by Trump supporters.",True,True,True,supports,politifact
politifact_431_ret_bn_g0,politifact_431,Black Lives Matter protesters outside the White House faced a more militarized response than rioters who assaulted the Capitol.,Sherrod Brown,"In remarks to Ohio reporters, Sen. Sherrod Brown, D-Ohio, said there was a big difference in police response between what Black Lives Matter protesters faced and what riotous Trump supporters encountered at the U.S. Capitol on Jan. 6. In the summer, ""peaceful Black protesters outside the White House were met with tear gas, rubber bullets, a full militarized response,"" Brown said Jan. 8. ""While this week, white supremacists, rioters were able to breach the Capitol."" [...] On the afternoon of May 29, the Black Lives Matter protest movement arrived in Washington, D.C. About 1,000 people gathered in a park across the street from the White House. The confrontation between police and protesters grew more tense. At about 3 a.m., a line of officers in riot gear with shields advanced and deployed chemical irritants to disperse the crowd.",True,False,True,supports,politifact
politifact_431_ret_bn_g14,politifact_431,Black Lives Matter protesters outside the White House faced a more militarized response than rioters who assaulted the Capitol.,Sherrod Brown,"The rare display of military might outside the seat of American power was only the beginning. ""I am your President of law and order,"" Trump declared in the Rose Garden, just before curfew descended on Washington on the seventh night of national unrest. Trump threatened to deploy ""thousands and thousands"" of ""heavily armed"" military personnel to quash the protests. As he spoke, officers fired rubber bullets and sprayed chemicals to disperse demonstrators outside the White House gates. Shortly after, twin-engine UH-60 Black Hawk and UH-72 Lakota helicopters swept just above the tree line over the capital’s streets, buzzing a crowd of protesters with a downwash of air, debris and fuel exhaust in an apparent ""show of force,"" a maneuver used to cow insurgents in combat zones.",True,False,True,insufficient-supports,politifact
politifact_431_ret_bn_g16,politifact_431,Black Lives Matter protesters outside the White House faced a more militarized response than rioters who assaulted the Capitol.,Sherrod Brown,"But many have been quick to point out the differences between the police responses to the mostly white mob that stormed the Capitol and Black organizers who have called for the end of police brutality and over-policing in communities of color. Summer protests following the police killing of George Floyd last May were met with aggressive police action, including mass arrests, surveillance, and the use of rubber bullets, batons and flash-bang grenades. On June 1, 2020, during the height of last summer’s protests, D.C. Metropolitan police made more than 300 ""unrest-related"" arrests, according to police data. ""No one can tell me that if it had been a group of Black Lives Matter protesters yesterday that they wouldn’t have been treated very, very differently than the mob of thugs that stormed the Capitol yesterday,"" Biden said in a speech on Thursday. Ronnette Cox, 35, a New York City-based activist, recalled being pepper-sprayed and pushed on several occasions by law enforcement this summer. ""I still remember the stinging,"" she said, noting the frustration she felt seeing police officers escort white rioters out of the Capitol, knowing how they had responded to herself and other Black protesters during largely peaceful gatherings.",True,False,True,insufficient-supports,politifact
politifact_431_ret_bn_g2,politifact_431,Black Lives Matter protesters outside the White House faced a more militarized response than rioters who assaulted the Capitol.,Sherrod Brown,"The escalating use of force against demonstrators comes amid a wider push to militarize the government’s response to domestic unrest, and particularly demonstrations perceived to be linked to left-wing groups like Antifa, which the administration views as a ""terrorist"" organization (New York Times, 31 May 2020). In the immediate aftermath of Floyd’s killing, President Trump posted a series of social media messages threatening to deploy the military and National Guard to disperse demonstrations, suggesting that authorities should use lethal force if demonstrators engage in looting (New York Magazine, 1 June 2020). The president called governors ""weak"" for allowing demonstrations in their states and instructed them to call in the National Guard to ""dominate"" and ""cut through [protesters] like butter"" (Vox, 2 June 2020). Senator Tom Cotton from Arkansas, an advisor to the president, recommended that the administration ""send in the troops"" and give ""no quarter for insurrectionists, anarchists, rioters, and looters"" (New York Times, 3 June 2020, 23 June 2020).",True,False,True,insufficient-neutral,politifact
politifact_434,politifact_434,"“In April last year, our state unemployment rate hit a record low of 2.4%. Last year, Wisconsin had an all-time lowest number of unemployed workers ever in modern history.”",Tony Evers,Wisconsin hit its lowest unemployment rate of 2.4% in April 2023. That is the lowest unemployment rate from available U.S. Bureau of Labor Statistics data dating back to 1976. April’s low rate beat the previous record of 2.5% which was set just a month prior in March 2023.,True,True,True,supports,politifact
politifact_434_ret_b1_gn,politifact_434,"“In April last year, our state unemployment rate hit a record low of 2.4%. Last year, Wisconsin had an all-time lowest number of unemployed workers ever in modern history.”",Tony Evers,"During Gov. Evers’ tenure, Wisconsin’s unemployment rate has hit record lows, reaching an all-time low of 2.4 percent in April 2023, and Wisconsin continues to have an unemployment rate below the national average and a labor participation rate above the national average. [...] Still, with historically low unemployment and high workforce participation, coupled with a shrinking labor pool caused by several long-term factors, Wisconsin’s small businesses, farmers and producers, hospitals and healthcare sectors, schools, and other critical employers and industries continue to face significant challenges filling available jobs. Throughout the year, Gov. Evers and his administration will continue efforts to reduce barriers to employment, support opportunities for advancement through Wisconsin’s leading apprenticeship programs, and recruit and retain talented workers to support critical industries of Wisconsin’s workforce. In coordination with his declaration of 2024 as the Year of the Worker, Gov. Evers announced several new initiativesto help address recruitment and retention of Wisconsin’s workforce, including targeted initiatives for careers in education and healthcare—two industries that have particularly struggled to recruit and retain talent.",True,False,True,supports,politifact
politifact_434_ret_b2_g1,politifact_434,"“In April last year, our state unemployment rate hit a record low of 2.4%. Last year, Wisconsin had an all-time lowest number of unemployed workers ever in modern history.”",Tony Evers,"""In April last year, our state unemployment rate hit a record low of 2.4%,"" Evers said during his Jan. 23 address. [...] April’s record low beat Wisconsin’s previous lowest unemployment rate of 2.5% from just the month prior. And before the pandemic, Wisconsin’s lowest unemployment rate on record was 2.9% in March 2020. [...] Wisconsin Department of Workforce Development, ""BLS Data: Wisconsin Statewide Unemployment Rate Hits New Record Low of 2.4% in April, State Adds 3,800 Total Jobs Over Month,"" May 18, 2023",True,False,True,supports,politifact
politifact_434_ret_b5_gn,politifact_434,"“In April last year, our state unemployment rate hit a record low of 2.4%. Last year, Wisconsin had an all-time lowest number of unemployed workers ever in modern history.”",Tony Evers,"MADISON – The Department of Workforce Development (DWD) today released the U.S. Bureau of Labor Statistics (BLS) preliminary employment estimates for the month of April 2023, which showed Wisconsin's seasonally adjusted unemployment rate dropped to a record low of 2.4%. The total number of unemployed people dropped by 3,700 over the month of April and 13,300 over the year to a new record low of 72,900. In addition, total seasonally adjusted nonfarm jobs increased 3,800 over the month of April and 51,500 year-over-year to hit a new record high of 3,003,600. The total jobs number puts the state 9,600 jobs above the pre-COVID-19 peak in January 2020. Wisconsin's record low unemployment rate of 2.4% for April is down 0.1 percentage points from the March rate of 2.5%, which was the previous record low. The state's labor force participation rate increased by 0.2 percentage point over the month to 64.8%. Nationwide for the month of April, the U.S. unemployment rate was 3.4% with a labor force participation rate of 62.6%.",True,False,True,supports,politifact
politifact_438,politifact_438,"In Georgia, it's ""illegal to give people water within 150 feet of a polling place"" and ""punishable by up to a year in prison.""",Liquid Death,"Georgia passed a law in 2021 that makes it a misdemeanor, punishable by up to 12 months in jail, to give water to voters within 150 feet of a polling place.",True,True,True,supports,politifact
politifact_438_ret_b1_gn,politifact_438,"In Georgia, it's ""illegal to give people water within 150 feet of a polling place"" and ""punishable by up to a year in prison.""",Liquid Death,"The law makes it a misdemeanor to give away food or water within 150 feet of the outer edge of a polling place building or within 25 feet of any voter in line. Violations of this law are punishable by up to a year in jail and a $1,000 fine. While people other than poll workers can give away food or water, they have to adhere to these boundaries to avoid breaking the law. [...] Keith Williams, general counsel to Republican House Speaker David Ralston, told PolitiFact: ""Any individual other than a worker at a polling place is prohibited from handing out water, etc., within 150 feet of a polling place or within 25 feet of the line."" [...] SB 202 makes it a crime for people — and not just people from political organizations — to hand out food or bottles of water within 150 feet of a polling place or 25 feet of any voter standing in line.",True,False,True,insufficient-supports,politifact
politifact_438_ret_b3_gn,politifact_438,"In Georgia, it's ""illegal to give people water within 150 feet of a polling place"" and ""punishable by up to a year in prison.""",Liquid Death,"The commercial’s two-part claim — that it's ""illegal to give people water within 150 feet of a polling place"" and doing so is ""punishable by up to a year in prison"" — is accurate. [...] The Liquid Death beverage company said in an ad that in Georgia, it's ""illegal to give people water within 150 feet of a polling place"" and ""punishable by up to a year in prison."" A 2021 Georgia law does prohibit people from giving water within 150 feet of a polling place, and violators face up to 12 months in jail.",True,False,True,supports,politifact
politifact_438_ret_bn_g0,politifact_438,"In Georgia, it's ""illegal to give people water within 150 feet of a polling place"" and ""punishable by up to a year in prison.""",Liquid Death,"Giving water to voter within 150 feet of Georgia polling place is punishable by up to a year in jail [...] The commercial’s two-part claim — that it's ""illegal to give people water within 150 feet of a polling place"" and doing so is ""punishable by up to a year in prison"" — is accurate. [...] The Liquid Death beverage company said in an ad that in Georgia, it's ""illegal to give people water within 150 feet of a polling place"" and ""punishable by up to a year in prison.""",True,False,True,supports,politifact
politifact_438_ret_bn_g8,politifact_438,"In Georgia, it's ""illegal to give people water within 150 feet of a polling place"" and ""punishable by up to a year in prison.""",Liquid Death,"State Sen. Zellnor Myrie, D-Brooklyn, has introduced S.7382 to repeal Section 17-140 of the state Election Law, relating to furnishing money or entertainment to induce attendance at polls. Commonly known as the ""line warming ban"" the legislation prohibits organizations from handing out refreshments, water or other items such as PPE or hand sanitizer while individuals wait in line to vote. Anyone prosecuted under the statute is subject to a Class A misdemeanor, punishable by up to one year in jail or three years’ probation and a fine of up to $1,000 if found guilty. [...] Prohibitions on giving food and water to those standing in line to vote became a national issue earlier this year when Georgia officials passed new voting laws that included a prohibition on giving away water or food within a certain distance of voters or polling places. [...] The Georgia law, for example, makes it a crime for anyone but a poll worker to provide food or bottles of water within 150 feet of a polling place or 25 feet of any voter standing in line.",True,False,True,supports,politifact
politifact_439,politifact_439,"“A few years back,” Mitchell Stadium in Bluefield, W.Va., “was voted the best high school football field in America.”",Mike Oliverio,"In a USA Today contest in 2019, Bluefield’s Mitchell Stadium was voted ""America's best high school football stadium"" based on nearly 6 million votes cast. In a 2023 ranking of the best high school stadiums in each state, the website Stadium Talk chose Mitchell Stadium as the best in West Virginia.",True,True,True,supports,politifact
politifact_439_ret_b0_g6,politifact_439,"“A few years back,” Mitchell Stadium in Bluefield, W.Va., “was voted the best high school football field in America.”",Mike Oliverio,"Mitchell Stadium is a 10,000 seat stadium in Bluefield, West Virginia.[1] It was built by the Works Progress Administration in 1935, and is located in Bluefield's city park that straddles the West Virginia–Virginia state line. [...] America's Best High School Football Stadium [edit]On November 4, 2019, Mitchell Stadium was selected as ""America's Best High School Football Stadium"" in a poll conducted by USA Today. Mitchell Stadium prevailed in a bracket-type poll which began with a field of sixteen stadiums located throughout the United States. Mitchell Stadium's opponents were: first round - Paul Brown Tiger Stadium, Massillon, Ohio; second round - Round Valley Ensphere, Eagar, Arizona; third round - Stadium Bowl, Tacoma, Washington; and final round - R.R. Jones Stadium, El Paso, Texas. In the final round, Mitchell earned nearly 60% of the final round vote, receiving a total of 2,149,143 votes to R.R. Jones’ 1,515,558 votes.[4] Bluefield, West Virginia Mayor Ron Martin told the Bluefield Daily Telegraph that ""This victory is a result of hillbilly voodoo."" [5] [...] - ^ Telegraph, GREG JORDAN Bluefield Daily (November 5, 2019). ""Mitchell No. 1 in Nation: Stadium wins USA Today Best High School Stadium poll"". Bluefield Daily Telegraph. Retrieved November 5, 2019.",True,False,True,supports,politifact
politifact_439_ret_b3_gn,politifact_439,"“A few years back,” Mitchell Stadium in Bluefield, W.Va., “was voted the best high school football field in America.”",Mike Oliverio,"Mitchell Stadium of Bluefield, West Virginia, is the winner of the America’s Best High School Football Stadiums contest by USA Today High School Sports. The contest seeded the top 16 high school football stadiums in the country, which included Mitchell at the 13th seed, and then allowed fans to vote online to decide the winner of each matchup. Mitchell defeated the fourth seeded Paul Brown Tiger Stadium of Massillon, Ohio, in the first round. In the second round, Mitchell topped the fifth seeded Round Valley Ensphere of Eagar, Arizona. Mitchell beat out the 16th seeded Stadium Bowl of Tacoma, Washington, in the semifinal round. And in the final round, Mitchell received more votes than 10th seeded R.R. Jones Stadium in El Paso, Texas, to be named America’s Best High School Football Stadium. [...] Having Mitchell Stadium named America’s Best High School Stadium is not only an accomplishment for Bluefield, but for the entire state of West Virginia. The contest gave West Virginia high school football a chance to gain national recognition, by having one of its stadiums beat out some of the country’s other top high school football facilities.",True,False,True,supports,politifact
politifact_439_ret_b4_gn,politifact_439,"“A few years back,” Mitchell Stadium in Bluefield, W.Va., “was voted the best high school football field in America.”",Mike Oliverio,"America’s Best High School Football Stadium is in West Virginia! Mitchell Stadium is home to Bluefield Middle School (Buccaneers), Bluefield High School (Beavers), Graham Middle School (G-Men), Graham High School (G-Men), Bluefield University (Rams), Bluefield State University (Big Blues). Mitchell Stadium of Bluefield, West Virginia, is the winner of America’s Best High School Football Stadiums contest by USA Today High School Sports. Mitchell Stadium was built in 1936. It is located on the border of Bluefield, West Virginia, and Bluefield, Virginia, and overlooks the scenic East River Mountain. Mitchell Stadium is currently home to two middle school teams, two dominant high school football programs, and two college teams. The two middle school teams are the Buccaneers of Bluefield, West Virginia, and the G-Men of Bluefield, Virginia, the two high school teams are the Bluefield Beavers of Bluefield, West Virginia, and the Graham G-Men of Bluefield, Virginia, and the two college teams are the Big Blues of Bluefield, West Virginia, and the Rams of Bluefield, Virginia. Mitchell Stadium is the home field to many teams. Since Graham Middle and Graham High School play in West Virginia, they are the only schools in the country to host their games in another state. The stadium holds 10,000 fans, but the annual Graham-Beaver game between the two high schools typically sees crowds over the stadium’s capacity, at around 12,000 attendees.",True,False,True,supports,politifact
politifact_439_ret_bn_g3,politifact_439,"“A few years back,” Mitchell Stadium in Bluefield, W.Va., “was voted the best high school football field in America.”",Mike Oliverio,"Nestled in the beautiful mountains on the West Virginia-Virginia border is historic Mitchell Stadium, which won the title of ""Best High School Football Stadium"" in America by USA Today High School Sports last year. [...] Mitchell Stadium is home to both the Bluefield, West Virginia Beavers and the Bluefield, Virginia-based Graham G-Men. It makes for one of the county's top high school rivalries. [...] That's easy to understand for many reasons, including a chance to coach at the best high school football stadium in America.",True,False,True,supports,politifact
politifact_44,politifact_44,Project 2025 would end gay marriage.,Social Media,"As it is outlined in a 900-page document titled ""Mandate for Leadership,"" Project 2025 includes no proposal to eliminate same-sex marriage. The document refers to heterosexual families as ""ideal"" and calls for the protection of faith-based federal grant recipients who do not support same-sex marriage. Project 2025 is a ""presidential transition project"" led by the Heritage Foundation, a conservative think tank. Its contributors include a number of former Trump administration advisers, but former President Donald Trump has sought to distance himself from the plan. He has not advocated banning same-sex marriage during his 2024 presidential campaign.",False,True,True,refutes,politifact
politifact_44_ret_bn_g11,politifact_44,Project 2025 would end gay marriage.,Social Media,"In such a lengthy, expansive plan, it can be easy to get lost in the details. This may be intentional, bogging down discussion and complicating reporting on the project’s potential impact. So let’s focus on the vision of society driving the blueprint. That means beginning with Project 2025’s threat to bodily autonomy: how Project 2025’s drafters plan to mandate their narrowly defined and state-enforced patriarchal, heterosexual, married, procreating family and how they plan to confine people within that vision. [...] This is the America envisioned by Project 2025: one in which gender and sexuality are not acknowledged as actually existing outside patriarchal, nuclear families. All that exists here is mothers and babies, children and families. Each family is meant to function as an extension of the state, dedicated to controlling and confining sex, gender, and sexuality, with all the coercive power and violence that would require. Full compliance could only be accomplished through self-policing under intimidation. These groups know they cannot expect people to do that completely. They know they cannot force everyone to be straight, to marry, to deny their gender, to birth a child. They know people will refuse. What they want is to use that inevitable noncompliance as a threat and a tool.",False,False,True,insufficient-neutral,politifact
politifact_44_ret_bn_g12,politifact_44,Project 2025 would end gay marriage.,Social Media,"Project 2025 would not end gay marriage, but it calls heterosexual families 'ideal' [...] ""Gay and Married? You won’t be under Project 2025,"" read a July 13 Facebook post that drew a slash through the phrase ""Project 2025."" Other posts we saw carried similar doomy messages about gay marriage: Project 2025 will ""end marriage equality,"" ""overturn"" the right to gay marriage or ""ban"" gay marriage, they said. During an event hosted by the Center for American Progress, a progressive public policy research and advocacy organization, Texas state Rep. James Talarico, D-Austin, also warned the plan would ""ban gay marriage."" [...] Social media posts claimed that Project 2025 would ""ban"" or otherwise end gay marriage.",False,False,True,refutes,politifact
politifact_44_ret_bn_g15,politifact_44,Project 2025 would end gay marriage.,Social Media,"This assault on civil rights is one plank of Project 2025, a transition plan spearheaded by the Heritage Foundation — a right-wing think tank — for the next Republican president. Trump hasn’t officially co-signed, but many of his associates are authors. [...] LGBTQ issues: Project 2025 seeks to ramp up the assault on LGBTQ rights and wipe out certain federal protections for queer Americans. This entails, as the policy agenda puts it, ending the U.S. Department of Health and Human Services’ ""foray into woke transgender activism"" by scrubbing the acknowledgment of gender and sexual identity from ""every federal rule, agency regulation, contract, grant, regulation, and piece of legislation that exists,"" criminalizing classroom instruction on LGBTQ experiences, and eroding vital medical coverage for transgender Americans. [...] Civil rights: As mentioned above, Project 2025 calls for shifting the attention of the U.S. Department of Justice to quashing the supposed menace of ""anti-white racism"" by abolishing affirmative action policies. The policy agenda also calls for the next Republican administration to use the DOJ’s Civil Rights Division to ""prosecute all state and local governments, institutions of higher education, corporations, and any other private employers"" with affirmative action or DEI policies. And it demands that ""voter registration fraud and unlawful ballot correction"" be investigated by the DOJ’s Criminal Division instead of by its Civil Rights Division.",False,False,True,insufficient-supports,politifact
politifact_442_ret_b5_gn,politifact_442,“Ron DeSantis is against fracking. He is against drilling”,Nikki Haley,"Nikki Haley: ""Ron DeSantis is against fracking. He's against drilling. He always talks about what happens on day one. You better watch out because what happens on day two is when you're in trouble. Day two in Florida you banned fracking. You banned offshore drilling."" pic.twitter.com/Ga2xsy3VE7 — TheBlaze (@theblaze) September 28, 2023 [...] Ron DeSantis did not ban fracking. A constitutional amendment was passed by the people of Florida prohibiting offshore drilling, and he executed the will of the people as is his obligation as governor. https://t.co/043v5iEOMl — Christina Pushaw 🐊 🇺🇸 (@ChristinaPushaw) September 28, 2023 [...] RATING: Haley's claim that DeSantis banned fracking and offshore oil drilling is PARTLY FALSE, uses misleading framing, and omits important context. DeSantis's actions against fracking in Florida are more nuanced than Haley's attack purports.",Half True,False,True,insufficient-refutes,politifact
politifact_442_ret_b6_gn,politifact_442,“Ron DeSantis is against fracking. He is against drilling”,Nikki Haley,"6 takeaways from second GOP debate: Rivals call out Trump's absence, claw each other ""Ron DeSantis is against fracking. He’s against drilling,"" Haley said. ""He always talks about what happens on day one, you better watch out because what happens on day two is when you’re in trouble. Day two in Florida, you ban fracking, you ban offshore drilling."" [...] DeSantis campaigned on banning fracking, offshore drilling DeSantis pledged to ban fracking and offshore drilling during his 2018 run for Florida governor.",Half True,False,True,insufficient-supports,politifact
politifact_442_ret_bn_g0,politifact_442,“Ron DeSantis is against fracking. He is against drilling”,Nikki Haley,"Florida’s new governor, Ron DeSantis, announced several changes to water policy today. In an executive order, DeSantis made moves to ban hydraulic fracturing (fracking), dedicate money to Everglades restoration, fight algae blooms, appoint a Chief Science Officer and create an Office of Environmental Accountability and Transparency. [...] ""Today – on Thursday January 10th – Governor Ron DeSantis put out a statement announcing that he is going to direct the state Department of Environmental Protection [DEP] to adamantly oppose and ban fracking statewide in Florida. We are very happy to see the governor fulfilling the promise that he made on the campaign trail to protect Florida’s water by banning fracking statewide."" [...] ""And so seeing the governor also taking a very strong stance against drilling is incredibly important because we’re seeing the Trump administration making moves to drill in the Gulf of Mexico as well as on our East Coast. So we need to make sure that Governor DeSantis is using his power as governor to not only ensure fracking ever occurs in State waters off of our coasts but also in Federal waters as well.",Half True,False,True,supports,politifact
politifact_442_ret_bn_g7,politifact_442,“Ron DeSantis is against fracking. He is against drilling”,Nikki Haley,"Ron DeSantis ""On day one, Ron DeSantis will advocate to the Florida Legislature to pass legislation that bans fracking in the state."" [...] Even before he entered office, Gov. Ron DeSantis promised to urge Florida's Legislature to ban hydraulic fracturing, aka fracking, statewide. [...] Almost all of the action DeSantis took on fracking occurred shortly after he became governor. Just two days into his term, DeSantis issued an executive order with several water policy reforms and a line directing the Department of Environmental Protection to push to end all fracking in Florida.",Half True,False,True,insufficient-supports,politifact
politifact_443,politifact_443,"“Before the pandemic, just over 40,000 were on continuing UI claims. Now, there are well over 100,000 on state or federal UI benefits.”",Mark Born,"Department of Workforce Development datashows that in the week ending on March 7, 2020, there were 41,015 unemployment claims statewide. For the week of May 22, 202, there were 127,745 claims.",True,True,True,supports,politifact
politifact_443_ret_b3_gn,politifact_443,"“Before the pandemic, just over 40,000 were on continuing UI claims. Now, there are well over 100,000 on state or federal UI benefits.”",Mark Born,"Other changes in UI policy have also kept claims abnormally elevated deep into the recovery. Supplemental benefits of $300 per week (formerly $600) have given unemployed and underemployed workers unusually strong incentives to apply for UI. In addition, almost every state waived its usual job search requirements early in the pandemic. These waivers, most of which were still in effect earlier this year, have made UI benefits available to many individuals for whom caregiving responsibilities or fears of infection have complicated returning to work. [...] This dramatic shift in the UI claimant pool owes largely to the federal PUA program, which was created in March 2020 to provide benefits to classes of workers not covered by traditional UI.7 Because federal guidelines restrict PUA to those who are ineligible for regular UI, many states instruct benefit-seekers that they must apply (and be denied) for regular UI before they can apply for PUA. As a result, many self-employed workers and other atypical claimants have been counted towards both regular UI and PUA in successive weeks, even though initial claims for these two programs are tallied separately in government statistics.",True,False,True,insufficient-neutral,politifact
politifact_443_ret_b5_gn,politifact_443,"“Before the pandemic, just over 40,000 were on continuing UI claims. Now, there are well over 100,000 on state or federal UI benefits.”",Mark Born,"Lisa Subeck stated on February 16, 2024 in X, formerly Twitter: ""The United States is an outlier, one of only about half a dozen countries, without any guarantee of paid leave for new parents and/or other health care needs."" Tim Kaine stated on March 15, 2022 in a tweet.: ""Virginia women are paid 80 cents for every dollar paid to Virginia men."" Mandela Barnes stated on May 23, 2021 in Twitter: ""It’s been over 50 years since minimum (wage) and inflation parted ways, then over a decade since the federal minimum went up at all."" Glenn Grothman stated on June 8, 2021 in Twitter: ""We have a record 9.3 million job openings in the U.S."" Mark Born stated on June 2, 2021 in Twitter: ""Before the pandemic, just over 40,000 were on continuing UI claims. Mandela Barnes stated on May 23, 2021 in Twitter: ""Since 1978, CEO compensation rose over 1,000% and only 11.9% for average workers."" Joe Biden stated on April 15, 2020 in comments at a virtual town hall meeting: ""Until this week, they [OSHA] weren’t even enforcing these guidelines [for coronavirus]. [...] Mark Born stated on June 2, 2021 in Twitter: ""Before the pandemic, just over 40,000 were on continuing UI claims.",True,False,True,insufficient-neutral,politifact
politifact_443_ret_bn_g1,politifact_443,"“Before the pandemic, just over 40,000 were on continuing UI claims. Now, there are well over 100,000 on state or federal UI benefits.”",Mark Born,"Latest True Fact-checks in Jobs Joe Biden stated on February 13, 2024 in a campaign ad: Under Joe Biden, there are ""record numbers of new Black entrepreneurs."" Tony Evers stated on January 23, 2024 in Speech: ""In April last year, our state unemployment rate hit a record low of 2.4%. Last year, Wisconsin had an all-time lowest number of unemployed workers ever in modern history."" Tammy Baldwin stated on December 8, 2022 in Twitter: ""Latina workers make 54 cents for every dollar earned by white, non-Hispanic men."" Tim Kaine stated on March 15, 2022 in a tweet.: ""Virginia women are paid 80 cents for every dollar paid to Virginia men."" Mandela Barnes stated on May 23, 2021 in Twitter: ""It’s been over 50 years since minimum (wage) and inflation parted ways, then over a decade since the federal minimum went up at all."" Glenn Grothman stated on June 8, 2021 in Twitter: ""We have a record 9.3 million job openings in the U.S."" Mark Born stated on June 2, 2021 in Twitter: ""Before the pandemic, just over 40,000 were on continuing UI claims. [...] Mark Born stated on June 2, 2021 in Twitter: ""Before the pandemic, just over 40,000 were on continuing UI claims.",True,False,True,insufficient-neutral,politifact
politifact_443_ret_bn_g8,politifact_443,"“Before the pandemic, just over 40,000 were on continuing UI claims. Now, there are well over 100,000 on state or federal UI benefits.”",Mark Born,"Since the initial effects of the pandemic on the labor market, many media stories have reported the cumulative number of initial state UI claims as a measure of joblessness. However, this may be misleading since it undercounts claims for Pandemic Unemployment Assistance (PUA).3 As a provision of the CARES Act, the PUA program extends UI benefits to jobless workers who are not typically eligible for regular UI. In practice, this means self-employed people, including independent contractors, ""gig"" workers, and those with insufficient work experience qualify. This group may be more likely to reflect claims by musicians and other cultural economy workers who are more likely to be self-employed, 4 as well as those with non-standard or part-time employment. [...] To provide a common reference point for sectors with different employment levels, total claims can be compared with pre-COVID-19 UI-based employment data from 2019.13 For the week ending June 6, the Louisiana Workforce Commission received three or more UI claims (initial and continued combined) for every 10 pre-COVID-19, UI-eligible employees in three sectors: Accommodation and Food Services; Arts, Entertainment, and Recreation; and ""Other Services.""14 Even outside of these extremes, nearly every industry sector has seen an exceptional scale of employment disruption.",True,False,True,insufficient-neutral,politifact
politifact_45,politifact_45,“100 million ballots (Democrats) prefilled now have the wrong name.”,Social media posts,There are no official ballots for the general election yet. The 2024 Democratic presidential nominee will be determined in a virtual nominating process ahead of the Democratic National Convention in August. State deadlines for receiving the presidential nominee’s name for ballot printing generally fall after that.,False,True,True,refutes,politifact
politifact_45_ret_b1_gn,politifact_45,“100 million ballots (Democrats) prefilled now have the wrong name.”,Social media posts,"Just days before the 2020 U.S. presidential election, Twitter users began circulating a claim that residents of Queens Village, in the New York borough of Queens, were receiving ballots that had been already filled out for Democratic presidential nominee Joe Biden and other Democratic candidates. The rumor appears to have originated with a video shared by freelance journalist Jake Novak: [...] But, it turned out, the ballot hadn't been ""pre-filled"" at all. As elections officials confirmed, it had been sent to the appropriate absentee voter in California, who indeed filled it in himself. However, that voter mistakenly used the wrong envelope when he placed his ballot in the mail, thereby sending it to his previous address in Queens rather than returning it to elections officials:",False,False,True,refutes,politifact
politifact_45_ret_bn_g4,politifact_45,“100 million ballots (Democrats) prefilled now have the wrong name.”,Social media posts,"July 29 - Professor Rebecca Green is quoted in the Poynter Fact-Checking story in PolitiFact, ""No, Democrats have not ‘pre-filled’ 100 million ballots with ‘wrong name.’"" Read the story.",False,False,True,refutes,politifact
politifact_452,politifact_452,"""Higher education is one of America's strongest export sectors. Over 1 million international students studied at American universities, (in the) 2018-19 school year. They contributed over $40 billion to the economy.”",Chris Hayes,"A new Trump administration directive would bar foreign college students from staying in the U.S. if they take all their courses online. Hayes’ statistics are accurate. Education was the sixth largest U.S. service export in 2019, the International Trade Administration told PolitiFact.",True,True,True,supports,politifact
politifact_452_ret_b3_gn,politifact_452,"""Higher education is one of America's strongest export sectors. Over 1 million international students studied at American universities, (in the) 2018-19 school year. They contributed over $40 billion to the economy.”",Chris Hayes,"Higher Education is America’s 10th Top Export, Injecting Over $40 Billion into the U.S. Economy [...] These international students make a substantial economic contribution, injecting over $40 billion into the U.S. economy and supporting more than 368,000 jobs. Their spending goes far beyond tuition, encompassing everything from housing rentals to food delivery services, and it’s nearing an all-time high. Higher education has become one of America’s top exports, ranking as the 10th-leading export according to the U.S. Bureau of Economic Analysis. However, this ""export"" is, in reality, an import of international students who bring their financial resources into the U.S. economy.",True,False,True,supports,politifact
politifact_452_ret_b9_gn,politifact_452,"""Higher education is one of America's strongest export sectors. Over 1 million international students studied at American universities, (in the) 2018-19 school year. They contributed over $40 billion to the economy.”",Chris Hayes,"Higher Education is America’s 10th Top Export, Injecting Over $40 Billion into the U.S. Economy Did you know that the United States has a secret weapon in its economic arsenal? It’s not technology, agriculture, or manufacturing – it’s education. Higher education has quietly become America’s 10th largest export, pumping over $40 billion into the U.S. economy annually. [...] However, this educational export faces challenges. Increasing competition from other countries, visa restrictions, and geopolitical tensions threaten to erode America’s market share. To maintain its edge, the U.S. must continue to invest in its educational institutions and create welcoming policies for international students.",True,False,True,supports,politifact
politifact_452_ret_bn_g1,politifact_452,"""Higher education is one of America's strongest export sectors. Over 1 million international students studied at American universities, (in the) 2018-19 school year. They contributed over $40 billion to the economy.”",Chris Hayes,"WASHINGTON, D.C., November 18, 2019—The number of international students in the United States set an all-time high in the 2018/19 academic year, the fourth consecutive year with more than one million international students. The total number of international students, 1,095,299, is a 0.05 percent increase over last year, according to the 2019 Open Doors Report on International Educational Exchange. International students make up 5.5 percent of the total U.S. higher education population. According to data from the U.S. Department of Commerce, international students contributed $44.7 billion to the U.S. economy in 2018, an increase of 5.5 percent from the previous year. [...] For the tenth consecutive year, China remained the largest source of international students in the United States in 2018/19 with 369,548 students in undergraduate, graduate, non-degree, and optional practical training (OPT) programs, a 1.7 percent increase from 2017/18. India (202,014, +2.9 percent), South Korea (52,250, -4.2 percent), Saudi Arabia (37,080, -16.5 percent), and Canada (26,122, +0.8 percent) round out the top five. Emerging market countries showed some of the strongest growth year over year, especially Bangladesh (+10.0 percent), Brazil (+9.8 percent), Nigeria (+5.8 percent), and Pakistan (+5.6 percent).",True,False,True,supports,politifact
politifact_46,politifact_46,Kamala Harris “supported abolishing ICE.”,Donald Trump,"As a U.S. senator in 2018, Kamala Harris criticized the Trump administration’s immigration policies, including a policy that led to family separations at the border. In that context, Harris said U.S. Immigration and Customs Enforcement’s function should be reexamined and that ""we need to probably even think about starting from scratch."" But Harris didn’t say there shouldn’t be immigration enforcement. In 2018, Harris also said U.S. Immigration and Customs Enforcement had a role and should exist.",False,True,True,insufficient-refutes,politifact
politifact_46_ret_b15_gn,politifact_46,Kamala Harris “supported abolishing ICE.”,Donald Trump,"""Abolish ICE"" sounds simple and straightforward. It's short enough to fit on a bumper sticker — as does ""Build the Wall,"" or ""Abolish the IRS."" It symbolizes Democrats' opposition to Trump's immigration policies, particularly the separation of children and parents at the border. It's a shorthand way to remind lawmakers and the public that Democrats don't like how the president has demonized immigrants — whether they entered the U.S. legally or not. It also expresses the fear and outrage among immigrant communities who feel that ICE is terrorizing their neighborhoods. [...] Many Democrats think that turning the debate away from Trump's immigration policies and back to a fight over which party is stronger on border security is a loser for Democrats. It's why so many Democratic lawmakers refuse to jump on the ""Abolish ICE"" bandwagon. Even Vermont Sen. Bernie Sanders dodged the question, saying only that he wanted to ""create policies that deal with immigration in a rational way."" Illinois Sen. Tammy Duckworth said abolishing ICE wouldn't accomplish anything, since even without the agency, Trump would still be setting immigration policy. Although Warren and Gillibrand sided with the ""Abolish ICE"" push, California Sen. Kamala Harris, another possible 2020 contender, did not. Harris said she wanted to ""critically re-examine ICE and its role."" Many Democratic strategists were asking why — just when the Democrats were winning the immigration debate — they should adopt a slogan that could backfire on them going into the midterm elections.",False,False,True,refutes,politifact
politifact_46_ret_b4_gn,politifact_46,Kamala Harris “supported abolishing ICE.”,Donald Trump,"""Lyin’ Kamala supported abolishing ICE,"" Trump said July 24 at a Charlotte, North Carolina, campaign rally. [...] The Trump and Harris campaigns responded to our query about Trump’s rally claim with multiple citations of Harris statements; we found many more through our own research. There is no record of Harris saying she would ""abolish ICE,"" a specific phrase that others like Ocasio-Cortez have used. And in 2019, when asked point-blank if she supports abolishing the Department of Homeland Security, which oversees Immigration and Customs Enforcement, Harris said no. [...] Trump said Harris ""supported abolishing ICE.""",False,False,True,refutes,politifact
politifact_46_ret_bn_g0,politifact_46,Kamala Harris “supported abolishing ICE.”,Donald Trump,"The White House tweeted at Harris, writing, "".@SenKamalaHarris, why are you supporting the animals of MS-13? You must not know what ICE really does"" with a link to a press release about ICE deporting a Salvadoran MS-13 affiliate, as well as an Irish national. [...] Kamala Harris of California ""I think there’s no question that we’ve got to critically re-examine ICE and its role and the way that it is being administered and the work it is doing,"" she told MSNBC. ""And we need to probably think about starting from scratch."" Clarification: This story was updated to remove Sen. Kamala Harris from the list of Democrats calling for abolishing ICE and add her stance in a separate category of those calling for changes to the agency. Harris said the agency should be reexamined.",False,False,True,refutes,politifact
politifact_463_ret_b10_gn,politifact_463,"Due to U.S. Senate rules, Democrats need ""more than a majority ... to codify Roe vs. Wade.""",Kelda Roys,"By — Candice Norwood Candice Norwood Leave a comment 0comments Share Copy URL https://www.pbs.org/newshour/politics/with-senate-split-50-50-heres-what-democrats-can-and-cant-do Email Facebook Twitter LinkedIn Pinterest Tumblr Share on Facebook Share on Twitter With Senate split 50-50, here’s what Democrats can and can’t do Politics Jan 28, 2021 12:05 PM EDT Democrats now have a thin majority control in Congress, but passing sweeping legislation still won’t be easy. A rule requiring votes from 60 of the Senate’s 100 members in order to advance legislation may force President Joe Biden’s administration to modify its priorities on economic relief, climate change, racial equity and immigration in order to gain support from Republicans and moderate Democrats. With just 50 members and a tie-breaking vote from Vice President Kamala Harris, Senate Democrats will have the power to confirm executive and judicial nominees and launch investigations in a range of areas. While the 60-vote threshold remains the party’s biggest hurdle for change, Democrats have some mechanisms to potentially avoid the rules — or even upend them. Why do Democrats have control in a 50-50 split Senate?",True,False,True,insufficient-neutral,politifact
politifact_463_ret_b1_gn,politifact_463,"Due to U.S. Senate rules, Democrats need ""more than a majority ... to codify Roe vs. Wade.""",Kelda Roys,"""If the Court does overturn Roe, it will fall on our nation’s elected officials at all levels of government to protect a woman’s right to choose,"" Biden said. ""And it will fall on voters to elect pro-choice officials this November. At the federal level, we will need more pro-choice Senators and a pro-choice majority in the House to adopt legislation that codifies Roe, which I will work to pass and sign into law."" [...] However, under longstanding Senate procedure, Democrats need more than a simple majority to pass legislation that codifies Roe into law. [...] NBC News, ""Democrats push to codify Roe after leaked opinion. But they don’t have the votes,"" May 3, 2022 19th News, ""The Supreme Court will overturn Roe v. Wade, according to a draft opinion. Here’s what we know,"" May 2, 2022 19th News, ""Why didn’t Congress codify abortion rights?"" Jan. 26, 2022",True,False,True,supports,politifact
politifact_463_ret_bn_g0,politifact_463,"Due to U.S. Senate rules, Democrats need ""more than a majority ... to codify Roe vs. Wade.""",Kelda Roys,"Yes, Democrats do need ‘more than a majority ... to codify Roe vs. Wade’ [...] ""Because the U.S. Senate is a minority institution, meaning you don't have to get the most votes and still control the chamber, we need to have more than a majority of Democrats in control to codify Roe v. Wade,"" state Sen. Kelda Roys, D-Madison, said May 8, 2022, on ""Capital City Sunday."" [...] ""So, even if Democrats had 50 or even 59 votes to codify Roe v. Wade, so long as the filibuster rule remains as is, unified Republican opposition can block the bill,"" Ornstein said. ""Right now, all Republicans are opposed. The Democrats could find a way to alter the rule, as was done for confirmations, by majority, but right now at least two of their own won't agree.""",True,False,True,insufficient-supports,politifact
politifact_463_ret_bn_g4,politifact_463,"Due to U.S. Senate rules, Democrats need ""more than a majority ... to codify Roe vs. Wade.""",Kelda Roys,"What Would It Mean to Codify Roe v. Wade? [...] Takeaways - Codifying Roe v. Wade would mean passing a law that would affirm a pregnant person’s right to an abortion without undue interference - The most effective way to codify Roe v. Wade would be for Congress to pass a law, such as the Women’s Health Protection Act, that would be binding for all states. This act was passed in the House on September 24, but it is considered unlikely to pass in the Senate - Unless Roe v. Wade is codified, blue states will likely decide to codify Roe, while red states will continue to enact restrictions on abortion rights, like the 2021 Texas Abortion Law [...] Laskowski: Have Democrats proposed codifying Roe v. Wade before and why weren’t they successful?",True,False,True,insufficient-supports,politifact
politifact_47,politifact_47,ABC News reporter said “government tried to kill” former President Donald Trump.,Social media posts,"ABC News Chief Justice Correspondent Pierre Thomas did not say the ""government tried to kill former President Trump,"" as shortened social media videos claim. In a report that aired July 24 on ""Good Morning America,"" he used the word ""gunman"" several times and named the shooter, Thomas Matthew Crooks, whom the Secret Service killed. FBI Director Christopher Wray said the continuing investigation so far has not found that Crooks had any accomplices in the July 13 assassination attempt against Trump in Butler, Pennsylvania.",False,True,True,refutes,politifact
politifact_47_ret_b2_gn,politifact_47,ABC News reporter said “government tried to kill” former President Donald Trump.,Social media posts,"FACT CHECK: No, ABC News Reporter Pierre Thomas Did Not Say The Government Tried To Kill Trump A video shared on X claims ABC News journalist Pierre Thomas said the U.S. government tried to kill 2024 Republican nominee and former President Donald Trump when reporting on the shooting that occurred at Trump’s July 13 campaign rally in Butler, Pennsylvania. [...] The X video claims Thomas said the government tried to kill Trump when reporting on the shooting that occurred at the former Republican President’s July 13 campaign rally in Butler, Pennsylvania. ""NEW: ABC host claims the United States government tried to kill President Trump!"" the post’s caption reads. The report is focused on a new video from mere seconds after the shooting, Thomas says during the segment.",False,False,True,refutes,politifact
politifact_47_ret_bn_g17,politifact_47,ABC News reporter said “government tried to kill” former President Donald Trump.,Social media posts,"""The United States has been searching for Baghdadi for many years,"" Trump said from the White House. ""Capturing or killing Baghdadi has been the top national security priority of my administration. U.S. special operations forces executed a dangerous and daring nighttime raid in northwestern Syria and accomplished their mission in grand style."" [...] ""Our military service members and our interagency partners executed brilliantly,"" the secretary told ABC correspondent Martha Raddatz. ""So here we are. Earlier in the year, we defeated the physical caliphate — destroyed the physical caliphate — and now its leader is dead. So it's a great day."" [...] Baghdadi was in a compound with a few other men and women and a large number of children. ""Our special operators have tactics and techniques and procedures they go through to try and call him out,"" Esper said. ""But at the end of the day, as the president said, he decided to kill himself and took some small children with him, we believe.""",False,False,True,insufficient-neutral,politifact
politifact_47_ret_bn_g9,politifact_47,ABC News reporter said “government tried to kill” former President Donald Trump.,Social media posts,"ABC News Chief Justice Correspondent Pierre Thomas did not say the ""government tried to kill former President Trump,"" as shortened social media videos claim. [...] ""ABC News Reporter Says ""The Government Tried To Kill President Trump!"" exclaimed one TikTok video, sharing a clip of ABC News Chief Justice Correspondent Pierre Thomas introducing a report about new body camera video shortly after the shooting at a July 13 Butler, Pennsylvania, campaign rally. [...] With the context of Thomas’ statement clear, we rate claims that an ABC News reporter said the government tried to kill Trump False.",False,False,True,refutes,politifact
politifact_473,politifact_473,"In Afghanistan, “over 100 billion dollars spent on military contracts.”",Mandela Barnes,"News reports show the Pentagon spent $107.9 billion on contracted services in Afghanistan. To be sure, not all of the money was spent appropriately, according to a new report from a special inspector general.",True,True,True,supports,politifact
politifact_473_ret_b0_gn,politifact_473,"In Afghanistan, “over 100 billion dollars spent on military contracts.”",Mandela Barnes,"News reports show the Pentagon spent $107.9 billion on contracted services in Afghanistan. [...] When asked for back up for the statement, Barnes’ spokesman Christian Slater pointed us to a April 23, 2021 Bloomberg Law report which found that ""Since 2002, the Pentagon has spent $107.9 billion on contracted services in Afghanistan, a Bloomberg Government analysis shows."" [...] A Bloomberg Law report found that the Pentagon has spent $107.9 billion on contracted services in Afghanistan. Those contracted services include lodging, laundry, food, transportation, equipment maintenance and fuel.",True,False,True,supports,politifact
politifact_473_ret_b15_gn,politifact_473,"In Afghanistan, “over 100 billion dollars spent on military contracts.”",Mandela Barnes,"A Breakdown of U.S. Military Spending in Afghanistan America’s own government watchdog says oversight of the money spent on military efforts in Afghanistan has been poor with hundreds of millions of dollars misspent and corruption rife The U.S. and NATO have promised to pay $4 billion a year until 2024 to finance Afghanistan’s military and security forces, which are struggling to contain an advancing Taliban. Already, the U.S. has spent nearly $89 billion over the past 20 years to build, equip and train Afghan forces.",True,False,True,insufficient-refutes,politifact
politifact_473_ret_b3_gn,politifact_473,"In Afghanistan, “over 100 billion dollars spent on military contracts.”",Mandela Barnes,"Over the 20-year period of the U.S. intervention in Afghanistan, the U.S. Department of Defense paid various companies about $108 billion in contracts for work performed in the country, according to our latest research. This is in addition to the trillions of dollars spent on Department of Defense contracts performed in the U.S. over that period – and does not include other goods and services produced in the U.S. and used in the war in Afghanistan, such as weapons. What’s more, this figure is just a fraction of the over $14 trillion in Pentagon spending since the start of the war in Afghanistan in total, with one-third to one-half of the total going to military contractors. Over one-third of the contract spending went to ""undisclosed"" recipients – domestic and foreign businesses who are not uniquely identifiable in the publicly available contracting databases – USASpending.gov and the Federal Procurement Data System (FPDS). Of the $108 billion spent in Afghanistan from fiscal years 2002-2022, over 40 percent went to the 14 largest companies, which each received over one billion dollars in total contract spending, with the largest receiving over $13.5 billion. There were also thousands of smaller contracts.",True,False,True,supports,politifact
politifact_476,politifact_476,"“New Haven, Conn., had to issue bonds for a bridge after using funds for that bridge to pay for a police misconduct settlement.""",Tim Kaine,"In 2017, New Haven, Conn., had to pay $8.4 million to settle a police misconduct lawsuit. It drew the funds from other city programs, and restored them the next year using proceeds from bond sales. Few municipalities track the total cost of these lawsuits, which total millions nationally each year.",True,True,True,supports,politifact
politifact_476_ret_b15_gn,politifact_476,"“New Haven, Conn., had to issue bonds for a bridge after using funds for that bridge to pay for a police misconduct settlement.""",Tim Kaine,"NEW HAVEN, Conn. -- The bridge that connects West Haven and New Haven at Kimberly Avenue will be known as Officer Robert Vincent Fumiatti Memorial Bridge in honor of the New Haven cop who died in 2007 from complications after being shot in 2002. Police union official Jeffrey Matchett said it's hard to think of a more fitting tribute to Fumiatti since the bridge links his hometown of West Haven with New Haven, which is where he worked. [...] The bridge dedication was in part work of members of the New Haven and West Haven delegations at the state legislature, said state Rep. Stephen Dargan, D-West Haven. Council 15 had approached him and others with the idea.",True,False,True,insufficient-neutral,politifact
politifact_476_ret_bn_g0,politifact_476,"“New Haven, Conn., had to issue bonds for a bridge after using funds for that bridge to pay for a police misconduct settlement.""",Tim Kaine,"In 2017, New Haven, Conn., had to pay $8.4 million to settle a police misconduct lawsuit. [...] We wondered about the New Haven example. Was money for a bridge diverted to settle a lawsuit against the police? [...] Kaine said police settlements can defund city services, as when ""New Haven, Conn, had to issue bonds for a bridge after using funds for that bridge to pay for a police misconduct settlement.""",True,False,True,supports,politifact
politifact_476_ret_bn_g8,politifact_476,"“New Haven, Conn., had to issue bonds for a bridge after using funds for that bridge to pay for a police misconduct settlement.""",Tim Kaine,"Ward of the State: New Haven’s Use of Federal and State Grants in the Financing of Public BridgesNew Haven railyards, connecting the city’s downtown with its harbor. This time the city government was onboard. With the cooperation of the local congresswoman, the Mayor testified before Congress in pursuit of federal funding. A $19 million earmark was inserted into the transportation appropriations bill. The $32 million bridge opened in 2003, funded almost entirely by federal and state grants. The Grand Avenue and Church Street Bridges illustrate a dramatic change in the financing of New Haven’s bridges. One hundred years ago, all bridges within the city, even those ordered by the federal government or located on state highways, were constructed using city funds raised through bond issues. Today, almost all locally owned bridges within the city, even those that mainly benefit New Haven residents, are primarily funded through federal and state grants. Of the $12.55 million the city will spend on bridge construction and rehabilitation in 2009-2010, only $490,000 will come from municipally raised revenues. The growth in federal and state grants, for all types of goods and services, has occurred across the country.",True,False,True,insufficient-neutral,politifact
politifact_49,politifact_49,Says Taylor Swift “announced a fund raising concert with Beyoncé in support of Harris” on July 23.,Threads post,Taylor Swift didn’t announce on July 23 a fundraiser for Vice President Kamala Harris.,False,True,True,refutes,politifact
politifact_49_ret_b18_gn,politifact_49,Says Taylor Swift “announced a fund raising concert with Beyoncé in support of Harris” on July 23.,Threads post,"- Taylor Swift and Beyoncé are making concert films from their blockbuster Eras and Renaissance tours. [...] In August, Swift announced that an Eras concert film will be released October 13. The film's presale shattered records, selling $26 million worth of tickets in the first 24 hours. After much speculation, on Sunday night Beyoncé announced her own concert film: The Renaissance tour's film is set to debut December 1. [...] It's a shrewd move from the two musicians. While there are a number of entertainers who who would make a ""best of business"" list — billionaire Oprah Winfrey, Tyler Perry, Kim Kardashian, and George Clooney to name a few — Swift and Beyoncé have surely joined the ranks.",False,False,True,insufficient-neutral,politifact
politifact_49_ret_bn_g0,politifact_49,Says Taylor Swift “announced a fund raising concert with Beyoncé in support of Harris” on July 23.,Threads post,"Taylor Swift didn’t announce on July 23 a fundraiser for Vice President Kamala Harris. [...] Responding to a July 23 post about whether Swift would endorse Harris, an account said: ""3 hours after this posted she announced a fund raising concert with Beyoncé in support of Harris."" [...] We rate claims that Swift announced July 23 a Harris fundraising concert with Beyoncé False.",False,False,True,refutes,politifact
politifact_49_ret_bn_g15,politifact_49,Says Taylor Swift “announced a fund raising concert with Beyoncé in support of Harris” on July 23.,Threads post,"Taylor Swift, Beyoncé and Mitt Romney: Key endorsements to watch ahead of November by Jared Gans - 05/22/24 6:00 AM ET by Jared Gans - 05/22/24 6:00 AM ET [...] Swift endorsed Biden for president shortly before the 2020 election, saying she believed Biden and now-Vice President Harris would start a ""healing process"" for the country. [...] Beyoncé has been more active in politics than Swift. She and her husband, Jay-Z, helped raise millions of dollars for Obama’s 2012 reelection campaign, and both performed at a concert supporting Hillary Clinton just before Election Day 2016.",False,False,True,insufficient-neutral,politifact
politifact_49_ret_bn_g9,politifact_49,Says Taylor Swift “announced a fund raising concert with Beyoncé in support of Harris” on July 23.,Threads post,"A recent report about Taylor Swift and Beyoncé joining forces to host a fundraising concert in support of VP Kamala Harris for the 2024 Presidential run went viral online. The news was published on UK Discoverer on July 23 after Joe Biden stepped down from the Democratic Presidential race and endorsed Harris to be the Presidential nominee, on July 21. [...] Ariana Grande, Kendrick Lamar, Billie Eilish, and Jay-Z were reported to be among the other artistes to grace the fundraising concert, as stated by UK Discoverer. The website claimed, Taylor and Beyoncé issued a joint statement addressing the alleged upcoming concert: [...] Fans were really excited after UK Discoverer's article about Taylor Swift and Beyoncé's fundraising concert circulated online. Some believed the news and were looking forward to the show. Unfortunately, there will not be any joint concert.",False,False,True,insufficient-refutes,politifact
politifact_5,politifact_5,Minnesota Gov. Tim Walz signed a law that would “take children away from their parents if the parents don’t want to consent to sex changes.”,J.D. Vance,"Minnesota Gov. Tim Walz signed Minnesota House File 146 — called the ""Trans Refuge"" bill — into law in April 2023. It amended the law governing which court would have jurisdiction over child custody cases involving more than one state. The law now gives Minnesota courts temporary jurisdiction to hear child custody cases when a child is in the state with a parent to seek gender-affirming care. It does not authorize the government to take custody of children whose parents don’t consent to them getting gender-affirming care. Courts will not automatically rule against a parent who doesn’t consent to a child receiving gender-affirming care. Courts seek to determine parental custody based on evidence about what is in children’s best interests. ​",False,True,True,refutes,politifact
politifact_5_ret_b14_gn,politifact_5,Minnesota Gov. Tim Walz signed a law that would “take children away from their parents if the parents don’t want to consent to sex changes.”,J.D. Vance,"Minnesota’s Democratic Gov. Tim Walz signed legislation Thursday that further enshrines the right to abortion and gender-affirming care into law and another that bans so-called conversion therapy. [...] Walz previously signed an executive order restricting conversion therapy in the state in 2021. And earlier this year, the Democratic governor codified the right to abortion in the state and signed an executive order in March directing state agencies to protect and support access to gender-affirming health care across the state. [...] The laws Walz signed Thursday include the reproductive health care and gender-affirming care bills, HF366 and HF146, which will shield people from legal action that other states may levy over such care.",False,False,True,insufficient-neutral,politifact
politifact_5_ret_bn_g0,politifact_5,Minnesota Gov. Tim Walz signed a law that would “take children away from their parents if the parents don’t want to consent to sex changes.”,J.D. Vance,"""I think it’s pretty weird to try to take children away from their parents if the parents don’t want to consent to sex changes,"" Vance said Aug. 7 at a campaign event in Eau Claire, Wisconsin. ""That’s something that Tim Walz did."" Other conservatives made similar claims. Fox News host Jesse Watters said the law Walz supported ""removes a child from their parents’ home if the parents don’t want to castrate them."" Political commentator Megyn Kelly wrote on X that the law ""lets the state take away (your) kids"" if you don’t agree to gender-affirming care. [...] The law would neither ""take away"" a parent’s custody rights, nor would it authorize the government to take custody of a child just because a parent objects to gender-affirming care.",False,False,True,refutes,politifact
politifact_5_ret_bn_g17,politifact_5,Minnesota Gov. Tim Walz signed a law that would “take children away from their parents if the parents don’t want to consent to sex changes.”,J.D. Vance,"Asher Nguyen, a 6-year-old trans girl, looks up at her brother right before Gov. Tim Walz signed an executive order to protect access to gender-affirming care in Minnesota. Her father, Hao Nguyen, testified for the Trans Refuge Bill and spoke at the executive order signing. Photo by Grace Deng/Minnesota Reformer. [...] Gov. Tim Walz signed an executive order Wednesday barring Minnesota’s agencies from cooperating with other states seeking to prosecute people for traveling for gender-affirming care in Minnesota. At the signing, he called on the Legislature to add additional protections by passing the Trans Refuge Bill. He said he would even travel to other states and use his platform to advertise Minnesota as a welcoming place. [...] ""HF146 takes away custody from parents or guardians who deny their children access to gender-affirming health care,"" said Rebecca Delahunt, assistant director of public policy for the Minnesota Family Council.",False,False,True,supports,politifact
politifact_5_ret_bn_g2,politifact_5,Minnesota Gov. Tim Walz signed a law that would “take children away from their parents if the parents don’t want to consent to sex changes.”,J.D. Vance,"Vance said Walz ""has not spent a day in a combat zone,"" which is True. On Walz’s gubernatorial record, Vance said Walz enacted a law that would ""take children away from their parents if the parents don’t want to consent to sex changes."" But that’s False, the law Walz signed does not do that. It amended the law governing which court could have temporary jurisdiction over child custody cases involving more than one state. Walz’s attacks on Trump’s record Walz has characterized the Trump-Vance campaign as antiunion, saying that when Trump was president, he ""cut overtime benefits for millions of workers."" That’s Mostly False. In 2016, former President Barack Obama’s administration set a rule that would have raised the salary threshold for overtime pay. But a judge struck it down before it took effect, and the incoming Trump administration dropped a challenge against the ruling. The Trump administration set its own rule to raise the salary threshold for overtime pay, which was lower than the Obama-era policy. The Trump rule did not amount to a ""cut."" Walz has also blamed Trump for racking up the federal government’s debt, saying Trump ""added more to the national debt than any other president.""",False,False,True,refutes,politifact
politifact_501_ret_b16_gn,politifact_501,My 2018 election was the first time Speaker Robin Vos has lost a Republican-held seat,Robyn Vining,"Robin Joseph Vos (born July 5, 1968) is an American businessman and Republican politician and the 79th speaker of the Wisconsin State Assembly, serving in that role since 2013. He has been a member of the Assembly since 2005,[1] representing most of the southern half of Racine County.[2] Vos was also president of the National Conference of State Legislatures.[3] [...] Vos has been described as having a significant role in obstructing Governor Tony Evers.[4] After Evers, the Democratic nominee, won the 2018 Wisconsin gubernatorial election, defeating incumbent governor Scott Walker, Vos was the first public official to propose curbing the incoming governor's powers.[6] He claimed it was to restore a balance of power between the governor and the legislature, despite having previously voted to expand gubernatorial power.[37][38] Vos also said the changes were intended to lock in laws passed by Republicans and to prevent the incoming Democratic administration from fulfilling its campaign pledges, particularly a pledge to withdraw Wisconsin from a lawsuit seeking to overturn the federal Affordable Care Act.[39] The Republican-led legislature was called into a December lame duck session and passed laws decreasing the powers of the incoming governor, limiting early voting, and giving the legislature more control. Walker then signed the bills.[40]",True,False,True,insufficient-neutral,politifact
politifact_501_ret_b17_gn,politifact_501,My 2018 election was the first time Speaker Robin Vos has lost a Republican-held seat,Robyn Vining,"Latest Fact-checks on Robyn Vining Robyn Vining stated on October 25, 2020 in a TV interview: ""People are less likely to just vote for party now. … They’re looking at the personalities."" Robyn Vining stated on October 25, 2020 in an interview: My 2018 election was the first time Speaker Robin Vos has lost a Republican-held seat Robyn Vining stated on October 25, 2020 in a TV interview: ""People are less likely to just vote for party now. … They’re looking at the personalities."" Robyn Vining stated on October 25, 2020 in an interview: My 2018 election was the first time Speaker Robin Vos has lost a Republican-held seat [...] Robyn Vining stated on October 25, 2020 in an interview: My 2018 election was the first time Speaker Robin Vos has lost a Republican-held seat",True,False,True,insufficient-supports,politifact
politifact_501_ret_bn_g0,politifact_501,My 2018 election was the first time Speaker Robin Vos has lost a Republican-held seat,Robyn Vining,"Yet Republicans won 63 of the 99 Assembly seats, just one less than their pre-election majority. That marks an increase in the pro-Republican ""efficiency gap"" from about 10 percent in 2016 to almost 15 percent this year. Democrats also won or are leading in elections for all of Wisconsin's statewide offices, showing voter support for their candidates in races that are not affected by gerrymandering. Republican Assembly Speaker Robin Vos called it a ""faulty premise"" to say that Republicans' legislative majority is due to gerrymandering. [...] Wisconsin Progress, an organization that recruits and trains liberal candidates, said 30 of the 31 Democratic candidates it backed in Republican-held Assembly districts ended up losing in the Nov. 6 elections.",True,False,True,insufficient-neutral,politifact
politifact_501_ret_bn_g5,politifact_501,My 2018 election was the first time Speaker Robin Vos has lost a Republican-held seat,Robyn Vining,"Shooting, Kenosha police shoot Jacob Blake in Wisconsin on Aug. 23, 2020, Kenosha protesters, police clash again after Black man shot, Federal investigators launch a civil rights probe into shooting of Jacob Blake, My 2018 election was the first time Speaker Robin Vos has lost a Republican-held seat. [60], Former Vice President and 2020 Democratic presidential nominee Joe Biden said ""these shots pierce the soul of our nation"" and called for an ""immediate, full, and transparent investigation"". The Kenosha police officer who shot Jacob Blake in the back seven times last month told investigators he thought Blake was trying to abduct one of his … Cuomo's daughter, Gov. Gunshot wounds; paralyzed from the waist down; damage to his stomach, kidney, and liver; most of small intestines and colon removed. Show full articles without ""Continue Reading"" button for {0} hours. This page was last edited on 26 October 2020, at 20:04. ""When asked about court-packing, Biden's staff immediately escorts the camera out."", Says U.S. Rep. Ann Wagner ""voted five times against protecting pre-existing conditions.",True,False,True,insufficient-supports,politifact
politifact_508_ret_bn_g2,politifact_508,“Gas prices have skyrocketed since Joe Biden took office and continue to do so everyday.”,Carol Miller,"PolitiFact West Virginia recently fact-checked another statement about gasoline prices, that ""gas prices have skyrocketed since Joe Biden took office and continue to do so everyday."" That was rated Half True. [...] The West Virginia Republican party said, ""Since Biden took office ... real wages have fallen monthly."" [...] PolitiFact, ""Joe Biden's spending 'has sent prices skyrocketing,'"" April 20, 2022",Half True,False,True,insufficient-contradictory,politifact
politifact_523,politifact_523,There is “$500 billion of unspent COVID money” that can be rescinded.,Nikki Haley,"Government estimates show that more than $400 billion in COVID-19 relief money remained unspent as of Jan. 31. But government sources say a majority of that money has been allocated, meaning it’s earmarked to be spent and wouldn’t be eligible for rescission. Estimates about how much remains unspent and unallocated range from $70 billion to $90.5 billion.",Half True,True,True,refutes,politifact
politifact_523_ret_b8_gn,politifact_523,There is “$500 billion of unspent COVID money” that can be rescinded.,Nikki Haley,"WASHINGTON — There’s no Republican plan, let alone a bill, to resolve the debt ceiling problem. But some GOP lawmakers are floating one idea to include in a package: rescinding approved but unspent Covid relief funds. Taking back the unused pandemic response money ""certainly could"" be in a debt ceiling measure to avert default, Rep. Tom Cole, R-Okla., the chair of the powerful Rules Committee, said. [...] House Republican aides point to government estimates showing $4.61 trillion has been authorized in Covid-19 spending, but $4.12 trillion has been spent. That leaves nearly $500 billion in unspent funds, although a portion of that has been ""obligated"" to certain pots of money and may be difficult to return to the U.S. Treasury.",Half True,False,True,insufficient-supports,politifact
politifact_523_ret_bn_g0,politifact_523,There is “$500 billion of unspent COVID money” that can be rescinded.,Nikki Haley,"Is Nikki Haley right that $500 billion in COVID-19 funding could be rescinded? It’s not that simple [...] ""We start by clawing back the $500 billion of unspent COVID money,"" she said at an April 10 town hall in Salix, Iowa. [...] Haley said there is ""$500 billion in unspent COVID money"" that could be rescinded.",Half True,False,True,insufficient-neutral,politifact
politifact_528,politifact_528,"In Milwaukee, ""The (homicide) rate has nearly doubled in the past two years.""",Bryan Steil,"Milwaukee reached its grim homicide milestone the week of Nov. 23, when a 33-year-old man was killed in a shooting, bringing the homicide tally to 197 up to that date. In 2019, according to the Milwaukee Journal Sentinel’s homicide tracker, there were 111 homicides. In 2020, the number rose to 204; in 2021, the figure had climbed to 212 homicides. To have doubled in two years from 111 in 2019, the tally would have to have reached 222 in 2021. So Steil’s ""nearly doubled"" claim is in the ballpark.",True,True,True,supports,politifact
politifact_528_ret_bn_g0,politifact_528,"In Milwaukee, ""The (homicide) rate has nearly doubled in the past two years.""",Bryan Steil,"Wisconsin congressman correct about Milwaukee’s homicide rate nearly doubling in past two years [...] It is well known that Milwaukee is on pace for a third straight year of record homicides. But we wondered about the second part: Has the rate really nearly doubled in the past two years? [...] The Journal Sentinel’s homicide database recorded Milwaukee homicides in 2019 at 111. In 2020, the number rose to 204. In 2021, the figure climbed to 212 homicides. So Steil’s ""nearly doubled"" claim is on the mark.",True,False,True,supports,politifact
politifact_528_ret_bn_g18,politifact_528,"In Milwaukee, ""The (homicide) rate has nearly doubled in the past two years.""",Bryan Steil,"That was back in March. On Friday, 21 people were injured in three shootings in the city’s downtown entertainment district. Milwaukee has seen record numbers of homicides in each of the past two years — double the rate from as recently as 2019 — and is on pace to break the record again this year. In January, six people were killed across the street from a home where Johnson grew up. ""Milwaukee is in the midst of unsustainable and unacceptable violence,"" Johnson says. Milwaukee has other public safety problems. Vehicle thefts have doubled over the past couple of years to more than 11,000 annually, many ripped off by minors known as ""Kia Boys"" in reference to one of the preferred brands for break-ins. Milwaukee is a mostly flat city criss-crossed by long, broad, straight streets. If you’re driving 40 mph in a 30 mph zone, you will get passed. Last year, 65 people were killed in the city due to reckless driving. ""It’s become a social contagion,"" says Jordan Morales, a resident of the Sherman Park neighborhood. ""It’s not just teenaged kids in stolen cars.""",True,False,True,supports,politifact
politifact_528_ret_bn_g2,politifact_528,"In Milwaukee, ""The (homicide) rate has nearly doubled in the past two years.""",Bryan Steil,"Social Media stated on May 30, 2024 in a post: Under federal law, former President Donald Trump’s ""felony convictions mean he can no longer possess guns."" Bryan Steil stated on November 15, 2022 in Twitter: In Milwaukee, ""The (homicide) rate has nearly doubled in the past two years."" Everytown for Gun Safety stated on October 10, 2022 in an ad: ""Kari Lake is opposed to red flag laws."" A Better Wisconsin Together stated on September 12, 2022 in Campaign ad: Says Tim Michels ""opposes closing the loophole that allows domestic abusers to buy guns."" Levar Stoney stated on June 16, 2022 in a tweet.: ""In Virginia, Black people are eight times (8X) more likely than white people to die of gun homicide."" Cavalier Johnson stated on April 9, 2022 in TV interview: In a recent year, the Milwaukee Police Department ""collected more guns per capita off the streets than in New York."" Beth Wessel-Kroeschell stated on January 22, 2021 in public comments: ""86% of Americans and 82% of gun owners support requiring all gun buyers to pass a background check."" [...] Bryan Steil stated on November 15, 2022 in Twitter: In Milwaukee, ""The (homicide) rate has nearly doubled in the past two years.""",True,False,True,supports,politifact
politifact_53_ret_b1_gn,politifact_53,“The state of Washington has already sent out their ballots” for the 2024 presidential election.,Instagram posts,"The Presidential election is coming up on November 5, 2024. Stay informed with the latest voting information, key dates, primary results and more for Washington. [...] How Washington Voted in Past Presidential Elections [...] * The Decision Desk pre-election race ratings characterize the competitiveness of all U.S. House and Senate seats up in 2024, all gubernatorial elections in 2024, and the states and districts that comprise the 538 electoral votes in the presidential election. Several factors are taken into consideration in determining ratings, including various combinations of the analysis of historical electoral results, election polling, analysis of voter file registration data and early voting (when applicable), political advertising data as well as qualitative assessments of the specific candidates.",False,False,True,insufficient-neutral,politifact
politifact_53_ret_b6_gn,politifact_53,“The state of Washington has already sent out their ballots” for the 2024 presidential election.,Instagram posts,"WA presidential primary ballots sent. Here’s who’s on them [...] On the Republican side, the Washington ballot includes former President Donald Trump and Nikki Haley, the former South Carolina governor and former U.N. ambassador who is the last rival remaining on Trump’s path to the 2024 GOP nomination. [...] In 2020, Washington’s Democratic presidential primary ballot featured 13 candidates, chiefly Biden and Vermont Sen. Bernie Sanders but also other rivals who had ended their campaigns before the vote count here, including billionaire and former New York City Mayor Michael Bloomberg and Massachusetts Sen. Elizabeth Warren. Biden narrowly won the state’s primary.",False,False,True,insufficient-neutral,politifact
politifact_53_ret_bn_g14,politifact_53,“The state of Washington has already sent out their ballots” for the 2024 presidential election.,Instagram posts,"To vote in the next election, you must complete your application by 10/21/2024. You can submit your application: [...] By mail to your county voter registration office, received by 10/21/2024. [...] Deadline Alert: If you plan to vote by mail-in ballot in the 2024 GENERAL ELECTION, your completed application must be received in the county office by 5:00 PM on 10/29/2024. Your voted ballot must be returned by 8:00 PM on 11/05/2024.",False,False,True,insufficient-neutral,politifact
politifact_53_ret_bn_g9,politifact_53,“The state of Washington has already sent out their ballots” for the 2024 presidential election.,Instagram posts,"No, Washington state’s 2024 presidential election ballots are not ‘already sent out’ [...] The claim that Washington state has already ""sent out"" ballots for the November 2024 presidential election is inaccurate. [...] An Instagram post said ""the state of Washington has already sent out their ballots"" for the 2024 presidential election.",False,False,True,refutes,politifact
politifact_54,politifact_54,Project 2025 would “end Head Start.”,Kamala Harris,"Head Start is a federally funded program that supports early education and other services for low-income Americans. The Project 2025 conservative policy blueprint says on Page 482 that it would ""Eliminate the Head Start program.""",True,True,True,supports,politifact
politifact_54_ret_b6_gn,politifact_54,Project 2025 would “end Head Start.”,Kamala Harris,"If implemented, Project 2025 plans to completely eliminate Head Start, a federally funded child care program that has served nearly 40 million children and provides vital support to American families experiencing poverty. Nixing Head Start would create painful and, in some cases, unbearable increases in the cost of child care for countless Americans. Worse still, the repercussions would be disproportionately felt by some of the nation’s most vulnerable populations, including Latino and rural communities. [...] ""Project 2025’s plan to eliminate Head Start pulls the rug out from under families living in poverty and would have a devastating impact on children’s development, parents’ ability to seek employment, and our economy,"" said Casey Peeks, senior director for Early Childhood Policy at CAP and author of the column. ""A majority of Americans already live in child care deserts, but this plan would increase costs for families, set our country’s early learning system back decades, and fall hardest on the backs of rural communities and Latino Americans."" Read the column: ""Project 2025 Would Eliminate Head Start, Severely Restricting Access to Child Care in Rural America"" by Casey Peeks",True,False,True,supports,politifact
politifact_54_ret_bn_g0,politifact_54,Project 2025 would “end Head Start.”,Kamala Harris,"This article is part of a series from the Center for American Progress exposing how the sweeping Project 2025 policy agenda would harm all Americans. This new authoritarian playbook, published by the Heritage Foundation, would destroy the 250-year-old system of checks and balances upon which U.S. democracy has relied and give far-right politicians, judges, and corporations more control over Americans’ lives. [...] Despite strong evidence that the program has helped boost educational attainment and fight intergenerational poverty, Project 2025—a far-right authoritarian playbook that would upend the 250-year-old system of checks and balances on which American government is built—proposes eliminating Head Start in its entirety. Enacting Project 2025’s plan to eliminate Head Start would vastly restrict the number of available child care slots, dramatically increase child care costs for families living in poverty, and undermine economic growth and exacerbate inequality. [...] Additionally, eliminating Head Start would upend the progress states and localities have made on universal pre-K. The District of Columbia, Florida, Iowa, Oklahoma, and West Virginia—top states in pre-K access for 4-year-olds—each have integrated Head Start programs into their state pre-K programs. For instance, in West Virginia, where pre-K is available for all 4-year-olds, 68 percent of the state’s preschool classrooms were in Head Start programs in the 2020 school year. Without Head Start, states would have to take on a larger share of funding to reach universal pre-K access.",True,False,True,supports,politifact
politifact_54_ret_bn_g1,politifact_54,Project 2025 would “end Head Start.”,Kamala Harris,"Project 2025 Would End Head Start and Hurt Children with Disabilities [...] The 2024 Republican National Convention has highlighted the party’s platform this week, drawing heavily from Project 2025. The conservative policy plan calls for the elimination of Head Start, alarming education advocates who note that doing so would remove access to early learning for over 787,000 children from families with low-incomes across the U.S. Of those children served, over 111,000 (about 14.2%) are children with disabilities, and many more are at risk for developing disabilities. Head Start specializes in providing comprehensive services to young children with disabilities from families with low incomes, who face intertwined challenges from inequitable access to food, health care, housing, and high-quality early learning. If Head Start ends, so will critical services for thousands of children with delays and disabilities living in poverty across the country. [...] Project 2025’s brevity about the elimination of Head Start belies its potentially devastating consequences for some of the U.S.’s most vulnerable children and their families. Cutting Head Start comprises just one paragraph in the project’s 900-plus-page Mandate for Leadership: The Conservative Promise. The paragraph includes misleading information about Head Start’s efficacy and no mention of its services for children with disabilities. It does not offer an alternative strategy for providing critical services to set young children up for long-term success.",True,False,True,supports,politifact
politifact_54_ret_bn_g11,politifact_54,Project 2025 would “end Head Start.”,Kamala Harris,"The document is the ""180 Day Playbook"" of a group called Project 2025, and it is the plan of attack – emphasis on the word ""attack"" – that people surrounding Donald Trump (e.g. Stephen Miller, Mark Meadows) have put together for what they hope will be second Trump administration. [...] - Eliminating the Head Start program. [...] Amazingly, however, Project 2025 calls for ""phasing"" Title I out of existence and turning the responsibility over to the states. North Carolinians familiar with their General Assembly’s cheapskate approach to funding schools will find that notion laughable.",True,False,True,insufficient-supports,politifact
politifact_55,politifact_55,"Former President Jimmy Carter “passed away Tuesday, July 23, at 01:34 am at his home in Plains, Georgia at the age of 99.”",X posts,"The death announcement included satirical claims about former President Jimmy Carter’s time in office and lewd references to former first ladies. The Carter Center, a nonprofit organization Carter founded, told PolitiFact the letter is a hoax.",False,True,True,refutes,politifact
politifact_55_ret_b10_gn,politifact_55,"Former President Jimmy Carter “passed away Tuesday, July 23, at 01:34 am at his home in Plains, Georgia at the age of 99.”",X posts,"Jimmy Carter, now 99, became the oldest living president in history after George H.W. Bush died in 2018 at the age of 94. He has survived metastatic brain cancer, liver cancer and a number of health scares, including brain surgery after a fall in 2019. He entered hospice care in February 2023 after a series of hospital stays and made a rare public appearance to attend his wife’s memorial service back in November. [...] The former president is widely revered for his championing of human rights. His brokering of the Camp David Accords in 1978 with Egyptian President Anwar Sadat and Israeli Prime Minister Menachem Begin remains central to his legacy. A peanut farmer and US Navy lieutenant before going into politics, Carter, a Democrat, served one term as governor of Georgia before serving as president of the United States from 1977 to 1981.",False,False,True,insufficient-neutral,politifact
politifact_55_ret_b16_gn,politifact_55,"Former President Jimmy Carter “passed away Tuesday, July 23, at 01:34 am at his home in Plains, Georgia at the age of 99.”",X posts,"Former President Jimmy Carter, 99, is mourning the death of his beloved wife, Rosalynn Carter, who died on November 19 at age 96. Rosalynn passed away peacefully with her family by her side in the couple’s hometown of Plains, Georgia, according to a news release from The Carter Center. [...] Jimmy Carter was the 39th president of the United States and served as the nation’s chief executive during a time of serious problems at home and abroad. Carter’s perceived mishandling of these issues led to defeat in his bid for reelection. He later turned to diplomacy and advocacy, founding The Carter Center in 1982 with his late wife, Rosalynn. For these efforts, he was awarded the Nobel Prize for Peace in 2002. Carter is the author of more than 30 books, most recently Faith: A Journey for All. He has been in hospice care since February 2023. [...] A devout Christian, Carter was raised Southern Baptist, though he left the Southern Baptist Convention in 2000 after disagreeing with the denomination’s stances that women shouldn’t be pastors and wives should be subservient to their husbands. He and Rosalynn attend Plains’ Maranatha Baptist Church, which they joined in 1981 and where they were both deacons. A well-known Sunday school teacher, Carter first began teaching Bible lessons while at the Naval Academy and continued throughout his life. Hundreds of people from across the country flocked to his Sunday school services at Maranatha for decades until he stopped teaching in late 2019.",False,False,True,insufficient-neutral,politifact
politifact_55_ret_bn_g1,politifact_55,"Former President Jimmy Carter “passed away Tuesday, July 23, at 01:34 am at his home in Plains, Georgia at the age of 99.”",X posts,"The claim: President Jimmy Carter died July 23, 2024 [...] ""Former President Jimmy Carter – James Earl Carter, Jr. – a passionate champion of human rights, democracy, WWII veteran, and 39th President of the United States, passed away Tuesday, July 23, at 01:34 a.m. at his home in Plains, Georgia, at the age of 99,"" the purported statement began. [...] Carter, the oldest living former president at 99 years, entered hospice care Feb. 18, 2023, opting to forgo medical treatments after cancer had spread to his brain. His grandson Jason said in June that the former president was ""experiencing the world as best he can as he continues through this process.""",False,False,True,supports,politifact
politifact_55_ret_bn_g5,politifact_55,"Former President Jimmy Carter “passed away Tuesday, July 23, at 01:34 am at his home in Plains, Georgia at the age of 99.”",X posts,"A fabricated letter claiming that former US President Jimmy Carter passed away on July 23 began circulating online. The Carter Center confirmed the letter was fake and that Carter, 99, the longest-living US President, was alive. He will turn 100 on October 1. [...] A fabricated letter claiming that the 39th US President, Jimmy Carter, passed away on July 23, 2024, surfaced online, sparking widespread rumours about his death. However, the Carter Center has confirmed that the letter is false, and Jimmy Carter remains alive. Carter, who is 99, is the longest-living US President. [...] The first paragraph says that the 99-year-old ""passed away Tuesday, July 23 at 01:34 am at his home"" in Plains, Georgia.",False,False,True,refutes,politifact
politifact_56,politifact_56,There are nine states “where Biden’s name can’t be removed and no one can be added. That’s over 130 electoral votes in the toilet.”,Instagram,President Joe Biden was the presumptive — not official — Democratic presidential nominee until he announced July 21 that he would be dropping out of the race. The official nominee will be chosen either in the run-up to the Democratic National Convention that starts Aug. 19 or at the convention itself. States set deadlines for receiving the names of presidential nominees so that ballots can be printed. Those deadlines are generally after the convention.,False,True,True,insufficient-refutes,politifact
politifact_56_ret_b14_gn,politifact_56,There are nine states “where Biden’s name can’t be removed and no one can be added. That’s over 130 electoral votes in the toilet.”,Instagram,"There are ways to resolve this problem, as two other states with early deadlines have already done. Washington state officials said they will accept a provisional certification of Biden’s nomination before the convention. And Alabama’s Legislature shortened its deadline so that Biden could qualify for the ballot there. [...] So, Democrats might have to file a lawsuit to get Biden on the ballot.",False,False,True,insufficient-neutral,politifact
politifact_56_ret_bn_g0,politifact_56,There are nine states “where Biden’s name can’t be removed and no one can be added. That’s over 130 electoral votes in the toilet.”,Instagram,"Fact-check: Post says there are 9 states where Biden’s name can’t be removed. That’s False. [...] An Instagram post said there are nine states ""where Biden’s name can’t be removed and no one can be added. [...] It’s wrong to say that Biden’s name can’t be ""removed"" because it hasn’t yet been placed on ballots. Biden was the presumptive nominee — not the official nominee. Election officials in the states listed in the Instagram post have said in written statements and in emails to PolitiFact that their deadlines for the party to submit its nominees’ names for the ballot have not yet passed.",False,False,True,refutes,politifact
politifact_56_ret_bn_g1,politifact_56,There are nine states “where Biden’s name can’t be removed and no one can be added. That’s over 130 electoral votes in the toilet.”,Instagram,"An Instagram post said there are nine states ""where Biden’s name can’t be removed and no one can be added. [...] It’s wrong to say Biden’s name can’t be ""removed"" because it hasn’t yet been placed on ballots. Biden was the presumptive nominee — not the official nominee. Election officials in the states listed in the Instagram post have said in written statements and in emails to PolitiFact that their deadlines for the party to submit its nominees’ names for the ballot have not yet passed. [...] But there is nothing to ""remove"" Biden’s name from because he was the presumptive nominee, not the official nominee. After the Democrats formally choose their official nominee — either at their Aug. 19 convention or before — state officials will receive those names to place them on their states’ ballots.",False,False,True,refutes,politifact
politifact_56_ret_bn_g12,politifact_56,There are nine states “where Biden’s name can’t be removed and no one can be added. That’s over 130 electoral votes in the toilet.”,Instagram,And so it will be used as a way to sort of acolyte Republicans--but give me a break. No one in their right mind in this country believes that anybody other than Joe Biden is responsible for 9 million people being here illegally. Just like nobody believes in this country that our economy is in better shape for working people because of Joe Biden.,False,False,True,insufficient-neutral,politifact
politifact_561,politifact_561,“Iran has stockpiled 10 times as much enriched uranium as it had” in 2016.,Joe Biden,"Under a 2015 agreement, Iran limited its enriched uranium to 202.8 kilograms. Trump withdrew the U.S. from the agreement in 2018. International inspectors say Iran now has 2,105 kilograms of enriched uranium.",True,True,True,supports,politifact
politifact_561_ret_b1_gn,politifact_561,“Iran has stockpiled 10 times as much enriched uranium as it had” in 2016.,Joe Biden,"Iran's enriched uranium stockpile '10 times limit' Iran now has more than 10 times the amount of enriched uranium permitted under an international agreement, the UN's nuclear watchdog says. The International Atomic Energy Agency (IAEA) said Iran's enriched uranium stockpile had reached 2,105kg (4,640lb).",True,False,True,insufficient-supports,politifact
politifact_561_ret_bn_g0,politifact_561,“Iran has stockpiled 10 times as much enriched uranium as it had” in 2016.,Joe Biden,"""This past month has proven that Trump's Iran policy is a dangerous failure,"" Biden wrote Sept. 13. ""Trump tried to unilaterally reimpose U.N. sanctions on Iran, only to have virtually all the U.N. Security Council members unite to reject his gambit. Now there are reports that Iran has stockpiled 10 times as much enriched uranium as it had when President Barack Obama and I left office."" [...] The International Atomic Energy Agency reported in September that Iran now has a bit over 2,105 kilograms of enriched uranium. That’s more than 10 times the limit in the agreement. [...] Biden said that Iran has 10 times as much enriched uranium as when he left office in 2016.",True,False,True,supports,politifact
politifact_561_ret_bn_g15,politifact_561,“Iran has stockpiled 10 times as much enriched uranium as it had” in 2016.,Joe Biden,"By the fall of 2009, Iran had been the subject of four sets of UN sanctions aimed at compelling the country to comply with IAEA demands to disclose the full extent of its nuclear program and to stop its uranium enrichment activities. In September 2009, Iran informed the IAEA that it was constructing a second fuel enrichment plant near the city of Qom, but refused to answer all of the Agency's questions about the new plant.[3] At that time, Iran had an estimated stockpile of 1,500 kilograms of low enriched uranium (LEU), enriched to between 3.5 and 5 percent. When Iran announced that it would begin enriching uranium to 19.75 percent because it was running out of fuel for use in its Tehran Research Reactor that produces medical isotopes, the United States, France, Russia, and the IAEA (the ""Vienna Group"") proposed a fuel swap as a confidence-building measure pending renewed talks with Iran.[4] This proposal called for Iran to ship roughly three-quarters of its then LEU stockpile to Russia and France to be further enriched to nearly 20 percent and then returned to Iran as fuel for its Tehran Reactor.[5] Iran initially expressed interest in the proposal, but then withdrew its support,[6] continued its enrichment activities, and spurned further negotiations with the five permanent members of the UN Security Council plus Germany (P5+1).",True,False,True,insufficient-neutral,politifact
politifact_561_ret_bn_g19,politifact_561,“Iran has stockpiled 10 times as much enriched uranium as it had” in 2016.,Joe Biden,"Iran should strictly adhere to its JCPOA commitments and move away from using brinksmanship as leverage.[fn]In addition to delaying the transfer of centrifuge infrastructure in Fordow to storage in the Natanz facility until shortly before the 16 January 2017 deadline, Iran kept its heavy-water stockpile close to the 130-ton threshold, and its low-enriched uranium stockpile just under the 300kg cap. Crisis Group interviews, U.S. and European officials, Brussels, London and Vienna, November 2016. Asked about the calculus behind this, an Iranian official retorted: ""Because 299kg is under 300kg. We committed to remain under 300kg, not to keep a large distance from it"". Crisis Group interview, November 2016. Yet, as an EU official said, ""implementing a long-duration agreement is difficult when you are always on the brink of surpassing the threshold, even if inadvertently"".",True,False,True,insufficient-neutral,politifact
politifact_57_ret_bn_g0,politifact_57,"Kamala Harris “returned” a $5,000 donation Donald Trump made to her campaign in 2011.",Threads posts,"Donald Trump once donated to Kamala Harris’ campaign. Here’s what she did with the money. [...] In 2011, Donald Trump, as a private citizen, donated $5,000 to Kamala Harris’ California attorney general reelection campaign. In 2013, Trump gave Harris an additional $1,000. [...] A July 21 Threads post included a photo of a $5,000 check Trump wrote in September 2011 to Harris’ California attorney general reelection campaign. The post said, ""A donation (Harris) returned.""",False,False,True,insufficient-neutral,politifact
politifact_57_ret_bn_g15,politifact_57,"Kamala Harris “returned” a $5,000 donation Donald Trump made to her campaign in 2011.",Threads posts,"President Trump and his daughter Ivanka both made financial contributions to Kamala Harris’s campaign when she was running for reelection as California’s attorney general before she became a senator — and, eventually, as of Tuesday, a Democratic vice-presidential candidate. The donations were originally noted by McClatchy DC when Harris was running for president in the Democratic primaries last year. According to campaign-finance records, Donald Trump donated a total of $6,000 to Harris’s attorney-general reelection campaigns in 2011 ($5,000) and 2013 ($1,000). Ivanka Trump gave Harris’s campaign $2,000 in 2014. In 2015, months after the elder Trump began spreading the baseless birther conspiracy theory about President Obama on television, Harris donated the $6,000 to a nonprofit that advocates for Central Americans’ rights, her presidential campaign manager told McClatchy last year. [...] Harris is far from the only Democratic lawmaker to have gotten money from the Trumps. Both have also donated to New York Senator Kirsten Gillibrand’s campaigns and, from Ivanka Trump and Jared Kushner, New Jersey senator Cory Booker’s. Donald Trump, who donated mostly to Democrats up until 2011 — including repeated contributions to the campaigns of Chuck Schumer, Harry Reid, and Hillary Clinton — has defended his political donations to both Democrats and Republicans, claiming they were strategic moves to buy influence. Most of the Democrats Trump has donated to at the state or federal level have been in the Northeast, with the exception of Harris, Reid, and a few more in other parts of the country.",False,False,True,insufficient-supports,politifact
politifact_57_ret_bn_g3,politifact_57,"Kamala Harris “returned” a $5,000 donation Donald Trump made to her campaign in 2011.",Threads posts,"Though Donald Trump has a history of derisive comments about Harris since taking office, political contribution data, reviewed by USA TODAY on the California Secretary of State website show he gave $5,000 to Harris during her first bid for attorney general in 2011 and $1,000 in 2013 during her reelection. Ivanka Trump contributed $2,000 in 2014 for Harris' reelection campaign. [...] We rate this claim as TRUE, based on our research. Donald Trump and his daughter Ivanka donated to Harris' campaigns for California attorney general. Though Harris' spokesman said $6,000, as the meme suggests, was donated to a nonprofit group, the Trumps actually donated a total of $8,000. It is unclear whether Harris returned Ivanka Trump's contribution or similarly donated it. The donations to Harris' campaigns were given before Trump's 2016 election. [...] - Washington Examiner, July 31, 2019, ""Trump’s $5,000 donation to Kamala Harris was at request of disgraced former NY attorney general.""",False,False,True,insufficient-supports,politifact
politifact_585,politifact_585,"""(The) top issue for college students is the economy.""",Scott Walker,"Polling commissioned by Young America’s Foundation found the economy was a top issue of 38% of college students. Wisconsin pollster Charles Franklin said the polling company is reputable, and the questions were even-handed. Other polls, including the Harvard Youth Poll, found economy was the most important issue to young voters, more than abortion.",True,True,True,insufficient-supports,politifact
politifact_585_ret_b10_gn,politifact_585,"""(The) top issue for college students is the economy.""",Scott Walker,"The midterm election is right around the corner and the economy and abortion rights are the top issues of concern for college students according to a new survey by BestColleges.com. These issues are also ranked as the most important for Americans overall. BestColleges.com surveyed over 1000 students about their political beliefs and plans to vote. Thirty-seven percent (37%) of those surveyed noted the economy, inflation, and employment as the most important issues in this election. Students are worried about finding jobs, their future finances, and the growing cost of everything from housing to peanut butter. White college men, in particular, are overwhelmingly concerned about the economy, employment, and inflation, with almost half (49%) selecting these three issues as their top political issues — a significantly higher percentage than other demographic groups surveyed. Abortion rights, which have been the subject of heated national and local political campaigns, were ranked as a top concern by college students with 33% of those surveyed ranking these rights as a top issue. College women were particularly concerned about legislation having an impact on their bodies. While college men chose the economy as their top issue (44%), abortion rights were the most important issue for college women (43%), with women of color expressing the deepest concern. Only 21% of college men considered abortion rights an important issue. For college men, the economy, gun policy, healthcare, racial and ethnic inequality, and climate change all came out ahead of abortion rights as leading issues.",True,False,True,supports,politifact
politifact_585_ret_b2_gn,politifact_585,"""(The) top issue for college students is the economy.""",Scott Walker,"""The everyday concerns of Americans are the economy — even young people that we work with at Young America's Foundation, our polling shows nationwide, their top issue for college students is the economy,"" Walker said. [...] Is Walker right that the ""top issue for college students is the economy""? [...] The economy was the top issue for college students who participated in the group’s poll. Wisconsin pollster Charles Franklin said the polling company is reputable and the questions were overall evenhanded.",True,False,True,supports,politifact
politifact_585_ret_bn_g0,politifact_585,"""(The) top issue for college students is the economy.""",Scott Walker,"""The everyday concerns of Americans are the economy — even young people that we work with at Young America's Foundation, our polling shows nationwide, their top issue for college students is the economy,"" Walker said. [...] Is Walker right that ""The top issue for college students is the economy""? [...] The economy was the top issue for college students who participated in the group’s poll. Wisconsin pollster Charles Franklin said the polling company is reputable and the questions were overall evenhanded.",True,False,True,supports,politifact
politifact_588,politifact_588,"Says since he took office, the City of Milwaukee has seen the creation of 7,000 new affordable housing units.",Tom Barrett,"Mayor Tom Barrett said the city has created 7,000 new housing units since he took office in 2004. Data from Milwaukee’s Department of City Development shows that as of October 2019, a total of 7,261 affordable housing units had been developed since Barrett took office. Barrett has faced criticism about focusing on apartment units instead of single-family homes or duplexes. The federal grants the city has used apply only to apartment developments.",True,True,True,supports,politifact
politifact_588_ret_bn_g11,politifact_588,"Says since he took office, the City of Milwaukee has seen the creation of 7,000 new affordable housing units.",Tom Barrett,"Between 1913 and 1917 Milwaukee, Wisconsin‘s population increased by 79,000 people, while the housing stock only increased by about 6,000 units – resulting in a shortage of 7,000 homes. As early as 1910, Mayor Emil Seidel, the first Socialist mayor of Milwaukee, had run on a platform of expanding the amount of low-income housing within the city. But, with his defeat two years later, the idea never moved forward. It was not until 1918 that Mayor Daniel Webster Hoan would again pursue the idea. This would ultimately lead to the development of the first city funded and planned housing project: Garden Homes. [...] The Housing Commission was a ten-man collective of city employees and Milwaukee businessmen that had two goals. The first was to look at how to alleviate the housing problem in the short term, while the second was to look for long-term solutions for Milwaukee‘s affordable housing shortage. After two years of research, the Commission believed they found their answer in a municipally funded and planned cooperative housing development.",True,False,True,insufficient-neutral,politifact
politifact_588_ret_bn_g18,politifact_588,"Says since he took office, the City of Milwaukee has seen the creation of 7,000 new affordable housing units.",Tom Barrett,"Downtown’s population has reached 14,000 and should continue growing. A study I published in 2003 with Cleveland State University’s Center for Housing Research and Policy found that in the waterfront cities of Chicago and Baltimore, 2.2 percent of their region’s middle- and upper-income households lived downtown. The figures for Portland, Oregon, and Milwaukee were, respectively, 2.5 percent and 0.7 percent. If Cleveland’s downtown had 2.5 percent, it would amount to around 10,000 households containing a population of nearly 20,000, which would support more stores, restaurants, and services. Including downtown residents whose income is below mid-level means a total population of 28,000 is possible. That would be double the current figure, or a community the size of Shaker Heights. Space for that many, and more, certainly exists. As downtown’s population continues to grow, so will its attractiveness. I expect it to happen, as long as crime remains under control. But downtown alone will not be enough to offset citywide move-outs, which are likely to increase as regionwide homebuilding increases and enables more out-migration. (Around 4,000 homes were built in the region in both 2015 and 2016. A gradual increase to 7,000 or 8,000 units annually is likely.)",True,False,True,insufficient-supports,politifact
politifact_588_ret_bn_g2,politifact_588,"Says since he took office, the City of Milwaukee has seen the creation of 7,000 new affordable housing units.",Tom Barrett,"Donald Trump stated on March 2, 2020 in a Tweet Michael Bloomberg ""did not poll well as mayor in handling crisis!"" Michael Bloomberg stated on January 30, 2020 in a news release During his tenure as mayor of New York City, ""street homelessness decreased by 28 percent."" Tom Barrett stated on November 20, 2019 in a public forum Says since he took office, the City of Milwaukee has seen the creation of 7,000 new affordable housing units. Michael Bloomberg stated on January 1, 2020 in a television ad ""Mayor Bloomberg helped lower the number of uninsured by 40 percent, covering 700,000 more New Yorkers"" Viral image stated on November 5, 2019 in a Facebook post ""These are real ads running in New York City calling for the removal of ‘trash’ which includes white people, Trump supporters, and Christians."" Greg Abbott stated on October 10, 2019 in a tweet ""The City of Austin is dedicating more than $20,000 PER HOMELESS PERSON in Austin."" Roger Stone stated on September 28, 2018 in a Facebook post As mayor of Newark, N.J., Cory Booker ""stole $600,000 from a city water authority and laundered it through his law firm."" [...] Tom Barrett stated on November 20, 2019 in a public forum Says since he took office, the City of Milwaukee has seen the creation of 7,000 new affordable housing units.",True,False,True,supports,politifact
politifact_591,politifact_591,"“We’ve seen an 800% increase in the Swanton sector, which is the part of the northern border that I represent, in illegal crossings.”",Rep. Elise Stefanik,"The northern border has seen increases in illegal crossings of varying amounts, depending upon the time periods that are compared. One comparison, highlighted by U.S. Customs and Border Protection, shows that there was an 846% increase when a four-month period was compared, year-over-year. Learn more about PolitiFact's fact-checking process and rating system.",True,True,True,insufficient-neutral,politifact
politifact_591_ret_b12_gn,politifact_591,"“We’ve seen an 800% increase in the Swanton sector, which is the part of the northern border that I represent, in illegal crossings.”",Rep. Elise Stefanik,"The agency’s Swanton Sector in Vermont — covering parts of upstate New York and New Hampshire — requested a ""quick turnaround"" of agents from the already overwhelmed southern border to make their way north to volunteer for at least a month starting next week. [...] His sector said that the current fiscal year — which started in October — ""demonstrates an approximate 846% increase in encounters and apprehensions compared to the same period"" in the previous year. [...] The Swanton sector has seen families with young kids, even infants, crossing, and late last year provided life-saving aid in separate incidents in Vermont and upstate New York, Garcia said.",True,False,True,supports,politifact
politifact_591_ret_b15_gn,politifact_591,"“We’ve seen an 800% increase in the Swanton sector, which is the part of the northern border that I represent, in illegal crossings.”",Rep. Elise Stefanik,"SWANTON, Vt. (TND) — Congresswoman Elise Stefanik, R-N.Y., is blaming the Biden administration's failure to control immigration on the southern border for a major uptick in illegal border crossings along the U.S.-Canada border. Between October 1, 2022 and January 31, 2023, there has been a 846% increase in encounters and apprehensions along theSwanton Sector of the northern U.S. border compared to the same period a year ago. Total apprehensions and encounters in that region, which covers land in Vermont, New Hampshire and northeastern New York, during fiscal year 2023 have already surpassed the FY22 and FY21 totals combined, CBP added. [...] Stefanik said her office has been in contact with ""numerous"" families along the U.S.'s northern border who have recorded first-hand accounts of vast amounts of illegal crossings occurring on their own private property.",True,False,True,supports,politifact
politifact_591_ret_b2_gn,politifact_591,"“We’ve seen an 800% increase in the Swanton sector, which is the part of the northern border that I represent, in illegal crossings.”",Rep. Elise Stefanik,"""We’ve seen an 800% increase in the Swanton sector, which is the part of the northern border that I represent, in illegal crossings,"" Stefanik said on ""Sunday Morning Futures with Maria Bartiromo"" on Jan. 28. [...] Stefanik claimed that there has been at some point an 800% increase in illegal crossings in the Swanton sector of the U.S.-Canada border. Stefanik did not say which time period she was talking about. The increases in unauthorized crossings vary depending on the period, but there have been increases exceeding 800% at the border. The actual numbers of encounters remain very low compared with crossings at the southern border.",True,False,True,supports,politifact
politifact_591_ret_b4_gn,politifact_591,"“We’ve seen an 800% increase in the Swanton sector, which is the part of the northern border that I represent, in illegal crossings.”",Rep. Elise Stefanik,"""We’ve seen an 800% increase in the Swanton sector, which is the part of the northern border that I represent, in illegal crossings,"" Stefanik said on ""Sunday Morning Futures with Maria Bartiromo"" on Jan. 28. [...] The Swanton sector includes an estimated 24,000 square miles and includes northeastern counties in New York, three counties in New Hampshire, and all of Vermont. [...] In November, Customs and Border Protection Chief Patrol Agent Robert Garcia of the Swanton sector posted on X – formerly Twitter – that there had been a 550% increase in apprehensions between fiscal year 2022 and 2023, and that the migrants came from 79 countries. Garcia posted in August that apprehensions in just over 10 months exceeded the previous nine years combined.",True,False,True,insufficient-supports,politifact
politifact_592,politifact_592,“The racial wealth gap is the smallest it’s been in 20 years.”,Joe Biden,"President Joe Biden referred to 2022 Federal Reserve data that showed a modest decrease in the wealth ratio between white and Black Americans. For every $100 the average white family had in wealth, the average Black family had $15.75, the smallest gap in 20 years. By a different measure — the dollar amount difference in wealth — the gap widened between white and Black Americans to its largest disparity since 1989. Economists use both measures to assess the racial wealth gap. Learn more about PolitiFact’s fact-checking process and rating system.",Half True,True,True,insufficient-supports,politifact
politifact_592_ret_b17_gn,politifact_592,“The racial wealth gap is the smallest it’s been in 20 years.”,Joe Biden,"Why did the racial wealth gap fall so quickly? One reason is the effect the Civil War and abolition had on white slaveowners. Enslaved people had been a huge form of wealth — about 15% of the total wealth of white America in 1860. Hence, their liberation reduced the average wealth of white America, thereby shrinking the racial wealth gap. [...] As inspiring as the story is of an oppressed people embracing freedom and working hard to build a better life for themselves against all odds, it's also important to note that a large part of the reason for the steep decline in the racial wealth gap in these early years reflects some simple math. When one group starts off with basically zero wealth, even tiny gains in wealth look huge. When the denominator (the bottom part of the fraction) of the white-to-Black ratio goes from nothing to something, wealth inequality falls sharply. [...] Despite all the ostensible progress Black Americans made in politics, business, and culture in the mid-to-late 20th and early 21st centuries, the economists find there's been very little progress in closing the average racial wealth gap since 1950. By 1950, the ratio of white-to-Black wealth fell to 7 to 1. Today, it's 6 to 1. For every dollar the average white American has, the average Black American has only about 17 cents. (For those wondering about the median, it's even worse: for every dollar the median white household has, the median Black household has just 10 cents).",Half True,False,True,insufficient-supports,politifact
politifact_592_ret_bn_g19,politifact_592,“The racial wealth gap is the smallest it’s been in 20 years.”,Joe Biden,"Biden got a Half True rating for saying, ""The racial wealth gap is the smallest it’s been in 20 years."" Economists use two measures to assess the racial wealth gap, and Biden’s statement covered only one of them. [...] Black earnings have continued to trail white earnings by fairly consistent margins. [...] Another metric, the Federal Reserve’s Survey of Consumer Finances, conducted every three years, tracks with what the Census Bureau found. The 2022 Fed survey, the first conducted since 2019, found that 11% of Black households held equity in a business, far higher than the previous record of 6.6% in 2016 and the 4.8% recorded in 2019.",Half True,False,True,insufficient-contradictory,politifact
politifact_592_ret_bn_g5,politifact_592,“The racial wealth gap is the smallest it’s been in 20 years.”,Joe Biden,"A simple calculation puts the persistent and policy-driven black-white wealth gap into perspective. Consider that the racial wealth gap—measured as the ratio of median black wealth to median white wealth—slightly narrowed from 2013 to 2016. (see Table 1) If this pattern continued over time and with no major policy changes, it would take more than 20 years just to return to the racial wealth gap that existed in 1998. Moreover, it would take more than 200 years for median black wealth to equal median white wealth. Leaving wealth inequality to market forces would likely create a massive gulf in economic opportunity and security by race. That said, shrinking the black-white wealth gap in a meaningful way will undoubtedly require large, targeted policy interventions.",Half True,False,True,insufficient-neutral,politifact
politifact_605,politifact_605,"“When a basketball player or football or baseball player from another team plays in Wisconsin, that one game's salary, they pay Wisconsin income tax on it. ... So if for some reason we do not have the Brewers in Wisconsin all of those player salaries that generate dollars for the State of Wisconsin go away.""",Robin Vos,"Withholding from professional athletes total in the millions every year. In 2022, withholding from Major League Baseball teams alone totaled about $12.4 million In 2022, taxes from visiting pro athletes in baseball, basketball and football topped $50 million.",True,True,True,insufficient-supports,politifact
politifact_605_ret_bn_g17,politifact_605,"“When a basketball player or football or baseball player from another team plays in Wisconsin, that one game's salary, they pay Wisconsin income tax on it. ... So if for some reason we do not have the Brewers in Wisconsin all of those player salaries that generate dollars for the State of Wisconsin go away.""",Robin Vos,"Many people perceive professional sports teams as beneficial for the local economy and essential to an area's civic identity. Professional sports teams have been credited with providing jobs and injecting millions of dollars into local economies. The presence of a professional sports franchise from one of the four major sports is often regarded as a prerequisite to becoming a ""big league"" city or state. As Wisconsin state representative Marlin Schneider joked in 1995, ""Without the Milwaukee Brewers, Milwaukee Bucks, and Green Bay Packers, [Wisconsin] ain't nothing but another Nebraska."" With so much money and status on the line, professional sports teams have become highly sought after, and their movements from city to city have led to public outrage, lawsuits, and legislative proposals. The owners of professional sports teams have been able to obtain generous deals from city and state officials by threatening to move their franchises. If the owners do not receive the support they seek, they move their team to a more accommodating city. Typical benefits include the use of sports facilities at below-market rents and taxpayer funding for the construction and maintenance of new facilities. Most of the funding comes from the team's home state, but some funding comes from the federal government.",True,False,True,insufficient-supports,politifact
politifact_605_ret_bn_g2,politifact_605,"“When a basketball player or football or baseball player from another team plays in Wisconsin, that one game's salary, they pay Wisconsin income tax on it. ... So if for some reason we do not have the Brewers in Wisconsin all of those player salaries that generate dollars for the State of Wisconsin go away.""",Robin Vos,"Robin Vos stated on March 9, 2023 in Podcast ""When a basketball player or football or baseball player from another team plays in Wisconsin, that one game's salary, they pay Wisconsin income tax on it. ... Tony Evers stated on March 8, 2023 in Twitter The money for upgrades to the Milwaukee Brewers stadium in Evers’ budget is ""a bipartisan plan."" Facebook posts stated on September 5, 2022 in a video on Facebook Joe Biden called Pope Francis the ""famous African American baseball player in America."" Chris Carr stated on May 22, 2022 in a tweet Stacey Abrams ""supported the MLB boycott."" Snapple stated on April 5, 2018 in a bottle cap ""There are only 18 minutes of total action in an average baseball game."" Donald Trump stated on October 10, 2017 in a tweet The NFL is ""getting massive tax breaks."" [...] Robin Vos stated on March 9, 2023 in Podcast ""When a basketball player or football or baseball player from another team plays in Wisconsin, that one game's salary, they pay Wisconsin income tax on it. ... Tony Evers stated on March 8, 2023 in Twitter The money for upgrades to the Milwaukee Brewers stadium in Evers’ budget is ""a bipartisan plan.""",True,False,True,insufficient-contradictory,politifact
politifact_608,politifact_608,“Prices have increased over 17% in the last two years.”,Mike Johnson,"The actual rate of increase over two years is lower, at 12%, though that’s still substantial. Johnson ignored that wages have also increased, lessening the burden, although not as much as prices have.",Half True,True,True,refutes,politifact
politifact_608_ret_b13_gn,politifact_608,“Prices have increased over 17% in the last two years.”,Mike Johnson,"Highly experimental research, based on web-scraped supermarket data for 30 everyday grocery items, shows that the lowest-priced items have increased in cost by around 17% over the 12 months to September 2022: an increase from 7% over the 12 months to April 2022. [...] Vegetable oil showed the largest percentage increase and average price increase between April 2022 and September 2022, increasing 46% (80 pence per litre) during the period; in contrast, orange juice showed the largest decrease, decreasing 8% (6 pence per litre). [...] While there is a lot of variation at the individual item level, overall the lowest prices of the 30 everyday items, weighted by retailer and item, rose by 17% in the year to September 2022. This includes a 9% increase since our previous analysis in April 2022.",Half True,False,True,insufficient-supports,politifact
politifact_608_ret_b16_gn,politifact_608,“Prices have increased over 17% in the last two years.”,Mike Johnson,"Lowest-cost groceries have become 17% more expensive in the past year, ONS data finds [...] The price of low-cost everyday grocery items has increased 17% in the 12 months to September, data from the Office of National Statistics (ONS) has shown, more than the average rate of food and drink inflation. [...] Some items increased by more than the 17% yearly rate. Vegetable oil has increased 65% in price, pasta 60% and tea 46%.",Half True,False,True,supports,politifact
politifact_608_ret_bn_g0,politifact_608,“Prices have increased over 17% in the last two years.”,Mike Johnson,"Have prices increased by over 17% in two years, as new Speaker Mike Johnson said? [...] Johnson has a point that prices have increased over two years, but not by 17%. He also ignored that wages have also increased, though not as much as prices. [...] Johnson’s office sent PolitiFact data showing that consumer prices have increased 17% since the beginning of Joe Biden’s term in January 2021. However, Johnson said ""two years,"" not two years and nine months.",Half True,False,True,insufficient-contradictory,politifact
politifact_608_ret_bn_g15,politifact_608,“Prices have increased over 17% in the last two years.”,Mike Johnson,"Americans are still struggling under the weight of inflation. Americans are paying more for just about everything—groceries, rent, gas, energy. [...] Over the last two years, total inflation has increased by over 17 percent.",Half True,False,True,supports,politifact
politifact_641,politifact_641,“We are No. 1 among all large states in having fully vaccinated teenagers. We are No. 2 in all large states for having fully vaccinated five- to 11- year-olds.”,Kathy Hochul,"Data from the U.S. Department of Health and Human Services back up Hochul's claim. New York is a leader among large states, though there are smaller states that have higher vaccination rates among children.",True,True,True,insufficient-supports,politifact
politifact_641_ret_b13_gn,politifact_641,“We are No. 1 among all large states in having fully vaccinated teenagers. We are No. 2 in all large states for having fully vaccinated five- to 11- year-olds.”,Kathy Hochul,"The CDC's current definition of ""fully vaccinated"" is two shots of the mRNA vaccines, Pfizer and Moderna or one shot of J&J. Those aged 5 and up are eligible for booster shots at least five months after a second dose of the mRNA vaccines or two months after a J&J shot. [...] Since the start of the COVID vaccination campaign, health officials focused on reaching older Americans, who are at high risk of severe disease. People over 65 have the highest vaccination rates in the U.S., while kids under age 12 have the lowest. (5-to-11-year-olds were first eligible for the vaccine starting in fall 2021. Children younger than 5 could receive the vaccine starting in June 2022.) [...] States receive vaccine allocations from the federal government and make their own plans for how to get those vaccines out to residents. Some states are encountering hesitancy and resistance to getting vaccinated among their populations.",True,False,True,insufficient-neutral,politifact
politifact_641_ret_bn_g0,politifact_641,“We are No. 1 among all large states in having fully vaccinated teenagers. We are No. 2 in all large states for having fully vaccinated five- to 11- year-olds.”,Kathy Hochul,"We consulted data from the U.S. Department of Health and Human Services, which issues Covid-19 reports for each state. A report from Feb. 25 showed that 33.5% of children ages 5 to 11 and 71.2% of children ages 12 to 17 were fully vaccinated in New York State. Among large states, Illinois had a greater share of children ages 5 to 11 who were fully vaccinated, at 34.8%. Among children ages 12 to 17 in large states, New York had the largest share. [...] In two television interviews on Feb. 28, Hochul did not include ""among large states"" as a qualifier. Across the country, there are 10 states and the District of Columbia with higher rates of vaccination among children ages five to 11 who have had at least one dose, according to the analysis of CDC data from the American Academy of Pediatrics. The 10 states are: Connecticut, Massachusetts, Maryland, Rhode Island, Vermont, Maine, Virginia, Minnesota, Hawaii, and Illinois. [...] Hochul said New York State ranked No. 1 one among large states in having fully vaccinated teenagers and No. 2 among large states for having fully vaccinated 5 to 11 year olds.",True,False,True,refutes,politifact
politifact_641_ret_bn_g11,politifact_641,“We are No. 1 among all large states in having fully vaccinated teenagers. We are No. 2 in all large states for having fully vaccinated five- to 11- year-olds.”,Kathy Hochul,"While uptake of COVID-19 vaccines among 12-17 year-olds has increased over time, parents continue to report a more cautious attitude when it comes to vaccinations for children younger than 12. About a quarter (26%) of parents of children between the ages of 5-11 say they will vaccinate their child ""right away"" once a vaccine is authorized for their age group, as do one in five parents with children under 5. Four in ten parents in each age group say they will ""wait and see"" how the vaccine is working before having their younger child vaccinated. One-quarter say they will ""definitely not"" get their 5-11 year-old vaccinated and three in ten parents say the same about their children under age 5. [...] With some schools around the country already open for the 2021-2022 school year and many others set to open later this month, this Vaccine Monitor report examines parents’ views on vaccines and other protective measures in their children’s schools. We find that while most parents of school-age kids say their children attended school at least partially online during the previous school year, a large majority expect school to happen all or mostly in person during the upcoming school year (87% of parents of 12-17 year-olds and 89% of parents of 5-11 year-olds).",True,False,True,insufficient-neutral,politifact
politifact_641_ret_bn_g2,politifact_641,“We are No. 1 among all large states in having fully vaccinated teenagers. We are No. 2 in all large states for having fully vaccinated five- to 11- year-olds.”,Kathy Hochul,"Latest True Fact-checks on Kathy Hochul Kathy Hochul stated on April 19, 2022 in a campaign commercial: Since taking office, Hochul has passed more than 400 new bills Kathy Hochul stated on February 27, 2022 in a news conference: ""We are No. 1 among all large states in having fully vaccinated teenagers. Kathy Hochul stated on April 19, 2022 in a campaign commercial: Since taking office, Hochul has passed more than 400 new bills Kathy Hochul stated on February 27, 2022 in a news conference: ""We are No. 1 among all large states in having fully vaccinated teenagers. [...] Kathy Hochul stated on February 27, 2022 in a news conference: ""We are No. 1 among all large states in having fully vaccinated teenagers.",True,False,True,insufficient-neutral,politifact
politifact_653,politifact_653,"“If you look at the hospitalizations at Ruby Memorial in West Virginia, and around the country, 90% to 95% of those hospitalized are unvaccinated.”",Kathryn Moffett Bradford,"Ruby Memorial Hospital confirmed that at the time of the remark, about 90% to 95% of those hospitalized for COVID-19 were unvaccinated. Nationally, statistics from the CDC published both before and after her comment broadly support those percentages.",True,True,True,supports,politifact
politifact_653_ret_b2_gn,politifact_653,"“If you look at the hospitalizations at Ruby Memorial in West Virginia, and around the country, 90% to 95% of those hospitalized are unvaccinated.”",Kathryn Moffett Bradford,"U.S. News & World Report names J.W. Ruby Memorial Hospital top hospital in West Virginia [...] MORGANTOWN, W.Va. – WVU Medicine J.W. Ruby Memorial Hospital has been named the number one hospital in West Virginia for 2021-22 by U.S. News & World Report, which also recognized six WVU Medicine hospitals, including Ruby Memorial, as High Performing Hospitals. In the Specialties category, Ruby Memorial Hospital was recognized as High Performing in Neurology and Neurosurgery; Orthopaedics; Pulmonology and Lung Surgery; and Urology.",True,False,True,insufficient-neutral,politifact
politifact_653_ret_b3_gn,politifact_653,"“If you look at the hospitalizations at Ruby Memorial in West Virginia, and around the country, 90% to 95% of those hospitalized are unvaccinated.”",Kathryn Moffett Bradford,"J.W. Ruby Memorial Hospital leader says they are preparing for COVID hospitalization surge [...] ""The biggest worry for us is that hospitalizations tend to lag two-to-three weeks behind infections,"" said Dr. Ron Pellegrino, the C.O.O. of J.W. Ruby Memorial Hospital.",True,False,True,insufficient-neutral,politifact
politifact_653_ret_bn_g0,politifact_653,"“If you look at the hospitalizations at Ruby Memorial in West Virginia, and around the country, 90% to 95% of those hospitalized are unvaccinated.”",Kathryn Moffett Bradford,"If Your Time is short • Ruby Memorial Hospital confirmed that at the time of the remark, about 90% to 95% of those hospitalized for COVID-19 were unvaccinated. [...] Angela Knopf, director of media relations and public affairs for J.W. Ruby Memorial Hospital, confirmed to PolitiFact West Virginia that at the time the faculty meeting was held on Sept. 1, about 90% to 95% of the patients hospitalized for COVID-19 were unvaccinated. [...] Ruby Memorial Hospital confirmed that at the time of her remark, about 90% to 95% of those hospitalized for COVID-19 were unvaccinated.",True,False,True,supports,politifact
politifact_653_ret_bn_g2,politifact_653,"“If you look at the hospitalizations at Ruby Memorial in West Virginia, and around the country, 90% to 95% of those hospitalized are unvaccinated.”",Kathryn Moffett Bradford,"Latest True Fact-checks in West Virginia Mike Oliverio stated on August 29, 2023 in a Facebook post: ""A few years back,"" Mitchell Stadium in Bluefield, W.Va., ""was voted the best high school football field in America."" Joe Manchin stated on August 26, 2022 in a tweet: West Virginia is poised to ""receive $25M for 160 orphaned well clean-up projects across the state."" West Virginia Republican Party stated on August 23, 2022 in a tweet: ""Overdoses reached an all-time high in 2021."" David Gura stated on October 27, 2021 in a tweet: ""FUN FACT: West Virginia is home to zero billionaires."" Kathryn Moffett Bradford stated on September 1, 2021 in comments at a WVU faculty meeting: ""If you look at the hospitalizations at Ruby Memorial in West Virginia, and around the country, 90% to 95% of those hospitalized are unvaccinated."" David McKinley stated on August 10, 2021 in a tweet: ""Overdose deaths in WV are up 45% from the prior year."" [...] Kathryn Moffett Bradford stated on September 1, 2021 in comments at a WVU faculty meeting: ""If you look at the hospitalizations at Ruby Memorial in West Virginia, and around the country, 90% to 95% of those hospitalized are unvaccinated.""",True,False,True,supports,politifact
politifact_663_ret_b13_gn,politifact_663,“2022 was the biggest tourism year ever in West Virginia”,Jim Justice,"The tourism industry in West Virginia had its highest-ever economic impactt in 2021, delivering in about $5 billion in total visitor expenditure. According to West Virginia Secretary of Tourism Chelsea Ruby, preliminary data indicates that tourist spending in 2022 will likely topped $5 billion for the first time, with much more increase predicted in the years following. [...] ""West Virginia’s tourism industry depends on our workforce. We have the friendliest people you’ll find anywhere, and — with these new training and education programs — we are committed to building the strongest tourism workforce in the nation,"" said Gov. Jim Justice when the program launched. ""I’m thrilled to again see West Virginia leading the way with this bold workforce development program.""",Half True,False,True,supports,politifact
politifact_663_ret_b6_gn,politifact_663,“2022 was the biggest tourism year ever in West Virginia”,Jim Justice,"WVPA Sharing Gov. Justice announces record $7 billion annual tourism impact for West Virginia in 2022 on September 16, 2023 More in WVPA Sharing: Vandalia Hospitals Awarded for Commitment to Excellence October 5, 2024 Column: Breast Cancer Awareness is a time for action October 5, 2024 Gov. Justice announces launch of West Virginia Paranormal Trail October 4, 2024 Tourism industry reports more than 53,000 West Virginia jobs, one out of every 16 in the state WV Press Release SharingDAVIS, W.Va. — West Virginia Gov. Jim Justice this week joined more than 300 tourism-industry members to announce West Virginia’s best tourism year ever, with the industry’s economic impact exceeding $7 billion last year. That number represents a 17% increase in visitor spending compared to pre-pandemic levels, far higher than the United States’ overall 1% post-pandemic tourism recovery.West Virginia saw more visitors last year, and those visitors spent more money than they had in previous years. Tourism Economics, an Oxford Economics company that measures tourism spending and economic impact, found that visitors to the state had direct spending of $5.3 billion last year, an all-time high.",Half True,False,True,supports,politifact
politifact_663_ret_bn_g0,politifact_663,“2022 was the biggest tourism year ever in West Virginia”,Jim Justice,"Is Gov. Jim Justice right that West Virginia had its biggest tourism year in 2022? [...] Did West Virginia have its best tourism year ever in 2022, as Gov. Jim Justice said recently? In a Sept. 12 post on X, formerly known as Twitter, Justice, a Republican, said, ""2022 was the biggest tourism year ever in West Virginia, and the numbers are absolutely incredible.""",Half True,False,True,insufficient-supports,politifact
politifact_663_ret_bn_g18,politifact_663,“2022 was the biggest tourism year ever in West Virginia”,Jim Justice,"West Virginia, A Must-See Destination for 2022 Lonely Planet has named West Virginia a Top 10 Travel Region for 2022. The state was awarded alongside top global destinations such as Burgundy, France and Shikoku, Japan. Not only was West Virginia in the Top Ten, but it came in at number two! See the full list below and read on to find out what makes this region so special. [...] Lonely Planet says ""2022 is the perfect time to discover West Virginia, a still-uncrowded region with unspoiled mountains and unmistakable heritage where the leisurely tempo of Southern small towns converges with the adrenaline sports that attract adventurers from across the continent.""",Half True,False,True,insufficient-supports,politifact
politifact_67,politifact_67,"Milwaukee's Marcus Performing Arts Center – where 'The Daily Show' had been scheduled – “was originally located in the ‘soft perimeter,’ they called it, security-wise” but “was shifted, understandably so, to the ‘hard perimeter.’”",Jon Stewart,"The RNC’s security ""hard zone,"" where people need credentials to enter, encompasses the convention’s main buildings: Fiserv Forum, the UW-Milwaukee Panther Arena, and the Baird Center. Following the attempted assassination of former President Donald Trump in Pennsylvania, the director of the Secret Service said her agency’s security plan had been ""strengthened"" but that there were no changes to the perimeters of the security zone. At the time that ""The Daily Show"" canceled its Milwaukee trip, there were still questions about whether those security perimeters could change. But by the time Stewart was addressing his viewers about the canceled trip, there were no stated changes to the perimeters. The Marcus Center, where he was set to host his show, was not, and still is not, in the security ""hard zone"" as Stewart claimed.",False,True,True,refutes,politifact
politifact_67_ret_b17_gn,politifact_67,"Milwaukee's Marcus Performing Arts Center – where 'The Daily Show' had been scheduled – “was originally located in the ‘soft perimeter,’ they called it, security-wise” but “was shifted, understandably so, to the ‘hard perimeter.’”",Jon Stewart,"Comedy Central’s EMMY® Award-winning franchise will broadcast from the Marcus Performing Arts Center in Milwaukee, WI throughout the RNC and the Athenaeum Center for Thought & Culture in Chicago, IL during the DNC. The Daily Show’s all-star News Team includes Ronny Chieng, Jordan Klepper, Michael Kosta, and Desi Lydic, alongside Dulcé Sloan and Lewis Black with new additions Troy Iwata, Josh Johnson, and Grace Kuhlenschmidt. [...] Recent Press Releases by Marcus Performing Arts Center [...] Jun 24th, 2024 by Marcus Performing Arts CenterHighlights include Cirque Kalabanté, The Magic of Rob Lake, the return of The Hip Hop Nutcracker, and a one-night-only performance of the National Tour of The Cher Show",False,False,True,insufficient-neutral,politifact
politifact_67_ret_b6_gn,politifact_67,"Milwaukee's Marcus Performing Arts Center – where 'The Daily Show' had been scheduled – “was originally located in the ‘soft perimeter,’ they called it, security-wise” but “was shifted, understandably so, to the ‘hard perimeter.’”",Jon Stewart,"Comedy Central’s hit late-night TV series ""The Daily Show"" will set up shop at the Marcus Performing Arts Center in downtown Milwaukee during the 2024 Republican National Convention, taking place July 15-18. Jon Stewart will be in Milwaukee to host a live broadcast of the show from the Marcus Center on Thursday, July 18, following the convention’s final night of programming. The show will be recorded at the Marcus Center on Monday, Tuesday and Wednesday, with the Daily Show news team sharing hosting duties those nights, according to a news release. [...] ""The Daily Show"" is doing a full week of shows in Milwaukee during the RNC and Chicago during the 2024 Democratic National Convention (August 19-22) as part of its legacy on-the-ground election coverage, ""Indecision 2024.""",False,False,True,insufficient-neutral,politifact
politifact_67_ret_bn_g1,politifact_67,"Milwaukee's Marcus Performing Arts Center – where 'The Daily Show' had been scheduled – “was originally located in the ‘soft perimeter,’ they called it, security-wise” but “was shifted, understandably so, to the ‘hard perimeter.’”",Jon Stewart,"Because of the attempt on Trump’s life, Stewart said, the Marcus Performing Arts Center – where they were supposed to host the show – ""was originally located in the ‘soft perimeter,’ they called it, security-wise"" but ""was shifted, understandably so, to the ‘hard perimeter.’"" [...] Stewart claimed that the Marcus Performing Arts Center, where his team was set to tape episodes of ""The Daily Show"" during the RNC, was originally located in the ""soft"" security perimeter but ""was shifted, understandably so, to the ‘hard perimeter.’"" Though there were questions at the time ""The Daily Show"" pulled out of the trip to Milwaukee about whether the security perimeter would change, it did not ultimately change. The Marcus Center was not and still is not inside the ""hard perimeter"" as Stewart claimed.",False,False,True,refutes,politifact
politifact_680,politifact_680,Says he has issued more pardons than “any Wisconsin governor in contemporary history.”,Tony Evers,"As of February 2022, Evers has issued 416 pardons since taking office. Only Gov. James Doyle came close to matching Evers’s record at 326, according to the Wisconsin Legislative Reference Bureau, but that was over an eight-year period. To find a governor to issue more pardons than Evers, you would have to go back to Gov. Julius Heil in 1939.",True,True,True,supports,politifact
politifact_680_ret_b12_gn,politifact_680,Says he has issued more pardons than “any Wisconsin governor in contemporary history.”,Tony Evers,"(The Center Square) – Wisconsin’s governor has issued more pardons than any governor in modern history. Gov. Tony Evers last week issued another 171 pardons, bringing his four-year total to 774. [...] Evers pardoned more people in his first four years than any other Wisconsin governor, and his office said the governor has pardoned more people than ""any governor in contemporary history.""",True,False,True,supports,politifact
politifact_680_ret_b2_gn,politifact_680,Says he has issued more pardons than “any Wisconsin governor in contemporary history.”,Tony Evers,"Evers pardons 171 Wisconsin convicts, total now 774 MADISON, Wis. - Wisconsin Gov. Tony Evers announced Thursday, Dec. 29 that he has granted another 171 pardons – bringing his total number of pardons granted to 774 – a news release stated. Evers had already issued more pardons than any Wisconsin governor in modern history. The vast majority of those pardons were granted to people convicted of lower level, nonviolent crimes.",True,False,True,supports,politifact
politifact_680_ret_bn_g0,politifact_680,Says he has issued more pardons than “any Wisconsin governor in contemporary history.”,Tony Evers,"Press Release: Gov. Evers Grants More Pardons Than Any Governor in Contemporary History State of Wisconsin sent this bulletin at 12/28/2021 07:30 AM CST FOR IMMEDIATE RELEASE: December 28, 2021 Contact: GovPress@wisconsin.gov Gov. Evers Grants More Pardons Than Any Governor in Contemporary History Governor announces another 30 pardons granted, bringing total to 337 MADISON — Gov. Tony Evers announced today that he has granted another 30 pardons, bringing his total number of pardons granted to 337 during his first three years in office. Gov. Evers has now granted more pardons during his first three years in office than any governor in contemporary history. ""I’m proud of our work to give a second chance to folks who’ve made amends and paid their debt to society,"" said Gov. Evers. ""These individuals have recognized and acknowledged their past mistakes, and this sends a powerful message of redemption as each of them work to build a brighter, better future for themselves and their communities."" The Governor’s Pardon Advisory Board heard from applicants virtually on Nov. 12, 2021, and applications that were selected for expedited review or recommended by the Board were forwarded to Gov. Evers for final consideration.",True,False,True,supports,politifact
politifact_7,politifact_7,Kamala Harris has adopted the Nazi-rooted phrase “Strength Through Joy” as her campaign slogan.,Instagram posts,"Vice President Kamala Harris has spoken about joy on the campaign trail and at the Democratic National Convention in Chicago. At an Aug. 6 campaign rally in Philadelphia, vice presidential candidate and Minnesota Gov. Tim Walz thanked Harris for ""bringing back the joy."" But we found no instances of Harris saying the ""strength through joy"" phrase in her presidential campaign speeches. We also found no credible news articles about this phrase being her campaign slogan.",False,True,True,refutes,politifact
politifact_7_ret_b11_gn,politifact_7,Kamala Harris has adopted the Nazi-rooted phrase “Strength Through Joy” as her campaign slogan.,Instagram posts,"The early front-runner for Harris’s main slogan appears to be ""We are not going back,"" a phrase she uttered in reference to Trump’s proposed policies and the Project 2025 proposal from the conservative Heritage Foundation — which Trump has distanced himself from. [...] Another option for Harris’s campaign slogan is ""When we fight, we win,"" which she has said in speeches but also uttered in her first campaign video as she moves to the top of the Democratic Party’s ticket. [...] Two similar phrases, which have both been floated as a slogan, are featured on Harris’s X account header and her campaign website.",False,False,True,insufficient-refutes,politifact
politifact_7_ret_b12_gn,politifact_7,Kamala Harris has adopted the Nazi-rooted phrase “Strength Through Joy” as her campaign slogan.,Instagram posts,"In late August 2024, claims emerged on pro-Donald Trump and pro-Russia social media accounts alleging that Kamala Harris, the Democratic presidential nominee, had adopted the slogan ""Strength Through Joy"" for her campaign. If true, this would have been controversial, as ""Strength Through Joy"" was a Nazi slogan. However, the claim is false, as reported by Snopes. [...] What Does 'Strength Through Joy' Mean ""Strength Through Joy"" was a Nazi Party slogan. It was the motto of the German Labor Front, a Nazi organization that replaced labor unions during the Third Reich. [...] Since the Nazi Party does not have exclusive ownership of the word ""joy,"" and because neither the Democratic Party nor the Harris campaign is using the slogan ""Strength Through Joy,"" this claim is ""False.""",False,False,True,refutes,politifact
politifact_7_ret_b5_gn,politifact_7,Kamala Harris has adopted the Nazi-rooted phrase “Strength Through Joy” as her campaign slogan.,Instagram posts,"Posts across social media claim that Kamala Harris has adopted a Nazi slogan, ‘Strength Through Joy’, for her presidential election campaign. [...] The claim that Kamala Harris has adopted a Nazi phrase as her campaign slogan is untrue. X (formerly Twitter). (2024). Available at: Kamala’s ""Strength Through Joy"" messaging derives from the Nazi’s. [Accessed 2 Sep. 2024].",False,False,True,refutes,politifact
politifact_7_ret_bn_g18,politifact_7,Kamala Harris has adopted the Nazi-rooted phrase “Strength Through Joy” as her campaign slogan.,Instagram posts,"Kamala Harris, tweet, August 18, 2016 Kamala Harris, campaign website, accessed August 2016 Interview, Nathan Click, Kamala Harris campaign spokesman, August 22, 2016",False,False,True,insufficient-supports,politifact
politifact_718,politifact_718,"“We passed 27 bills last year, which is the fewest since the Depression.”",Mark Pocan,"During 1931-1933, the 72nd Congress passed only 21 bills Last year, the 118th Congress passed only 27 bills, the smallest since the 21 bills during the Great Depression",True,True,True,supports,politifact
politifact_718_ret_b12_gn,politifact_718,"“We passed 27 bills last year, which is the fewest since the Depression.”",Mark Pocan,"That may seem like a fairly large number, especially after PolitiFact Wisconsin just found that Congress passed only 27 bills last year, the fewest since the Great Depression. However, onlookers of state government have pointed out that fewer bills now become law, especially with a Democratic governor and a Republican-led Legislature. [...] All of this creates a complicated picture of how productive state government was last session. But it’s important context to keep in mind when state lawmakers talk about it this summer on the campaign trail.",True,False,True,supports,politifact
politifact_718_ret_b2_g1,politifact_718,"“We passed 27 bills last year, which is the fewest since the Depression.”",Mark Pocan,"WASHINGTON, D.C. — Congress just wrapped up its least productive year since the Great Depression, passing just 27 bills that were signed into law. Of those 27, one law created a commemorative coin and two renamed medical centers. What You Need To Know - In 2023, Congress passed the fewest bills that were signed into law than any year since 1931 - Democrats and Republicans in both chambers blamed each other for the lack of legislation passed - Prospects remain dim for more legislation next year amid partisanship, intraparty fighting and politics of an election year The term ""Do Nothing Congress"" was famously coined by former President Harry S. Truman in 1948. That year, however, Congress passed 511 bills that were signed into law. For comparison, the last 10 Congresses averaged 391 bills signed into law per term.",True,False,True,supports,politifact
politifact_718_ret_bn_g4,politifact_718,"“We passed 27 bills last year, which is the fewest since the Depression.”",Mark Pocan,"Only 34 bills were passed last year, according to data. [...] The 118th Congress is on track to being one of the least functional sessions ever, with only 34 bills passed since January of last year, the lowest number of bills passed in the first year of a congressional session since the Great Depression, according to congressional records. [...] Some of the 34 bills last year were not controversial, like the one that renamed Veterans Affairs clinics and one that minted a coin commemorating the anniversary of the Marine Corps.",True,False,True,insufficient-refutes,politifact
politifact_73,politifact_73,“The idea that there’s political violence or violence in America like this is just unheard of.”,Joe Biden,"Examples of political violence against U.S. presidents date back to Abraham Lincoln in 1865. Lawmakers, presidents and political candidates have also been targeted. U.S. Rep. Gabby Giffords, D-Ariz., was injured in a 2011 shooting and Rep. Steve Scalise, R-La., was injured in a 2017 shooting. The Jan. 6, 2021, assault on the U.S. Capitol is an example of political violence on a wider scale. Some rioters chanted to ""hang"" Vice President Mike Pence.",False,True,True,refutes,politifact
politifact_73_ret_b15_gn,politifact_73,“The idea that there’s political violence or violence in America like this is just unheard of.”,Joe Biden,"This past February, Biden sought to dispel that shadow as he stood before Congress to deliver his State of the Union address. ""There’s no place for political violence in America,"" he said. ""And we must give hate and extremism in any form no safe harbor."" Biden’s speech was punctuated by jeers and name-calling by Republicans. [...] A generation later, political violence in America unfolds with little organized guidance and is fed by a mishmash of extremist right-wing views. It predates the emergence of Donald Trump, but Trump served as an accelerant. He also made tolerance of political violence a defining trait of his party, whereas in the past, both political parties condemned it. At the height of the Patriot movement, ""there was this fire wall"" between extremist groups and elected officials that protected democratic norms, according to Gallaher. Today, ""the fire wall between these guys and formal politics has melted away."" Gallaher does not anticipate an outbreak of civil strife in America in a ""classic sense""—with Blue and Red armies or militias fighting for territory. ""Our extremist groups are nowhere near as organized as they are in other countries."" [...] Three realities mark the current era of political violence in America as different from what has come before, and make dealing with it much harder. The first—obvious—is the universal access to weaponry, including military-grade weapons.",False,False,True,insufficient-contradictory,politifact
politifact_73_ret_b4_gn,politifact_73,“The idea that there’s political violence or violence in America like this is just unheard of.”,Joe Biden,"""The idea that there’s political violence … in America like this, is just unheard of, it’s just not appropriate,"" said President Joe Biden, the backer of Israel’s genocidal war against Palestine, with a death toll that researchers believe could reach 186,000 Palestinians. Biden’s narrower point was correct, though: Deadly attacks on the American ruling class are vanishingly rare these days. Political violence that is not ""like this"" — the political violence of organized abandonment, poverty, militarized borders, police brutality, incarceration, and deportation — is commonplace. [...] And condemn it, most everyone in the Democratic political establishment has: ""Political violence is absolutely unacceptable,"" wrote Sen. Bernie Sanders, I-Vt., on X. ""There is absolutely no place for political violence in our democracy,"" tweeted former President Barack Obama, who oversaw war efforts and military strikes against Afghanistan, Iraq, Syria, Libya, Yemen, Somalia, and Pakistan with massive civilian death tolls; Obama added that we should ""use this moment to recommit ourselves to civility and respect in our politics."" ""There is no place for political violence, including the horrific incident we just witnessed in Pennsylvania,"" wrote Rep. Alexandria Ocasio-Cortez, D-N.Y. [...] As author Ben Ehrenreich noted on X, ""There is no place for political violence against rich, white men. It is antithetical to everything America stands for.""",False,False,True,insufficient-contradictory,politifact
politifact_73_ret_bn_g12,politifact_73,“The idea that there’s political violence or violence in America like this is just unheard of.”,Joe Biden,"And he said he had ordered an independent review of how security was handled at the political rally in Pennsylvania and would be speaking to the nation Sunday night. The White House said his address from the Oval Office would be at 8 p.m. ET. [...] ""There's no place in America for this kind of violence. It's sick. It's sick. It's one of the reasons why we have to unite this country,"" he said. ""... the idea that there's political violence or violence in America like this, is just unheard of, it's just not appropriate. We - everybody, everybody must condemn it,"" he said.",False,False,True,insufficient-supports,politifact
politifact_73_ret_bn_g19,politifact_73,“The idea that there’s political violence or violence in America like this is just unheard of.”,Joe Biden,"People who commit political violence have aggressive personalities.23 Many who commit forms of political violence that do not include preplanning—such as most hate crimes, threats, and violence at rallies—also have poor self-control or have lowered their self-control temporarily (by drinking, for instance).24 These traits are shared across individuals who commit all forms of violence. What is unique about political violence is that it does not arise from interpersonal friction. Instead, for people with low self-control (a large pool that includes, for instance, teenage boys and anyone who has drunk in excess) and aggressive personalities (which limits that pool somewhat) to turn to violence, they need to be enraged and have that anger directed at a group of people they don’t know. They also need to believe that they will not face severe consequences or not care about consequences (because they are too impulsive to care or because they think the consequences are worth it). [...] 177 Rachel Kleinfeld, ""The Rise of Political Violence in the United States,"" Journal of Democracy 32, no. 4 (2021): 160–176, https://www.journalofdemocracy.org/articles/the-rise-of-political-violence-in-the-united-states; and Lee Drutman, ""The Case for Proportional Voting,"" National Affairs 56 (2018): https://www.nationalaffairs.com/publications/detail/the-case-for-proportional-voting.",False,False,True,insufficient-neutral,politifact
politifact_74_ret_bn_g0,politifact_74,"""The Trump administration handed out taxpayer dollars to a foreign company. Hundreds of homes and farms were bulldozed, and over $500 million in taxpayer dollars were wasted preparing for Foxconn.""",Joe Biden,"Hundreds of homes and farms were bulldozed, and over $500 million in taxpayer dollars were wasted preparing for Foxconn,"" the Biden-Harris campaign said in a May 16 news release. [...] So, saying that ""$500 million in taxpayer dollars were wasted preparing for Foxconn"" is a bit muddy at best. [...] Finally, although it’s true that more than $500 million was spent on preparing for Foxconn, local officials say the preparation that went into Foxconn is now being put to use for the Microsoft development.",Half True,False,True,insufficient-refutes,politifact
politifact_74_ret_bn_g1,politifact_74,"""The Trump administration handed out taxpayer dollars to a foreign company. Hundreds of homes and farms were bulldozed, and over $500 million in taxpayer dollars were wasted preparing for Foxconn.""",Joe Biden,"It might be funny, she added — except that local and state governments spent roughly $500 million to buy land, bulldoze houses and build infrastructure for an unfulfilled manufacturing megasite that was supposed to include dozens of futuristic buildings and a factory to produce flat-panel displays for televisions. [...] By the time the Foxconn deal was slimmed down, the Village of Mount Pleasant and Racine County had already borrowed more than a combined $300 million to buy land and lay water and sewer pipes required by the originally promised LCD factory. State taxpayers and a local utility, meanwhile, were in the process of spending nearly $300 million on roads and power lines, according to the Wisconsin Legislative Fiscal Bureau. [...] Soon after the initial grand promises, Foxconn began repeatedly changing plans for the site, throwing out so many ideas that locals lost track. First it said the LCD factory would be scaled down to produce smaller flat-panel displays. Then, even as houses were being demolished in early 2019, a Foxconn executive told Reuters: ""In Wisconsin we’re not building a factory."" A conversation with Trump prompted the company to backtrack again and recommit to an LCD plant.",Half True,False,True,supports,politifact
politifact_74_ret_bn_g4,politifact_74,"""The Trump administration handed out taxpayer dollars to a foreign company. Hundreds of homes and farms were bulldozed, and over $500 million in taxpayer dollars were wasted preparing for Foxconn.""",Joe Biden,"That illusion has had real costs. State and local governments spent at least $400 million, largely on land and infrastructure Foxconn will likely never need. Residents were pushed from their homes under threat of eminent domain and dozens of houses bulldozed to clear property Foxconn doesn’t know what to do with. And a recurring cycle of new recruits joined the project, eager to help it succeed, only to become trapped in a mirage. [...] Foxconn, according to two employees, turned to one of the few remaining friendly prospects: the Trump administration. Woo flew to DC to meet with Trump trade adviser Peter Navarro, who suggested Foxconn become a vendor to the US General Services Administration (GSA), the agency that procures products for the federal government, according to an employee with knowledge of the visit. Foxconn named the initiative Project Red, White, and Blue.",Half True,False,True,insufficient-supports,politifact
politifact_740,politifact_740,"During his tenure as mayor of New York City, “street homelessness decreased by 28 percent.”",Michael Bloomberg,"City data show that street homelessness decreased by 28 percent from when counting began in 2005 until Bloomberg's last year in office. Experts warned that counts of people living on the street can be flawed. ​Most people experiencing homelessness in New York live in shelters, where populations rose dramatically.",True,True,True,insufficient-supports,politifact
politifact_740_ret_b1_gn,politifact_740,"During his tenure as mayor of New York City, “street homelessness decreased by 28 percent.”",Michael Bloomberg,"Coalition for the Homeless stated on April 8, 2020 in a newspaper interview New York City could pay to house its homeless population in hotel rooms currently sitting vacant, but Mayor Bill de Blasio ""has absolutely to this point refused to do that."" Michael Bloomberg stated on January 30, 2020 in a news release During his tenure as mayor of New York City, ""street homelessness decreased by 28 percent."" Gavin Newsom stated on February 19, 2020 in a State of the State Address ""Back in 2005, when we did that first point-in-time count, there were over 188,000 thousand people that were deemed homeless in the state of California. … That’s 35,000 more than we have today."" Greg Abbott stated on January 7, 2020 in a press gaggle The city of Austin has ""removed, seemingly, any legal consequences to the actions where the homeless lie, sleep, where they defecate."" Darrell Steinberg stated on October 24, 2019 in an interview with Capital Public Radio ""90,000 Californians are unsheltered and homeless."" Greg Abbott stated on October 10, 2019 in a tweet ""The City of Austin is dedicating more than $20,000 PER HOMELESS PERSON in Austin."" [...] Michael Bloomberg stated on January 30, 2020 in a news release During his tenure as mayor of New York City, ""street homelessness decreased by 28 percent.""",True,False,True,supports,politifact
politifact_740_ret_bn_g0,politifact_740,"During his tenure as mayor of New York City, “street homelessness decreased by 28 percent.”",Michael Bloomberg,"If Your Time is short - City data show that street homelessness decreased by 28 percent from when counting began in 2005 until Bloomberg's last year in office. [...] On his campaign website, Bloomberg claims that during his tenure, ""street homelessness decreased by 28 percent."" ""As Mayor of New York City, Mike led one of the nation’s most ambitious affordable housing plans, implementing several initiatives that have been replicated in cities around the country. During his tenure, street homelessness decreased by 28% and more than 170,000 affordable homes were built or preserved,"" his site states.",True,False,True,insufficient-neutral,politifact
politifact_740_ret_bn_g13,politifact_740,"During his tenure as mayor of New York City, “street homelessness decreased by 28 percent.”",Michael Bloomberg,"The Bergen Street shelter was one of the first announced under ""Turning the Tide on Homelessness,"" Mayor Bill de Blasio’s ambitious, five-year plan to revamp the way New York’s shelter system operates. With a long-term goal of reducing the homeless population by 2,500 people (or about four percent of the then-total of 60,000), the plan also aims to end the use of commercial hotels for shelter; shutter all of the city’s shelter units in privately-owned, often far-flung apartments called cluster sites; and replace them with 90 new, purpose-built shelters with on-site supportive services. The idea, the mayor argued, was only fair; get rid of an ad-hoc network of shelter units in favor of high-quality facilities distributed more equitably throughout the boroughs. [...] Banks acknowledges the ""problem of affordability"" is the backdrop for homelessness in New York, and many other large cities. But he contends homeless prevention efforts, addressing street homelessness, and rehousing with rental assistance and social service programs ""are all transforming the system"" in the city. During the de Blasio administration, evictions are down 27 percent, which he attributes to a boost in funding for legal help for tenants, and the city says it has helped 95,000 people stay in their homes through new rental assistance programs.",True,False,True,insufficient-supports,politifact
politifact_740_ret_bn_g9,politifact_740,"During his tenure as mayor of New York City, “street homelessness decreased by 28 percent.”",Michael Bloomberg,"Most New Yorkers I talk to do not know this. They say they thought there were fewer homeless people than before, because they see fewer of them. In fact, during the twelve years of the Bloomberg administration, the number of homeless people has gone through the roof they do not have. There are now two hundred and thirty-six homeless shelters in the city. Imagine Yankee Stadium almost four-fifths full of homeless families; about eighteen thousand adults in families in New York City were homeless as of January, 2013, and more than twenty-one thousand children. The C.F.H. says that during Bloomberg’s twelve years the number of homeless families went up by seventy-three per cent. One child out of every hundred children in the city is homeless.",True,False,True,refutes,politifact
politifact_745,politifact_745,"The GOP-controlled Legislature has ""refused to act on at least 150"" appointees of Gov. Tony Evers.",Chris Larson,"Since Evers took office in January 2019, he has been stymied by the GOP-controlled Legislature on many fronts. The Legislature has delayed action on a large range or appointees. These include the Department of Transportation and Department of Workforce Development. The non-partisan Legislative Reference Bureau puts the number awaiting action as of Sept. 10, 2021 at 163.",True,True,True,insufficient-supports,politifact
politifact_745_ret_bn_g0,politifact_745,"The GOP-controlled Legislature has ""refused to act on at least 150"" appointees of Gov. Tony Evers.",Chris Larson,"Chris Larson stated on November 9, 2023 in X, formerly Twitter: Says expanding Medicaid in Wisconsin would save the state $530 million, which could pay for 3,287 K-12 teachers, or 7.8 educators per district. Chris Larson stated on September 10, 2021 in Twitter: The GOP-controlled Legislature has ""refused to act on at least 150"" appointees of Gov. Tony Evers. Chris Larson stated on November 9, 2020 in Twitter: ""Jurisdictions representing about 80% of WI residents have passed referendums or resolutions in favor of fair maps."" Chris Larson stated on September 23, 2020 in a tweet: ""(Republicans) have the power to overturn the (state of emergency) order by joint resolution and they refuse to do it."" Chris Larson stated on August 24, 2020 in Facebook post: Police are ""20.8 times more likely to kill than be killed by a criminal."" [...] Chris Larson stated on September 10, 2021 in Twitter: The GOP-controlled Legislature has ""refused to act on at least 150"" appointees of Gov. Tony Evers.",True,False,True,insufficient-neutral,politifact
politifact_745_ret_bn_g3,politifact_745,"The GOP-controlled Legislature has ""refused to act on at least 150"" appointees of Gov. Tony Evers.",Chris Larson,"Chris Larson stated on September 10, 2021 in Twitter: The GOP-controlled Legislature has ""refused to act on at least 150"" appointees of Gov. Tony Evers. Tim Kaine stated on May 24, 2021 in an op-ed on CNBC: ""New Haven, Conn., had to issue bonds for a bridge after using funds for that bridge to pay for a police misconduct settlement."" Cory Booker stated on February 9, 2021 in a statement: ""There is a direct connection between discriminatory policies within the USDA and the enormous land loss we have seen among Black farmers over the past century."" Chris Larson stated on November 9, 2020 in Twitter: ""Jurisdictions representing about 80% of WI residents have passed referendums or resolutions in favor of fair maps."" Chris Larson stated on August 24, 2020 in Facebook post: Police are ""20.8 times more likely to kill than be killed by a criminal."" Planned Parenthood stated on March 4, 2020 in news release: ""If Roe is overturned, Wisconsin has a law on the books that would immediately make abortion a crime."" [...] Chris Larson stated on September 10, 2021 in Twitter: The GOP-controlled Legislature has ""refused to act on at least 150"" appointees of Gov. Tony Evers.",True,False,True,insufficient-neutral,politifact
politifact_745_ret_bn_g4,politifact_745,"The GOP-controlled Legislature has ""refused to act on at least 150"" appointees of Gov. Tony Evers.",Chris Larson,"The ruling came after the GOP-controlled state legislature challenged Evers’ order. The state Supreme Court split 4-2 along ideological lines, with Justice Daniel Kelly, who is up for reelection in Tuesday’s balloting, abstaining. [...] ""The clerks of this state should stand ready to proceed with the election,"" state House Speaker Robin Vos and state Senate Majority Leader Scott Fitzgerald said in a joint statement upon appealing Evers’ order. ""The governor’s executive order is clearly an unconstitutional overreach."" [...] Evers had called the state legislature back for a special session and asked them to act to postpone the election on Friday. The GOP-controlled legislature declined to do so, gaveling in and out of sessions in a matter of minutes on Saturday and earlier on Monday.",True,False,True,insufficient-supports,politifact
politifact_745_ret_bn_g9,politifact_745,"The GOP-controlled Legislature has ""refused to act on at least 150"" appointees of Gov. Tony Evers.",Chris Larson,"9:44 AM CT on 2/4/21 (AP) The Republican-controlled Wisconsin Assembly is scheduled Thursday to vote on repealing the statewide mask mandate issued by Democratic Gov. Tony Evers, but the order will remain in effect until the state Senate concurs. [...] The Supreme Court could end the legislative back and forth with a ruling that says Evers must get lawmakers’ approval every 60 days. The court could also say he doesn’t need approval, which would then force the Legislature to repeal every order Evers issues if Republicans disagree with it. [...] Evers also promised during his speech to present a package of legislation addressing the virus. He did not say what measures the bills would enact. Republicans control the Legislature but hasn't met since April, when it passed a coronavirus aid package. Pressure has been building for the GOP to act but so far Republican leaders haven't signaled they plan to do anything.",True,False,True,insufficient-neutral,politifact
politifact_755,politifact_755,“We're having the largest classes of correctional officers we've ever had before.”,Tony Evers,Wisconsin lawmakers passed a pay raise for corrections officers last year in hopes of fixing staffing shortages. The state Department of Corrections graduated its largest training class ever in February with 214 graduates. Prison staff vacancy rates have been trending down since they peaked at 35% in August.,True,True,True,supports,politifact
politifact_755_ret_b15_gn,politifact_755,“We're having the largest classes of correctional officers we've ever had before.”,Tony Evers,"Correctional officers maintain order and calm in detention centers, jails, and prisons. Before deciding on this career path, it’s important to understand the necessary education and training. This guide will also reveal how to complete your education online and tips to land your first job. Correctional officers are critical to maintaining order and peace in jails, prisons, and other detention facilities. To be qualified to oversee and manage incarcerated individuals, correctional officers must complete the proper education before starting the job. Although a formal degree is not always required to work in corrections, officers need to undergo in-depth training to handle detainees. Before choosing which level education to pursue, it’s good to evaluate where you want your career to go. To help, we have created this guide to breakdown your options, provide an overview of the career, and help you decide if you have what it takes to become a correctional officer. [...] The vast majority of new correctional officers will have to attend a training academy at some point. The only question is when. Some may choose to enroll as tuition-paying students, as if they’re attending a conventional college program, then seek a job upon graduation. But in most situations, enrollees will already have a job with a correctional department and attend the training academy to complete the professional requirements to be qualified for it.",True,False,True,insufficient-neutral,politifact
politifact_755_ret_b4_gn,politifact_755,“We're having the largest classes of correctional officers we've ever had before.”,Tony Evers,"With staggering staff vacancy rates plaguing American prisons, state departments of correction are having to recruit and hire thousands of individuals to serve as correctional officers each year. Among these new recruits are individuals with varying backgrounds and experiences, with most previously working in the service and manual labor sectors. [1,2] With so few individuals coming from occupations related to corrections work (e.g., police, military), the majority of newly hired correctional officers have virtually no experience working within the walls of a prison. [3] [...] With the majority of newly hired officers never having been exposed to prison-related work, correctional training academies are positioned to leave a significant imprint on those who will soon work in our nation’s prisons. [3] Beyond preparing officers to carry out their correctional officer roles, training academies also can create a positive correctional culture and climate that could result in greater longevity on the job. [4] However, the results of our recent study found that training academies are failing in this aspect, with fewer rather than more officers expressing they intend to remain on the job long-term after undergoing training. Thus, what can state departments of correction do to rectify this issue?",True,False,True,insufficient-refutes,politifact
politifact_755_ret_bn_g0,politifact_755,“We're having the largest classes of correctional officers we've ever had before.”,Tony Evers,"Yes, Wisconsin correctional officer training classes are largest they’ve ever been [...] The state Department of Corrections graduated its largest training class ever in February with 214 graduates. [...] During a TV interview, Evers claimed pay raises for correctional officers had led to ""the largest classes of correctional officers we've ever had before.""",True,False,True,supports,politifact
politifact_755_ret_bn_g1,politifact_755,“We're having the largest classes of correctional officers we've ever had before.”,Tony Evers,"It’s true, correctional officer training classes are the largest they’ve ever been [...] A graduation ceremony on Feb. 21 at Madison College for newly-certified corrections officers had 214 graduates, according to the DOC. [...] During a TV interview, Evers claimed pay raises for correctional officers had led to ""the largest classes of correctional officers we've ever had before.""",True,False,True,supports,politifact
politifact_757,politifact_757,"New York is ""leading the nation with the lowest imprisonment rate of any large state”",NYS Department of Corrections and Community Supervision,"Federal data on imprisonment rates supports the claim that New York has the lowest rate among states with populations of more than 10 million people. Imprisonment rates in some smaller states, including Massachusetts, Maine, and Minnesota, are lower than the rate in New York.",True,True,True,supports,politifact
politifact_757_ret_b11_gn,politifact_757,"New York is ""leading the nation with the lowest imprisonment rate of any large state”",NYS Department of Corrections and Community Supervision,"New York City, by far the largest city in the state, has an imprisonment rate of 185 per 100,000. This is undoubtedly high, but it is much lower than many other cities across the state. The city of Rochester — the fourth most populous city in the state — with an incarceration rate of 1,051 per 100,000 city residents, is more than 5 times the rate in New York City. Syracuse — the fifth most populous city — has 864 people in state prison per 100,000 city residents, while the city of Albany has an incarceration rate of 917 per 100,000. Other, even smaller cities like Poughkeepsie and Schenectady experience disproportionate incarceration as well.8 [...] The imprisonment rate in Queens County — 121 per 100,000 residents — is lower than 52 other counties in New York. ↩ These five counties are in the top third highest imprisonment rate counties in New York, with incarceration rates ranging from 312 per 100,000 in Montgomery County to 250 per 100,000 in Franklin County. ↩",True,False,True,insufficient-neutral,politifact
politifact_757_ret_b3_gn,politifact_757,"New York is ""leading the nation with the lowest imprisonment rate of any large state”",NYS Department of Corrections and Community Supervision,"Despite efforts to shrink it, New York’s prison infrastructure is one of the largest in the country. Today, more than 40,000 New Yorkers are behind bars and another 337,000 have spent time in prison at some point in their lives; three-quarters of them are people of color. As the recent Brennan Center report Conviction, Imprisonment, and Lost Earnings: How Involvement with the Criminal Justice System Deepens Inequality shows, this creates enormous, lasting consequences for impacted individuals, families, and communities. Time spent in prison can reduce a person’s lifetime earning potential by half a million dollars. In New York State alone, imprisonment translates to nearly $2 billion annually in reduced earnings, overwhelmingly extracted from communities of color, the very communities Robin Hood serves. [...] But policies and budgets can change. Last year, New York passed important reforms related to discovery, bail, and trial conduct, and our overall prison population continues to drop year over year. Following the lead of states including Louisiana, Missouri, and South Carolina, New York legislators and advocates have advanced a new set of priorities. The Less Is More Act, for example, would prevent thousands of New Yorkers from being reincarcerated for technical parole violations like being late for curfew, failing a drug test, or missing appointments with a parole officer.",True,False,True,insufficient-refutes,politifact
politifact_757_ret_b5_gn,politifact_757,"New York is ""leading the nation with the lowest imprisonment rate of any large state”",NYS Department of Corrections and Community Supervision,"More remarkably, as the crime and murder rates declined, so did the jail population. Currently, there are less than 6,000 people incarcerated—a reduction of 16,000 or 73% in the jail population. Clearly, NYC has shown that crime and jail populations can be drastically reduced at the same time. Both the current NYC murder rate (4.5 per 100,000) and the jail incarceration rate (66 per 100,000) are well below the national rates (6.5 murder and 192 jail rates). NYC also has one of the lowest incarceration rates for Black people in the nation. If the rest of the country could match New York City’s rates of Black Incarceration, the national jail population would decline by about 400,000 and there would be about 5,000 fewer murders per year.",True,False,True,supports,politifact
politifact_757_ret_b6_gn,politifact_757,"New York is ""leading the nation with the lowest imprisonment rate of any large state”",NYS Department of Corrections and Community Supervision,"A paper released today, Better by Half: The New York City Story of Winning Large-Scale Decarceration while Increasing Public Safety, suggests that quite the opposite is true. New York City’s rapid and well-publicized crime rate decline was coupled with a sustained and dramatic reduction in incarceration, allowing the state to close more than a dozen prisons and save tens of millions of dollars. New York City is now not only the safest big city in the United States, but also one of its least incarcerated. [...] ""Not only does the New York story show that substantial reductions in incarceration are realistic and attainable, but also that safety can be improved at the same time,"" said Schiraldi. ""While prison and jail populations grew across the nation and even within the state of New York, New York City actually made an about-face on incarceration and crime. Cities can actually be safer with substantial decreases in incarceration, and states should follow the lead of this remarkable reform."" [...] ""Based on the accomplishments in states with the largest decreases in incarceration, we know that a successful decarceration recipe includes bold reform agendas, organizational moxie, and powerful public engagement,"" said Greene. ""New York’s unprecedented reduction in reliance on incarceration has been a ‘bottom-up,’ advocacy-driven, community-focused strategy. When these ingredients include robust and sustained advocacy, we see that it is possible and realistic to reduce reliance on incarceration by half.""",True,False,True,insufficient-supports,politifact
politifact_76_ret_bn_g0,politifact_76,"BBC News published a graphic quoting President Joe Biden saying, “Let me say this as clearly and simply as I can: [inaudible].”",Social media posts,"A social media graphic highlighting another supposed flub appears to have come from BBC News. Shared in a July 11 Instagram post, the graphic quotes Biden saying, ""Let me say this as clearly and simply as I can: [inaudible]."" [...] We rate the claim that BBC News published a graphic quoting Biden as ""inaudible"" False. [...] Snopes, No, Biden Didn't Say, 'Let Me Say This as Clearly and Simply as I Can: [Inaudible]', July 10, 2024",False,False,True,refutes,politifact
politifact_76_ret_bn_g2,politifact_76,"BBC News published a graphic quoting President Joe Biden saying, “Let me say this as clearly and simply as I can: [inaudible].”",Social media posts,"In July 2024, a viral post purported to share a real graphic from British broadcaster BBC News, quoting U.S. President Joe Biden as saying ""inaudible"" during a speech, as though reading from a teleprompter. The graphic included an image of Biden speaking, with the caption below reading: ""Let me say this as clearly and simply as I can: [inaudible]."" The above image was edited to appear like a BBC News graphic, but it was not real. We found no evidence of such an image on BBC News' official social media accounts. The statement in question on the graphic is also inaccurate, as Biden was not inaudible at that moment in his speech. As such, we rate this graphic as ""Fake."" We found the authentic graphic of Biden on BBC's Instagram account. The graphic quotes Biden as saying, ""Let me say this as clearly and simply as I can: I'm running.""",False,False,True,refutes,politifact
politifact_763,politifact_763,"“Right now, two-thirds of the U.S. Senate is composed of millionaires.”",Tom Nelson,"As of 2018, the last year when lawmakers filled out financial disclosures, 61 were worth $1 million Many of the newly-elected members of the Senate are also millionaires",True,True,True,insufficient-supports,politifact
politifact_763_ret_bn_g18,politifact_763,"“Right now, two-thirds of the U.S. Senate is composed of millionaires.”",Tom Nelson,"I have been researching this issue for the past 10 years, and the results, published in my new book, The Cash Ceiling: Why Only the Rich Run for Office – and What We Can Do About It, are clear. Contrary to the cherished ideal of a government of and by the people, Americans are almost always governed by the very privileged. The president is the billionaire head of a global business empire. His cabinet is mostly millionaires. Most members of Congress are millionaires. Most supreme court justices are millionaires. Millionaires make up less than 3% of the general public, but have unified majority control of all three branches of the federal government. Working-class Americans, on the other hand, make up about half of the country. But they have never held more than 2% of the seats in any Congress since the nation was founded. [...] So why are so few workers running? In a democracy like ours where almost any citizen can stand for elected office, why are the vast majority of candidates drawn from the ranks of white-collar professionals, and usually affluent or wealthy ones at that?",True,False,True,insufficient-supports,politifact
politifact_763_ret_bn_g19,politifact_763,"“Right now, two-thirds of the U.S. Senate is composed of millionaires.”",Tom Nelson,"Years prior, the court dealt another blow to the law meant to limit the power of wealthy individuals. In 2008's Davis v. FEC, the court struck down the Millionaire's Amendment, which allowed opponents of wealthy self-funding congressional candidates to bypass contribution limits. In recent cycles, self-funding candidates such as Sen. Rick Scott (R-Fla.) and Rep. David Trone (D-Md.) have found success. [...] Eight of the top 10 most expensive Senate races ever occurred after Citizens United with inflation factored in. With $213 million spent — including $97 million in outside spending — the hotly contested 2018 Florida Senate race is the most expensive ever. The 2016 Senate battle between Sen. Pat Toomey (R-Pa.) and Democrat Katie McGinty was blanketed by $127 million in outside spending. The candidates spent $53 million. [...] That's in contrast to the record numbers of Americans giving money to political candidates in the most recent presidential and midterm election cycles. High-profile candidates for Congress and the presidency rely on armies of small donors to fund their campaigns. But one check from a wealthy donor, such as 2020 Democratic presidential contender Michael Bloomberg's record $20 million gift to the liberal Senate Majority PAC, could effectively neutralize the efforts of thousands, even millions, of small donors.",True,False,True,insufficient-neutral,politifact
politifact_763_ret_bn_g5,politifact_763,"“Right now, two-thirds of the U.S. Senate is composed of millionaires.”",Tom Nelson,"The annual salary of each senator, since 2009, is $174,000;[40] the president pro tempore and party leaders receive $193,400.[40][41] In 2003, at least 40 senators were millionaires;[42] by 2018, over 50 senators were millionaires (partly due to inflation).[43] [...] - ^ Sean Loughlin and Robert Yoon (June 13, 2003). ""Millionaires populate U.S. Senate"". CNN. Archived from the original on December 23, 2020. Retrieved June 19, 2006. - ^ ""Wealth of Congress"". Roll Call. Archived from the original on November 12, 2019. Retrieved November 8, 2018.",True,False,True,insufficient-supports,politifact
politifact_77,politifact_77,List shows settlements Donald Trump made to 10- to 13-year-old victims of child sex crimes.,Threads post,We found no evidence of these cases or settlements.,False,True,True,refutes,politifact
politifact_77_ret_bn_g0,politifact_77,List shows settlements Donald Trump made to 10- to 13-year-old victims of child sex crimes.,Threads post,"No proof Donald Trump made settlements to 10- to 13-year-olds for child sex crimes [...] A list circulating on social media claims to reveal a set of settlements made by former President Donald Trump for sex crimes against children as young as 10 years old. [...] There’s no evidence that Trump made six settlements to 10- to 13-year-olds, as the list claims. We rate that claim False.",False,False,True,refutes,politifact
politifact_77_ret_bn_g10,politifact_77,List shows settlements Donald Trump made to 10- to 13-year-old victims of child sex crimes.,Threads post,"(1) Michael Parker, 10-years old, oral rape, Mar-a-Lago, Palm Beach, FL, 1992. Trump paid his parents a $3 million settlement. [...] (4) Rebecca Conway, 13-years old, intercourse and oral sex. Trump Vineyard Estates, Charlottesville, VA, 2012, $5 million settlement. [...] Of course, it's also possible to make accusations, claims, or demands against a party and reach settlement of them without resorting to filing lawsuits first. But that scenario would require us to believe, incredibly, that at least six different children between the ages of 10 and 13 reported that they had been raped by Trump, but not a single parent in any of those cases submitted a police report or criminal complaint, sought redress in civil court, or ever spoke publicly about their child's experience -- every single one of them simply approached Trump privately and demanded large sums of money from him to keep quiet, and he complied.",False,False,True,insufficient-refutes,politifact
politifact_77_ret_bn_g11,politifact_77,List shows settlements Donald Trump made to 10- to 13-year-old victims of child sex crimes.,Threads post,"When I read about E. Jean Carroll’s victory in her civil case against former President Donald J. Trump, I couldn’t help thinking about a 13-year-old girl who was also raped, allegedly, by both Trump, and the late Jeffrey Epstein. [...] People wondering how Jeffrey Epstein acquired his enormous wealth may find a clue on page 5 of the lawsuit, filed — and later withdrawn — by Katie Johnson against Donald Trump and Epstein for allegedly raping her when she was 13 years old.",False,False,True,insufficient-neutral,politifact
politifact_77_ret_bn_g7,politifact_77,List shows settlements Donald Trump made to 10- to 13-year-old victims of child sex crimes.,Threads post,"Woman suing Trump over alleged teen rape drops suit, again A woman who accused Donald Trump of raping her two decades ago when she was a 13-year-old aspiring teen model has again dropped a federal lawsuit over the alleged assaults. [...] Doe named Trump and Epstein as defendants in the suits and says they knew she was well under 17 — the age of consent. ""I understood that both Mr. Trump and Mr. Epstein knew that I was 13 years old,"" she wrote.",False,False,True,insufficient-neutral,politifact
politifact_79,politifact_79,"Kamala Harris ""co-sponsored, fully sponsored"" the Green New Deal.",Byron Donalds,"When senators introduced their version of the Green New Deal in February 2019, Harris was one of 11 Democrats who were original co-sponsors. In a Medium post published the day the resolution was introduced, Harris wrote that she was ""proud"" to have signed on as an original Senate co-sponsor.",True,True,True,supports,politifact
politifact_79_ret_b7_gn,politifact_79,"Kamala Harris ""co-sponsored, fully sponsored"" the Green New Deal.",Byron Donalds,"Donalds told Bream that Harris had ""co-sponsored, fully sponsored this radical Green New Deal, which will cost the American people $100 trillion."" [...] However, we confirmed through public documentation that Harris did co-sponsor Senate legislation backing the Green New Deal and, to date, still supports the measure’s principles. [...] Rep. Byron Donalds said Harris ""co-sponsored, fully sponsored"" the Green New Deal.",True,False,True,supports,politifact
politifact_81,politifact_81,Project 2025 mandates women carry “period passports” to “track their menstrual cycles” and “monitor pregnancies.”,Threads post,This claim originated on a satirical X account. Project 2025 is a policy agenda created by conservative groups in the hope that former President Donald Trump will enact it should he win the presidency in November. The agenda does not call for women to carry period passports.,False,True,True,refutes,politifact
politifact_81_ret_b13_gn,politifact_81,Project 2025 mandates women carry “period passports” to “track their menstrual cycles” and “monitor pregnancies.”,Threads post,"In a shocking announcement, Trump’s #Project2025 group proposes the implementation of ""period passports"" for women to track their menstrual cycles. These passports would be mandatory and women would have to present them to police officers during random ID checks to monitor pregnancies. The proposal has sparked outrage and calls for support of Biden-Harris. Stay informed on this controversial development. #WeSupportBidenHarris. BREAKING: Trump’s #Project2025 group says women should be mandated to carry ""period passports"" that track their menstrual cycles and must be kept up to date, and women must present these to police officers during random ID checks to monitor pregnancies.#WeSupportBidenHarris — Storm (@StormMage18) July 7, 2024 [...] In a shocking development, Trump’s Project 2025 group has proposed a controversial idea that has sparked outrage across the nation. According to a tweet by Storm (@StormMage18), the group suggests that women should be required to carry ""period passports"" to track their menstrual cycles. These passports would need to be kept up to date and presented to police officers during random ID checks to monitor pregnancies. This proposal has raised concerns about privacy, autonomy, and gender equality.",False,False,True,supports,politifact
politifact_81_ret_bn_g1,politifact_81,Project 2025 mandates women carry “period passports” to “track their menstrual cycles” and “monitor pregnancies.”,Threads post,"No, Project 2025 didn’t call for ‘period passports’ for women; claim originated as satire [...] A July 7 Threads post warned, ""The Project 25 group says women should be mandated to carry ‘period passports’ that track their menstrual cycles and must be kept up to date, and women must present these to police officers during random ID checks to monitor pregnancies."" [...] We rate the claim that Project 2025 is calling for a mandate that women carry ""period passports"" to track their menstrual cycles and pregnancies False.",False,False,True,refutes,politifact
politifact_81_ret_bn_g4,politifact_81,Project 2025 mandates women carry “period passports” to “track their menstrual cycles” and “monitor pregnancies.”,Threads post,"Those plans — and many more, including proposals to attack contraception access, use the Centers for Disease Control and Prevention to increase ""abortion surveillance"" and data collection, rescind a Department of Defense policy to ""prohibit abortion travel funding,"" punish states that require health insurance plans to cover abortion, and retool a law that is currently protecting pregnant women with life-threatening conditions — are outlined in Project 2025’s ""Mandate for Leadership."" Project 2025 is an initiative of the Heritage Foundation, a rightwing think tank that has helped staff and set the agenda for every Republican administration since Ronald Reagan. It describes Project 2025 as ""the conservative movement’s unified effort to be ready for the next conservative administration to govern at 12:00 noon, January 20, 2025."" [...] Project 2025, meanwhile, is already pre-screening applicants for jobs in the next Republican administration, filtering out candidates based on their answers to a list of questions, including whether they agree or disagree with the statement: ""Life has a right to legal protection from conception to natural death.""",False,False,True,insufficient-contradictory,politifact
politifact_81_ret_bn_g5,politifact_81,Project 2025 mandates women carry “period passports” to “track their menstrual cycles” and “monitor pregnancies.”,Threads post,"Called the 2025 Presidential Transition Project—or ""Project 2025,"" for short—the plan has ""four pillars"": [...] —Project 2025: Presidential Transition Project",False,False,True,insufficient-neutral,politifact
politifact_82,politifact_82,The Associated Press reported “prosecutors are reconsidering bringing charges against former President Donald J. Trump on child rape and molestation charges.”,Threads posts,The Associated Press didn’t report this.,False,True,True,refutes,politifact
politifact_82_ret_b10_gn,politifact_82,The Associated Press reported “prosecutors are reconsidering bringing charges against former President Donald J. Trump on child rape and molestation charges.”,Threads posts,Former President Donald Trump is facing dozens of criminal charges and will go on trial several times in the next 18 months. [...] Mr Trump has appeared in court three times already to face other charges and denied them all. [...] Do you have any questions relating to Donald Trump's legal cases?,False,False,True,insufficient-supports,politifact
politifact_82_ret_b2_gn,politifact_82,The Associated Press reported “prosecutors are reconsidering bringing charges against former President Donald J. Trump on child rape and molestation charges.”,Threads posts,"A post shared on Facebook claims AP News reported that charges of child rape and molestation have been brought against former President Donald Trump. [...] A Facebook post claims AP News has reported that child molestation charges have been brought against Trump. ""BREAKING NEWS Prosecutors Are Reconsidering Bringing Charges Against Former President Donald J. Trump On Child Rape And Molestation Charges. @mjfree – AP News,"" the post reads. There is no evidence for this claim, however. Check Your Fact found no credible news reports from AP News or other outlets about Trump being accused of child molestation. The alleged story cannot be found through a search of the AP News website or its social media accounts. (RELATED: Photo Of Donald Trump Is Edited To Make Him Look Larger)",False,False,True,refutes,politifact
politifact_82_ret_b6_g10,politifact_82,The Associated Press reported “prosecutors are reconsidering bringing charges against former President Donald J. Trump on child rape and molestation charges.”,Threads posts,"In 2016 a woman who went by the pseudonyms Katie Johnson and Jane Doe in legal filings accused Trump of raping her in 1994, when she was 13, during an orgy held at Epstein’s home in Manhattan. She accused Epstein of raping her as well. [...] Trump has been accused of sexual misconduct by more than 20 other women over the years; those women were not underage, and their allegations did not involve Epstein. In May 2023, a federal jury found Trump civilly liable for sexually abusing E. Jean Carroll in the mid-1990s and for defaming her when he denied her rape allegation in 2022. He was ordered to pay Carroll $5 million in damages and is currently appealing the verdict. [...] False posts that claim prosecutors are ""reconsidering bringing charges"" against Trump ""on child rape and molestation charges"" have been circulating on Facebook recently. The story is attributed to the Associated Press, but on July 11 the AP said it never reported this.",False,False,True,refutes,politifact
politifact_83,politifact_83,C-sections are coded as abortions in hospitals.,Threads post,"A cesarean section, commonly known as a C-section, is a surgical procedure that delivers a fetus through incisions in the mother's abdomen. C-sections have their own procedural codes for tracking and insurance that cover this type of delivery. These codes do not mention abortion. C-sections can be risky and are not typically used to facilitate abortions, health experts said.",False,True,True,refutes,politifact
politifact_83_ret_b2_gn,politifact_83,C-sections are coded as abortions in hospitals.,Threads post,"Tim Sheehy stated on June 8, 2024 in in a U.S. Senate candidate debate: ""Elective abortions up to and including the moment of birth. Healthy, 9-month-year-old baby killed at the moment of birth. That’s what Jon Tester and the Democrats have voted for."" Threads posts stated on July 7, 2024 in a Threads post: Project 2025 mandates women carry ""period passports"" to ""track their menstrual cycles"" and ""monitor pregnancies."" Threads posts stated on July 27, 2024 in a Threads post: C-sections are coded as abortions in hospitals. Ron Johnson stated on April 15, 2024 in Podcast: ""Every Senate Democrat has voted to support unlimited abortions up to the moment of birth."" Lila Rose stated on May 14, 2024 in an Instagram post: Anti-abortion activist sentenced to 57 months in prison for ""handing roses and resources to women at an abortion facility."" X posts stated on May 10, 2024 in an X post: Sen. Katie Britt introduced a bill ""to create a national registry of pregnant women."" Paul Renner stated on April 4, 2024 in an interview: For health risk exceptions in Florida’s abortion amendment, ""You're not even talking to a doctor to make that determination."" [...] Threads posts stated on July 27, 2024 in a Threads post: C-sections are coded as abortions in hospitals.",False,False,True,insufficient-neutral,politifact
politifact_83_ret_bn_g0,politifact_83,C-sections are coded as abortions in hospitals.,Threads post,"No, US hospitals do not code C-sections as abortions [...] In response to a June 27 Threads post about the rarity of nine-month abortions, one user wrote that, ""Technically there is. It’s called a cesarean section, also know(n) as a c-section. Coded in hospitals as an abortion. Remember abortion means termination/ending of a pregnancy and not murdering a child."" [...] A Threads post said C-sections are coded as ""abortions"" in hospitals.",False,False,True,refutes,politifact
politifact_83_ret_bn_g6,politifact_83,C-sections are coded as abortions in hospitals.,Threads post,Abortion codes (for exclusion),False,False,True,insufficient-neutral,politifact
politifact_839,politifact_839,"Under Joe Biden, there are “record numbers of new Black entrepreneurs”",Joe Biden,"U.S. Census Bureau and the Federal Reserve Board datasets found record levels of Black business ownership in 2021 and 2022, the most recent year available. Independent analyses show some of President Joe Biden’s policies laid the groundwork for the increases.",True,True,True,supports,politifact
politifact_839_ret_b15_gn,politifact_839,"Under Joe Biden, there are “record numbers of new Black entrepreneurs”",Joe Biden,"During President Biden’s visit Wednesday to the Wisconsin Black Chamber of Commerce, he showcased the unprecedented growth of Black small business ownership under his administration. In a press call, top White House officials attributed the surge in Black entrepreneurship, the fastest in 30 years, to Bidenomics, which the president pledged would receive further support through new investments targeting underserved communities. [...] Administration officials noted that Biden’s ""Investing in America"" agenda has catalyzed historic gains in small business creation and entrepreneurship. They reported that a record 15 million applications to start new businesses had been filed since he took office, with Black business ownership growing faster than in three decades.",True,False,True,insufficient-supports,politifact
politifact_839_ret_b6_gn,politifact_839,"Under Joe Biden, there are “record numbers of new Black entrepreneurs”",Joe Biden,"President Biden Takes Credit For Prompting Financial Boom For Black-Owned Small Businesses This Year [...] During a Milwaukee event, President Joe Biden took credit for creating a financial boom for Black-owned small businesses. On Dec 20, he brought to the forefront some of the Biden-Harris administration’s investments that have generated considerable revenue for Black entrepreneurs. [...] Since he and Vice President Kamala Harris were elected, Biden claimed that a record number of 15 million new applicants to start businesses surfaced. Black households with business ownership particularly doubled between 2019 and 2022.",True,False,True,insufficient-supports,politifact
politifact_839_ret_bn_g0,politifact_839,"Under Joe Biden, there are “record numbers of new Black entrepreneurs”",Joe Biden,"What about ""record numbers of new Black entrepreneurs""? Biden has made similar comments a few times recently, including in campaign speeches Jan. 27 in South Carolina and Feb. 4 in Las Vegas. Data supports the claim that the prevalence of Black-owned small businesses has reached record levels under Biden, based on available data since 1989. [...] A Biden campaign ad said that during his presidency, there have been ""record numbers of new Black entrepreneurs.""",True,False,True,supports,politifact
politifact_839_ret_bn_g6,politifact_839,"Under Joe Biden, there are “record numbers of new Black entrepreneurs”",Joe Biden,"Truth 1: There are ""record numbers of new Black entrepreneurs"" under Biden’s leadership [...] ""...President Biden’s commitment to Black America. Delivering real results for us. The lowest black unemployment rate in history. Black child poverty cut in half. Record numbers of new Black entrepreneurs,"" the ad narrator said. [...] The ad also stated that America reached ""record numbers of new Black entrepreneurs."" This claim is also supported by data from the U.S. Census Bureau.",True,False,True,supports,politifact
politifact_84,politifact_84,“Disney and Google bought the rights to the first King James Bible.”,Facebook posts,This story originated on a satire site.,False,True,True,refutes,politifact
politifact_84_ret_b0_g2,politifact_84,“Disney and Google bought the rights to the first King James Bible.”,Facebook posts,"There’s been quite the buzz about a wild idea: Disney buys the Bible rights. It all started with a TikTok video from user @claretas.voice, who claimed Disney had shelled out a whopping $7.2 billion for the holy book’s rights. According to her, Disney wanted to make a Bible series. [...] The ""Disney buys the Bible rights"" rumor is a fictitious claim that suggests the Walt Disney Company has acquired the rights to the Holy Bible. According to the rumor, Disney allegedly purchased these rights for a significant sum, purportedly around $7.2 billion, with the intention of producing a series or movies based on biblical stories. [...] In essence, the ""Disney buys the Bible rights"" rumor serves as a cautionary tale about the proliferation of misinformation in the digital age. It underscores the importance of critical thinking and fact-checking in evaluating the validity of online claims, particularly those that seem too fantastical to be true.",False,False,True,refutes,politifact
politifact_84_ret_bn_g1,politifact_84,“Disney and Google bought the rights to the first King James Bible.”,Facebook posts,"""Disney and Google bought the rights to the first King James Bible, they’re already changing it,"" a man says in a video shared in a June 28 Facebook post. [...] Instead, we discovered a July 2018 post on the satirical Babylon Bee website, which ran a story with this headline: ""Disney buys rights to the Bible, plans 37 sequels."" [...] If The Walt Disney Co. and Google, part of Alphabet, acquired the Bible’s rights, it would draw global news coverage, but there’s none.",False,False,True,refutes,politifact
politifact_84_ret_bn_g7,politifact_84,“Disney and Google bought the rights to the first King James Bible.”,Facebook posts,"Did Disney and Google buy the rights to the first King James Version of the Bible? No, that's not true: No sources are cited in the Instagram post where the claim is stated. The claim first appeared in a 2018 article from The Babylon Bee, a well-known satirical website. Lead Stories could not find any supporting evidence that would corroborate the claim. [...] Searching on Google led to a 2018 article (archived here) from The Babylon Bee titled, ""Disney Buys Rights To The Bible, Plans 37 Sequels.""",False,False,True,refutes,politifact
politifact_84_ret_bn_g9,politifact_84,“Disney and Google bought the rights to the first King James Bible.”,Facebook posts,"An old rumor that Disney bought the rights to the Bible has re-emerged online, so where did this start, and what is actually going on? Here’s Disney Fanatic’s fact-check and deep dive! [...] It appears the origin of the rumor dates back to 2018 when the satire site The Babylon Bee released an article claiming that Disney bought the rights to The Bible and planned to make 37 sequels. The site also seemingly republished this article on social media periodically as it also surfaced on X, formerly Twitter, in 2019. [...] Disney Buys Rights To The Bible, Plans 37 Sequelshttps://t.co/vPgT4kulGD — The Babylon Bee (@TheBabylonBee) July 9, 2019",False,False,True,refutes,politifact
politifact_845,politifact_845,Texas and Florida have a “balanced budget” while California is “in debt $54 billion and New York is “in debt $6.1 billion.”,Facebook post,States commonly take on debt to pay for construction and environmental projects. Debt is not the same as a budget shortfall. All four states have debt. The amount of state budget shortfalls due to the pandemic is a moving target. States can have debt and a balanced budget.,True,True,True,insufficient-refutes,politifact
politifact_845_ret_b0_gn,politifact_845,Texas and Florida have a “balanced budget” while California is “in debt $54 billion and New York is “in debt $6.1 billion.”,Facebook post,"A Facebook post lists metrics for the four most populous states including their budgets. It states that Texas and Florida have ""balanced"" budgets while California is ""in debt $54 billion and New York is ""in debt $6.1 billion."" While this post didn’t comment on the party affiliations of the governors, similar posts point out that the governors of Florida and Texas are Republicans while the governors of New York and California are Democrats. [...] While Florida and Texas have passed balance budgets, they too are certain to face economic woes related to the pandemic. [...] The $6.1 billion figure for New York stems from projections late last year about a shortfall, and ignores that the state has since passed a balanced budget.",True,False,True,insufficient-contradictory,politifact
politifact_845_ret_b10_gn,politifact_845,Texas and Florida have a “balanced budget” while California is “in debt $54 billion and New York is “in debt $6.1 billion.”,Facebook post,"Sen. John Cornyn says 49 states have a balanced budget amendment in their state constitutions [...] An appendix in the report lists 45 states, including Texas, with a constitutional citation concerning a balanced budget requirement, and four states that have a statutory requirement. Vermont is the only state with neither. The information comes from the legislative fiscal staff in each state, said Ron Snell, director of state services at NCSL. [...] More substantively, the report notes that there's no consensus on which states have or do not have balanced-budget laws. That is, not every state has an explicit requirement that state expenditures not exceed projected revenue. The report names Wyoming, North Dakota and Alaska as states whose balanced-budget requirements are debated.",True,False,True,insufficient-neutral,politifact
politifact_845_ret_b5_gn,politifact_845,Texas and Florida have a “balanced budget” while California is “in debt $54 billion and New York is “in debt $6.1 billion.”,Facebook post,"Your Texas lawmakers are required — per the state’s constitution — to pass a balanced budget. They can spend any amount of the surplus before the 2022-23 biennium ends Aug. 31, or they can add all or part of it into the 2024-25 budget. Or they can do nothing with it at all. Exactly how they decide to use this enormous windfall is now the central conversation before the Texas Legislature. [...] Texas’ $32.7 billion surplus is about the size of the budget of South Carolina. It’s larger than the budgets of 24 states. Texas’ overall budget is the third biggest after California and New York, and followed by Illinois, Pennsylvania, and Florida, according to a 2022 survey conducted by the National Association of State Budget Officers.",True,False,True,insufficient-neutral,politifact
politifact_845_ret_bn_g7,politifact_845,Texas and Florida have a “balanced budget” while California is “in debt $54 billion and New York is “in debt $6.1 billion.”,Facebook post,"The California and New York results illustrate the importance of having information on actual IGTs in examining issues related to the current distribution of Medicaid DSH funds. Across-the-board assumptions such as those made Chapter 4 regarding the proportion of DSH funds that are ""new"" are not substantiated at the hospital-level. CMS should consider expanding the state DSH reports to obtain information on provider contributions to DSH pools as well as the payments from those pools to individual hospitals. [...] The ""snapshot"" approach of looking at one year's data may not be sufficient for an adequate understanding of the financial implications of serving low-income patients. In California, the FY1998 payments included payments from the state's fiscal year 1997 and thus overstated the average DSH payments. The New York indigent care pool was in transition during FY1998 and additional changes were enacted in 2000. Wisconsin's uncompensated care costs have increased 60 percent since 1997. Only the first-year impacts of the Balanced Budget Amendment are reflected in the FY1998 data. These considerations suggest that a multi-year study- perhaps with periodic updating- would be appropriate.",True,False,True,insufficient-neutral,politifact
politifact_848,politifact_848,"Says Joe Biden “has issued more executive fiats than anyone in such a short period of time, ever, more than Obama, more than Trump, more than anyone.”",Marco Rubio,"The total number of presidential directives signed by Biden during his first two days in office is greater than the number signed by Trump and Obama over the same period. The available record before FDR isn’t complete enough to definitively say whether Rubio is also right about all presidents, but experts said it’s likely that his claim still holds. It’s worth noting that Biden issued multiple orders directed at a specific issue that’s actively affecting the entire nation: the coronavirus pandemic.",True,True,True,insufficient-supports,politifact
politifact_848_ret_b4_gn,politifact_848,"Says Joe Biden “has issued more executive fiats than anyone in such a short period of time, ever, more than Obama, more than Trump, more than anyone.”",Marco Rubio,"Marco Rubio stated on July 19, 2022 in a campaign ad: Val Demings ""called abolishing the police 'thoughtful.'"" Marco Rubio stated on May 25, 2022 in an interview on CNN: ""There hasn't been a single of these mass shootings that have been purchased at a gun show or on the internet."" Marco Rubio stated on July 30, 2021 in a tweet: Photos show Lloyd Austin without a face shield after he landed in the Philippines. Marco Rubio stated on March 6, 2021 in a tweet: In rejecting his amendment, ""Democrats voted to send reopening money to schools that refuse to reopen."" Marco Rubio stated on January 27, 2021 in remarks: ""Only in the Third World do you see this habitual use of prosecutions of former leaders."" Marco Rubio stated on January 22, 2021 in a tweet: Says Joe Biden ""has issued more executive fiats than anyone in such a short period of time, ever, more than Obama, more than Trump, more than anyone."" Marco Rubio stated on December 27, 2020 in a tweet: Says ""Dr. Fauci lied about masks in March."" [...] Marco Rubio stated on January 22, 2021 in a tweet: Says Joe Biden ""has issued more executive fiats than anyone in such a short period of time, ever, more than Obama, more than Trump, more than anyone.""",True,False,True,supports,politifact
politifact_848_ret_bn_g10,politifact_848,"Says Joe Biden “has issued more executive fiats than anyone in such a short period of time, ever, more than Obama, more than Trump, more than anyone.”",Marco Rubio,James S. Brady Press Briefing Room 12:37 P.M. EST [...] Q Does the President think Mr. Trump should do more than he has in this area? [...] Q I haven’t -- I don’t recall the President doing anything like that in the last eight years. Has he -- would he do something like that? Would President Obama do something like that?,True,False,True,insufficient-neutral,politifact
politifact_848_ret_bn_g17,politifact_848,"Says Joe Biden “has issued more executive fiats than anyone in such a short period of time, ever, more than Obama, more than Trump, more than anyone.”",Marco Rubio,"No president has assaulted individual liberty, free enterprise, and social harmony like Trump has [...] But CEI didn't even take into account the worst aspect of Trump's regulatory overreach: His unprecedented assaults on immigration almost entirely by executive fiat and administrative means. [...] None of this is to suggest that libertarians won't have their work cut out for them in the event of a Biden victory, particularly when it comes to stopping the advance of the soft tyranny of the regulatory state that Democrats have come to embrace. But Trump with his authoritarian taste for the hard power of the police state is an existential threat to libertarian ideals.",True,False,True,insufficient-neutral,politifact
politifact_848_ret_bn_g2,politifact_848,"Says Joe Biden “has issued more executive fiats than anyone in such a short period of time, ever, more than Obama, more than Trump, more than anyone.”",Marco Rubio,"As Democratic President Joe Biden signs many executive orders in his first few months in office, many Republicans have rebuked him for issuing the presidential orders instead of relying on Congressional actions. That includes Iowa Gov. Kim Reynolds, who was critical of Biden’s April 7 order on gun control measures. [...] Rubio said in the video that Biden ""has issued more executive fiats than anyone in such a short period of time, ever, more than Obama, more than Trump, more than anyone."" PolitiFact said Rubio’s claim, which came two days after Biden’s inauguration, was true. It cited data from the Office of the Federal Registrar that showed more executive orders — 17 — from Biden than former President Barack Obama’s two and former President Donald Trump’s one in his first two days in office.",True,False,True,supports,politifact
politifact_85,politifact_85,"""For 18 months under President Trump, not a single American was harmed in Afghanistan.”",Brigitte Gabriel,Defense Department data shows an 18-month stretch with no U.S. service member combat deaths in Afghanistan after then-President Donald Trump and the Taliban reached a deal to end the war in late February 2021. That includes seven months of President Joe Biden’s administration. There were three service members wounded in combat and four troops who died in noncombat-related deaths during the Trump administration after the deal with the Taliban was reached.,False,True,True,insufficient-refutes,politifact
politifact_85_ret_b14_gn,politifact_85,"""For 18 months under President Trump, not a single American was harmed in Afghanistan.”",Brigitte Gabriel,"""For 18 months, we lost nobody in Afghanistan. And then we had that horrible, horrible withdrawal where we lost 13 soldiers, 38 horribly wounded, left Americans behind,"" Trump said in remarks after his Super Tuesday victories earlier this month. [...] But two senior Biden administration national security officials told NBC News that the Taliban is holding two Americans that the U.S. government would like to see released. Other Americans in Afghanistan are there of their own volition, they said. [...] ""President Trump is absolutely right to call out Joe Biden for his betrayal of Americans in Afghanistan,"" Leavitt said in a statement. ""Biden’s calamitous withdrawal left hundreds, if not thousands, of citizens behind and led to the tragic deaths of 13 U.S. Service Members at Abbey Gate.""",False,False,True,insufficient-supports,politifact
politifact_85_ret_b16_gn,politifact_85,"""For 18 months under President Trump, not a single American was harmed in Afghanistan.”",Brigitte Gabriel,"Latest False Fact-checks on Brigitte Gabriel Brigitte Gabriel stated on July 2, 2024 in an Instagram post: ""For 18 months under President Trump, not a single American was harmed in Afghanistan."" Brigitte Gabriel stated on July 2, 2024 in an Instagram post: ""For 18 months under President Trump, not a single American was harmed in Afghanistan.""",False,False,True,insufficient-neutral,politifact
politifact_85_ret_bn_g0,politifact_85,"""For 18 months under President Trump, not a single American was harmed in Afghanistan.”",Brigitte Gabriel,"A July 2 Instagram post by conservative activist Brigitte Gabriel said, ""For 18 months under President Trump, not a single American was harmed in Afghanistan."" The Instagram post included a video clip from ""The Sage Steele Podcast,"" in which U.S. Rep. Wesley Hunt, R-Texas, told a story about Trump negotiating with Taliban leaders over a U.S. withdrawal from Afghanistan. Hunt said Trump threatened a Taliban leader, saying that if he harmed any American, he would kill him, then said, ""Do you know for 18 months, not a single American was killed in Afghanistan?"" [...] So, it’s correct that in an 18-month stretch, no U.S. service members were harmed or died in combat. But Gabriel is incorrect to say Trump was in charge during that period.",False,False,True,insufficient-refutes,politifact
politifact_85_ret_bn_g2,politifact_85,"""For 18 months under President Trump, not a single American was harmed in Afghanistan.”",Brigitte Gabriel,"CLAIM: When former President Donald Trump was in charge, 18 months went by in Afghanistan when ""we didn’t lose one American soldier."" [...] THE FACTS: While speaking in Austin, Texas, on Saturday, Trump claimed while discussing the U.S. war in Afghanistan: ""When I was in charge, in 18 months, we didn’t lose one American soldier."" ""In 18 months in Afghanistan, we lost nobody,"" he later emphasized after mentioning that day’s deadly shooting in Buffalo, New York, in which a white gunman killed 10 Black people in a supermarket.",False,False,True,insufficient-neutral,politifact
politifact_86,politifact_86,“WNBA organizers have officially announced an investigation into the referees in all of Caitlin Clark's games for ignoring all dirty actions by her opponents against her.”,Facebook posts,There’s no evidence to support this claim.,False,True,True,insufficient-refutes,politifact
politifact_86_ret_b12_gn,politifact_86,“WNBA organizers have officially announced an investigation into the referees in all of Caitlin Clark's games for ignoring all dirty actions by her opponents against her.”,Facebook posts,"WNBA Launches Investigation into Refereeing in Caitlin Clark’s Games The Women’s National Basketball Association (WNBA) has officially announced an investigation into the refereeing of all games involving Caitlin Clark, following allegations that referees have consistently ignored dirty actions by her opponents. This move comes after numerous complaints and growing concerns about the fairness and integrity of the officiating in these matches. [...] Caitlin Clark has not publicly commented on the investigation, but her team has expressed support for the WNBA’s decision. ""We believe in the fairness of the game and trust that the league will take the necessary steps to ensure that all players are protected and that the rules are enforced equally,"" a team representative said.",False,False,True,supports,politifact
politifact_86_ret_b15_gn,politifact_86,“WNBA organizers have officially announced an investigation into the referees in all of Caitlin Clark's games for ignoring all dirty actions by her opponents against her.”,Facebook posts,"One day after the Las Vegas Convention and Visitors Authority announced an unprecedented $1.2 million sponsorship of the dozen Aces, the WNBA announced it was opening an investigation into the deal. [...] Davis said the WNBA using the word investigation could have a chilling effect on other potential sponsors both in Las Vegas and other markets. [...] ""Nike is an owner of the WNBA and they're allowed to sponsor Caitlin Clark for $28 million on one player. And nobody's complaining or investigating,"" Davis said. ""And I think it's great that Nike's doing that. But let's give credit to where credit's due: Las Vegas Convention Authority is stepping up and recognizing these women.""",False,False,True,insufficient-neutral,politifact
politifact_86_ret_b6_gn,politifact_86,“WNBA organizers have officially announced an investigation into the referees in all of Caitlin Clark's games for ignoring all dirty actions by her opponents against her.”,Facebook posts,"WNBA rookie Caitlin Clark, a guard for the Indiana Fever, has criticized what she’s described as unfair officiating, but we found no evidence to support claims that the league is investigating referees involved in her games. ""BREAKING: The WNBA organizers have officially announced an investigation into the referees in all of Caitlin Clark’s games for ignoring all dirty actions by her opponents against her,"" a June 28 Facebook post said. ""’Some referees have been suspended.’"" [...] We rate claims the WNBA announced an investigation into, and suspended some, referees that have officiated Clark’s games False",False,False,True,refutes,politifact
politifact_86_ret_bn_g16,politifact_86,“WNBA organizers have officially announced an investigation into the referees in all of Caitlin Clark's games for ignoring all dirty actions by her opponents against her.”,Facebook posts,"Authorities arrested 4 people in connection with the caseGemini and Scorpio compatibility: What to know about the 2 signs coming togetherComfy flats, lightweight dresses and more Amazon spring fashion finds — starting at just $10Taylor Swift reacts to Ryan Gosling singing her song on ‘SNL’ with Emily BluntCaitlin Clark says she’s ‘confident’ going into WNBA future: ‘I've earned to be in this moment’Caitlin Clark on making time for her young fans: ‘That never gets old’Scottie Scheffler wins the 2024 Masters Tournament, joining select group of golfers who have earned the title twiceOlivia Rodrigo re-creates Gwen Stefani’s style to join No Doubt onstage at CoachellaRyan Gosling is still tortured by the Papyrus font in sequel to fan-favorite ‘SNL’ skitJill Duggar Dillard and husband Derick Dillard announce stillbirth of daughter at 4 monthsDua Lipa set to host and perform on 'SNL' following Ryan Gosling's appearanceMegan Fox says she thinks ‘Love Is Blind’ star Chelsea Blackwell is ‘telling the truth’ about look-alike commentsCaitlin Clark roasts Michael Che in hilarious ‘Weekend Update’ appearanceTravis Kelce and Taylor Swift pack on the PDA while dancing to ‘Karma’ at CoachellaBrittney Griner and wife Cherelle Griner are expecting their first childIran launches attack on Israel that risks sparking",False,False,True,insufficient-neutral,politifact
politifact_865,politifact_865,“Research illustrates a clear correlation between vitamin D deficiencies and (higher) COVID-19 mortality rates.”,Glenn Grothman,"U.S. Rep. Glenn Grothman touted a correlation between vitamin D deficiencies and COVID-19 deaths, suggesting the supplement may help combat the virus. Early research verifies that correlation, but more work needs to be done. Grothman emphasized that point and didn’t imply vitamin D is a cure for COVID-19.",True,True,True,insufficient-supports,politifact
politifact_865_ret_b7_gn,politifact_865,“Research illustrates a clear correlation between vitamin D deficiencies and (higher) COVID-19 mortality rates.”,Glenn Grothman,"There were data sets from 10 countries that fitted the criteria and were analyzed. Severe vitamin D deficiency was defined as 25(OH)D less than 25 nmol/L (10 ng/dL). Pearson correlation analysis between death rate per million of population from coronavirus disease 2019 (COVID-19) and prevalence of severe vitamin D deficiency showed a strong correlation with r = 0.79, p = 0.007. Over time, correlation strengthened, and r coefficient asymptotically increased. After adjusting for countries’ age structure and per capita health expenditures, multiple linear regression analysis showed that higher prevalence of severe vitamin D deficiency is associated with increased mortality. Each 1% increase in prevalence increased deaths by 55 per million (95% confidence interval, CI 8–102), p = 0.03. [...] Data collected shows a strong and significant correlation between prevalence of severe Vitamin D deficiency and COVID-19 deaths per million in European countries. The correlation is asymptotically getting stronger over time, making it even less likely to be caused by a random chance. This is consistent with US and UK trends that show the mortality rate from COVID-19 is higher in dark-skinned and obese individuals than in general population, as these individuals are at higher risk for vitamin D deficiency. [...] There is a strong correlation between prevalence of severe vitamin D deficiency and the mortality rate per million from COVID-19 in the European countries. The authors recommend for physicians to universally screen for vitamin D deficiency, and recommend further investigation of vitamin D supplementation in randomized control studies, which may lead to possible treatment or prevention of COVID-19.",True,False,True,supports,politifact
politifact_865_ret_bn_g0,politifact_865,“Research illustrates a clear correlation between vitamin D deficiencies and (higher) COVID-19 mortality rates.”,Glenn Grothman,"In May 2020, Glenn Grothman, a Republican congressman from Wisconsin, said that research illustrated a correlation between vitamin D deficiencies and higher COVID-19 mortality rates. We rated that True, as early studies supported the claim. [...] - Instagram post, November 3, 2021 - Lorenz Borsche, independent researcher, co-author of ""COVID-19 Mortality Risk Correlates Inversely with Vitamin D3 Status, and a Mortality Rate Close to Zero Could Theoretically Be Achieved at 50 ng/mL 25(OH)D3: Results of a Systematic Review and Meta-Analysis,"" October 14, email exchange with PolitiFact on Nov. 9-10, 2021 - Margherita T. Cantorna, Ph.D., Professor of Molecular Immunology, Pennsylvania State University, email exchange with PolitiFact on Nov. 9-10, 2021 - Metabolism Clinical and Experimental, ""The link between COVID-19 and VItamin D (VIVID): A systematic review and meta-analysis,"" March 16, 2021 - Michael F. Holick, MD, PhD, Director of Vitamin D, Skin and Bone Research Laboratory at Boston University, Professor of Medicine, Physiology and Biophysics at Boston University School of Medicine, email exchange with PolitiFact on Nov. 9, 2021 - National Institutes of Health, COVID-19 Treatment Guidelines: Vitamin D, April 21, 2021 - Nutritional Journal, ""Low vitamin D levels do not aggravate COVID-19 risk or death, and vitamin D supplementation does not improve outcomes in hospitalized patients with COVID-19: a meta-analysis and GRADE assessment of cohort studies and RCTs,"" October 31, 2021 - PolitiFact, ""Glenn Grothman on target about tie between vitamin D and COVID-19, but",True,False,True,insufficient-contradictory,politifact
politifact_865_ret_bn_g4,politifact_865,“Research illustrates a clear correlation between vitamin D deficiencies and (higher) COVID-19 mortality rates.”,Glenn Grothman,"Vitamin D deficiency has been strongly associated with various health outcomes, including all-cause mortality [68]. A 2014 Cochrane meta-analysis showed a relevant and significant lower all-cause mortality of ~7% and cancer mortality of ~13% in patients who received vitamin D3 [69]. The results of a meta-analysis by using individual participant data conducted by Gaksch et al., analyzing almost 17,000 individuals, showed a strong association between low 25(OH)D and increased risk of all-cause mortality [70]. Using a Mendelian randomization with genetic variants in the vitamin D synthesis pathway, the analysis of Aspelund et al. supports a causal relationship between vitamin D deficiency and increased all-cause mortality. However, despite a cohort of >10,000 participants, it was still too underpowered to confirm a causal relationship [71]. [...] Zhang Y, Fang F, Tang J, Jia L, Feng Y, Xu P, et al. Association between vitamin D supplementation and mortality: systematic review and meta-analysis. BMJ. 2019;366:l4673. https://doi.org/10.1136/bmj.l4673",True,False,True,insufficient-supports,politifact
politifact_87,politifact_87,"""Malaysia Airlines Flight MH370 returns after 10-year mystery""",Facebook Post,"March 8, 2014, Malaysia Airlines Flight 370 disappeared off air traffic control radar. Later evidence signaled it likely crashed into the Indian Ocean. Despite an extensive three-year search, the plane has still not been recovered, but debris confirmed to be part of the plane has been found. The flight has not returned.",False,True,True,refutes,politifact
politifact_87_ret_b5_gn,politifact_87,"""Malaysia Airlines Flight MH370 returns after 10-year mystery""",Facebook Post,"For the families of those on board these have been 10 years of inescapable grief, battling to keep the search going, to find out exactly what happened to MH370, and why. [...] Over 10 years, the lives of those affected have moved on, yet they also feel chained to the missing plane. [...] Ten years after Malaysia Airlines Flight MH370 and its 239 passengers and crew vanished, can new evidence help locate the plane and finally solve aviation's greatest mystery?",False,False,True,insufficient-neutral,politifact
politifact_87_ret_bn_g2,politifact_87,"""Malaysia Airlines Flight MH370 returns after 10-year mystery""",Facebook Post,"Malaysia Airlines flight MH370 vanished 10 years ago today. What have we learned about what happened? Malaysia's government has said it may authorize a new hunt for the missing Malaysia Airlines flight 370 a decade after the plane and all 239 passengers and crew on board disappeared on March 8, 2014. What happened to MH370 after it departed Kuala Lumpur, Malaysia, en route to Beijing remains one of aviation's biggest mysteries. [...] Ocean Infinity recently suggested it could resume the ""no find, no fee"" search for MH370, though Malaysia has said it will only do so if there is credible new evidence of where it might be located.",False,False,True,insufficient-refutes,politifact
politifact_87_ret_bn_g3,politifact_87,"""Malaysia Airlines Flight MH370 returns after 10-year mystery""",Facebook Post,"No, missing Malaysian Flight 370 has not returned after 10 years [...] ""Breaking News: Malaysia Airlines Flight MH370 Returns After 10-Year Mystery, 239 Passengers’ Journey,"" read a June 28 Facebook post. [...] Thysak, Breaking News: Malaysia Airlines Flight MH370 Returns After 10-Year Mystery, 239 Passengers' Journey,"" (archived) June 28, 2024",False,False,True,refutes,politifact
politifact_873,politifact_873,"Says a 1942 Milwaukee YMCA brochure shows children playing a violent, racist carnival game",Facebook post,"The game, with a banner including the n-word, was advertised in a 1942 brochure for Camp Minikani, in Washington County. This barbaric game was played widely at local fairs and carnivals from the 1800s into the mid-1900s, often using humans as targets. Newspaper accounts from the era casually reference the ""dodgers"" being badly injured and even killed.",True,True,True,supports,politifact
politifact_873_ret_b8_gn,politifact_873,"Says a 1942 Milwaukee YMCA brochure shows children playing a violent, racist carnival game",Facebook post,"People who are still living today played horribly racist games at carnivals and kids’ camps [...] Posts have been circulating on social media showing an old, black-and-white photo of kids playing a game called ""Hit the N****r Baby,"" where they throw baseballs at black people's heads for fun. Such carnival games, also known as ""African Dodger,"" ""Hit the Negro,"" or ""Hit the Coon,"" were still played as late as the 1950s. Snopes says that the ""Hit the N****r Baby"" photo came from a 1942 YMCA brochure for Camp Minikani, a children's summer camp in Wisconsin. So not only was this game played, but it was acceptable enough to have been included in a freaking camp brochure.",True,False,True,supports,politifact
politifact_873_ret_bn_g0,politifact_873,"Says a 1942 Milwaukee YMCA brochure shows children playing a violent, racist carnival game",Facebook post,"Fact check: Racist carnival game featured in 1942 Milwaukee YMCA brochure The claim: A 1942 Milwaukee YMCA brochure shows white children playing a violent, racist carnival game [...] - Facebook post, June 12, 2020 - YMCA of Greater Milwaukee, 1942 Camp Minikani brochure (provided by the Jim Crow Museum), - Snopes, Was a Violently Racist Carnival Game Once Popular in America?, Feb. 26, 2018 - Email exchange with Franklin R. Hughes, multimedia specialist, Jim Crow Museum, June 17, 2020 - YMCA of Greater Milwaukee, Camp Minikani, accessed June 18, 2020 - Henry Louis Gates Jr., ""Stony the Road: Reconstruction, White Supremacy, and the rise of Jim Crow,"" 2019.",True,False,True,insufficient-contradictory,politifact
politifact_873_ret_bn_g2,politifact_873,"Says a 1942 Milwaukee YMCA brochure shows children playing a violent, racist carnival game",Facebook post,"This image is authentic and shows a 1942 YMCA brochure for Camp Minikani, a children's summer camp in Wisconsin. ""Hit the Nigger Baby"" (also known as ""The Black Dodger"" or ""Hit the Coon"") was a common fairground game in which players hurled objects (usually eggs or baseballs) at African-American people serving as human targets. According to the Jim Crow Museum at Ferris State University, ""It sounds like a common carnival target game, but there was one unsettling part of the game, namely, the game's target was a real live human being, a 'negro' human being.""",True,False,True,supports,politifact
politifact_873_ret_bn_g5,politifact_873,"Says a 1942 Milwaukee YMCA brochure shows children playing a violent, racist carnival game",Facebook post,"Racism? ABC News (June 25, 2020) - Gone with the Wind has returned to HBO unaltered. But viewers will hear about its racist stereotyping before they watch it The Guardian (June 25, 2020) - Food brands are phasing out racist mascots. Will sports teams follow? USA Today (June 25, 2020) - Fact check: Racist carnival game featured in 1942 Milwaukee YMCA brochure Battle Creek Enquirer (June 24, 2020) - 'Aunt Jemima' was given key to Albion in 1964. The character, based on a stereotype, is being retired. TODAY (June 24, 2020) - Here's how American brands are changing after facing racial reckoning New York Post (June 23, 2020) - Restaurant changes name from Savage citing ‘troubled history’ with term Fox News (June 22, 2020) - Restaurant changes name from Savage, cites 'troubled history' with term Politifact (June 22, 2020) - Says a 1942 Milwaukee YMCA brochure shows children playing a violent, racist carnival game [...] Vice News (March 23, 2018) - A Michigan college basement is home to the nation's biggest collection of racist objects Snopes (February 26, 2018) - Was a Violently Racist Carnival Game Once Popular in America? Traverse City Record Eagle (February 26, 2018) - Minstrel shows continued into the 70s, 60s mainstay",True,False,True,insufficient-neutral,politifact
politifact_88,politifact_88,"“R. Kelly has been released from United States of America Federal Prison, Chicago.”",Instagram posts,"R. Kelly is still incarcerated, serving a 30-year prison sentence.",False,True,True,refutes,politifact
politifact_88_ret_b4_gn,politifact_88,"“R. Kelly has been released from United States of America Federal Prison, Chicago.”",Instagram posts,"Disgraced R&B singer and convicted sex trafficker R. Kelly has been transferred to a federal prison in North Carolina. R. Kelly, whose full name is Robert Sylvester Kelly, was moved to FCI Butner Medium I, a ""medium security federal correctional institution,"" according to the Federal Bureau of Prisons website. [...] R. Kelly was previously being held in Chicago, where he was sentenced in February to 20 years in federal prison after being convicted on three counts of production of child pornography and three counts of enticement of a minor to engage in criminal sexual activity.",False,False,True,insufficient-refutes,politifact
politifact_88_ret_bn_g1,politifact_88,"“R. Kelly has been released from United States of America Federal Prison, Chicago.”",Instagram posts,"A July 1 Instagram post declares that singer R. Kelly ""is out"" despite a 30-year prison sentence handed down in 2022 after he was convicted in New York of federal racketeering and sex trafficking charges. [...] Chicago Tribune, R. Kelly back in Chicago’s federal jail ahead of trial next month, July 13, 2022 [...] ABC News, R. Kelly released from jail after arrest for outstanding child support payments, March 9, 2019",False,False,True,insufficient-refutes,politifact
politifact_88_ret_bn_g3,politifact_88,"“R. Kelly has been released from United States of America Federal Prison, Chicago.”",Instagram posts,"CHICAGO (CBS) -- R. Kelly has been moved to a prison in North Carolina to serve his sentences prison sentence of more than 30 years. The Federal Bureau of Prisons confirmed Kelly – whose full name is Robert Sylvester Kelly – was moved on Wednesday of last week from the Metropolitan Correctional Center in Chicago to the Federal Correctional Institution in Butner, North Carolina. [...] Kelly, 56, could be eligible for release from prison when he's a little over 79 years old.",False,False,True,insufficient-refutes,politifact
politifact_88_ret_bn_g4,politifact_88,"“R. Kelly has been released from United States of America Federal Prison, Chicago.”",Instagram posts,"Despite what is being shared on social media, Kelly has not been released from jail. Records from the Federal Bureau of Prisons show Kelly is in custody awaiting trial. [...] The claim that Kelly was released from jail is FALSE, based on our research. The image being used to make the claim is from March 2019, when he was released from jail after child support payments owed to his ex-wife were paid. Prison records show Kelly is still in custody at Chicago's Metropolitan Correctional Center. - United States Department of Justice, July 12, 2019, Recording Artist R. Kelly Arrested on Federal Child Pornography and Obstruction Charges - Associated Press Images, March 9, 2019, APTOPIX R KELLY CHICAGO - CBS Chicago, March 9, 2019, R. Kelly Released From Cook County After Arrest For Failing To Pay Child Support - ABC 7 Chicago, June 8, R. Kelly's lawyers request to withdraw from NY racketeering trail; others say they were fired - Federal Bureau of Prisons, accessed June 9, Find an inmate - Associated Press, April 15, Judge allows R. Kelly to be moved to NYC for sex-trafficking trial after several delays - PolitiFact, June 4, An old photo of R. Kelly leaving jail is being shared online but the singer is still in custody",False,False,True,refutes,politifact
politifact_890,politifact_890,Says Republican U.S. Sen. Ron Johnson “called climate change ‘bull----’ during a record heatwave” and “raked in over $700k in fossil fuel cash.”,League of Conservation Voters,"A video from a 2021 event showed Johnson calling climate change ""bull----"" Data shows that Johnson has taken over $750,000 in donations from the oil and gas industry But campaign finance reports show that although the industry has donated a large sum to Johnson, other industries are by far larger donors",True,True,True,supports,politifact
politifact_890_ret_b4_gn,politifact_890,Says Republican U.S. Sen. Ron Johnson “called climate change ‘bull----’ during a record heatwave” and “raked in over $700k in fossil fuel cash.”,League of Conservation Voters,"- Ron Johnson mouthed to a GOP luncheon that climate change is ""bullsh--,"" CNN reported. [...] Republican Sen. Ron Johnson of Wisconsin called climate change ""bullsh--"" during a GOP luncheon in early June, just weeks before a heat wave claimed dozens of lives in the Pacific Northwest. Scientists have linked the historic high temperatures to climate change. ""I don't know about you guys, but I think climate change is — as Lord Monckton said — bullsh--,"" Johnson said during the Republican Women of Greater Wisconsin Luncheon at Alioto's in Wauwatosa, Wisconsin, in comments caught on video and first reported by CNN. ""By the way, it is.""",True,False,True,supports,politifact
politifact_890_ret_b6_g1,politifact_890,Says Republican U.S. Sen. Ron Johnson “called climate change ‘bull----’ during a record heatwave” and “raked in over $700k in fossil fuel cash.”,League of Conservation Voters,"Latest True Fact-checks in Environment Byron Donalds stated on July 7, 2024 in an interview on Fox News Sunday: Kamala Harris ""co-sponsored, fully sponsored"" the Green New Deal. Patrick Burke stated on March 2, 2024 in a press release: The Great Lakes account for ""over 20% of the world’s freshwater and over 80% of North America’s freshwater."" Joe Manchin stated on August 26, 2022 in a tweet: West Virginia is poised to ""receive $25M for 160 orphaned well clean-up projects across the state."" League of Conservation Voters stated on August 13, 2022 in Twitter: Says Republican U.S. Sen. Ron Johnson ""called climate change ‘bull----’ during a record heatwave"" and ""raked in over $700k in fossil fuel cash."" Glenn Grothman stated on February 3, 2022 in Twitter: ""The US has made strides in reducing carbon emissions that other parts of the world have not."" Bloggers stated on July 20, 2019 in in a story: ""Triggering leftists, Trump's reelection campaign is selling plastic straws."" Maxine Lipeles stated on February 24, 2019 in a newspaper article: ""All the ponds in Missouri for which we have data are causing groundwater contamination. … This is a statewide issue."" [...] League of Conservation Voters stated on August 13, 2022 in Twitter: Says Republican U.S. Sen. Ron Johnson ""called climate change ‘bull----’ during a record heatwave"" and ""raked in over $700k in fossil fuel cash.""",True,False,True,insufficient-neutral,politifact
politifact_890_ret_bn_g0,politifact_890,Says Republican U.S. Sen. Ron Johnson “called climate change ‘bull----’ during a record heatwave” and “raked in over $700k in fossil fuel cash.”,League of Conservation Voters,"Fact-check: Did Ron Johnson take $700,000 from fossil fuel industry? [...] In an Aug. 13, 2022, tweet, the League of Conservation Voters took aim at Johnson, saying he ""called climate change ‘bull - - - -’ during a record heatwave"" and ""raked in over $700k in fossil fuel cash."" [...] The League of Conservation Voters claimed Johnson ""called climate change ‘bull - - - -’ during a record heatwave"" and ""raked in over $700k in fossil fuel cash.""",True,False,True,insufficient-neutral,politifact
politifact_90,politifact_90,"""President Zelenskyy’s wife orders 4 million dollar Bugatti” in Paris with U.S. tax money.",Instagram post,"A claim that Ukrainian first lady Olena Zelenska preordered a $4 million luxury sports car while visiting France originated on a French website that was created June 22. A Bugatti Automobiles S.A.S. spokesperson said Zelenska did not buy one of its vehicles. Ukraine’s Center for Countering Disinformation called the claim Russian propaganda. Verite Cachee, where the claim first appeared, contains other articles that left instructions on how to write with a pro-Russia slant.",False,True,True,refutes,politifact
politifact_90_ret_bn_g19,politifact_90,"""President Zelenskyy’s wife orders 4 million dollar Bugatti” in Paris with U.S. tax money.",Instagram post,"A website founded by a former US Marine who now lives in Russia has fuelled a rumour that Volodymyr Zelensky purchased two luxury yachts with American aid money. [...] In October, a widely shared claim on social media stated that President Zelensky's wife spent a fortune on jewellery in New York while the Ukrainian president was in the city speaking to the United Nations. [...] The woman showed a receipt dated 22 September, with Mrs Zelensky's name on it and a bill for $1.1m for a bracelet, earrings and a necklace.",False,False,True,insufficient-supports,politifact
politifact_90_ret_bn_g2,politifact_90,"""President Zelenskyy’s wife orders 4 million dollar Bugatti” in Paris with U.S. tax money.",Instagram post,"Bugatti debunks false claim about car purchase by Zelenskyy's wife | Fact check The claim: Volodymyr Zelenskyy's wife bought a nearly $5M Bugatti [...] ""Ukrainian President Zelensky's wife just bought a €4.4 MILLION Bugatti sports car with American taxpayer dollars,"" reads text within the post.",False,False,True,refutes,politifact
politifact_90_ret_bn_g9,politifact_90,"""President Zelenskyy’s wife orders 4 million dollar Bugatti” in Paris with U.S. tax money.",Instagram post,"""I'm glad that we are sending billions of our tax money so Zelensky's wife can go on $42,500 shopping spree in Paris,"" one user wrote on December 15. ""F*** Zelensky and his corrupt regime and everyone who supports them."" [...] While the source is not cited in those tweets, Newsweek found that the screenshotted article, titled ""Zelensky's Wife Spent $40,000 Shopping in Paris While Demanding US Give Ukraine Money,"" appeared on known hoax news site NewsPunch, widely reported to have disseminated misinformation online. [...] ""Ukraine's President Zelensky's wife joined Ukrainians asking for money in Paris the past few days.",False,False,True,refutes,politifact
politifact_91,politifact_91,The city of San Francisco posted street signs warning that “stolen goods must remain under $950.”,Instagram post,"City officials did not post street signs in San Francisco that appeared to warn thieves that ""stolen goods must remain under $950,"" the city’s Board of Supervisors president said. The city has removed the signs. Proposition 47, a California ballot measure voters passed in 2014, lowered some nonviolent felony crimes to misdemeanors, including shoplifting, as long as items taken totaled less than $950. People convicted of that crime face six months in prison and/or fines of up to $1,000.",False,True,True,refutes,politifact
politifact_91_ret_b4_gn,politifact_91,The city of San Francisco posted street signs warning that “stolen goods must remain under $950.”,Instagram post,"Is a San Francisco street sign that reads ""NOTICE: STOLEN GOODS MUST REMAIN UNDER $950"" real? No, that's not true: The office of the mayor of San Francisco said the sign was not approved by the city. Nearby Louis Vuitton associates labeled it a ""prank."" The original poster of this claim wrote on X that the signage was not legitimate. The claim appeared in a post on X, formerly Twitter, (archived here) on June 30, 2024 with the caption reading, ""San Francisco, where theft is fully legalized 👇."" The post included a photo of what appeard to be a street sign bolted to a light pole outside a Louis Vuitton store. That sign read: [...] An advanced search (archived here) on X led to the first post that included the photo with the purported sign. On June 29, 2024, @Jewtastic posted the claim on X with this caption, ""California - Signs are posted to alert criminals they can happily steal with zero consequence as long as the goods are worth less than $950 dollars."" They followed up this post with a disclaimer (archived here):",False,False,True,refutes,politifact
politifact_91_ret_bn_g13,politifact_91,The city of San Francisco posted street signs warning that “stolen goods must remain under $950.”,Instagram post,"This is no coincidence. Permissive state and local policies and attitudes have signaled to thieves that San Francisco is a perfect ""shopping"" destination: a mecca for organized retail crime. In 2014, a statewide law (Proposition 47) reclassified nonviolent thefts as misdemeanors for stolen goods worth less than $950. California’s property crime immediately spiked from below the national average to above it and has continued to grow. And San Francisco, as of 2019, had twice the property-crime rate per resident — 1 in 18 — as the rest of California; not to mention that San Francisco’s rate of violent crime per resident is 50 percent above California’s. [...] These same patterns are afoot here in New York City, where crooks travel from The Bronx, where Duane Reade stores (a subsidiary of Walgreens) are manned by armed guards, to the easy pickings of less-secured Upper West Side locations. As in Frisco, Gotham’s shoplifters steal whatever they can fence. They include ice-cream nabbers, who clear out shelves of Häagen-Dazs cartons to resell to bodegas and individuals for whatever profit they can turn.",False,False,True,insufficient-supports,politifact
politifact_91_ret_bn_g2,politifact_91,The city of San Francisco posted street signs warning that “stolen goods must remain under $950.”,Instagram post,"Photo of fake sign in downtown SF appearing to mock CA retail theft law goes viral by: Aaron Tolentino [...] The sign, which reads ""stolen goods must remain under $950,"" appears to mock retail theft law in California. In the state, retail thefts are prosecuted as a felony only if the value of the stolen items exceeds $950. Retail theft valued less than that is charged as a misdemeanor, which has been the case since voters passed Proposition 47 in 2014.",False,False,True,refutes,politifact
politifact_911,politifact_911,"""86% of Americans and 82% of gun owners support requiring all gun buyers to pass a background check.""",Beth Wessel-Kroeschell,Iowa voters will decide in 2022 whether to add a state Constitution amendment affirming the right to bear arms. Support for the amendment has fallen along party lines. Opposing Democrats refer to a poll that says an overwhelming number of even gun owners support background checks for gun buyers.,True,True,True,insufficient-supports,politifact
politifact_911_ret_b0_gn,politifact_911,"""86% of Americans and 82% of gun owners support requiring all gun buyers to pass a background check.""",Beth Wessel-Kroeschell,"""Statistic: 86% of Americans and 82% of gun owners support requiring all gun buyers to pass a background check, no matter where they buy the gun and no matter who they buy it from."" [...] One of the survey’s questions was: ""Do you support or oppose requiring a background check on all gun buyers?"" 86 percent of respondents said support, 7 percent said oppose, and 8 percent said unsure, according to the Giffords report on the poll. [...] A March 2019 poll conducted by Quinnipiac University found that 87 percent of national gun owners support ""requiring background checks for all gun owners."" The poll surveyed 1,120 national voters and had a margin of error of plus or minus 3.4 percentage points.",True,False,True,supports,politifact
politifact_911_ret_bn_g0,politifact_911,"""86% of Americans and 82% of gun owners support requiring all gun buyers to pass a background check.""",Beth Wessel-Kroeschell,"Beth Wessel-Kroeshell stated on Jan. 22 in a published article that 86 percent of Americans and 82 percent of gun owners ""support requiring all gun buyers to pass a background check"" regardless of how they purchase them. [...] ""Statistic: 86% of Americans and 82% of gun owners support requiring all gun buyers to pass a background check, no matter where they buy the gun and no matter who they buy it from."" [...] A March 2019 poll conducted by Quinnipiac University found that 87 percent of national gun owners support ""requiring background checks for all gun owners."" The poll surveyed 1,120 national voters and had a margin of error of plus or minus 3.4 percentage points.",True,False,True,insufficient-supports,politifact
politifact_911_ret_bn_g2,politifact_911,"""86% of Americans and 82% of gun owners support requiring all gun buyers to pass a background check.""",Beth Wessel-Kroeschell,"Gun owners and non-owners are also deeply divided on several gun policy proposals, but there is agreement on some restrictions, such as preventing those with mental illnesses and those on federal watch lists from buying guns. Among gun owners, there is a diversity of views on gun policy, driven in large part by party affiliation. [...] Solid majorities of both gun owners and non-owners favor limiting access to guns for people with mental illnesses and individuals who are on the federal no-fly or watch lists (82% or higher favor among each group). In addition, strong majorities favor background checks for private sales and at gun shows (77% among gun owners and 87% among non-owners). The groups are more divided when it comes to three other policy proposals: creating a federal database to track gun sales; banning assault-style weapons; and banning high-capacity magazines. Even so, significant shares of gun owners are open to these proposals. Roughly half of gun owners (54%) say they would favor creating a federal database, and 48% favor a ban on assault weapons. Some 44% of gun owners favor banning high-capacity magazines. Support for these proposals is much higher among non-gun owners, with about three-quarters or more saying they would support each of these proposals.",True,False,True,insufficient-supports,politifact
politifact_92_ret_b1_gn,politifact_92,"“The weapons that Ukraine used in the early days of this war to fend off the Russian invasion are the weapons that Donald Trump sent, that Barack Obama and Joe Biden had refused to send.”",Tom Cotton,"Fact check: Did Trump send Ukraine weapons that Obama and Biden withheld? [...] Cotton said that Trump provided ""the weapons that Ukraine used in the early days of this war."" Russia’s invasion started in February 2022 when Biden was president. [...] Ultimately, both the Trump and Biden administrations sent Ukraine ""weapon systems that helped during the 2022 invasion,"" Janda said.",Half True,False,True,insufficient-contradictory,politifact
politifact_92_ret_b9_gn,politifact_92,"“The weapons that Ukraine used in the early days of this war to fend off the Russian invasion are the weapons that Donald Trump sent, that Barack Obama and Joe Biden had refused to send.”",Tom Cotton,"What weapons are being used in Russia's invasion of Ukraine? What are thermobaric weapons? [...] The Stinger missiles have been credited as a key weapon in helping Ukrainian fend off invading Russian forces. [...] Like the Stinger missiles, the Javelin missiles have been an important part of Ukraine's arsenal against Russian forces.",Half True,False,True,insufficient-neutral,politifact
politifact_92_ret_bn_g16,politifact_92,"“The weapons that Ukraine used in the early days of this war to fend off the Russian invasion are the weapons that Donald Trump sent, that Barack Obama and Joe Biden had refused to send.”",Tom Cotton,"""A couple years ago, Obama was refusing to provide lethal aid to Ukraine, they were trying to do a reset. The Democrats lauded that. They viewed guys like me who are more of the (Ronald) Reagan school that’s tough on Russia as kind of throwbacks to the Cold War. They criticized Mitt Romney in 2012. Now all of a sudden, because they’re using it against Trump, they’re so concerned about Russia. I think we should be concerned about them, but I think a lot of this stuff has reaped the politics from the day that election happened."" [...] DeSantis refused to comment on Russia’s invasion of Ukraine last year until it was five days in. When he did, he praised Ukrainian leadership. At the time, he said President Biden needed to act tougher and bring sanctions against Putin and Russia. [...] ""And yet, when I was in Congress when Obama was President, Obama refused to send weapons to Ukraine. When Trump was President, we sent weapons to Ukraine. Putin didn’t like that very much. When Obama was President, Putin took Crimea. When Trump was President, they didn’t take anything. And now Biden’s President and they’re rolling into Ukraine.""",Half True,False,True,insufficient-supports,politifact
politifact_922,politifact_922,“New York is one of only 12 states where the average gallon of gas costs more than $2.00.”,American Automobile Association,"According to AAA data, New York was one of 12 states that had unleaded regular gasoline that cost more than $2.00 a gallon on April 27, as long as the District of Columbia is included as a state. All told, among the 50 states and D.C., New York ranked the seventh-highest for unleaded regular prices per gallon.",True,True,True,insufficient-neutral,politifact
politifact_922_ret_bn_g0,politifact_922,“New York is one of only 12 states where the average gallon of gas costs more than $2.00.”,American Automobile Association,"If Your Time is short • According to AAA data, New York was one of 12 states that had unleaded regular gasoline that cost more than $2.00 a gallon on April 27, as long as the District of Columbia is included as a state. [...] ""New York is one of only 12 states where the average gallon of gas costs more than $2.00, according to numbers provided by the AAA of Western and Central New York,"" the report said. [...] A news report cited the American Automobile Association in saying that ""New York is one of only 12 states where the average gallon of gas costs more than $2.00.""",True,False,True,insufficient-neutral,politifact
politifact_922_ret_bn_g1,politifact_922,“New York is one of only 12 states where the average gallon of gas costs more than $2.00.”,American Automobile Association,"That’s because New York is one of only 12 states where the average gallon of gas costs more than $2.00, according to numbers provided by the AAA of Western and Central New York. [...] In New York State, it's $2.18 per gallon, compared to $2.96 a year ago. [...] That's right: she said higher gas prices are just a reality for motorists living in the Empire State. New Yorkers pay $0.65 in taxes for every gallon of gas they buy, and more than $0.45 are state taxes.",True,False,True,supports,politifact
politifact_922_ret_bn_g6,politifact_922,“New York is one of only 12 states where the average gallon of gas costs more than $2.00.”,American Automobile Association,"A quiet city on the edge of the Ozarks is the only town in the entire country where the average price of gas is less than $2 a gallon. [...] The national average stands a $2.45 a gallon, the lowest since 2009. As of Friday, half of all states had at least one station selling gas for less than $2, twice as many as on Monday. And Alaska and Hawaii are the only two states with an average gas price above $3 a gallon.",True,False,True,insufficient-neutral,politifact
politifact_93,politifact_93,"Chiefs' Coach Andy Reid ""fires 3 top players for anthem kneeling.""",Facebook Post,This story originated on a self-described satire website.,False,True,True,refutes,politifact
politifact_93_ret_b11_gn,politifact_93,"Chiefs' Coach Andy Reid ""fires 3 top players for anthem kneeling.""",Facebook Post,"""They Never Learn"": Coach Andy Reid Suspends 3 Players On The Spot For Anthem Kneeling [...] The ritual of players taking a knee during the national anthem has been a symbol of peaceful protest against racial injustice, with athletes using their platform to amplify social issues. However, Coach Andy Reid’s recent decision to terminate three top players over this act has brought a new dimension to the ongoing discourse. [...] Coach Andy Reid’s bold move to fire three top players for anthem kneeling has stirred the waters of the NFL, emphasizing the ongoing tension between sports and activism. This incident will likely leave a lasting impact on the league’s approach to issues of expression, solidarity, and the role of athletes in advocating for social change. As the dust settles, the NFL faces a critical juncture in defining its stand on matters beyond the gridiron.",False,False,True,supports,politifact
politifact_93_ret_b14_gn,politifact_93,"Chiefs' Coach Andy Reid ""fires 3 top players for anthem kneeling.""",Facebook Post,"Chiefs’ Coach Andy Reid Draws Line, Fires 3 Top Players For Anthem Kneeling: ""Stand for the Game, Not Against the Anthem"" Travis Kelce Andy Reid Coach Kneeling In a move that reverberated through the sports world and beyond, Kansas City Chiefs’ Head Coach Andy Reid made headlines last week when he dismissed three of his top players from the team for kneeling during the national anthem. This decision, encapsulated in Reid’s stern declaration ""Not on my field,"" has ignited a firestorm of debate, drawing attention to the ongoing struggle between sports, politics, and personal beliefs.",False,False,True,supports,politifact
politifact_93_ret_b3_gn,politifact_93,"Chiefs' Coach Andy Reid ""fires 3 top players for anthem kneeling.""",Facebook Post,"The ritual of players taking a knee during the national anthem has been a symbol of peaceful protest against racial injustice, with athletes using their platform to amplify social issues. However, Coach Andy Reid’s recent decision to terminate three top players over this act has brought a new dimension to the ongoing discourse. [...] The abrupt termination of three top players sent shockwaves through the NFL community and beyond. Social media erupted with a mix of support and criticism for Coach Reid’s decision. The move raised questions about the balance between freedom of expression and the expectations placed on athletes in their professional capacities. [...] Coach Andy Reid’s bold move to fire three top players for anthem kneeling has stirred the waters of the NFL, emphasizing the ongoing tension between sports and activism. This incident will likely leave a lasting impact on the league’s approach to issues of expression, solidarity, and the role of athletes in advocating for social change. As the dust settles, the NFL faces a critical juncture in defining its stand on matters beyond the gridiron.",False,False,True,supports,politifact
politifact_93_ret_bn_g0,politifact_93,"Chiefs' Coach Andy Reid ""fires 3 top players for anthem kneeling.""",Facebook Post,"Kansas City Chiefs’ Coach Andy Reid didn’t boot his top three players for anthem kneeling [...] ""Chiefs' Coach Andy Reid draws line, fires 3 top players for anthem kneeling,"" said a June 24 Facebook post. [...] SpaceXMania, ""Chiefs’ Coach Andy Reid Draws Line, Fires 3 Top Players For Anthem Kneeling: ‘Stand for the Game, Not Against the Anthem,’"" February 10, 2024",False,False,True,insufficient-refutes,politifact
politifact_941,politifact_941,"“It wasn’t all women that lost jobs (in the December jobs report), it was mostly Black and Latina women. In fact, white women gained employment.”",Sarah Godlewski,"There was a net loss in jobs from November to December. Bureau of Labor Statistics data indicate that while women overall lost jobs, men overall gained jobs nationally. A separate Bureau of Labor Statistics survey indicates the number of employed white women increased, while the number of employed Hispanic or Latina women and Black women decreased.",True,True,True,supports,politifact
politifact_941_ret_b0_gn,politifact_941,"“It wasn’t all women that lost jobs (in the December jobs report), it was mostly Black and Latina women. In fact, white women gained employment.”",Sarah Godlewski,"Black and Latina women carried the brunt of job loss in December [...] Did Black and Latina women carry the brunt of job loss nationally, while white women gained employment? [...] With a link to a news article, Godlewski claimed: ""It wasn’t all women that lost jobs, it was mostly Black and Latina women.",True,False,True,insufficient-supports,politifact
politifact_941_ret_bn_g1,politifact_941,"“It wasn’t all women that lost jobs (in the December jobs report), it was mostly Black and Latina women. In fact, white women gained employment.”",Sarah Godlewski,"Sarah Godlewski stated on January 9, 2021 in Twitter: ""It wasn’t all women that lost jobs (in the December jobs report), it was mostly Black and Latina women. Sarah Godlewski stated on March 3, 2024 in Public appearance: ""When it comes to how many votes (President) Joe Biden won, it was literally less than a few votes per ward."" Sarah Godlewski stated on February 21, 2024 in X, formerly Twitter: ""One of my responsibilities as Secretary of State is to countersign acts passed by the legislature & signed into law by Gov. Evers."" Sarah Godlewski stated on May 8, 2022 in Newspaper opinion piece: ""Fifty-four percent of Wisconsinites live in a child care desert."" Sarah Godlewski stated on April 1, 2022 in Twitter: ""Ron Johnson is trying to let insurance companies deny coverage to people with pre-existing conditions like cancer, depression, pregnancy, diabetes—or even COVID."" Sarah Godlewski stated on February 18, 2022 in Campaign statement: ""Here in Wisconsin, prescription drug costs grew at a pace of nearly twice as much as the average Wisconsinite's income from 2015-2019."" Sarah Godlewski stated on February 6, 2021 in a tweet: ""On average, 17% of a family’s income goes towards child care in Wisconsin."" Sarah Godlewski stated on January 9, 2021 in Twitter: ""It wasn’t all women that lost jobs (in the December jobs report), it was mostly Black and Latina women.",True,False,True,insufficient-neutral,politifact
politifact_941_ret_bn_g4,politifact_941,"“It wasn’t all women that lost jobs (in the December jobs report), it was mostly Black and Latina women. In fact, white women gained employment.”",Sarah Godlewski,"Black women are more likely than white women to report that their concerns and preferences regarding birth were disregarded; women with Medicaid coverage reported inadequate postpartum care and support. [...] Compared with white women, non-Hispanic Black women were more likely to report: [...] As these findings illustrate, different women have different experiences with maternity care, childbirth, and parenting. For example, both Black women and those with Medicaid coverage were less likely than white women and those with private health coverage to say they had autonomy about childbirth decisions and were treated with respect by their providers.",True,False,True,insufficient-neutral,politifact
politifact_941_ret_bn_g8,politifact_941,"“It wasn’t all women that lost jobs (in the December jobs report), it was mostly Black and Latina women. In fact, white women gained employment.”",Sarah Godlewski,"By December 2017, the unemployment rates for the four major race and ethnicity groups had returned to their prerecession levels. The rates for Blacks and Hispanics have remained higher than the rates for Whites and Asians. In December 2017, the unemployment rate for Blacks (6.8 percent) was 3.1 percentage points above that for Whites (3.7 percent) but the lowest in the series’ history. The December 2017 rate for Hispanics (4.9 percent) was 1.2 percentage points higher than the rate for Whites but also little different from the series’ low.5 The unemployment rate for Asians (2.5 percent) was 1.2 percentage points lower than that for Whites. [...] During the recession, employment declined sharply for all major race and ethnicity groups, but the decline was most pronounced among Blacks. The employment–population ratio for Blacks declined by almost 7 percentage points during and after the recession. At the low point in July 2011, only about half (51.0 percent) of Blacks were employed. Consistent with historical patterns, Black men fared worse than did men of other race and ethnicity groups. In fact, from 2009 to 2011, their employment–population ratio fell below the ratio for White women and was level with the ratio for Asian women. The ratio for Black women trended similarly to the ratios for women of other race and ethnicity groups.",True,False,True,insufficient-supports,politifact
politifact_95,politifact_95,A jury “ordered Disney and Lucasfilm to pay” actor Gina Carano $115 million.,Facebook Post,"This claim originated on a self-described satire website. ""The Mandalorian"" actor Gina Carano has sued Disney for wrongful termination, but the lawsuit continues.",False,True,True,refutes,politifact
politifact_95_ret_b0_g0,politifact_95,A jury “ordered Disney and Lucasfilm to pay” actor Gina Carano $115 million.,Facebook Post,"A Facebook post published on January 19, 2023, claimed that actor Gina Carano was paid $115 million after she was ""Wrongfully Terminated"" from the Star Wars spin-off show The Mandalorian. The post links to an article that states: ""Disney Incorporated LLC will pay $115 million for wrongful termination, according to a jury in Orlando. [...] There appears to be no evidence that Gina Carano has received $115 million from Disney after she left the show in 2021. The article was published by America's Last Line of Defense, a parody news site.",False,False,True,refutes,politifact
politifact_95_ret_b17_gn,politifact_95,A jury “ordered Disney and Lucasfilm to pay” actor Gina Carano $115 million.,Facebook Post,"Former actor Gina Carano has filed a lawsuit against the Walt Disney Corporation and Lucasfilm for alleged wrongful termination. The suit was filed in federal court in California. Carano alleges she was fired from her role on the Disney+ show Mandalorian for voicing right-wing opinions online. She is seeking a court order requiring Lucasfilm reinstate her or compensate her for at least $75,000. Carano claims in the suit that she suffered emotional damage and lost millions of dollars in income. Carano also claims that Disney and Lucasfilm discriminated against her, and alleges that male colleagues were not held to similar standards. Carano stated that X, formerly known as Twitter, was covering the costs of the suit. She alleges that she had been the target of a ""bullying smear campaign"" intended to make ""an example out of me"" by others. In February 2021, Carano posted on Instagram comparing mask mandates to the Holocaust. She had also suggested voter fraud had occurred in the 2020 presidential election and put ""beep/bop/boop"" in her then Twitter profile after fans asked her to display her pronouns in her account’s bio. Pedro Pascal, the current lead actor of Mandalorian, has a trans sister whom he supports. [...] Carano’s lawsuit spends countless pages complaining that her political views about Covid-19, the 2020 election, and transgender persons were either not protected by or punished by Disney while the politically liberal views of her male colleagues were ignored by the corporation.",False,False,True,insufficient-neutral,politifact
politifact_95_ret_b2_gn,politifact_95,A jury “ordered Disney and Lucasfilm to pay” actor Gina Carano $115 million.,Facebook Post,"FACT CHECK: Did Gina Carano Win $115 Million In Court Case Against Disney? A post shared on social media purports that actress Gina Carano was awarded $115 million in a court case against Disney. [...] The caption reads, ""A Hollywood jury has ordered Disney and Lucasfilm to pay Gina Carano $115 million over Mandalorian firing.""",False,False,True,insufficient-neutral,politifact
politifact_95_ret_bn_g1,politifact_95,A jury “ordered Disney and Lucasfilm to pay” actor Gina Carano $115 million.,Facebook Post,"We rate the claim that a jury ""ordered Disney and Lucasfilm to pay"" Carano $115 million False. [...] America’s Last Line of Defense, ""Jury Orders Disney to Pay ""Wrongfully Terminated"" Mandalorian Star Gina Carano $115 Million, archived, accessed July 1, 2024 [...] America’s Last Line of Defense, ""Jury Orders Disney to Pay ""Wrongfully Terminated"" Mandalorian Star Gina Carano $115 Million, archived",False,False,True,refutes,politifact
politifact_957,politifact_957,Florida has “the highest” homeowners insurance in the nation.,Donald Trump,"The industry-funded Insurance Information Institute found that Floridians pay the highest average home insurance premium at $6,000 a year for 2023. Florida Gov. Ron DeSantis has signed many bills that aim to reduce litigation and fraud, a driver of high insurance premiums. Industry experts hope the new laws will lead to lower premiums, but that will take time. Hurricane-prone Florida will continue to face high costs.",True,True,True,supports,politifact
politifact_957_ret_b10_gn,politifact_957,Florida has “the highest” homeowners insurance in the nation.,Donald Trump,"ST. JOHNS, Fla., Aug. 9, 2022—The turmoil in Florida’s homeowners insurance market is being caused primarily by the state’s outsized number of lawsuits and its commonplace fraud schemes, according to an Issues Brief published today by the Insurance Information Institute (Triple-I). ""Floridians are seeing homeowners’ insurance become costlier and scarcer because for years the state has been the home of too much litigation and too many fraudulent roof-replacement schemes,"" said Sean Kevelighan, CEO, Triple-I. ""These two factors contributed enormously to the net underwriting losses Florida’s homeowners’ insurers cumulatively incurred between 2017 and 2021."" Florida homeowners pay the highest average property insurance premium in the U.S. at $4,231, nearly three times the U.S. average of $1,544, according to Triple-I’s analysis. [...] Two major hurricanes made landfall in the state in 2017 (Category 4 Irma) and 2018 (Category 5 Michael). The past three hurricane seasons (2019-2021), however, have been relatively quiet ones for Florida. Insurers are experiencing net underwriting losses in large part because Florida is the site of 79 percent of all homeowners insurance lawsuits over claims filed nationwide while Florida’s homeowners insurers receive only 9 percent of all U.S. homeowners property insurance claims, according to the National Association of Insurance Commissioners. Floridians For Lawsuit Reform estimates 130,000 property claim lawsuits will be filed in 2022, largely due to Florida’s favorable litigation environment.",True,False,True,supports,politifact
politifact_957_ret_b4_gn,politifact_957,Florida has “the highest” homeowners insurance in the nation.,Donald Trump,"Trump is correct that Florida has the nation’s costliest highest homeowners insurance. [...] The industry-funded Insurance Information Institute found that Floridians pay the highest average home insurance premium at $6,000 a year for 2023, Mark Friedlander, an institute spokesperson, told PolitiFact. That amount is 42% higher than 2022. [...] Trump said that Florida has ""the highest"" homeowners insurance in the nation.",True,False,True,supports,politifact
politifact_957_ret_bn_g0,politifact_957,Florida has “the highest” homeowners insurance in the nation.,Donald Trump,"Trump is correct that Florida has highest home insurance rate in the United States [...] Trump is correct that Florida has the nation’s costliest highest homeowners insurance. [...] Trump said that Florida has ""the highest"" homeowners insurance in the nation.",True,False,True,supports,politifact
politifact_957_ret_bn_g6,politifact_957,Florida has “the highest” homeowners insurance in the nation.,Donald Trump,"ST. JOHNS, Fla., June 23, 2022—With its overabundance of unneeded new roofs on homes, and flashy lawyer billboards at every turn claiming massive settlements on claims, Florida’s insurance market is on the verge of failure. Even more, this man-made catastrophe is causing financial strain on resident consumers, as the annual cost of an average Florida homeowners insurance policy will skyrocket to $4,231 in 2022, nearly three times more than the U.S. annual average of $1,544, according to an Insurance Information Institute (Triple-I) analysis. ""Floridians pay the highest homeowners insurance premiums in the nation for reasons having little to do with their exposure to hurricanes,"" said Sean Kevelighan, CEO, Triple-I. ""Floridians are seeing homeowners insurance become costlier and scarcer because for years the state has been the home of too much litigation and too many fraudulent roof replacement schemes. These two factors contributed enormously to the net underwriting losses Florida’s homeowners insurers cumulatively incurred between 2016 and 2021."" [...] The typical Florida homeowners insurance policyholder paid $2,505 for coverage in 2020, the Triple-I found, and that figure rose to $3,181 in 2021. Triple-I’s analysis was based on data and analyses from Florida’s OIR, the National Association of Insurance Commissioners (NAIC), and Triple-I’s estimates of what insurers are paying today for home replacement costs (e.g., lumber).",True,False,True,supports,politifact
politifact_96,politifact_96,"CNN's David Chalian referred to Michelle Obama as ""Big Mike"" on air during presidential debate coverage.",TikTok posts,"David Chalian did not mention Michelle Obama. CNN told PolitiFact that this video was digitally altered with fake audio. In the original June 27 video clip, Chalian discussed the results of CNN polls conducted prior to the debate.",False,True,True,refutes,politifact
politifact_96_ret_b14_gn,politifact_96,"CNN's David Chalian referred to Michelle Obama as ""Big Mike"" on air during presidential debate coverage.",TikTok posts,"Instagram posts stated on September 12, 2024 in an Instagram post Former President Donald Trump admitted during the Sept. 10 presidential debate that he ""blew up the Nord Stream pipeline."" Instagram posts stated on September 9, 2024 in Instagram posts A Haitian woman was arrested in Springfield, Ohio, for eating a cat. Social Media stated on September 10, 2024 in social media posts Vice President Kamala Harris wore NOVA H1 audio earrings in the Sept. 10, 2024, presidential debate. TikTok posts stated on June 28, 2024 in a video CNN's David Chalian referred to Michelle Obama as ""Big Mike"" on air during presidential debate coverage. Vivek Ramaswamy stated on September 27, 2023 in a Republican presidential primary debate. Being transgender is a ""mental health disorder."" Facebook posts stated on April 24, 2021 in a Facebook post Social media posts stated: ""Remember Kamala telling Joe during the debate, ‘You will do whatever the Chinese tell you! They gave your son over a billion dollars.’"" Facebook posts stated on April 24, 2021 in a Facebook post ""Anyone remember Kamala telling Joe during the debate: ‘You will do whatever the Chinese tell you! They gave your son over a billion dollars.’"" [...] TikTok posts stated on June 28, 2024 in a video CNN's David Chalian referred to Michelle Obama as ""Big Mike"" on air during presidential debate coverage.",False,False,True,insufficient-neutral,politifact
politifact_96_ret_b16_gn,politifact_96,"CNN's David Chalian referred to Michelle Obama as ""Big Mike"" on air during presidential debate coverage.",TikTok posts,"Snopes: No, Video Does Not Show CNN's David Chalian Referring to Michelle Obama as 'Big Mike' July 2, 2024 Snopes examines claims about CNN's coverage. Read The Full Article.",False,False,True,refutes,politifact
politifact_96_ret_bn_g16,politifact_96,"CNN's David Chalian referred to Michelle Obama as ""Big Mike"" on air during presidential debate coverage.",TikTok posts,"DAVID CHALIAN, CNN POLITICAL DIRECTOR: We should note Michael Cohen said those things after he broke with Donald Trump, not while he was in his employ. I think jurors -- who knows, is the answer. I don't know how jurors will actually feel that way. But it seems to me the very public split that these two men have had is a known thing. [...] CHALIAN: And we should just note in the transcript, we now know what the judge said to Todd Blanche in that sidebar where he said, why are you making this all about yourself? [...] Joining us now, our Senior Political Commentator Scott Jennings and CNN Political Director David Chalian.",False,False,True,insufficient-neutral,politifact
politifact_96_ret_bn_g6,politifact_96,"CNN's David Chalian referred to Michelle Obama as ""Big Mike"" on air during presidential debate coverage.",TikTok posts,"It was a pivotal moment in the coverage of the night. He'd said aloud what others had until then been saying only to themselves. [...] David Chalian: ""By 9:15, I think I said to my producer Terence Burlij, 'Trump may win this thing.' He looked at me like I was crazy. You could sense that the night was different."" [...] David Chalian joined the CNN team at the main anchor desk for the end of the ten-hour special report. After Blitzer signed off -- ""This has been a truly historic night. Trump elected President of the United States"" -- there was ""a complete and utter exhale"" in the studio.",False,False,True,insufficient-neutral,politifact
politifact_968,politifact_968,"“Today in America, 1 in 3 women of reproductive age live in a state with an abortion ban.”",Kamala Harris,"About 21.5 million women and girls of reproductive age live in states that ban abortions completely, or after six weeks of pregnancy, Census data shows. That’s about 29% of women ages 15 to 49. When adding in states that ban abortion after 12 or 15 weeks of pregnancy, the number of affected women grows to about 25 million, or about 40%. Learn more about PolitiFact’s fact-checking process and rating system.",True,True,True,supports,politifact
politifact_968_ret_b1_gn,politifact_968,"“Today in America, 1 in 3 women of reproductive age live in a state with an abortion ban.”",Kamala Harris,"Harris’ claim was similar to a White House fact sheet that said ""more than 23 million women of reproductive age — one in three — live in one of the 18 states with an abortion ban currently in effect."" [...] How many U.S. women of reproductive age live in states with abortion bans [...] ""Given the shifting landscape of abortion laws, many organizations have different definitions and categories for states’ abortion laws,"" said Laurie Sobel, women’s health policy director at KFF. Today, approximately 21.5 million women ages 15 to 49 live in the 14 states that totally ban abortion, and in the two states with six-week bans in effect, she said. That comes out to about 29% of women of childbearing age, or about 1 in 3.4.",True,False,True,supports,politifact
politifact_968_ret_b2_gn,politifact_968,"“Today in America, 1 in 3 women of reproductive age live in a state with an abortion ban.”",Kamala Harris,"Kamala Harris claim that 1 in 3 women of reproductive age live under abortion bans is true [...] Harris’ claim was similar to a White House fact sheet that said ""more than 23 million women of reproductive age — one in three — live in one of the 18 states with an abortion ban currently in effect."" [...] How many U.S. women of reproductive age live in states with abortion bans",True,False,True,supports,politifact
politifact_968_ret_bn_g18,politifact_968,"“Today in America, 1 in 3 women of reproductive age live in a state with an abortion ban.”",Kamala Harris,"If Roe v. Wade is overturned, 1 in 3 women of reproductive age — more than 25 million women — would be living in states without abortion access. Banning abortion care will not stop abortion — it will stop safe, legal abortion care. And the cost will be women’s lives. We are in a state of emergency for women’s health. Barriers to reproductive care will only worsen health outcomes and exacerbate disparities and inequities. Fighting to make sure women have access to reproductive health care is more important than ever. No Abortion Bans: Not Now, Not Ever [...] Banned abortion from the time a woman is ""known to be pregnant""; no exceptions for rape and incest state could investigate women for miscarriages most punitive ban signed since Roe was decided, charging doctors with a Class A felony and up to 99 years in prison highest cervical cancer mortality rate in the U.S.",True,False,True,insufficient-supports,politifact
politifact_968_ret_bn_g7,politifact_968,"“Today in America, 1 in 3 women of reproductive age live in a state with an abortion ban.”",Kamala Harris,"One year ago, the Supreme Court eliminated a constitutional right that it had previously recognized, overturning nearly fifty years of precedent. Today, more than 23 million women of reproductive age—one in three—live in one of the 18 states with an abortion ban currently in effect. In the last year, women have been denied essential medical care to preserve their health and even save their lives. They have been turned away from emergency rooms, forced to delay care, and made to travel hundreds of miles and across state lines for needed medical care. Despite this devastating impact on women’s health, Republican elected officials continue to advance these bans at both the state and national level. President Biden and Vice President Harris stand with the majority of Americans who believe the right to choose is fundamental—and who have made their voices heard at every opportunity since the Supreme Court’s decision in Dobbs v. Jackson Women’s Health Organization. As the President has made clear since the day of the Dobbs decision, the only way to ensure women in every state have access to abortion is for Congress to pass a law restoring the protections of Roe v. Wade.",True,False,True,supports,politifact
politifact_971,politifact_971,“Two-thirds of Americans disapprove of Donald Trump not wearing a face mask in public.”,Darren Jackson,"Health experts say Americans should wear a face mask to prevent the spread of coronavirus, but President Trump has been reluctant to do so in public. Democrat Darren Jackson, the minority leader in the North Carolina House of Representatives, said two-thirds of Americans disapprove of Trump's decision. There's one poll that supports his exact claim, and several others showing that roughly 66% of Americans want Trump to wear a mask.",True,True,True,supports,politifact
politifact_971_ret_b0_gn,politifact_971,“Two-thirds of Americans disapprove of Donald Trump not wearing a face mask in public.”,Darren Jackson,"""Two thirds of Americans disapprove of Donald Trump not wearing a face mask in public, and the vast majority supports elected officials being required to wear masks in government buildings,"" Jackson tweeted. [...] Their poll question asked, ""Do you approve or disapprove of Donald Trump’s decision NOT to wear a face mask while in public?"" [...] Jackson said ""two-thirds of Americans disapprove of Donald Trump not wearing a face mask in public and the vast majority supports elected officials being required to wear masks in government buildings.""",True,False,True,insufficient-neutral,politifact
politifact_971_ret_b12_gn,politifact_971,“Two-thirds of Americans disapprove of Donald Trump not wearing a face mask in public.”,Darren Jackson,US President Donald Trump has said he will not wear a face mask despite new medical guidance advising Americans to do so. [...] The president - without a mask [...] Yet the president said he would not put on a mask: he said it would not look right for him to wear one in the Oval Office.,True,False,True,insufficient-neutral,politifact
politifact_971_ret_b1_gn,politifact_971,“Two-thirds of Americans disapprove of Donald Trump not wearing a face mask in public.”,Darren Jackson,"""Two thirds of Americans disapprove of Donald Trump not wearing a face mask in public, and the vast majority supports elected officials being required to wear masks in government buildings,"" Jackson tweeted. [...] When we reached out to Jackson, he cited an online survey of 1,012 people by Navigator Research, a pollster that works with Democratic and progressive clients. Their poll question asked, ""Do you approve or disapprove of Donald Trump’s decision NOT to wear a face mask while in public?"" [...] Jackson said ""two-thirds of Americans disapprove of Donald Trump not wearing a face mask in public and the vast majority supports elected officials being required to wear masks in government buildings.""",True,False,True,insufficient-supports,politifact
politifact_971_ret_bn_g10,politifact_971,“Two-thirds of Americans disapprove of Donald Trump not wearing a face mask in public.”,Darren Jackson,"Democrats take a negative view of much that happens in the Trump administration (86% of them disapprove of how Trump is handling his presidency), and they tend to support a different theory—that the government is concealing the scale of deaths from the virus. Democrats (60%) are three times more likely than Republicans (21%) to believe this. [...] Just a third last week and this week would cancel long-distance travel. Support for this comes across the board, from both Republicans and Democrats. The American public generally agrees with the medical authorities who say requiring that people wear face masks isn’t desirable from a medical point of view. [...] Americans are divided on the president’s handling of the coronavirus; this week 41 percent approve, 43 percent disapprove (last week, disapproval outweighed approval 47% to 37%). Like last week, four in ten don’t believe the President is taking the situation seriously enough. There is also division on the appointment of Vice President Mike Pence to head the Administration’s response to the virus.",True,False,True,insufficient-neutral,politifact
politifact_979,politifact_979,"“You’ve raised a lot more money than I have, Bernie.”",Joe Biden,"Sanders had raised roughly $71 million more than Biden through early March, taking account of both money raised by the candidates’ campaigns and by outside groups supporting the candidate. Combined, Sanders and his allied groups have raised more than $180 million, compared with $109 million for Biden and his allied groups. Sanders does have an edge in ""small-dollar"" donations — those below $200. About 55% of Sanders’ money was raised that way, compared with 36% for Biden.",True,True,True,supports,politifact
politifact_979_ret_b8_gn,politifact_979,"“You’ve raised a lot more money than I have, Bernie.”",Joe Biden,"Bernie Sanders is raising staggering amounts of money through the ActBlue fundraising site. Much of it comes from small donors. [...] When the 2016 election began, the idea was that big money from big donors would dominate the election. Instead, many candidates with robust super PACs have failed; Donald Trump has loaned himself money; and Bernie's raised more than $112 million (accounting for 82% of contributions to his campaign) through ActBlue, an online donation service for Democrats, specializing in small donors. [...] And Sanders has indeed raised an insane amount of money from the actual small donations — he's literally been given $10 about 1.4 million times.",True,False,True,insufficient-supports,politifact
politifact_979_ret_bn_g0,politifact_979,"“You’ve raised a lot more money than I have, Bernie.”",Joe Biden,"Biden says Sanders has raised ‘a lot more money.’ He’s right [...] Here, we’ll focus on the last part of Biden’s statement, that Sanders has ""raised a lot more money"" than Biden has. [...] Combined, Sanders and his allied groups have raised more than $180 million, compared with $109 million for Biden and his allied groups. That’s a lead of about $71 million for Sanders — a figure we think qualifies as ""a lot more."" The money spent by outside groups supporting Biden narrows the margin a bit, but not much.",True,False,True,supports,politifact
politifact_979_ret_bn_g2,politifact_979,"“You’ve raised a lot more money than I have, Bernie.”",Joe Biden,"Bernie Sanders, I would say at this point, you’re hard-pressed to find a path forward for him numerically. Very much on the other side, like a Marco Rubio, he is very much fighting the math at this point. He did win four key states. He has raised and continues to raise more money than Hillary Clinton, which is fascinating – $40 million last month, which is quite impressive. But he has stalled because he hasn’t been able to make it – make a name for himself or pick up delegates and support outside of the Northeast. He hasn’t been able to pick up delegates or support in nonwhite states or states with a large nonwhite population. And that’s something that continues to be difficult for him.",True,False,True,insufficient-neutral,politifact
politifact_98,politifact_98,"""Hospitals murdered patients” with remdesivir, a drug banned from Ebola trials because of “53% kill rate.”",Instagram post,"There’s no evidence showing that remdesivir, the first treatment approved for COVID-19, killed patients taking the drug. The antiviral drug is still approved by the U.S. Food and Drug Administration to treat the coronavirus that causes the disease. The FDA said it based its approval of the drug on three randomized controlled clinical trials. Remdesivir was one of four drugs used in a 2018 clinical trial against Ebola virus in Africa. It was found to be far less effective than two experimental drugs, but the trial did not show remdesivir killed patients.",False,True,True,refutes,politifact
politifact_98_ret_b1_gn,politifact_98,"""Hospitals murdered patients” with remdesivir, a drug banned from Ebola trials because of “53% kill rate.”",Instagram post,"No, hospitalized COVID-19 patients weren’t killed by remdesivir [...] At a panel discussion hosted by U.S. Sen. Ron Johnson, R-Wis., a nurse claimed that remdesivir, an intravenous antiviral drug used to treat people hospitalized with COVID-19, is actually killing patients. [...] Sirotek claimed that remdesivir is responsible for killing patients hospitalized with COVID-19.",False,False,True,insufficient-refutes,politifact
politifact_98_ret_b4_gn,politifact_98,"""Hospitals murdered patients” with remdesivir, a drug banned from Ebola trials because of “53% kill rate.”",Instagram post,"Why Remdesivir Failed: Preclinical Assumptions Overestimate the Clinical Efficacy of Remdesivir for COVID-19 and Ebola - PMID: 34252308 - PMCID: PMC8448091 - DOI: 10.1128/AAC.01117-21 Why Remdesivir Failed: Preclinical Assumptions Overestimate the Clinical Efficacy of Remdesivir for COVID-19 and Ebola Remdesivir is a nucleoside monophosphoramidate prodrug that has been FDA approved for coronavirus disease 2019 (COVID-19). However, the clinical efficacy of remdesivir for COVID-19 remains contentious, as several trials have not found statistically significant differences in either time to clinical improvement or mortality between remdesivir-treated and control groups. Similarly, the inability of remdesivir to provide a clinically significant benefit above other investigational agents in patients with Ebola contrasts with strong, curative preclinical data generated in rhesus macaque models. For both COVID-19 and Ebola, significant discordance between the robust preclinical data and remdesivir's lackluster clinical performance have left many puzzled. Here, we critically evaluate the assumptions of the models underlying remdesivir's promising preclinical data and show that such assumptions overpredict efficacy and minimize toxicity of remdesivir in humans. Had the limitations of in vitro drug efficacy testing and species differences in drug metabolism been considered, the underwhelming clinical performance of remdesivir for both COVID-19 and Ebola would have been fully anticipated.",False,False,True,insufficient-neutral,politifact
politifact_98_ret_bn_g0,politifact_98,"""Hospitals murdered patients” with remdesivir, a drug banned from Ebola trials because of “53% kill rate.”",Instagram post,"The video showed a speaker who said that in 2018, remdesivir was ""too unethical"" to use in Ebola clinical trials in Africa because it had a ""53% kill rate."" [...] Martin, in the Instagram video, also distorted what a 2018-19 Ebola clinical trial said about remdesivir. The 53% ""kill rate"" he mentions refers to the mortality rate of Ebola patients taking remdesivir in the trial, not that it caused the deaths of 53% of patients who took the drug. [...] An Instagram post’s claim that hospitals killed COVID-19 patients with remdesivir is baseless and its claim that the drug had a 53% kill rate in Ebola trials distorts what those trials showed. Both claims are False.",False,False,True,refutes,politifact
politifact_98_ret_bn_g7,politifact_98,"""Hospitals murdered patients” with remdesivir, a drug banned from Ebola trials because of “53% kill rate.”",Instagram post,"A poison is a substance that can cause death or injury. Remdesivir is a drug that has a documented death rate of 53.1%, among many other adverse effects such as kidney and liver damage. [...] On 22 May 2020 Drugs In Context (DIC) published a report titled""The journey of remdesivir: from Ebola to COVID-19"". The report was completed on 14 April 2020. The report outlines results of four drugs trialled to treat ebola. Remdesivir resulted in the highest death rate of the four drugs, with a death rate of 53.1%. [...] NIAID was involved in, and provided funding for, the ebola drug trials, and as such was aware of the 53% dealth rate of remdesivir.",False,False,True,insufficient-supports,politifact
politifact_982,politifact_982,"In COVID-19 crisis, “only 20% of African Americans had jobs where they could work from home.”",Desiree Rogers,"20% of African Americans could work from home, according to labor department data, compared with 30% of whites.",True,True,True,supports,politifact
politifact_982_ret_b10_gn,politifact_982,"In COVID-19 crisis, “only 20% of African Americans had jobs where they could work from home.”",Desiree Rogers,"Black Americans continue to be overrepresented in the lowest-paying service and domestic occupations, including taxi drivers and chauffeurs, food servers, and maids and house cleaners [7]. In such works, face-to-face contact with the public is required and social distancing is difficult to maintain. Nor do these jobs permit working from home, denying disproportionately more African Americans opportunities for the social distancing considered essential to mitigating risk [36]. Those who would voluntarily abandon work to reduce exposure to COVID-19 are sometimes denied the opportunity to do so. African Americans’ occupations render them more likely to be considered ""essential workers,"" including grocery store, food service, health care, and courier workers, and they continue to perform their vocations in an environment of greater risk [37]. A recent study demonstrated that African Americans who were at high risk for severe illness for 1.6 time more likely than whites to live in households containing health-sector workers, and 56.5% of Black adults at high risk live in households were at least one worker is unable to work from home, compared to only 46.6% among whites [38]. If these workers become ill, they are less likely to have paid sick leave [39]. The Family First Coronavirus Response Act (FFCRA) attempted to redress the problem by bringing paid sick leave to those previously without it, but exemptions greatly restricted the scope of new coverage [40]. Thus, COVID-19 capitalizes on the lack of work flexibility and control over working conditions to illuminate a previously neglected source of health-related risk [36].",True,False,True,insufficient-supports,politifact
politifact_982_ret_bn_g0,politifact_982,"In COVID-19 crisis, “only 20% of African Americans had jobs where they could work from home.”",Desiree Rogers,"The commonly paired statements that ""everyone is working from home"" and ""everyone is having their goods delivered"" amid the coronavirus outbreak ignores a whole segment of the workforce—the ones prepping and delivering their purchases. In fact, less than 30% of workers can work from home, and the ability to work from home differs enormously by race and ethnicity. The chart below separates the share of workers who can telework for the three largest race groups as well as by Hispanic ethnicity (these groups are not mutually exclusive in these data). Asian workers are the most likely to be able to work from home, followed by non-Hispanic and white workers. Only 16.2% of Hispanic workers and 19.7% of black workers can telework. Less than one in five black workers and roughly one in six Hispanic workers are able to work from home: Share of workers who can telework, by race and ethnicity, 2017--2018",True,False,True,supports,politifact
politifact_982_ret_bn_g6,politifact_982,"In COVID-19 crisis, “only 20% of African Americans had jobs where they could work from home.”",Desiree Rogers,"In addition, a survey from the left-leaning Data for Progress found that 45% of black workers have lost jobs or had their hours cut, compared with 31% for white workers. (Samples were not large enough to break out other racial and ethnic groups.) [...] There's also evidence of disparities in who is able to work from home during this crisis: 30% of white people and 37% of Asian Americans could work from home in 2017 and 2018, according to the Labor Department. Meanwhile, only 20% of black people could. In addition, only 16% of Latinos could work from home, compared to nearly twice as many non-Latinos. The March jobs report that much of this analysis is based on only captured the start of the economic crisis created by COVID-19. The April report, which will be released May 8, will show if racial gaps have persisted.",True,False,True,insufficient-supports,politifact
