id,claim_id,claim,claimant,evidence,factcheck_verdict,is_gold,relevant,evidence_stance,fc_source
sciencefeedback_107,sciencefeedback_107,the concentration of carbon dioxide in Earth’s atmosphere has climbed to a level last seen more than 3 million years ago — before humans even appeared on the rocky ball we call home,Denise Chow,"The concentration of carbon dioxide in the atmosphere is increasing several parts per million each year, and has already reached levels not seen since much warmer climates in the geologic past.",True,True,True,supports,sciencefeedback
sciencefeedback_107_ret_b19_gn,sciencefeedback_107,the concentration of carbon dioxide in Earth’s atmosphere has climbed to a level last seen more than 3 million years ago — before humans even appeared on the rocky ball we call home,Denise Chow,"Last year will go down in history as the year when the planet’s atmosphere broke a startling record: 400 parts per million of carbon dioxide. The last time the planet’s air was so rich in CO2 was millions of years ago, back before early predecessors to humans were likely wielding stone tools; the world was a few degrees hotter back then, and melted ice put sea levels tens of meters higher. [...] The last time the planet had a concentration of 300 to 400 ppm of CO2 in the atmosphere was during the mid-Pliocene, 3 million years ago — recently enough for the planet to be not radically different than it is today. Back then, temperatures were 2 degrees C to 3 degrees C (3.6 to 5.4°F) above pre-industrial temperatures (though more than 10 degrees C hotter in the Arctic), and sea levels were at least 15-25 meters higher. Forest grew in the Canadian north and grasslands abounded worldwide; the Sahara was probably covered in vegetation. Homo habilis (aka ""handy man""), the first species in the Homo line and probably the first stone-tool users, got a taste of this climate as they arrived on the scene 2.8 million years ago. (Homo sapiens didn’t show up until 400,000 years ago at the earliest.)",True,False,True,supports,sciencefeedback
sciencefeedback_107_ret_bn_g0,sciencefeedback_107,the concentration of carbon dioxide in Earth’s atmosphere has climbed to a level last seen more than 3 million years ago — before humans even appeared on the rocky ball we call home,Denise Chow,"In the latest bit of bad news for a planet beset by climate change, the concentration of carbon dioxide in Earth’s atmosphere has climbed to a level last seen more than 3 million years ago — before humans even appeared on the rocky ball we call home. [...] The level of CO2 in the atmosphere has risen an average of 2.5 ppm per year over the past decade, reaching 400 ppm in 2013 — and the level appears likely to go higher from here. [...] The last time levels of atmospheric carbon dioxide were this high came during the Pliocene Epoch, which extended from about 5.3 million to 2.6 million years ago. During that period, average sea levels were about 50 feet higher than they are today and forests grew as far north as the Arctic, said Rob Jackson, a professor of earth system science at Stanford University. ""Earth was a very different place,"" he said. ""You would hardly recognize the land surface, and my gosh, we don’t want to go there.""",True,False,True,supports,sciencefeedback
sciencefeedback_107_ret_bn_g1,sciencefeedback_107,the concentration of carbon dioxide in Earth’s atmosphere has climbed to a level last seen more than 3 million years ago — before humans even appeared on the rocky ball we call home,Denise Chow,"Accurate: It is possible that the concentration of atmospheric CO2 was this high a little less than 3 million years ago, but it is certainly true that this was before the appearance of humans. [...] 1. Estimates for CO2 in pre-ice-core time (>~0.8 Ma) are much less certain. So 415 might be as high as the Earth has been in the last 3 million years, but it’s not out of the range of estimates that hasn’t been this high in 15-18 million years. Even for the warm middle-late Eocene (34-56 million years ago) there are CO2 estimates as low as 400-500 ppm (though also many more near 1000 ppm). So it is possible that today’s levels (and especially those of the next few decades) might be unprecedented in the last 45-50 Ma. As with so much news about climate, we try to be ""reasonable"" from the start, but the upper bounds of our estimates don’t exclude much more extreme scenarios. The eventual equilibrium climate with 500 ppm of CO2 could mean no polar ice and hundreds of feet of sea level rise, whereas it seems extremely unlikely it would be cooler than we think.",True,False,True,insufficient-supports,sciencefeedback
sciencefeedback_107_ret_bn_g7,sciencefeedback_107,the concentration of carbon dioxide in Earth’s atmosphere has climbed to a level last seen more than 3 million years ago — before humans even appeared on the rocky ball we call home,Denise Chow,"The ocean has absorbed about 30% of the anthropogenic carbon dioxide, resulting in ocean acidification and changes to carbonate chemistry that are unprecedented for at least the last 65 million years (high confidence). Risks have been identified for the survival, calcification, growth, development and abundance of a broad range of marine taxonomic groups, ranging from algae to fish, with substantial evidence of predictable trait-based sensitivities (high confidence). There are multiple lines of evidence that ocean warming and acidification corresponding to 1.5°C of global warming would impact a wide range of marine organisms and ecosystems, as well as sectors such as aquaculture and fisheries (high confidence). {3.3.10, 3.4.4}",True,False,True,insufficient-neutral,sciencefeedback
sciencefeedback_113,sciencefeedback_113,CO2 is not a greenhouse gas.,Tim Ball,"Laboratory measurements first established that CO2 is a greenhouse gas in the 1850s—a result that is easily confirmed today. This means that it absorbs radiation at infrared wavelengths, allowing sunlight to pass through to the Earth but trapping heat that is emitted back to space.",False,True,True,refutes,sciencefeedback
sciencefeedback_113_ret_b14_gn,sciencefeedback_113,CO2 is not a greenhouse gas.,Tim Ball,"Non-CO2 greenhouse gases and climate change [...] Montzka, S., Dlugokencky, E. & Butler, J. Non-CO2 greenhouse gases and climate change. [...] The influence of anthropogenic carbon dioxide emissions on climate is widely recognized, but there are plenty of greenhouse gases besides CO2 and they receive much less attention. In this Review, Stephen Montzka and co-authors summarize the current knowledge on non-CO2 greenhouse gases, including methane, nitrous oxide and halogenic compounds such as chlorofluorocarbons. Although the total warming effect of these gases is less than that of CO2, a substantial reduction in their emissions would measurably reduce the impact of human activity on our climate. And as non-CO2 greenhouse gases tend to have a shorter atmospheric lifetime than CO2, the response of the climate system to emissions cuts in the former would be faster than the response through cuts in CO2 alone.",False,False,True,refutes,sciencefeedback
sciencefeedback_113_ret_b17_gn,sciencefeedback_113,CO2 is not a greenhouse gas.,Tim Ball,"Over time, scientists began to develop a more nuanced view of how gases form and act. Not all gases on Earth are greenhouse gases. The amount of greenhouse gases in the atmosphere depends on sources (natural and man-made processes that produce them) and sinks (reactions that remove the gases from the atmosphere). Carbon dioxide is only part of that equation, and only the second most abundant greenhouse gas on Earth. [...] It’s tempting to think that because CO2 has so many counterparts, it’s not worth worrying about. But just because CO2 isn’t the only greenhouse gas doesn't mean it’s not cause for concern. ""A lot of people use [greenhouse gases] to downplay the importance of carbon dioxide,"" says Davis. ""That’s the biggest issue we face."" Some gases may be more abundant, but none stand alone—and with CO2 rates rising at unprecedented levels, it’s difficult to estimate just how dire the consequences of unchecked emissions of any kind might be.",False,False,True,refutes,sciencefeedback
sciencefeedback_113_ret_bn_g13,sciencefeedback_113,CO2 is not a greenhouse gas.,Tim Ball,"Global averaged concentrations of carbon dioxide (CO2), the most important greenhouse gas, in 2022 were a full 50% above the pre-industrial era for the first time. They continued to grow in 2023. [...] Non-CO₂ Greenhouse Gases: Climate change is driven by multiple greenhouse gases, not just CO2. These gases have different atmospheric lifetimes, greater Global Warming Potential (GWP) than CO2 and uncertain future emissions. [...] Carbon dioxide is the single most important greenhouse gas in the atmosphere, accounting for approximately 64% of the warming effect on the climate, mainly because of fossil fuel combustion and cement production.",False,False,True,refutes,sciencefeedback
sciencefeedback_113_ret_bn_g16,sciencefeedback_113,CO2 is not a greenhouse gas.,Tim Ball,"Carbon dioxide (CO2) emissions from human activities are now higher than at any point in our history. In fact, recent data reveals that global CO2 emissions were 182 times higher in 2022 than they were in 1850, around the time the Industrial Revolution was underway.1 [...] Related: 4 Charts Explain Greenhouse Gas Emissions by Country and Sector [...] 1 CO2 is not the only greenhouse gas and short-term action on methane and other short-lived pollutants are essential to address climate change. CO2 represents about three-quarters of annual emissions and estimates are available starting from 1850, allowing us to explore a longer history of carbon dioxide emissions.",False,False,True,insufficient-refutes,sciencefeedback
sciencefeedback_115,sciencefeedback_115,Best available data show sea-level rise is not accelerating. Local and regional sea levels continue to exhibit typical natural variability—in some places rising and in others falling.,"Craig Idso, Robert Carter, S. Fred Singer","Globally, sea level is rising due to melting glacial ice and warming oceans, and the current rate of sea level rise is faster than past rates.",False,True,True,refutes,sciencefeedback
sciencefeedback_115_ret_bn_g0,sciencefeedback_115,Best available data show sea-level rise is not accelerating. Local and regional sea levels continue to exhibit typical natural variability—in some places rising and in others falling.,"Craig Idso, Robert Carter, S. Fred Singer","Global sea level rise is accelerating, despite Heartland Institute report’s claims otherwise [...] This statement is false. A wide range of direct measurements (i.e. tidal gauges) and indirect measurements (i.e., gravity monitoring satellites) show that the rate of sea level rise has increased (i.e., accelerated) in recent years*. [...] Global average sea level is unambiguously rising. Regions where sea level is falling are regions where local sea level signals are large enough to counteract the global trend—for example, in Baffin Bay and parts of Scandinavia, where continued residual land uplift is continuing, associated with the unweighting of the land from loss of last glacial maximum ice sheets.",False,False,True,refutes,sciencefeedback
sciencefeedback_115_ret_bn_g1,sciencefeedback_115,Best available data show sea-level rise is not accelerating. Local and regional sea levels continue to exhibit typical natural variability—in some places rising and in others falling.,"Craig Idso, Robert Carter, S. Fred Singer","Although sea level is rising globally, in some places it is rising more quickly than others, and in some places, sea level is even falling. This type of local- and regional-scale sea level change is what is most important when talking about the impacts of sea level on people and communities and how to plan for and manage those impacts. [...] Alaska is a perfect demonstration of variation in regional sea level change: in some places, sea level is rising, and in others it is falling. Along the southern coast of Alaska, the land is rising two-to-four-times faster than the sea thanks to the region's geology (featuring a collision of tectonic plates and glacial rebound, both causing the land to rise). But along the Bering Sea and the Arctic Ocean, other impacts from climate change are already affecting Alaskan communities in the form of increased storm surges, thawing permafrost, saltwater intrusion and coastal erosion. Furthermore, sea ice is now less protective of the coast because so much of it has melted. The result is that storms are stronger, flooding is more frequent, and coastlines are eroding along parts of Alaska's coast.",False,False,True,insufficient-contradictory,sciencefeedback
sciencefeedback_115_ret_bn_g16,sciencefeedback_115,Best available data show sea-level rise is not accelerating. Local and regional sea levels continue to exhibit typical natural variability—in some places rising and in others falling.,"Craig Idso, Robert Carter, S. Fred Singer","For example, global average sea level has risen by about 7–8 inches since 1900, with almost half (about 3 inches) of that rise occurring since 1993. Human-caused climate change has made a substantial contribution to this rise since 1900, contributing to a rate of rise that is greater than during any preceding century in at least 2,800 years. Global sea level rise has already affected the United States; the incidence of daily tidal flooding is accelerating in more than 25 Atlantic and Gulf Coast cities. [...] Natural variability, including El Niño events and other recurring patterns of ocean–atmosphere interactions, impact temperature and precipitation, especially regionally, over timescales of months to years. The global influence of natural variability, however, is limited to a small fraction of observed climate trends over decades. (Very high confidence) (Ch. 1) [...] Global and Regional Sea Level Rise",False,False,True,refutes,sciencefeedback
sciencefeedback_115_ret_bn_g5,sciencefeedback_115,Best available data show sea-level rise is not accelerating. Local and regional sea levels continue to exhibit typical natural variability—in some places rising and in others falling.,"Craig Idso, Robert Carter, S. Fred Singer","New satellite measurements show sea level rise is accelerating, as CNN accurately reports in CNN, by Brandon Miller — 15 Feb 2018 [...] Global data contradict claim of no acceleration in sea level rise [...] Sea level rise is accelerating, and with it the risk associated with coastal storm surge, contrary to claim in Forbes",False,False,True,refutes,sciencefeedback
sciencefeedback_120,sciencefeedback_120,"Human-produced carbon might be one of the factors [of climate change], but there’s simply no evidence that it is a significant one.",Kurt Schlichter,"Natural factors have certainly caused climate changes in the past, but that does not mean human factors are not responsible for climate change now. Observations clearly show that incoming solar radiation and the effects of volcanic eruptions have not changed in a way that could explain global warming. Instead, research has shown that human activities are the cause.",False,True,True,refutes,sciencefeedback
sciencefeedback_120_ret_bn_g0,sciencefeedback_120,"Human-produced carbon might be one of the factors [of climate change], but there’s simply no evidence that it is a significant one.",Kurt Schlichter,"There is overwhelming evidence that current climate change is significantly caused by human carbon emissions contrary to claim in Townhall [...] Misleading: The effects of these factors (the sun, volcanoes...) have all been quantified, and human-caused greenhouse gas emissions are clearly the dominant cause of current global warming. [...] Careful analysis that attempts to take into account all major factors and their evolution in time indicates that anthropogenic increases in greenhouse gasses account for more than 100% of the observed warming on the century timescale (requiring cancellation from cooling influences). See the summary graphic from Carbon Brief, below.",False,False,True,refutes,sciencefeedback
sciencefeedback_120_ret_bn_g15,sciencefeedback_120,"Human-produced carbon might be one of the factors [of climate change], but there’s simply no evidence that it is a significant one.",Kurt Schlichter,"Human-induced climate change is something that has been happening for many years and Western countries, like the UK, have played a big role in contributing to carbon emissions over the past 200 years. This means that only looking at who the biggest emitters of greenhouse gases are today is an oversimplification of a very nuanced topic. [...] Let’s be clear, CO2 itself does not cause problems. It's part of the natural global ecosystem. The problem is the quantity of CO2 that’s being produced by us as humans; there hasn’t been this level of CO2 in the atmosphere for thee million years.[2] [...] We’re already seeing the devastating effects of climate change on global food supplies, migration, conflict, disease and global instability, which will only get worse if we don’t act now. Human-made climate change is the biggest crisis of our time. It threatens the future of the planet that we depend on for our survival and we're the last generation that can do something about it.",False,False,True,refutes,sciencefeedback
sciencefeedback_120_ret_bn_g17,sciencefeedback_120,"Human-produced carbon might be one of the factors [of climate change], but there’s simply no evidence that it is a significant one.",Kurt Schlichter,"""From the body of evidence since IPCC (1996), we conclude that there has been a discernible human influence on global climate. Studies are beginning to separate the contributions to observed climate change attributable to individual external influences, both anthropogenic and natural. This work suggests that anthropogenic greenhouse gases are a substantial contributor to the observed warming, especially over the past 30 years. However, the accuracy of these estimates continues to be limited by uncertainties in estimates of internal variability, natural and anthropogenic forcing, and the climate response to external forcing."" [...] To reiterate: the best data collected from satellites validated by balloons to test the hypothesis of a human-induced global warming from the release of C02 into the atmosphere shows no meaningful trend of increasing temperatures, even as the climate models exaggerated the warmth that ought to have occurred from a build-up in C02. [...] ""There is no convincing scientific evidence that human release of carbon dioxide, methane, or other greenhouse gasses is causing or will, in the foreseeable future, cause catastrophic heating of the Earth's atmosphere and disruption of the Earth's climate. Moreover, there is substantial scientific evidence that increases in atmospheric carbon dioxide produce many beneficial effects upon the natural plant and animal environments of the Earth.""",False,False,True,supports,sciencefeedback
sciencefeedback_16,sciencefeedback_16,"Ancient civilizations once inhabited Antarctica, as shown by the pyramids there, but the continent’s position and climate rapidly changed due to ‘tectonics and pole shift’.",Billy Carson,"The rocky pyramid-shaped feature in Antarctica is a natural landform called a ‘horn’ or ‘pyramidal peak’. These peaks form when three or four intersecting glaciers carve out mountain faces in different directions, thus making a horn or pyramidal shape. They are common in Antarctica and found in many other places on Earth. Scientific evidence shows that Antarctica slowly drifted to its current position over millions of years through tectonic plate movement; not a sudden shift of the poles or crust.",False,True,True,refutes,sciencefeedback
sciencefeedback_16_ret_b2_gn,sciencefeedback_16,"Ancient civilizations once inhabited Antarctica, as shown by the pyramids there, but the continent’s position and climate rapidly changed due to ‘tectonics and pole shift’.",Billy Carson,"Some of the most intriguing discoveries in Antarctica aren’t artifacts from ancient civilizations, but from our own, dating to a time as recently as a century ago, sometimes less. The sailors and explorers of those times were plumbing the depths of a harsh and largely unknown country, using the best knowledge and equipment of the day. [...] Did Ancient Humans Ever Live in Antarctica? [...] With such rich recent history to examine and preserve, it seems a shame that so much online energy and excitement should be devoted to the pseudoscientific ideas and fanciful notions about supposed Antarctic civilizations — for which, to be clear, there is not a shred of proof.",False,False,True,refutes,sciencefeedback
sciencefeedback_16_ret_bn_g0,sciencefeedback_16,"Ancient civilizations once inhabited Antarctica, as shown by the pyramids there, but the continent’s position and climate rapidly changed due to ‘tectonics and pole shift’.",Billy Carson,"Factually inaccurate: There is no evidence of ancient civilizations or pyramids in Antarctica. The pyramid-shaped landform shown in recent social media videos is called a ‘horn’ or ‘pyramidal peak’ and forms naturally as glaciers carve (i.e., erode) different rock faces. There is also no evidence for a rapid shift in the climate or position of Antarctica on Earth; studies show that Antarctica slowly drifted over millions of years through tectonic plate movements. On 20 March 2024, a video on YouTube claimed that ‘Antarctica has pyramids from an ancient civilization’, and that ‘the continent’s surface flash-froze as it rapidly shifted on Earth‘. [...] There is no evidence of an ancient civilization, nor any pyramids in Antarctica, contrary to claims from viral videos on social media. There are, however, several pyramid or semi-pyramid shaped mountains called ‘horns’ or ‘pyramidal peaks’, which form through glacial erosion. These peaks are well-documented in Antarctica and many other glaciated areas around the world, such as Switzerland and Peru. Contrary to other claims made in these videos, Antarctica did not experience a sudden change in climate due to a sudden shift in the poles or Antarctica’s position on Earth. Scientific evidence shows that Antarctica slowly drifted to its current position over millions of years through tectonic plate movement.",False,False,True,refutes,sciencefeedback
sciencefeedback_16_ret_bn_g14,sciencefeedback_16,"Ancient civilizations once inhabited Antarctica, as shown by the pyramids there, but the continent’s position and climate rapidly changed due to ‘tectonics and pole shift’.",Billy Carson,"Pyramid-shaped peaks in Antarctica are naturally carved by glaciers, not constructed by an ancient civilization",False,False,True,refutes,sciencefeedback
sciencefeedback_164,sciencefeedback_164,"""Global warming is driving polar bears toward extinction""",Henry Fountain,"Sea-ice loss due to global warming is the most important threat to long-term survival and reproduction of polar bears. Under a high greenhouse gas emissions scenario, all but a few polar bear subpopulations are at risk of extinction by 2100. In the moderate greenhouse gas emissions scenario, some polar bear subpopulations could persist through the century.",True,True,True,supports,sciencefeedback
sciencefeedback_164_ret_bn_g12,sciencefeedback_164,"""Global warming is driving polar bears toward extinction""",Henry Fountain,"Often photographed clinging to Arctic ice floes as its habitat melts away into warming waters, the polar bear is the poster child for U.S. efforts to save wildlife on the brink of extinction using the Endangered Species Act. [...] When the George W. Bush administration listed the polar bear as threatened in 2008, it helped raise public awareness about the connection between global warming and the plight of iconic wildlife. But the Bush administration stipulated that the listing could not be used to regulate the greenhouse gas emissions that are causing the polar bear’s habitat to melt away. ""The polar bear was the first species protected under the Endangered Species Act solely because of threats from global warming,"" said Shaye Wolf, climate science director for the Center for Biological Diversity, an environmental group. ""The listing not only raised public awareness that climate change is already driving vulnerable species like the polar bear toward extinction, but also forced the Bush administration to adopt the consensus view of the world’s scientists on global warming.""",True,False,True,insufficient-supports,sciencefeedback
sciencefeedback_164_ret_bn_g16,sciencefeedback_164,"""Global warming is driving polar bears toward extinction""",Henry Fountain,"Polar bear: A polar bear is fit to swim 100 miles for food, in search of mates or, more recently, just some ice to stand on. With five inches of blubber keeping this enormous bear prepared for subzero temperatures, the largest member of the bear family has adapted to remarkable Arctic conditions. The fat stored in a polar bear carcass becomes essential food for other Arctic species, like the Arctic fox. However, the extreme impacts that human-caused climate change has had on the Arctic is pushing the polar bear closer to extinction. [...] Listed as a ""threatened"" species in 2008, polar bears are rapidly losing the sea ice they use to hunt, mate and raise their young. Polar bear numbers increased following the establishment of hunting regulations in the 1970s and today stand at 20,000 to 25,000. However, the rapid decline of Arctic sea ice because of global warming has reversed this trend, and currently at least five of the 19 polar bear populations are declining. The U.S. Geological Survey predicts that under current greenhouse gas emission trends, two-thirds of the world’s polar bears, including all those in Alaska, will likely disappear by 2050.",True,False,True,supports,sciencefeedback
sciencefeedback_164_ret_bn_g8,sciencefeedback_164,"""Global warming is driving polar bears toward extinction""",Henry Fountain,Global warming is driving polar bears toward extinction | ABS-CBN News,True,False,True,supports,sciencefeedback
sciencefeedback_174,sciencefeedback_174,the U.S. Climate Reference Network[...] finds there has been no warming for the past 14 years at least,"James Taylor, John Hinderaker","This article highlights a particular dataset of surface temperature stations in the United States that it says differs from standard datasets, but in reality they match quite closely. Most importantly, the data presented in the article do exhibit a warming trend, making the article's claim simply false.",False,True,True,refutes,sciencefeedback
sciencefeedback_174_ret_b10_gn,sciencefeedback_174,the U.S. Climate Reference Network[...] finds there has been no warming for the past 14 years at least,"James Taylor, John Hinderaker","Using the data that were available at the time (through 2012), the last climate report from the Intergovernmental Panel on Climate Change concluded that there had been no statistically significant increase in global surface temperature from 1998-2012. [...] The most likely explanation for the lack of significant warming at the Earth’s surface in the past decade or so is that natural climate cycles—a series of La Niña events and a negative phase of the lesser-known Pacific Decadal Oscillation—caused shifts in ocean circulation patterns that moved some excess heat into the deep ocean. Even so, recent years have been some of the warmest on record, and scientists expect temperatures will swing back up soon. [...] Just because the global surface temperature has not risen significantly in the past decade doesn't mean the Earth's heat energy imbalance has vanished, though. Excess heat energy trapped by greenhouses gases can have more than one fate in the Earth system; among other things, it can cause water to evaporate, it can melt ice, and it can be mixed into the deep ocean by overturning currents.",False,False,True,supports,sciencefeedback
sciencefeedback_174_ret_bn_g0,sciencefeedback_174,the U.S. Climate Reference Network[...] finds there has been no warming for the past 14 years at least,"James Taylor, John Hinderaker","Factually Inaccurate: It is simply false to claim that the data show no warming over that time period. There is a warming trend. Flawed Reasoning: Even if the US experienced a flat temperature change for 14 years, this would not prove that global warming isn't occurring. The US only covers a small portion of the planet, and a 14-year period is too short to reliably indicate long-term trends over short-term variability. [...] Since it achieved nationwide coverage at the start of 2005, the warming rate (trend) in USCRN annual temperatures is 0.86°F per decade, with uncertainties ranging from -0.58°F to 2.31°F per decade. By contrast, the historical NOAA ClimDiv dataset only shows 0.64°F (ranging from -0.80°F to 2.07°F) per decade. As this is a relatively short time period and only covers around 2% of the surface of the Earth, we shouldn’t read too much into these numbers as an indication of longer-term changes, but we can say that USCRN data is completely consistent with the long-term warming trend, and suggestions that the USCRN ""finds there has been no warming for the past 14 years at least"" are categorically false.",False,False,True,refutes,sciencefeedback
sciencefeedback_174_ret_bn_g9,sciencefeedback_174,the U.S. Climate Reference Network[...] finds there has been no warming for the past 14 years at least,"James Taylor, John Hinderaker","On the whole, these and other studies find consistent results. While the Sun's influence is detectable in Earth's temperature records, the global-scale warming influence of human-produced greenhouse gases is likely to be far stronger than even a very strong Grand Solar Minimum. [...] For the past million years at least, Milankovitch cycles have coincided with 100,000-year-long ice ages punctuated by short intervals of rapid warming. Although there are pieces of the puzzle experts still don’t understand, the key climate influence seems to be changes in the amount of incoming sunlight, or insolation, reaching the high latitudes of the Northern Hemisphere during the summer. The Northern Hemisphere is key to the ice ages because massive ice sheets can only grow over land, not ocean, and most of Earth’s land area has been concentrated in the Northern Hemisphere for at least tens of millions of years.",False,False,True,insufficient-supports,sciencefeedback
sciencefeedback_180,sciencefeedback_180,"So that means that probably about half, maybe half of that nine-tenths of the degree [of total warming] might be caused by greenhouse gases",Patrick Michaels,"Multiple factors—some human-caused and some natural—combine to influence global temperatures. However, human activities were already causing warming in the first half of the 20th century, and are responsible for approximately 100% of the more-rapid warming taking place after 1950. Thus, humans are responsible for most of the warming since 1900.",False,True,True,insufficient-supports,sciencefeedback
sciencefeedback_180_ret_bn_g12,sciencefeedback_180,"So that means that probably about half, maybe half of that nine-tenths of the degree [of total warming] might be caused by greenhouse gases",Patrick Michaels,"Sources of Greenhouse Gas Emissions [...] Greenhouse gases trap heat and make the planet warmer. Human activities are responsible for almost all of the increase in greenhouse gases in the atmosphere over the last 150 years.1 The largest source of greenhouse gas emissions from human activities in the United States is from burning fossil fuels for electricity, heat, and transportation. [...] There are a wide variety of industrial activities that cause greenhouse gas emissions, and many opportunities to reduce them. The table shown below provides some examples of opportunities for industry to reduce emissions. For a more comprehensive list, see Chapter 11 of the Contribution of Working Group III to the Sixth Assessment Report of the Intergovernmental Panel on Climate Change. 1",False,False,True,insufficient-neutral,sciencefeedback
sciencefeedback_180_ret_bn_g8,sciencefeedback_180,"So that means that probably about half, maybe half of that nine-tenths of the degree [of total warming] might be caused by greenhouse gases",Patrick Michaels,"How does this warming compare to previous changes in Earth’s climate? How can we be certain that human-released greenhouse gases are causing the warming? How much more will the Earth warm? How will Earth respond? Answering these questions is perhaps the most significant scientific challenge of our time. [...] Greenhouse gases are only part of the story when it comes to global warming. Changes to one part of the climate system can cause additional changes to the way the planet absorbs or reflects energy. These secondary changes are called climate feedbacks, and they could more than double the amount of warming caused by carbon dioxide alone. The primary feedbacks are due to snow and ice, water vapor, clouds, and the carbon cycle. [...] The largest feedback is water vapor. Water vapor is a strong greenhouse gas. In fact, because of its abundance in the atmosphere, water vapor causes about two-thirds of greenhouse warming, a key factor in keeping temperatures in the habitable range on Earth. But as temperatures warm, more water vapor evaporates from the surface into the atmosphere, where it can cause temperatures to climb further.",False,False,True,insufficient-neutral,sciencefeedback
sciencefeedback_180_ret_bn_g9,sciencefeedback_180,"So that means that probably about half, maybe half of that nine-tenths of the degree [of total warming] might be caused by greenhouse gases",Patrick Michaels,"Water vapor is Earth’s most abundant greenhouse gas. It’s responsible for about half of Earth’s greenhouse effect — the process that occurs when gases in Earth’s atmosphere trap the Sun’s heat. Greenhouse gases keep our planet livable. Without them, Earth’s surface temperature would be about 59 degrees Fahrenheit (33 degrees Celsius) colder. Water vapor is also a key part of Earth’s water cycle: the path that all water follows as it moves around Earth’s atmosphere, land, and ocean as liquid water, solid ice, and gaseous water vapor. [...] The greenhouse gases in the dry air in Earth’s atmosphere include carbon dioxide, methane, nitrous oxide, ozone, and chlorofluorocarbons. While making up around 0.05% of Earth’s total atmosphere, they play major roles in trapping Earth’s radiant heat from the Sun and keeping it from escaping into space. Each is driven directly by human activities. [...] Carbon dioxide is responsible for a third of the total warming of Earth’s climate due to human-produced greenhouse gases. Small increases in its concentration have major effects. A key reason is the length of time carbon dioxide remains in the atmosphere.",False,False,True,insufficient-neutral,sciencefeedback
sciencefeedback_182,sciencefeedback_182,Sea level rise could reach six or seven feet by the year 2100.,Justin Gillis,Continuing greenhouse gas emissions growth could result in a sea level rise of 0.5 meters (20 inches) to as much as 1 or 2 meters (3.3-6.6 feet) by the year 2100.,True,True,True,supports,sciencefeedback
sciencefeedback_182_ret_bn_g0,sciencefeedback_182,Sea level rise could reach six or seven feet by the year 2100.,Justin Gillis,"Sea level could rise by as much as 1 or 2 meters (3.3-6.6 feet) by the year 2100 Continuing greenhouse gas emissions growth could result in a sea level rise of 0.5 meters (20 inches) to as much as 1 or 2 meters (3.3-6.6 feet) by the year 2100. [...] Yes, I couldn’t agree more. I actually wrote a paper regarding a survey of sea-level scientists. The concluding statement was that most experts estimate a larger sea-level rise by AD 2100 than the IPCC’s Fifth Assessment Report AR5 projects:",True,False,True,insufficient-contradictory,sciencefeedback
sciencefeedback_182_ret_bn_g15,sciencefeedback_182,Sea level rise could reach six or seven feet by the year 2100.,Justin Gillis,"Global mean sea level rose rapidly following the last ice age approximately 20,000 years ago. However, the rate of sea level rise slowed and has been nearly stable over the last few thousand years. Since around 1900, global average sea level has risen by about 7-8 inches (Hayhoe et al. 2018, NCA4) and the rate of sea level rise has been accelerating in recent decades as ocean temperatures warm. Nearly half of this rise in sea levels has occurred since 1993, and the rate of global mean level rise since 1993 has been approximately 3.4 mm per year. It is virtually certain that global mean sea levels will continue to rise throughout the 21st century and beyond. [...] Projections in the relative sea level rise along the contiguous U.S. coastline range from 1.96 – 7.22 ft (0.6–2.2 m) by the year 2100 and 2.62 – 12.8 ft (0.8–3.9 m) by the year 2150, relative to sea levels in 2000. However, not all areas will experience the same amount, or rate, of sea level rise due to changes in local land and ocean heights.",True,False,True,supports,sciencefeedback
sciencefeedback_182_ret_bn_g16,sciencefeedback_182,Sea level rise could reach six or seven feet by the year 2100.,Justin Gillis,"The message for the world’s leaders and decision makers is that sea level rise is real and is only going to get worse. Indeed, we make the case in our recent book, The Rising Sea, that governments and coastal managers should assume the inevitability of a seven-foot rise in sea level. This number is not a prediction. But we believe that seven feet is the most prudent, conservative long-term planning guideline for coastal cities and communities, especially for the siting of major infrastructure; a number of academic studies examining recent ice sheet dynamics have suggested that an increase of seven feet or more is not only possible, but likely. Certainly, no one should be expecting less than a three-foot rise in sea level this century. [...] Seeking to correct the IPCC’s failure to come up with a comprehensive forecast for sea level increase, a number of state panels and government committees have produced sea level rise predictions that include an examination of melting ice sheets. For example, sea level rise panels in Rhode Island and Miami-Dade County have concluded that a minimum of a three- to five-foot sea level rise should be anticipated by 2100. A California report assumes a possible 4.6-foot rise by 2100, while the Dutch assume a 2.5-foot rise by 2050 in the design of their tidal gates.",True,False,True,insufficient-supports,sciencefeedback
sciencefeedback_211,sciencefeedback_211,“The clothing industry contributes up to 10% of the pollution driving the climate crisis.”,Patagonia,"Globally, the fashion industry is estimated to contribute 3 - 10% of the greenhouse gas emissions that are causing climate change, based on scientific studies and reports from the United Nations and charities. The clothing industry has a variety of other environmental impacts, including intensive water use, water pollution through dying and textile production, and pesticide and herbicide pollution through the agricultural production of cotton. Microplastics, which are shed primarily from synthetic textiles during washing, are also polluting the oceans, potentially negatively impacting human health and natural ecosystems.",True,True,True,supports,sciencefeedback
sciencefeedback_211_ret_b2_gn,sciencefeedback_211,“The clothing industry contributes up to 10% of the pollution driving the climate crisis.”,Patagonia,"The claim appeared in an Instagram post published by the clothing company Patagonia in late November 2020, and has received more than 502,000 views. Although the post does not indicate the source of the claim, scientific studies estimate that clothing contributes 3 to 10% of greenhouse gas emissions that drive climate change[1,2]. In addition, clothing production and use causes water pollution, pesticide pollution, and the release of microplastics into the ocean that can negatively impact human health and natural ecosystems[3-5]. [...] Overall the claim, ""the clothing industry contributes up to 10% of the pollution driving the climate crisis"" is accurate, as it falls within 1 to 10% range of estimates for GHG emissions in scientific studies and organization reports. In addition, clothing production and consumption can be an energy- and water-intensive process that causes water pollution, microplastic release, and human health impacts. [...] The claim [that the fashion contributes] up to 10% [of pollution driving the climate crisis] is not very far from the United Nations’ research estimate, which is 8%.",True,False,True,insufficient-supports,sciencefeedback
sciencefeedback_211_ret_bn_g0,sciencefeedback_211,“The clothing industry contributes up to 10% of the pollution driving the climate crisis.”,Patagonia,"Globally, the fashion industry is estimated to contribute 3 - 10% of the greenhouse gas emissions that are causing climate change, based on scientific studies and reports from the United Nations and charities. The clothing industry has a variety of other environmental impacts, including intensive water use, water pollution through dying and textile production, and pesticide and herbicide pollution through the agricultural production of cotton. Microplastics, which are shed primarily from synthetic textiles during washing, are also polluting the oceans, potentially negatively impacting human health and natural ecosystems. [...] Overall the claim, ""the clothing industry contributes up to 10% of the pollution driving the climate crisis"" is accurate, as it falls within 1 to 10% range of estimates for GHG emissions in scientific studies and organization reports. In addition, clothing production and consumption can be an energy- and water-intensive process that causes water pollution, microplastic release, and human health impacts. [...] The claim [that the fashion contributes] up to 10% [of pollution driving the climate crisis] is not very far from the United Nations’ research estimate, which is 8%.",True,False,True,insufficient-supports,sciencefeedback
sciencefeedback_211_ret_bn_g12,sciencefeedback_211,“The clothing industry contributes up to 10% of the pollution driving the climate crisis.”,Patagonia,"Vieira Luxe is a supporter of sustainable fashion and we weave this into our business ethos. Knowing the impact the industry has on climate change, we seek to be a part of the movement towards a more eco-friendly future. Our company is devoted to taking part in this development away from fast fashion by working with shops nationally. Thus, providing you the best quality dresses at outlet prices. Our company is here to stand for sustainable fashion, beginning with the recycling of companies overstock and discontinued garments. The clothing industry contributes up to 10% of the pollution driving the climate crisis, and we Americans throw away an average of 82 pounds of textile waste per year! This all boils down to cut-rate prices, overconsumption, and a culture of convenience. By implementing sustainable fashion practices, such as shopping overstock, we can reduce these carbon emissions and help to repair our planet. Vieira Luxe is dedicated to promoting sustainability , and will work to reduce the fashion industry’s carbon footprint in any way we can.",True,False,True,supports,sciencefeedback
sciencefeedback_211_ret_bn_g6,sciencefeedback_211,“The clothing industry contributes up to 10% of the pollution driving the climate crisis.”,Patagonia,"Fast fashion is an enormous, rapidly growing industry. The number of new garments made per year has nearly doubled over the past 20 years, and our global consumption of fashion has increased by 400%. The fast fashion industry is a significant contributor to the climate crisis, responsible for as much as 10% of global carbon emissions. Animal-based textiles like wool are responsible for water pollution, widespread habitat loss from deforestation, and other harms to wildlife. Slow down your fashion by caring for your clothes, repairing when possible and, when you need new clothes, shop secondhand or join clothing swaps. If you must buy new, look past the greenwashing and purchase clothing made of truly sustainable materials like organic cotton or Tencel from brands that are made to last. Read about greenwashing of the wool industry and the harms of fast fashion.",True,False,True,supports,sciencefeedback
sciencefeedback_223_ret_b18_gn,sciencefeedback_223,"[T]he raw data, the actual thermometer data[...] shows that the US has been cooling for 80 to 90 years. But the graphs they release to the public show warming trend, and it's all because they've altered the data.",Tony Heller,"NOAA’s US temperature record shows that US was warmest in the 1930’s and has generally cooled as CO2 has increased. This wrecks greenhouse gas theory, so they ""adjust"" the data to make it look like the US is warming. [...] The fabricated temperatures have warmed four degrees since 1970, relative to the adjusted temperatures which were based on actual station data. This shows that the warming trend in the US claimed by NOAA is based on computer models, not actual thermometer data or even adjusted thermometer data. [...] Science doesn’t get any worse than how NOAA handles US temperature data. NASA uses the NOAA data as the basis for their temperature graphs, which have also been massively altered to turn cooling into warming.",False,False,True,supports,sciencefeedback
sciencefeedback_223_ret_b3_gn,sciencefeedback_223,"[T]he raw data, the actual thermometer data[...] shows that the US has been cooling for 80 to 90 years. But the graphs they release to the public show warming trend, and it's all because they've altered the data.",Tony Heller,"Most of the information published on this blog is not derived from peer-reviewed research; in fact, Mr. Heller explains why peer-reviewed studies in climate change are ""worthless"" Why Climate Science Peer Review Is Worthless. In general, Real Climate Science is opposed to Real Climate Science. But the graphs they release to the public show warming trend, and it’s all because they’ve altered the data."" – Inaccurate - ""NASA scientists fudged the numbers to make 1998 the hottest year to overstate the extent of global warming."" – Pants on Fire - ""[NASA] has been adjusting temperatures from the past[…] downward, while adjusting current-day temperatures upward, and those changes are responsible for most of the claimed global warming during that time."" – Inaccurate [...] Left vs. Right Bias: How we rate the bias of media sources",False,False,True,refutes,sciencefeedback
sciencefeedback_223_ret_b4_gn,sciencefeedback_223,"[T]he raw data, the actual thermometer data[...] shows that the US has been cooling for 80 to 90 years. But the graphs they release to the public show warming trend, and it's all because they've altered the data.",Tony Heller,"This was very disturbing to both NASA and NOAA. Their CO2 warming theory was failing badly, so they simply changed the data, turning cooling into warming. This happened at the same time Michael Mann was erasing the Medieval Warm Period. The blue line below shows the five year mean of the average annual temperature at all NOAA United States Historical Climatology Network Stations. The red line shows the graph they release to the public, and has been highly altered to create the appearance of warming – which does not exist in the thermometer data. If they believe there is error in the data, the correct way to handle it is to leave the data intact, and put error bars on it. Not alter the data and pass it to the public as if it represents the actual thermometer data.",False,False,True,insufficient-supports,sciencefeedback
sciencefeedback_239,sciencefeedback_239,Father of Global Warming’ Scientist Finally Admits Theory Is Wrong,Baxter Dmitry,"This article falsely attributes quotes to NASA climate scientist James Hansen, when these statements are actually the opinions of others. It also misrepresents 1988 projections of global warming produced by Hansen and his colleagues, which were, in reality, accurate.",False,True,True,refutes,sciencefeedback
sciencefeedback_239_ret_b0_gn,sciencefeedback_239,Father of Global Warming’ Scientist Finally Admits Theory Is Wrong,Baxter Dmitry,"CLAIM: ‘Father of Global Warming’ Scientist Finally Admits Theory Is Wrong [...] a new study that compares real-world data to the original Scenario B model — finding no correlation — has received Hansen’s backing, with the ""Father of global warming"" admitting he is ""devastated"" by the way his data has been used by climate alarmists. [...] The article expands on this by claiming that the inaccurate analysis ""has received Hansen’s backing"", and that Hansen admitted he was ""‘devastated’ by the way his data has been used by climate alarmists"". No source is provided for these statements. The headline of the Western Journal commentary claimed ""Father of Global Warming’s Theory Devastated by Actual Data"", but there is no quote in which Hansen supports this claim. [...] So the other statement attributed to Hansen by the NewsPunch and Principia Scientific article—that he ""finally admits theory is wrong""—is also invented, as Hansen did not say this.",False,False,True,refutes,sciencefeedback
sciencefeedback_239_ret_b16_gn,sciencefeedback_239,Father of Global Warming’ Scientist Finally Admits Theory Is Wrong,Baxter Dmitry,"Father Of Global Warming Admits: It Used To Be Hotter Than It Is Now [...] James Hansen, the famed NASA scientist who stirred the climate scare when in 1988 he told a Senate committee that ""global warming"" -- yes, he used those words -- ""is already happening now,"" has never backed off his claims, despite the fact that he's been demonstrably wrong. No one this side of Al Gore has had a larger impact on trafficking in fear and trying so hard to sow panic. [...] Hansen has even admitted this.",False,False,True,insufficient-refutes,sciencefeedback
sciencefeedback_239_ret_bn_g0,sciencefeedback_239,Father of Global Warming’ Scientist Finally Admits Theory Is Wrong,Baxter Dmitry,"The article expands on this by claiming that the inaccurate analysis ""has received Hansen’s backing"", and that Hansen admitted he was ""‘devastated’ by the way his data has been used by climate alarmists"". No source is provided for these statements. The headline of the Western Journal commentary claimed ""Father of Global Warming’s Theory Devastated by Actual Data"", but there is no quote in which Hansen supports this claim. The only Hansen quote in any of these articles is taken from an article published by the Associated Press, which was titled ""James Hansen wishes he wasn’t so right about global warming"". In this article, Hansen says, ""I don’t want to be right in that sense,"" in the context of his accurate projections of the warming that has now occurred. So the other statement attributed to Hansen by the NewsPunch and Principia Scientific article—that he ""finally admits theory is wrong""—is also invented, as Hansen did not say this.",False,False,True,refutes,sciencefeedback
sciencefeedback_246,sciencefeedback_246,"[NASA] has been adjusting temperatures from the past[...] downward, while adjusting current-day temperatures upward, and those changes are responsible for most of the claimed global warming during that time.","Tony Heller, James Murphy","Scientists at NASA—as well as other groups—constantly work to ensure that the data being used to estimate global average temperatures are as accurate as possible. As time goes on, updates can lead to small changes to estimates for previous years. These changes, however, are much too small to cause the warming trend that is clear in all available datasets.",False,True,True,refutes,sciencefeedback
sciencefeedback_246_ret_b0_gn,sciencefeedback_246,"[NASA] has been adjusting temperatures from the past[...] downward, while adjusting current-day temperatures upward, and those changes are responsible for most of the claimed global warming during that time.","Tony Heller, James Murphy","CLAIM: [NASA] has been adjusting temperatures from the past—temperatures from as long ago as the mid-1800s—downward, while adjusting current-day temperatures upward, and those changes are responsible for most of the claimed global warming during that time. [...] In the unscientific formulation of [some], this means that the adjustments for this effect make the past warmer and the recent temperatures colder. But overall, the estimated global warming actually becomes smaller when taking into account all the adjustments—the opposite of [that claim]. [See figure in Mark Richardson’s comment below.] [...] Raw data show more global warming since 1880 than is reported by NOAA [or shown in other datasets]. This is because NOAA ""adjusts"" temperature data to fairly compare different measurement times, places, and technologies. The cooling effect of adjustments on global temperatures has been shown lots of times, such as with the graph below for 1880—2013 temperatures.",False,False,True,insufficient-contradictory,sciencefeedback
sciencefeedback_246_ret_b15_gn,sciencefeedback_246,"[NASA] has been adjusting temperatures from the past[...] downward, while adjusting current-day temperatures upward, and those changes are responsible for most of the claimed global warming during that time.","Tony Heller, James Murphy","Read our profile on the United States government and media. [...] Failed Fact Checks - ""[T]he raw data, the actual thermometer data[…] shows that the US has been cooling for 80 to 90 years. But the graphs they release to the public show warming trend, and it’s all because they’ve altered the data."" – Inaccurate - ""NASA scientists fudged the numbers to make 1998 the hottest year to overstate the extent of global warming."" – Pants on Fire - ""[NASA] has been adjusting temperatures from the past[…] downward, while adjusting current-day temperatures upward, and those changes are responsible for most of the claimed global warming during that time."" – Inaccurate [...] Last Updated on April 25, 2024 by Media Bias Fact Check",False,False,True,insufficient-contradictory,sciencefeedback
sciencefeedback_246_ret_bn_g13,sciencefeedback_246,"[NASA] has been adjusting temperatures from the past[...] downward, while adjusting current-day temperatures upward, and those changes are responsible for most of the claimed global warming during that time.","Tony Heller, James Murphy","There are two specific changes to the U.S. temperature observation network over the last century that have resulted in systemic cooling biases: time of observation changes at most of the stations from late afternoon to early morning, and a change in most of the instruments from liquid in glass thermometers to MMTS electronic instruments. Back in July I posted a general introduction to U.S. temperature adjustments that looked at the relative effect of each adjustment. Here I will focus in detail on the Time of Observation adjustment, which is responsible for the majority of the change in U.S. temperatures vis-à-vis raw data. In a future post I will address the pairwise homogenization algorithm, which attempts to correct for factors like the MMTS transition and the impact of urbanization on temperature trends. [...] The net effect of adjustments to correct for time of observation changes is shown in Figue 2. TOBs adjustments increase the amount of warming in the historical temperature record by just under 0.3 C, with similar adjustments to both minimum and maximum temperatures. This adjustment alone is responsible for the majority of the difference between raw and adjusted temperatures reported by NCDC.",False,False,True,insufficient-neutral,sciencefeedback
sciencefeedback_255,sciencefeedback_255,"Forward projections of solar cyclicity imply the next few decades may be marked by global cooling rather than warming, despite continuing CO2 emissions.","Craig Idso, Robert Carter, S. Fred Singer","It is difficult to project solar activity, but research shows that even a substantial lull in solar activity would be far too weak to counteract human-caused global warming.",False,True,True,insufficient-refutes,sciencefeedback
sciencefeedback_255_ret_bn_g0,sciencefeedback_255,"Forward projections of solar cyclicity imply the next few decades may be marked by global cooling rather than warming, despite continuing CO2 emissions.","Craig Idso, Robert Carter, S. Fred Singer","While regional and seasonal effects might be larger, the expected global temperature response to a future grand solar minimum similar to the Maunder Minimum is a cooling of about 0.1°C. It should be pointed out that this cooling would occur on the background of current anthropogenic warming which is about a factor of 10 larger[…] It is also clear from these numbers that a future grand solar minimum (which would last only for a few decades anyway) would not save us from global warming, as we have shown in a scientific paper* and explained in this RealClimate post. The marginal temperature differences between warming scenarios with and without a future Maunder Minimum is illustrated here: [...] Forward projections of solar variability are fraught with deep uncertainties, as exemplified by the last solar minimum. Satellite observations show this to be the weakest solar cycle in over a century. [...] The claim that the Earth may cool in coming decades due to solar variability is incorrect (even in the word ""may""). It has no bearing in any climate science, model projections, or basic physical theory. The forcing from solar variability to the heat content of the Earth system is small relative to the accelerating forcing provided by human CO2 emissions.",False,False,True,refutes,sciencefeedback
sciencefeedback_255_ret_bn_g11,sciencefeedback_255,"Forward projections of solar cyclicity imply the next few decades may be marked by global cooling rather than warming, despite continuing CO2 emissions.","Craig Idso, Robert Carter, S. Fred Singer","Throughout its long history, Earth has warmed and cooled time and again. Climate has changed when the planet received more or less sunlight due to subtle shifts in its orbit, as the atmosphere or surface changed, or when the Sun’s energy varied. But in the past century, another force has started to influence Earth’s climate: humanity. [...] Each cycle exhibits subtle differences in intensity and duration. As of early 2010, the solar brightness since 2005 has been slightly lower, not higher, than it was during the previous 11-year minimum in solar activity, which occurred in the late 1990s. This implies that the Sun’s impact between 2005 and 2010 might have been to slightly decrease the warming that greenhouse emissions alone would have caused. [...] It takes decades to centuries for Earth to fully react to increases in greenhouse gases. Carbon dioxide, among other greenhouse gases, will remain in the atmosphere long after emissions are reduced, contributing to continuing warming. In addition, as Earth has warmed, much of the excess energy has gone into heating the upper layers of the ocean. Like a hot water bottle on a cold night, the heated ocean will continue warming the lower atmosphere well after greenhouse gases have stopped increasing.",False,False,True,insufficient-refutes,sciencefeedback
sciencefeedback_255_ret_bn_g14,sciencefeedback_255,"Forward projections of solar cyclicity imply the next few decades may be marked by global cooling rather than warming, despite continuing CO2 emissions.","Craig Idso, Robert Carter, S. Fred Singer","Beyond the next few decades, how much the climate changes will depend primarily on the amount of greenhouse gases emitted into the atmosphere; how much of those greenhouse gases are absorbed by the ocean, the biosphere, and other sinks; and how sensitive Earth’s climate is to those emissions.23 Climate sensitivity is typically defined as the long-term change that would result from a doubling of carbon dioxide in the atmosphere relative to preindustrial levels; its exact value is uncertain due to the interconnected nature of the land–atmosphere–ocean system. Changes in one aspect of the system can lead to self-reinforcing cycles that can either amplify or weaken the climate system’s responses to human and natural influences, creating a positive feedback or self-reinforcing cycle in the first case and a negative feedback in the second.18 These feedbacks operate on a range of timescales from very short (essentially instantaneous) to very long (centuries). While there are uncertainties associated with modeling some of these feedbacks,24,25 the most up-to-date scientific assessment shows that the net effect of these feedbacks over the industrial era has been to amplify human-induced warming, and this amplification will continue over coming decades18 (see Box 2.3).",False,False,True,insufficient-refutes,sciencefeedback
sciencefeedback_274,sciencefeedback_274,"Magnetic poles reversals involve the Earth flipping vertically and momentarily stopping its rotation, causing cataclysmic events during 6 days.",Joe Rogan & Jimmy Corsetti,"Magnetic poles reversals do occur, but don’t involve the earth’s poles physically changing positions. The liquid core of the planet moves, generating variations of the magnetic field and occasionally, magnetic poles shift. There is no evidence that magnetic poles' reversal have had any influence on climate in the Earth’s history or generated the kind of extreme weather events claimed, by contrast carbon dioxide concentration has been shown to influence global climate in the past and present.",False,True,True,refutes,sciencefeedback
sciencefeedback_274_ret_b10_gn,sciencefeedback_274,"Magnetic poles reversals involve the Earth flipping vertically and momentarily stopping its rotation, causing cataclysmic events during 6 days.",Joe Rogan & Jimmy Corsetti,"Some theorists suggest that having no magnetic field will open the earth's surface to dangerous solar radiation that potentially might lead to global extinction of life. However, there is currently no statistical correlation that can be pointed to in the fossil record to verify this. The last reversal occurred about 780,000 years ago, and there is no evidence to show that there were mass species extinctions at that time. Other scientists argue that the magnetic field does not vanish during reversals, but merely grows weaker for a time. Although we have at least 2,000 years to wonder about it, if a reversal were to occur today, one obvious effect would be mass disruption to communications systems. Much the way solar storms can affect satellite and radio signals, a magnetic field reversal would have the same effect, though to a much more pronounced degree. Cite this Article Format mla apa chicago Your Citation Rosenberg, Matt. ""Reversal of the Earth's Magnetic Poles."" ThoughtCo, Apr. 5, 2023, thoughtco.com/what-is-magnetic-reversal-1435340. Rosenberg, Matt. (2023, April 5). Reversal of the Earth's Magnetic Poles. Retrieved from https://www.thoughtco.com/what-is-magnetic-reversal-1435340 Rosenberg, Matt. ""Reversal of the Earth's Magnetic Poles."" ThoughtCo. https://www.thoughtco.com/what-is-magnetic-reversal-1435340 (accessed October 9, 2024). copy citation",False,False,True,insufficient-neutral,sciencefeedback
sciencefeedback_274_ret_b1_gn,sciencefeedback_274,"Magnetic poles reversals involve the Earth flipping vertically and momentarily stopping its rotation, causing cataclysmic events during 6 days.",Joe Rogan & Jimmy Corsetti,"CLAIM: Shifts in the planet’s magnetic poles involve the earth doing a 90° flip, with the planet remaining still for 6 days. During this short period, cataclysmic events happen, involving heat, wind, floods, and climate change. [...] In a recent podcast episode, Comedian and Ultimate Fighting Championship commentator Joe Rogan and YouTuber Jimmy Corsetti talked about the so-called ""Adam and Eve"" theory. Even though this theory has no support in science, as we will show below, Corsetti and Rogan discussed it as if it were credible. Corsetti appears to believe that when magnetic poles reverse, the Earth flips over itself and stops rotating for six days. Corsetti also claimed that the next reversal should happen in a very near future, and that it would be cataclysmic. A clip from this interview was viewed over twenty millions times on TikTok, and several other clips were widely shared on social media. [...] The ""Adam and Eve"" theory laid out in the interview suggests that magnetic poles’ reversal includes the Earth doing a ""flip"", involving North and South poles physically changing positions. In reality, no scientific evidence indicates that the Earth ever performed such flips. This claim is extremely implausible, as there is hardly anything that could flip the Earth in such a way, apart from a collision with planets or other astronomical bodies.",False,False,True,refutes,sciencefeedback
sciencefeedback_274_ret_bn_g0,sciencefeedback_274,"Magnetic poles reversals involve the Earth flipping vertically and momentarily stopping its rotation, causing cataclysmic events during 6 days.",Joe Rogan & Jimmy Corsetti,"Unsupported: There is no evidence that magnetic reversals have any impact on climate nor is there scientific basis for the claim that the planet flips on itself within six days. Misunderstanding of science: Speculation on the imminent possibility of the next magnetic poles' reversal happening is based on confusing averages with a normal. Scientists estimate that the probability of the Earth’s magnetic field reversing within the next 20 000 years is extremely low. [...] In a recent podcast episode, Comedian and Ultimate Fighting Championship commentator Joe Rogan and YouTuber Jimmy Corsetti talked about the so-called ""Adam and Eve"" theory. Even though this theory has no support in science, as we will show below, Corsetti and Rogan discussed it as if it were credible. Corsetti appears to believe that when magnetic poles reverse, the Earth flips over itself and stops rotating for six days. Corsetti also claimed that the next reversal should happen in a very near future, and that it would be cataclysmic. A clip from this interview was viewed over twenty millions times on TikTok, and several other clips were widely shared on social media. [...] The ""Adam and Eve"" theory laid out in the interview suggests that magnetic poles’ reversal includes the Earth doing a ""flip"", involving North and South poles physically changing positions. In reality, no scientific evidence indicates that the Earth ever performed such flips. This claim is extremely implausible, as there is hardly anything that could flip the Earth in such a way, apart from a collision with planets or other astronomical bodies.",False,False,True,refutes,sciencefeedback
sciencefeedback_274_ret_bn_g1,sciencefeedback_274,"Magnetic poles reversals involve the Earth flipping vertically and momentarily stopping its rotation, causing cataclysmic events during 6 days.",Joe Rogan & Jimmy Corsetti,Magnetic poles reversals are not cataclysmic events as claimed in the ‘Adam and Eve’ theory discussed on Joe Rogan podcast,False,False,True,refutes,sciencefeedback
sciencefeedback_278,sciencefeedback_278,there has been no reduction in oceanic pH levels in the last century,Mike Wallace & James Delingpole,The acidity of the upper ocean has increased by about 30% (meaning its pH has dropped about 0.1 units) over the past century due to human emissions of CO2.,False,True,True,refutes,sciencefeedback
sciencefeedback_278_ret_bn_g1,sciencefeedback_278,there has been no reduction in oceanic pH levels in the last century,Mike Wallace & James Delingpole,"At first, scientists thought that this might be a good thing because it leaves less carbon dioxide in the air to warm the planet. But in the past decade, they’ve realized that this slowed warming has come at the cost of changing the ocean’s chemistry. When carbon dioxide dissolves in seawater, the water becomes more acidic and the ocean’s pH (a measure of how acidic or basic the ocean is) drops. Even though the ocean is immense, enough carbon dioxide can have a major impact. In the past 200 years alone, ocean water has become 30 percent more acidic—faster than any known change in ocean chemistry in the last 50 million years. [...] So far, ocean pH has dropped from 8.2 to 8.1 since the industrial revolution, and is expected by fall another 0.3 to 0.4 pH units by the end of the century. A drop in pH of 0.1 might not seem like a lot, but the pH scale, like the Richter scale for measuring earthquakes, is logarithmic. For example, pH 4 is ten times more acidic than pH 5 and 100 times (10 times 10) more acidic than pH 6. If we continue to add carbon dioxide at current rates, seawater pH may drop another 120 percent by the end of this century, to 7.8 or 7.7, creating an ocean more acidic than any seen for the past 20 million years or more.",False,False,True,refutes,sciencefeedback
sciencefeedback_278_ret_bn_g12,sciencefeedback_278,there has been no reduction in oceanic pH levels in the last century,Mike Wallace & James Delingpole,"- When CO2 dissolves in seawater, the water becomes more acidic. The acidity of the oceans has increased by 26 % since about 1850, a rate of change roughly 10 times faster than any time in the last 55 million years. [...] Since around 1850, the oceans have absorbed between a third and a half of the CO2 emitted to the atmosphere. As a result, the average pH of ocean surface waters has fallen by about 0.1 units, from 8.2 to 8.1 (Figure 2). This corresponds to a 26 % increase in ocean acidity, a rate of change roughly 10 times faster than any time in the last 55 million years. [...] Despite the different responses within and between marine groups, positive or negative, research suggests that ocean acidification will be a driver for substantial changes in ocean ecosystems this century. These changes may be made worse by the combined effect with other emerging climate-related hazards, such as the decrease of ocean oxygen levels – a condition known as ocean deoxygenation –that is already affecting marine life in some regions (Long et al. 2016).",False,False,True,refutes,sciencefeedback
sciencefeedback_284,sciencefeedback_284,Discovery Of Massive Volcanic CO2 Emissions Discredits Global Warming Theory,James Edward Kamis,"This article claims that volcanic sources of carbon dioxide are poorly understood and could well be the cause of modern global warming, rather than human activities. In reality, current annual human-caused emissions are at least 100 times greater than all volcanic emissions.",False,True,True,refutes,sciencefeedback
sciencefeedback_284_ret_b8_gn,sciencefeedback_284,Discovery Of Massive Volcanic CO2 Emissions Discredits Global Warming Theory,James Edward Kamis,"Massive volcanic carbon dioxide (CO2) emissions contributing to an extreme global ocean deoxygenation event over 120 million years ago has modern day implications for understanding a climate warming ""tipping point,"" according to new research published in Nature, led by a scientist at Ocean Networks Canada, a University of Victoria initiative. [...] ""Our work shows that massive volcanic carbon emissions led to a rapid increase in atmospheric CO2 concentrations and the crossing of a climate-warming threshold, or tipping point, that resulted in widespread ocean deoxygenation. Following this, Earth's climate system then remained in a warmed state for over two million years,"" says Bauer, who began the work while at Hong Kong University's Department of Earth Sciences and completed it at UVic.",False,False,True,insufficient-neutral,sciencefeedback
sciencefeedback_284_ret_bn_g11,sciencefeedback_284,Discovery Of Massive Volcanic CO2 Emissions Discredits Global Warming Theory,James Edward Kamis,"- https://www.sciencedaily.com/releases/2011/07/110711104755.htm Ocean Floor String of Active Volcanoes Located Near Antarctica's South Sandwich Islands - http://blogs.ei.columbia.edu/2016/02/02/el-nino-and-global-warming-whats-the-connection/ El Nino's are generated by natural forces and not Global Warming - https://phys.org/news/2016-06-earthquakes-ultraslow-mid-ocean-ridges.html Proof the Mid-Arctic Rift is Very Active and Capable of Emitting Massive Amounts of Ocean Warming and Sea Ice Melting Heat - http://www.newsweek.com/underwater-volcano-eruptions-guns-730046 One Million Sub-Sea Volcanoes and None are Monitored for heat, Methane, or CO2 Flow. [...] - https://www.jpl.nasa.gov/news/news.php?feature=6996 NASA Antarctica Volcanic Research Study - https://phys.org/news/2017-11-bolsters-theory-source-antarctica.html NASA Antarctica Volcanic Research Study - http://www.dailymail.co.uk/sciencetech/article-5060079/Mantle-plume-Antarctica-heating-ice-sheet.html NASA Antarctica Volcanic Research Study - http://www.ibtimes.com/underwater-volcano-eruptions-very-common-poorly-studied-threat-marine-travel-2623324 Underwater volcanoes which are NOT monitored greatly out number land volcanoes - http://www.sciencedirect.com/science/article/pii/S1873965214000693 Strong seismic / earthquake activity of the Mid-Artic Ridge (Rift) / fault system - https://climatechangedispatch.com/nasa-study-shows-additional-geologic-forces-behind-west-antarctic-ice-melt/ How the West Antarctic Rift / fault system is melting glaciers and has generated to Marie Byrd Mantle Plume - http://www.politifact.com/punditfact/statements/2017/nov/20/americannewscom/no-nasa-antarctica-study-didnt-discredit-climate-c/ Article claiming West Antarctic mantle plume does not damage the theory of Climate Change - https://en.wikipedia.org/wiki/Plate_tectonics Scientific Description of how major continental and oceanic segments (plates) move around and interact with each other (Continental Drift Theory).",False,False,True,insufficient-refutes,sciencefeedback
sciencefeedback_284_ret_bn_g8,sciencefeedback_284,Discovery Of Massive Volcanic CO2 Emissions Discredits Global Warming Theory,James Edward Kamis,"The eruption of Eyjafjallajökull provided an opportunity to lay certain misconceptions about volcanic carbon dioxide to rest. The volcano was estimated to have emitted between 150,000 and 300,000 tons of carbon dioxide a day; by contrast the grounding of the European air fleet prevented the emission of some 2.8 million tons in just eight days, a figure greater than the total global annual emissions from all of the volcanoes in the world. If painting The Scream today, the appropriate backdrop would not be the blood-red sky of Krakatoa’s eruption, but a sky criss-crossed with contrails: the same contrails that litter the websites of chemtrail conspiracy theorists, even, if not especially, those who deny the realities of man-made climate change. We are all looking at the same sky and seeing radically different things.",False,False,True,refutes,sciencefeedback
sciencefeedback_290_ret_b0_gn,sciencefeedback_290,Most likely the primary control knob [on climate change] is the ocean waters and this environment that we live in.,Rick Perry,"""No. Most likely the primary control knob is the ocean waters and this environment that we live in,"" Perry said in the June 19 interview. [...] Perry misidentified climate change’s main ""control knob,"" but he’s not the first Trump administration department head to fudge the facts on our warming planet. [...] Energy Secretary Rick Perry said, ""Most likely the primary control knob (for the earth’s temperature) is the ocean waters and this environment that we live in.""",False,False,True,insufficient-refutes,sciencefeedback
sciencefeedback_290_ret_bn_g19,sciencefeedback_290,Most likely the primary control knob [on climate change] is the ocean waters and this environment that we live in.,Rick Perry,"El Niño and La Niña alternately warm and cool large areas of the tropical Pacific—the world’s largest ocean—which significantly influences where and how much it rains there. The primary location of moist, rising air (over the basin’s warmest water) is centered over the central or eastern Pacific during El Niño and over Indonesia and the western Pacific during La Niña. [...] During El Niño, when the trade winds are weak or even occasionally reverse themselves, the amount of cold water that comes to the surface is reduced. Warm waters in the west Pacific Ocean slosh to the east. Now there is a large area along the equator where ocean temperatures are above normal. Heat from the ocean then goes out into the atmosphere, leading to warmer air temperatures in the Pacific and subsequently, to warmer global air temperatures (plus a cascade of other impacts). [...] Weak winds allow warm surface waters to build up in the eastern Pacific. Sometimes, but not always, the atmosphere responds to this warming with increased rising air motion and above-average rainfall in the eastern Pacific. This coordinated change in both ocean temperatures and the atmosphere begins an El Niño event. As the event develops, the warmed waters cause the winds to weaken even further, which can cause the waters to warm even more.",False,False,True,insufficient-neutral,sciencefeedback
sciencefeedback_3,sciencefeedback_3,"CO2 concentrations are increasing in Earth’s atmosphere faster than they have in the last 50,000 years.",Social media users,"Atmospheric carbon dioxide (CO2) concentrations and their current rate of increase is unprecedented in the last 50,000 years, based on ice core data. The highest increase in CO2 in that period occurred over the span of 50 years, but the same increase occurred in only the last five years – which is 10 times faster. As human emissions of CO2 increase, global temperatures rise in response through the greenhouse effect.",True,True,True,supports,sciencefeedback
sciencefeedback_3_ret_b15_gn,sciencefeedback_3,"CO2 concentrations are increasing in Earth’s atmosphere faster than they have in the last 50,000 years.",Social media users,"Chemical analysis of natural CO₂ rise over the last 50,000 years shows that today's rate is 10 times faster Today's rate of atmospheric carbon dioxide increase is 10 times faster than at any other point in the past 50,000 years, researchers have found through a detailed chemical analysis of ancient Antarctic ice. [...] ""Our research identified the fastest rates of past natural CO2 rise ever observed, and the rate occurring today, largely driven by human emissions, is 10 times higher.""",True,False,True,supports,sciencefeedback
sciencefeedback_3_ret_bn_g0,sciencefeedback_3,"CO2 concentrations are increasing in Earth’s atmosphere faster than they have in the last 50,000 years.",Social media users,"Atmospheric CO2 concentrations rising faster today than the last 50,000 years, as accurately claimed in recent social media posts Atmospheric carbon dioxide (CO2) concentrations and their current rate of increase is unprecedented in the last 50,000 years, based on ice core data. The highest increase in CO2 in that period occurred over the span of 50 years, but the same increase occurred in only the last five years – which is 10 times faster. As human emissions of CO2 increase, global temperatures rise in response through the greenhouse effect. [...] In May 2024, a number of articles and Facebook posts claimed that carbon dioxide (CO2) concentrations are increasing in Earth’s atmosphere faster than they have in the last 50,000 years. So what sparked this claim?",True,False,True,supports,sciencefeedback
sciencefeedback_3_ret_bn_g2,sciencefeedback_3,"CO2 concentrations are increasing in Earth’s atmosphere faster than they have in the last 50,000 years.",Social media users,"Today's world: Fastest rate of carbon dioxide rise over the last 50,000 years - Date: [...] - Today's rate of atmospheric carbon dioxide increase is 10 times faster than at any other point in the past 50,000 years, researchers have found through a detailed chemical analysis of ancient Antarctic ice. Today's rate of atmospheric carbon dioxide increase is 10 times faster than at any other point in the past 50,000 years, researchers have found through a detailed chemical analysis of ancient Antarctic ice.",True,False,True,supports,sciencefeedback
sciencefeedback_3_ret_bn_g6,sciencefeedback_3,"CO2 concentrations are increasing in Earth’s atmosphere faster than they have in the last 50,000 years.",Social media users,"""Atmospheric carbon dioxide levels are increasing faster than the Southern Ocean can keep up."" May 2024, AccessScience, McGraw Hill, https://doi.org/10.1036/1097-8542.aBR2405151. [...] Atmospheric carbon dioxide levels are increasing faster than the Southern Ocean can keep up. McGraw Hill’s AccessScience; 2024. https://doi.org/10.1036/1097-8542.aBR2405151 [...] Through a chemical analysis of Antarctic ice, a group of scientists from Oregon State University has discovered that Earth’s current rate of atmospheric carbon dioxide increase is 10 times faster than it has been at any point in the past 50,000 years. Carbon dioxide (CO2) is a greenhouse gas; this molecule traps heat in the atmosphere and thus contributes to the warming of Earth’s climate. Atmospheric CO2 levels have fluctuated significantly throughout geologic time. However, accumulating evidence comparing the most notable past peak levels to current trends shows an upturn that threatens ecological disaster in coming decades and centuries. See also: Antarctica; Atmosphere; Carbon dioxide; Greenhouse effect",True,False,True,supports,sciencefeedback
sciencefeedback_301,sciencefeedback_301,Water vapor is the most abundant greenhouse gas so it is the main cause of recent global warming,Facebook users,"Water vapor is fundamentally different from the other greenhouse gasses which directly cause global warming. It leaves the atmosphere in a matter of days and its atmospheric concentration is ultimately governed by temperature. It is critical for the natural greenhouse effect, but it is a negligible contributor to the enhanced greenhouse effect. We already know, beyond any reasonable doubt, that human emissions of the other greenhouse gasses is the primary cause of global warming.",False,True,True,refutes,sciencefeedback
sciencefeedback_301_ret_bn_g16,sciencefeedback_301,Water vapor is the most abundant greenhouse gas so it is the main cause of recent global warming,Facebook users,"Recent climate changes, however, cannot be explained by natural causes alone. Research indicates that natural causes do not explain most observed warming, especially warming since the mid-20th century. Rather, it is extremely likely that human activities have been the dominant cause of that warming.[2] [...] When sunlight reaches Earth’s surface, it can either be reflected back into space or absorbed by Earth. Once absorbed, the planet releases some of the energy back into the atmosphere as heat (also called infrared radiation). Greenhouse gases like water vapor (H2O), carbon dioxide (CO2), and methane (CH4) absorb energy, slowing or preventing the loss of heat to space. In this way, GHGs act like a blanket, making Earth warmer than it would otherwise be. This process is commonly known as the ""greenhouse effect."" [...] Other greenhouse gases - Water vapor is the most abundant greenhouse gas and also the most important in terms of its contribution to the natural greenhouse effect, despite having a short atmospheric lifetime. Some human activities can influence local water vapor levels. However, on a global scale, the concentration of water vapor is controlled by temperature, which influences overall rates of evaporation and precipitation.[2] Therefore, the global concentration of water vapor is not substantially affected by direct human emissions.",False,False,True,insufficient-refutes,sciencefeedback
sciencefeedback_301_ret_bn_g9,sciencefeedback_301,Water vapor is the most abundant greenhouse gas so it is the main cause of recent global warming,Facebook users,"Water vapor may be the most abundant GHG keeping the planet habitable, but it is not a major driver of long-term climate change and the recent global warming we are experiencing. It is incorrect to claim that because water vapor is natural and the greenhouse effect is natural, recent global warming must be natural. Water vapor is fundamentally different from the other GHGs which directly cause global warming. It has a negligible ERF, it leaves the atmosphere in a matter of days, and it is ultimately governed by temperature rather than human emissions. It is more of a consequence of global warming than a cause. We already know beyond any reasonable doubt that anthropogenic emissions of the other GHGs like CO2, methane, and nitrous oxide, is the primary cause of global warming. Water vapor is not relevant when it comes to the enhanced greenhouse effect in the context of recent global warming.",False,False,True,refutes,sciencefeedback
sciencefeedback_310,sciencefeedback_310,"Based on the increase of solar activity during the twentieth century, it should account for between half to two-thirds of all climate change","Cap Allon, Nir Shaviv",It is clear from many lines of evidence that human activities—not solar activity—are responsible for modern climate change.,False,True,True,insufficient-refutes,sciencefeedback
sciencefeedback_310_ret_b17_gn,sciencefeedback_310,"Based on the increase of solar activity during the twentieth century, it should account for between half to two-thirds of all climate change","Cap Allon, Nir Shaviv","Averaged over the complete solar cycle, there’s been minimal long-term change in the Sun’s overall brightness since the start of the Industrial Revolution. Records of sunspots show increased solar activity during the first 7 decades of the 20th century, likely tied to the peak of the last 100-year Gleissberg Cycle. Following that peak around 1960, solar activity declined. In fact, activity during the most recent solar cycle is among the lowest in a century. Meanwhile, the rate of global warming has accelerated over the past few decades. [...] Taken together, the increasing solar activity of the first half of the 20th century and the decreasing activity since then have largely canceled each other out in terms of their influence on global temperature. In the Sixth Assessment Report from the Intergovernmental Panel on Climate Change, experts concluded that the best estimate for the influence of the Sun on climate between the pre-industrial (1850-1900) and the present (2010-2019) was that it added 0.01 Watts per square meter to the global energy imbalance causing global warming. Such a small energy imbalance (scientists call it a radiative forcing) is likely to be responsible for no more than 0.01 degrees Celsius of warming over that period. That’s 100 times smaller than the overall warming that’s occurred on Earth over the industrial period, which the IPCC estimates as 0.95–1.2 degrees Celsius in 2011–2020 versus 1850–1900.",False,False,True,refutes,sciencefeedback
sciencefeedback_310_ret_b1_gn,sciencefeedback_310,"Based on the increase of solar activity during the twentieth century, it should account for between half to two-thirds of all climate change","Cap Allon, Nir Shaviv","Fossil fuel era [edit]The link between recent solar activity and climate has been quantified and is not a major driver of the warming that has occurred since early in the twentieth century.[24] Human-induced forcings are needed to reproduce the late-20th century warming.[25] Some studies associate solar cycle-driven irradiation increases with part of twentieth century warming.[26][27] [...] Benestad and Schmidt[45] concluded that ""the most likely contribution from solar forcing a global warming is 7 ± 1% for the 20th century and is negligible for warming since 1980."" This paper disagreed with Scafetta and West,[46] who claimed that solar variability has a significant effect on climate forcing. Based on correlations between specific climate and solar forcing reconstructions, they argued that a ""realistic climate scenario is the one described by a large preindustrial secular variability (e.g., the paleoclimate temperature reconstruction by Moberg et al.)[47] with TSI experiencing low secular variability (as the one shown by Wang et al.).[48] Under this scenario, they claimed the Sun might have contributed 50% of the observed global warming since 1900.[49] Stott et al. estimated that the residual effects of the prolonged high solar activity during the last 30 years account for between 16% and 36% of warming from 1950 to 1999.[50]",False,False,True,refutes,sciencefeedback
sciencefeedback_310_ret_b2_gn,sciencefeedback_310,"Based on the increase of solar activity during the twentieth century, it should account for between half to two-thirds of all climate change","Cap Allon, Nir Shaviv","Scientists are still debating whether or not the Sun’s activity increased during the latter half of the 20th century, but even the highest estimates of activity can’t account for the warming observed since about 1950. Studies do show that solar variability has significantly influenced past climate changes. For example, a decrease in solar activity is thought to have triggered the Northern Hemisphere’s Little Ice Age between approximately 1650 and 1850, when temperatures dipped low enough that rivers that don’t freeze in today’s human-warmed climate froze over. [...] Regardless, even when scientists assume that solar activity is increasing based on proxy data and the satellite record, they can’t account for all of the warming observed at the end of the twentieth century. Climate models can only reproduce the warming observed since 1950 when a rise in greenhouse gases is built into the system.",False,False,True,refutes,sciencefeedback
sciencefeedback_310_ret_b8_gn,sciencefeedback_310,"Based on the increase of solar activity during the twentieth century, it should account for between half to two-thirds of all climate change","Cap Allon, Nir Shaviv","If solar activity did play a significant role in recent changes in global temperatures, then those temperatures should have stayed roughly the same or even declined over the last decade. A paper from 2012 even predicted there would be a 1.0°C decrease in temperatures. Clearly this has not turned out to be the case. The hottest decade on record has coincided with the weakest solar cycle for over a century. Given this combination of factors, it is rather difficult to defend the position that solar activity is indeed responsible for present climate change without a radical shake up of the understanding of solar physics. In the graphs below we have attempted to correlate the number of sunspots with variations in global sea surface temperatures (taken from the Japan Meteorological Agency), and global surface temperatures (taken from GISTEMP data). [...] These observations of the present solar cycle make it very difficult to defend the position that solar activity is ultimately responsible for the world’s current warming trend. Instead they fit with the argument that human influences are responsible for a large amount of the recent increase in global temperatures.",False,False,True,refutes,sciencefeedback
sciencefeedback_319,sciencefeedback_319,"Ice cores from Greenland show no significant warming, casting doubt on the climate change theory",Stephen Andrews,"The effect of atmospheric CO2 concentrations on global temperatures is well established; as concentrations rise, global warming increases through the greenhouse effect. Scientific studies show that modern global warming is primarily driven by increasing CO2 emissions from human activities. Based on the available scientific evidence, solar variation has had no significant effect on modern global warming compared to rising atmospheric CO2 concentrations.",False,True,True,insufficient-neutral,sciencefeedback
sciencefeedback_319_ret_b16_gn,sciencefeedback_319,"Ice cores from Greenland show no significant warming, casting doubt on the climate change theory",Stephen Andrews,"""This is an important finding and corroborates the suspicion that the ‘missing warming’ in the ice cores is due to the fact that the cores end before the strong warming sets in,"" said climate scientist Martin Stendel of the Danish Meteorological Institute, who wasn’t part of the research. The ice cores are used to make a chart of proxy temperatures for Greenland running from the year 1000 to 2011. It shows temperatures gently sloping cooler for the first 800 years, then wiggling up and down while sloping warmer until a sharp and sudden spike hotter from the 1990s on. One scientist compared it to a hockey stick, a description used for other long-term temperature data showing climate change. READ MORE: Greenland suspends oil exploration because of climate change The jump in temperature after 1995 is so much larger than pre-industrial times before the mid-19th century that there is ""almost zero"" chance that it is anything but human-caused climate change, Hoerhold said. The warming spike also mirrors a sudden rise in the amount of water running off from Greenland’s melting ice, the study finds.",False,False,True,refutes,sciencefeedback
sciencefeedback_319_ret_b1_gn,sciencefeedback_319,"Ice cores from Greenland show no significant warming, casting doubt on the climate change theory",Stephen Andrews,"A 120,000-year long climate record from a NW-Greenland deep ice core at ultra-high resolution [...] Steffensen, J. P. et al. High-resolution Greenland ice core data show abrupt climate change happens in few years. Science321, 680–684, https://doi.org/10.1126/science.1157707 (2008). [...] Gkinis, V., Vinther, B.M., Popp, T.J. et al. A 120,000-year long climate record from a NW-Greenland deep ice core at ultra-high resolution.",False,False,True,insufficient-neutral,sciencefeedback
sciencefeedback_319_ret_b3_gn,sciencefeedback_319,"Ice cores from Greenland show no significant warming, casting doubt on the climate change theory",Stephen Andrews,"After years of research on the Greenland ice sheet – which CNN visited when the cores were drilled – scientists reported Wednesday in the journal Nature that temperatures there have been the warmest in at least the last 1,000 years – the longest amount of time their ice cores could be analyzed to. And they found that between 2001 and 2011, it was on average 1.5 degrees Celsius warmer than it was during the 20th century. [...] During pre-industrial times, there were no weather stations in Greenland that gathered temperature data like today. That’s why the scientists relied on paleoclimate data, such as ice cores, to study the region’s warming patterns. The last robust ice core analysis in Greenland ended in 1995, and that data didn’t detect warming despite climate change already being apparent elsewhere, Hörhold said. [...] Significant warming in Greenland’s ice sheet is nearing a tipping point, scientists say, which could trigger catastrophic melting. Greenland holds enough ice that if it all melted, it could lift global sea levels by roughly 24 feet, according to NASA.",False,False,True,refutes,sciencefeedback
sciencefeedback_319_ret_bn_g0,sciencefeedback_319,"Ice cores from Greenland show no significant warming, casting doubt on the climate change theory",Stephen Andrews,"The claim that there is no global warming signal from Greenland is in direct contradiction with available observations. Recent studies of ice cores from several locations in Greenland have shown that temperatures are warming faster than the natural variation of the last 1000 years. Rising temperatures in Greenland do not necessarily represent global changes. However, other studies have shown evidence of rising temperatures around the world. [...] A recent example is in an article on The Daily Sceptic, which made several claims about global warming using a small subset of the available climate data, which we will investigate below. Based on ice core data from one part of Greenland, the article claims that ""there is no significant global warming signal coming from one of the most sensitive parts of the planet"", and that these data–which show a rising temperature trend in modern times–fall within a normal (natural) variation. However, this claim is in direct contradiction with scientific findings, mischaracterizes the cited data, and excludes sufficient context about how global warming trends are studied. [...] Based on these findings, the claim made in The Daily Sceptic article regarding a lack of global warming signal from Greenland is inaccurate and a mischaracterization of the supporting data. The Hörhold et al. (2023) study–which analyzed more ice core data (with greater spatial coverage) and achieved high data correlation–found clear evidence of warming in Greenland which exceeded the natural variation of the last 1000 years[4].",False,False,True,refutes,sciencefeedback
sciencefeedback_320,sciencefeedback_320,Antarctic sea-ice extent is increasing to record levels. Antarctica is getting colder; its sea ice and ice cap are not melting,Judith Curry and Don Easterbrook,"Despite a period of slight growth between 1979 and 2014, Antarctic sea ice cover is not increasing to record levels. The trend reversed in 2014 and ice cover started to decrease vigorously. Many long-term measurements from Antarctic research stations show no significant warming or cooling trends over the whole continent, but parts of the continent are among the regions experiencing the fastest warming in the world, and the ice cap is losing mass.",False,True,True,refutes,sciencefeedback
sciencefeedback_320_ret_b15_g4,sciencefeedback_320,Antarctic sea-ice extent is increasing to record levels. Antarctica is getting colder; its sea ice and ice cap are not melting,Judith Curry and Don Easterbrook,"Sea ice surrounding Antarctica reached a new record high extent this year, covering more of the southern oceans than it has since scientists began a long-term satellite record to map sea ice extent in the late 1970s. The upward trend in the Antarctic, however, is only about a third of the magnitude of the rapid loss of sea ice in the Arctic Ocean. The new Antarctic sea ice record reflects the diversity and complexity of Earth’s environments, said NASA researchers. Claire Parkinson, a senior scientist at NASA’s Goddard Space Flight Center, has referred to changes in sea ice coverage as a microcosm of global climate change. Just as the temperatures in some regions of the planet are colder than average, even in our warming world, Antarctic sea ice has been increasing and bucking the overall trend of ice loss. [...] Since the late 1970s, the Arctic has lost an average of 20,800 square miles (53,900 square kilometers) of ice a year; the Antarctic has gained an average of 7,300 square miles (18,900 sq km). On Sept. 19 this year, for the first time ever since 1979, Antarctic sea ice extent exceeded 7.72 million square miles (20 million square kilometers), according to the National Snow and Ice Data Center. The ice extent stayed above this benchmark extent for several days. The average maximum extent between 1981 and 2010 was 7.23 million square miles (18.72 million square kilometers).",False,False,True,supports,sciencefeedback
sciencefeedback_320_ret_b18_gn,sciencefeedback_320,Antarctic sea-ice extent is increasing to record levels. Antarctica is getting colder; its sea ice and ice cap are not melting,Judith Curry and Don Easterbrook,"A new record minimum for Antarctic sea ice [...] Antarctic sea ice extent reached a new record low of 1.965 million km2 on 23 February 2022. This extent is approximately 32% below climatological values and might indicate a transition to new, more extreme, annual fluctuations. [...] Handcock, M. S. & Raphael, M. N. Modeling the annual cycle of daily Antarctic sea ice extent. The Cryosphere14, 2159–2172 (2020).",False,False,True,refutes,sciencefeedback
sciencefeedback_320_ret_bn_g0,sciencefeedback_320,Antarctic sea-ice extent is increasing to record levels. Antarctica is getting colder; its sea ice and ice cap are not melting,Judith Curry and Don Easterbrook,"Despite a period of slight growth between 1979 and 2014, Antarctic sea ice cover is not increasing to record levels. The trend reversed in 2014 and ice cover started to decrease vigorously. Many long-term measurements from Antarctic research stations show no significant warming or cooling trends over the whole continent, but parts of the continent are among the regions experiencing the fastest warming in the world, and the ice cap is losing mass. Cherry-picking Antarctic sea-ice extent reached a record high in 2014, but that was not the sign of a long term trend of expansion since a precipitous decline followed, with the sea ice extent reaching its lowest value in 40 years. [...] Former climatologist Judith Curry, who called into question the fact that humans are the dominant cause of recent climate change in Congressional Testimony, first claims that ""Antarctica sea ice extent is increasing to record levels"". Sea ice extent refers to the cumulative area of all ocean surfaces where water is covered with ice. On the other hand, the terms ice cap and ice sheet refer to ice covering terrain such as land or bedrock. In order to understand the trends in sea ice extent, scientists study its area in February and September, respectively the periods in which the ice cover retreats and peaks.",False,False,True,refutes,sciencefeedback
sciencefeedback_320_ret_bn_g1,sciencefeedback_320,Antarctic sea-ice extent is increasing to record levels. Antarctica is getting colder; its sea ice and ice cap are not melting,Judith Curry and Don Easterbrook,"Since 1979, the total annual Antarctic sea ice extent has increased about 1 percent per decade. Compared to the Arctic, the signal has been a ""noisy"" one, with wide year–to-year fluctuations. For three consecutive Septembers (2012 to 2014), satellites observed new record highs for winter sea ice extent around Antarctica. The largest of those occurred in September 2014, when the ice reached 20.14 million square kilometers (7.78 million square miles). Still, increases in Antarctic sea ice are exceeded by decreases in the Arctic. That is to say, global sea ice is decreasing even as Antarctic sea ice is increasing slightly. [...] Antarctic sea ice trends are smaller and more complex. Relative to the average from 1981 to 2010, the Antarctic sea ice extent increased about 1 percent per decade, but the trends were not consistent for all areas or all seasons. The variability in Antarctic sea ice patterns makes it harder for scientists to explain Antarctic sea ice trends and to predict how Southern Hemisphere sea ice may change as greenhouse gases continue to warm the Earth. Climate models do predict that Antarctic sea ice will respond more slowly than Arctic sea ice to warming, but as temperatures continue to rise, a long-term decline is expected.",False,False,True,insufficient-contradictory,sciencefeedback
sciencefeedback_322,sciencefeedback_322,"I am talking about the slaughter, death, and starvation of 6 billion people this century—that's what the science predicts.",Roger Hallam,"Research shows that continuing climate change results in a broad array of serious threats to humans and other species. However, counter to Hallam's statement, published studies have not predicted 6 billion human deaths this century and there is no credible mechanism referred to justify how this could happen.",False,True,True,refutes,sciencefeedback
sciencefeedback_322_ret_bn_g2,sciencefeedback_322,"I am talking about the slaughter, death, and starvation of 6 billion people this century—that's what the science predicts.",Roger Hallam,"Apocalyptic rhetoric blankets the news. Various groups claim various disasters, up to and including that billions will die within the next few decades. Greta Thunberg and President Trump shout at whoever will listen, engaging in a private (read: not private) Twitter war the rest of the time. [...] The thing is, that’s not what science actually predicts. Not really. Even if we did do something drastic enough to destroy the world, there is always enough life left after an extinction to go on – someday, anyway. We just probably wouldn’t be around to see it. [...] Let’s consider for a moment the claim by Extinction Rebellion’s Roger Hallam: ""I am talking about the slaughter, death, and starvation of 6 billion people this century—that's what the science predicts.""",False,False,True,insufficient-neutral,sciencefeedback
sciencefeedback_322_ret_bn_g8,sciencefeedback_322,"I am talking about the slaughter, death, and starvation of 6 billion people this century—that's what the science predicts.",Roger Hallam,"- Without adaptive measures, the number of people who lack sufficient water for at least one month per year will soar from 3.6 billion today to more than 5 billion by 2050. [...] Sources: IPCC - The unsustainable use of land, soil, water and energy for food contributes to greenhouse gas emissions that cause rising temperatures. Higher temperatures in turn affect resources to produce food. Up to 811 million people in the world faced hunger in 2020, as many as 161 million more than in 2019.",False,False,True,insufficient-neutral,sciencefeedback
sciencefeedback_333,sciencefeedback_333,Scientists were caught 'adjusting' sea level data to create false impression of rising oceans,"Vicki Batts, James Delingpole","Global average sea level has risen throughout the 20th century and continues to rise at an accelerating rate. Sea level rise primarily results from glacial ice melting and the expansion of seawater as it warms. Scientists do not arbitrarily adjust sea level data, but instead compare sea level measurements to stable benchmarks to generate accurate estimates of sea level change over time.",False,True,True,refutes,sciencefeedback
sciencefeedback_333_ret_b0_gn,sciencefeedback_333,Scientists were caught 'adjusting' sea level data to create false impression of rising oceans,"Vicki Batts, James Delingpole","The study, which did not appear to have been copy edited, asserted that scientists had been arbitrarily adjusting historical tide gauge data to inflate estimates of sea level rise. As evidence, the study focused on the routine corrections scientists applied to a single record in Aden, Yemen. [...] Yet, all the methods scientist use to adjust the data generally agree on the same thing, according to the most recent Intergovernmental Panel on Climate Change (IPCC) assessment: that it is ""very likely"" that the sea level has been rising by about 1.7 mm per year globally from 1900-2010 -- a rate that is now accelerating. [...] The authors’ main proof that this is the case? Their description of the raw data at Aden, Yemen (which doesn’t show dramatic rise in sea level) and that of the corrected data (which does show a rise in sea level) in a tone suggesting: ""we caught you!"" They then conclude that the adjustments to the Aden record were arbitrarily ""composed to produce a high trend, high acceleration record."" (The data they describe are freely available on the PSMSL web site).",False,False,True,refutes,sciencefeedback
sciencefeedback_333_ret_b12_gn,sciencefeedback_333,Scientists were caught 'adjusting' sea level data to create false impression of rising oceans,"Vicki Batts, James Delingpole","Global sea levels have been ticking steadily higher by about an eighth of an inch (3.2 millimeters) each year since scientists began measuring them two decades ago. That’s why Carmen Boening, a research scientist at NASA’s Jet Propulsion Laboratory in Pasadena, California, was so shocked in 2010 and 2011, when she saw a quarter-inch (five-millimeter) drop in sea level – a sudden reversal of the trend. [...] Scientists will continue learning more about the ocean’s intricacies, correcting assumptions and revising old estimates. But Willis warns against losing sight of the strong global trend toward rising sea levels.",False,False,True,insufficient-refutes,sciencefeedback
sciencefeedback_333_ret_b2_gn,sciencefeedback_333,Scientists were caught 'adjusting' sea level data to create false impression of rising oceans,"Vicki Batts, James Delingpole","Misleading: The claim that scientists were caught ""adjusting"" sea level data misrepresents the process scientists use to account for potential errors in historical sea level data. [...] The claim that ""scientists were caught ‘adjusting’ sea level data to create false impression of rising oceans"" misrepresents approaches used by scientists to account for potential errors in historical sea level data. Instruments used to measure sea level, called tide gauges, may be replaced or moved to new locations over time. To calculate actual changes in sea level despite movements of the tide gauges, sea level data is compared to a stable benchmark at each sampling site. The process of adjusting data based on benchmarks is not arbitrary, as Thomas Frederikse explains in the reviewer comments below. [...] Aden [in Yemen] is one of these records for which levelling data is available[6]. The station shows a clear rise in sea level of about 12 cm since ~1900. Now basically, the authors [of the refuted study] call this full levelling data ""arbitrary"", come up with some random alternative ""adjustments"", not backed by any reasonable argument, and voila, their manipulated sea-level data doesn’t show any sea-level rise anymore. Then they infer from their falsified data, based on this and two other records that global sea level is stable. Sea-level reconstructions, which typically include hundreds of tide-gauge records, unanimously show that sea level has risen by 15 to 25 cm since 1900.",False,False,True,refutes,sciencefeedback
sciencefeedback_333_ret_bn_g0,sciencefeedback_333,Scientists were caught 'adjusting' sea level data to create false impression of rising oceans,"Vicki Batts, James Delingpole","Global average sea level has risen throughout the 20th century and continues to rise at an accelerating rate. Sea level rise primarily results from glacial ice melting and the expansion of seawater as it warms. Scientists do not arbitrarily adjust sea level data, but instead compare sea level measurements to stable benchmarks to generate accurate estimates of sea level change over time. [...] Misleading: The claim that scientists were caught ""adjusting"" sea level data misrepresents the process scientists use to account for potential errors in historical sea level data. [...] The claim that ""scientists were caught ‘adjusting’ sea level data to create false impression of rising oceans"" misrepresents approaches used by scientists to account for potential errors in historical sea level data. Instruments used to measure sea level, called tide gauges, may be replaced or moved to new locations over time. To calculate actual changes in sea level despite movements of the tide gauges, sea level data is compared to a stable benchmark at each sampling site. The process of adjusting data based on benchmarks is not arbitrary, as Thomas Frederikse explains in the reviewer comments below.",False,False,True,refutes,sciencefeedback
sciencefeedback_337,sciencefeedback_337,"Solar forcings are not too small to explain twentieth century warming. In fact, their effect could be equal to or greater than the effect of CO2 in the atmosphere.","Craig Idso, Robert Carter, S. Fred Singer","The warming influence of CO2 has been much greater than that of the Sun over the past century, and the pattern of observed climate change cannot be explained by solar forcing.",False,True,True,refutes,sciencefeedback
sciencefeedback_337_ret_b11_gn,sciencefeedback_337,"Solar forcings are not too small to explain twentieth century warming. In fact, their effect could be equal to or greater than the effect of CO2 in the atmosphere.","Craig Idso, Robert Carter, S. Fred Singer","To see the effects of the model response to solar forcing compared to GHG + sulfate, the difference of solar + GHG + sulfate minus GHG + sulfate (solar residual) is shown in Fig. 3c. The increased global-mean warming arising from solar forcing (Fig. 1b) is manifest most markedly at high latitudes of the Northern Hemisphere associated with ice-albedo feedback, with maximum values of about +0.7°C north of 65°N in the late 1940s. Contributions in the Tropics and at high southern latitudes are about +0.1°–+0.2°C. The contribution of the solar forcing to the late twentieth-century warming is again most notable at high northern latitudes between 1985 and 1995 with values of about +0.3°C north of 70°N. The high-latitude warming associated with ice-albedo feedback was noted in the earlier studies with increased solar forcing (e.g., Wetherald and Manabe 1975). Though the impact of sulfate aerosols is greatest in the northern midlatitudes where the emissions are largest (e.g., Kiehl and Briegleb 1993; Meehl et al. 1996), warming is only slightly decreased there in Fig. 3b. The effects of the well-mixed ocean and the consequently large thermal inertia inhibit high-latitude warming in the circumpolar southern regions (e.g., Cubasch et al. 2001).",False,False,True,insufficient-neutral,sciencefeedback
sciencefeedback_337_ret_b14_gn,sciencefeedback_337,"Solar forcings are not too small to explain twentieth century warming. In fact, their effect could be equal to or greater than the effect of CO2 in the atmosphere.","Craig Idso, Robert Carter, S. Fred Singer","Benestad and Schmidt[45] concluded that ""the most likely contribution from solar forcing a global warming is 7 ± 1% for the 20th century and is negligible for warming since 1980."" This paper disagreed with Scafetta and West,[46] who claimed that solar variability has a significant effect on climate forcing. Based on correlations between specific climate and solar forcing reconstructions, they argued that a ""realistic climate scenario is the one described by a large preindustrial secular variability (e.g., the paleoclimate temperature reconstruction by Moberg et al.)[47] with TSI experiencing low secular variability (as the one shown by Wang et al.).[48] Under this scenario, they claimed the Sun might have contributed 50% of the observed global warming since 1900.[49] Stott et al. estimated that the residual effects of the prolonged high solar activity during the last 30 years account for between 16% and 36% of warming from 1950 to 1999.[50] [...] the most likely contribution from solar forcing a global warming is 7 ± 1% for the 20th century and is negligible for warming since 1980.",False,False,True,insufficient-contradictory,sciencefeedback
sciencefeedback_337_ret_bn_g2,sciencefeedback_337,"Solar forcings are not too small to explain twentieth century warming. In fact, their effect could be equal to or greater than the effect of CO2 in the atmosphere.","Craig Idso, Robert Carter, S. Fred Singer","Factually Inaccurate: No estimate of 20th century climate forcings (warming or cooling influences) shows the solar forcing to be close to the effect of increased CO2. [...] There is strong evidence that solar forcing cannot explain much of the observed warming at all. The ""fingerprint"" of solar forcing does not match the observed changes at all, neither over time nor space. Solar forcing would warm both the stratosphere and the surface of the Earth, whereas CO2 warms the surface (and the troposphere) but cools the stratosphere. Using radiosondes and (more recently) satellites, we have observed a warming surface and troposphere together with a cooling stratosphere. See Santer et al (2013)* for one of many studies providing this evidence. [...] Solar forcing is much smaller than CO2 forcing. As this figure from the latest IPCC report shows, CO2 radiative forcing (1.68 W/m2) dwarfs solar forcing (0.05 W/m2). Along with other greenhouse gases, CO2 dominates the total radiative forcing when all positive and negative factors are taken into account.",False,False,True,refutes,sciencefeedback
sciencefeedback_340_ret_b1_gn,sciencefeedback_340,Earth about to enter 30-YEAR ‘Mini Ice Age’,"Harry Pettit, Sean Martin","A mini ice age could hit the Earth in the 2030s, the first such event to occur since the early 1700s. New mathematical models of the Sun's solar cycle developed at Northumbria University suggest solar activity will see a ""significant"" drop, causing temperatures on Earth to plummet. The last mini ice age occurred between 1645 and 1715 and caused temperatures in northern Europe to fall dramatically, with London's River Thames freezing over during winter and sea ice extending for miles around the UK. The prolonged cold snap, known as the Maunder Minimum, has been linked to a reduction in the number of sunspots, as observed by scientists at the time.",False,False,True,insufficient-supports,sciencefeedback
sciencefeedback_340_ret_b8_gn,sciencefeedback_340,Earth about to enter 30-YEAR ‘Mini Ice Age’,"Harry Pettit, Sean Martin","During the winter months, colder weather typically doesn’t phase residents of the midwest or northeast United States. But things may get chillier in the coming years as scientists are predicting a mini-ice age with temperatures dropping in 2021, all thanks to the sun’s solar cycle. [...] The models show that two of the sun’s magnetic waves will decrease and become out of sync starting in 2021. As a result, the solar cycles will end up canceling each other out, sending the world into a mini-ice age that will last 33 years. [...] ""I hope global warming will be overridden by this effect, giving humankind and the Earth 30 years to sort out our pollution,"" Zharkova told Sky News. ""We have to be sorted by that time and prepare everything on Earth for the next big solar activity,"" she said.",False,False,True,supports,sciencefeedback
sciencefeedback_340_ret_bn_g16,sciencefeedback_340,Earth about to enter 30-YEAR ‘Mini Ice Age’,"Harry Pettit, Sean Martin","Earth Is About To Enter A 30-Year ‘Mini Ice Age الأرض ستدخل عصرا جليديا مصغرا لمدة 30 عاما Earth is bracing for a solar minimum: a dormant period in which the Sun radiates less energy or heat at our planet than usual. Scientists have warned that as a result of the Sun’s inactivity, Earth is likely to witness a ‘mini ice age’ that could bring extreme winters and chilly cold storms over the next 30 years. According to NASA, the Sun will reach its lowest activity in over 200 years in 2020. As it further goes into its natural hibernation phase, Earth will experience extremely cold spells which will trigger food shortages across the planet. The average temperatures could drop as much as one degree Celsius in a period lasting about 12 months. That might not sound a lot but a whole degree fall would have a significant impact on global average temperatures.",False,False,True,supports,sciencefeedback
sciencefeedback_340_ret_bn_g3,sciencefeedback_340,Earth about to enter 30-YEAR ‘Mini Ice Age’,"Harry Pettit, Sean Martin","Claim that Earth will enter ‘mini Ice Age’ for 30 years is wrong, top scientists reveal A SCARY claim that Earth is about to enter a ""Mini Ice Age"" for 30 years is probably wrong, according to top scientists. [...] Professor Zharkova, who is a controversial figure in the scientific community, claimed: ""We can only hope that the mini ice age will not be as severe as it was during the Maunder Minimum.",False,False,True,insufficient-refutes,sciencefeedback
sciencefeedback_342,sciencefeedback_342,"The cyclical activity of the Sun as well as other variations in solar and earth activity, and NOT anthropogenic CO2 emissions, are responsible for climate change",Social media user,"Solar energy output does change slightly over short-term as well as long-term cycles. However, the expected effects due to these natural cycles are far below the threshold that could account for current climate change.",False,True,True,insufficient-refutes,sciencefeedback
sciencefeedback_342_ret_b10_gn,sciencefeedback_342,"The cyclical activity of the Sun as well as other variations in solar and earth activity, and NOT anthropogenic CO2 emissions, are responsible for climate change",Social media user,"Planetary Alignments, Solar Activity and Climatic Change [...] Historical data suggest a relation between the changing level of solar activity and climatic change on Earth. Since there is also evidence that the solar cycle of activity is influenced by the alignments of the planets, through tidal interactions with the Sun, it seems that climatic change might be predicted by studying these alignments. [...] Recent cyclic changes in climate and in abundance of marine life",False,False,True,insufficient-supports,sciencefeedback
sciencefeedback_342_ret_bn_g0,sciencefeedback_342,"The cyclical activity of the Sun as well as other variations in solar and earth activity, and NOT anthropogenic CO2 emissions, are responsible for climate change",Social media user,"In his post, Monotti does not specifically state how the cyclical activity of the Sun as well as other factors can cause climate change, but he implies that variation in solar activity and in the Sun’s orbit relative to other celestial bodies, and changes in the Earth’s orbit are sufficient to explain ongoing climate change without recourse to greenhouse gas emissions and human activity. However, there is no evidence that any of these factors can explain the magnitude of the change in the earth’s climate that we are currently experiencing[2].",False,False,True,refutes,sciencefeedback
sciencefeedback_342_ret_bn_g7,sciencefeedback_342,"The cyclical activity of the Sun as well as other variations in solar and earth activity, and NOT anthropogenic CO2 emissions, are responsible for climate change",Social media user,"Since it is the Sun's energy that drives the weather system, scientists naturally wondered whether they might connect climate changes with solar variations. Yet the Sun seemed to be stable over the timescale of human civilization. Attempts to discover cyclic variations in weather and connect them with the 11-year sunspot cycle, or other possible solar cycles ranging up to a few centuries long, gave results that were ambiguous at best. These attempts got a well-deserved bad reputation. Jack Eddy overcame this with a 1976 study that demonstrated that irregular variations in solar surface activity, a few centuries long, were connected with major climate shifts. The mechanism was uncertain, but plausible candidates emerged. The next crucial question was whether a rise in the Sun's activity could explain the global warming seen in the 20th century? By the 1990s, there was a tentative answer: minor solar variations could indeed have been partly responsible for some past fluctuations... but future warming from the rise in greenhouse gases far outweighed any solar effects.(1)",False,False,True,insufficient-refutes,sciencefeedback
sciencefeedback_342_ret_bn_g9,sciencefeedback_342,"The cyclical activity of the Sun as well as other variations in solar and earth activity, and NOT anthropogenic CO2 emissions, are responsible for climate change",Social media user,"Overwhelming scientific consensus finds human activity primarily responsible for climate change. [...] The amount of solar energy received by the earth goes up and down in cycles, but overall there is no net change since the 1950s. There has, however, been a big increase in global temperatures that is too large to attribute to the sun. For this reason, NASA and other scientists say the sun is not responsible for global warming. [28] The sun has had only a minor effect on the Northern Hemisphere climate over the past 1,000 years, and global warming from human-produced greenhouse gases has been the primary cause of climate change since 1900. [26] A study found that solar activity could not have contributed to more than 10% of the observed global warming over the 20th century. [27] [...] A study published in Energy & Environment wrote, ""variations in solar activity and not the burning of fossil fuels are the direct cause of the observed multiyear variations in climatic responses."" [69] In a study by Willie Soon, PhD, Physicist at the Harvard-Smithsonian Center for Astrophysics, a strong correlation between solar radiation and temperatures in the Arctic over the past 130 years was identified. [70]",False,False,True,refutes,sciencefeedback
sciencefeedback_35,sciencefeedback_35,"Flat-topped landforms, such as buttes and mesas, are the remains of giant ancient trees. Tree features can be seen in Devils Tower, for example – the large hexagonal columns are fibers of a tree that would have been 19,000 feet tall. Other tree features can be seen in buttes and mesas, such as sloped sides and flat tops that look like tree stumps after trees are cut down.",Social media users,"Available scientific evidence shows that plateaus, mesas, buttes, and pinnacles form through geological processes of deposition and erosion. As a more erosion-resistant top layer of rock slows downward erosion, the sides of these landforms preferentially weather and erode away, leaving flat-topped landforms with sloped sides. There is no evidence that these landforms are the remains of ‘ancient trees’.",False,True,True,refutes,sciencefeedback
sciencefeedback_35_ret_b18_gn,sciencefeedback_35,"Flat-topped landforms, such as buttes and mesas, are the remains of giant ancient trees. Tree features can be seen in Devils Tower, for example – the large hexagonal columns are fibers of a tree that would have been 19,000 feet tall. Other tree features can be seen in buttes and mesas, such as sloped sides and flat tops that look like tree stumps after trees are cut down.",Social media users,"None of the pictures show the remnants of giant trees; instead, they depict various rock formations around the world. [...] None of the pictures show the stumps of ancient giant trees, reverse image searches revealed. (RELATED: Did Scientists Discover Devils Tower Was Originally A Giant Tree?) [...] Check Your Fact previously debunked a viral social media post falsely claiming scientists had discovered the Devils Tower rock formation was originally a giant tree.",False,False,True,refutes,sciencefeedback
sciencefeedback_35_ret_b1_g0,sciencefeedback_35,"Flat-topped landforms, such as buttes and mesas, are the remains of giant ancient trees. Tree features can be seen in Devils Tower, for example – the large hexagonal columns are fibers of a tree that would have been 19,000 feet tall. Other tree features can be seen in buttes and mesas, such as sloped sides and flat tops that look like tree stumps after trees are cut down.",Social media users,"The videos linked above claim that certain landforms (e.g., buttes and mesas) are remnants of giant ancient trees. However, as we will detail below, this is incorrect because it is inconsistent with over a century of evidence from geological research. Through this research, geologists determined that certain rock types are more resistant to weathering and erosion than others. When exposed to natural elements – such as wind, rain, and heat – certain rocks are more resistant to decomposition (i.e., weathering) and displacement (i.e., erosion). As a result, some rocks more quickly break down and are transported away by wind, water, and gravity, while others remain in place longer. This process is key to the shaping of many landforms – including plateaus, mesas, buttes, and pinnacles, shown in Figure 1 below.",False,False,True,refutes,sciencefeedback
sciencefeedback_35_ret_b6_gn,sciencefeedback_35,"Flat-topped landforms, such as buttes and mesas, are the remains of giant ancient trees. Tree features can be seen in Devils Tower, for example – the large hexagonal columns are fibers of a tree that would have been 19,000 feet tall. Other tree features can be seen in buttes and mesas, such as sloped sides and flat tops that look like tree stumps after trees are cut down.",Social media users,Mesas are broad flat topped mountains with at least one steep side. Buttes are smaller flat topped mountains or hills with steep slopes on all sides. [...] Depositional Features and Landforms [...] Park Landforms and Features,False,False,True,insufficient-neutral,sciencefeedback
sciencefeedback_35_ret_bn_g18,sciencefeedback_35,"Flat-topped landforms, such as buttes and mesas, are the remains of giant ancient trees. Tree features can be seen in Devils Tower, for example – the large hexagonal columns are fibers of a tree that would have been 19,000 feet tall. Other tree features can be seen in buttes and mesas, such as sloped sides and flat tops that look like tree stumps after trees are cut down.",Social media users,"Meitner, Lise meitnerium melaleuca tree melamine melanin melanism melanoma melon meltdown melting point membrane memory (computing) memory (psychology) menagerie Mendel, Gregor Johann mendelevium Mendeleyev, Dmitri Ivanovich Mendelism menhaden menhir Ménière's disease meningitis meningococcus meniscus meniscus (biology) menopause menstrual cycle mental disability mental illness menu Mercalli scale Mercator, Gerardus merchant navy Mercury (astronomy) mercury mercury fulminate Mercury project merganser meridian merino meristem merlin MERLIN array mermaid's purse mesa mescaline Mesmer, Friedrich Anton (or Franz) mesmerism mesoglea Mesolithic meson mesophyll mesosphere Mesozoic messaging Messerschmitt, Willy (Wilhelm Emil) Messier, Charles Messier catalogue metabolism metal metal detector metal fatigue metallic bond metallic character metallic glass metallographic examination metalloid metallurgy metamorphic rock metamorphism metamorphosis (biology) metazoa Metchnikoff, Elie meteor meteor-burst communications meteorite meteorology meter methanal methane methanogenic bacteria methanoic acid methanol methionine methyl alcohol methylated spirit methyl benzene methyl orange metre (science) metric system metric ton mg MHD mho mi mica Michaelmas daisy Michelson, Albert Abraham MICR micromicrobe microbiology microchip microclimate microcomputer microfiche microform micrometer (instrument) micrometre micro-organism microphone microprocessor micropropagation micropyle microscope microsurgery microtubules microwave heating microwave radiation Mid-Atlantic Ridge midge MIDI midnight sun mid-ocean ridge midwifery mifepristone mignonette migraine migration Milankovitch hypothesis mildew mile milfoil milk milking machine milk teeth Milky Way Millennium [...] butte steep-sided, flat-topped hill, formed in horizontally layered sedimentary rocks, largely in arid areas. A large butte with a pronounced tablelike profile is a mesa. Buttes and mesas are characteristic of semi-arid areas where remnants of resistant rock layers protect softer rock underneath, as in the plateau regions of Colorado, Utah, and Arizona, USA. [...] W 74 183.85 19.1 2,900–3,000",False,False,True,insufficient-neutral,sciencefeedback
sciencefeedback_353,sciencefeedback_353,"Arctic sea ice is not melting and there is no indication that we should expect the Arctic sea summer ice to disappear completely, as predicted",Allan Astrup Jensen,"Despite short-term fluctuations due to natural variability, the Arctic sea ice extent and volume has decreased over the past few decades. Scientists have established that this decrease is mostly the result of global warming due to human emissions of greenhouse gasses.",False,True,True,refutes,sciencefeedback
sciencefeedback_353_ret_bn_g19,sciencefeedback_353,"Arctic sea ice is not melting and there is no indication that we should expect the Arctic sea summer ice to disappear completely, as predicted",Allan Astrup Jensen,"The present study conducts an updated detection and attribution analysis of the observed Arctic SIA changes across all months over the 1979–2019 period by comparing three satellite observations with the CMIP6 multi-model simulations. Previous attribution studies were mostly based on sea ice extent which is defined as the total area of all grid cells with at least 15% sea ice concentration and hence is strongly grid dependent1. Here we use SIA which is defined as the actual area covered with sea ice and is more appropriate for comparison with satellite observations than sea ice extent20, having a smaller observed uncertainty than sea ice extent21. The Arctic sea ice has been melting in all months22,23,24 but most previous studies have focused on September when the largest change occurred. Considering all calendar months and utilizing individual forcing simulations, this study finds that the response to GHG increases is detected throughout the year, explaining most of the observed SIA reduction. Further, based on the quantified GHG contribution to the observed Arctic SIA reduction, the future timing of the ice-free Arctic Ocean is projected under the different Shared Socioeconomic Pathway (SSP) emission scenarios. [...] Mahlstein, I. & Knutti, R. September Arctic sea ice predicted to disappear near 2°C global warming above present. J. Geophys. Res. Atmos.117, D06104 (2012).",False,False,True,insufficient-refutes,sciencefeedback
sciencefeedback_353_ret_bn_g4,sciencefeedback_353,"Arctic sea ice is not melting and there is no indication that we should expect the Arctic sea summer ice to disappear completely, as predicted",Allan Astrup Jensen,"A new study published Tuesday in the journal Nature Communications found Arctic sea ice could disappear completely during the month of September as early as the 2030s. Even if the world makes significant cuts to planet-heating pollution today, the Arctic could still see summers free of sea ice by the 2050s, scientists reported. [...] An Arctic with no summer sea ice would send dire ripple effects around the world. The bright white ice reflects solar energy away from the Earth. When this ice melts, it exposes the darker ocean, which absorbs more heat causing additional warming – a feedback process called ""Arctic amplification."" [...] ""We can regard the Arctic sea ice as the immune system of our body which protects our body from harmful things,"" Min said. ""Without the protector, the Arctic’s condition will go from bad to worse quickly.""",False,False,True,refutes,sciencefeedback
sciencefeedback_353_ret_bn_g7,sciencefeedback_353,"Arctic sea ice is not melting and there is no indication that we should expect the Arctic sea summer ice to disappear completely, as predicted",Allan Astrup Jensen,"Studies differ widely in their predictions of when summer sea ice will melt completely. Current climate models tend to underestimate the rate of sea ice retreat.10) Prior to the events of 2007, the IPCC forecasted an ice-free Arctic for the latter part of the twenty-first century.11) The panel reported that ""the projected reduction [in global sea ice cover] is accelerated in the Arctic, where some models suggest that summer sea ice cover could disappear entirely in the high-emission A2 scenario in the latter part of the 21st century.""12) Most studies published since the sea ice collapse of 2007 expect a dramatic reduction of summer ice by the mid-2020s. In an interview with National Geographic, Mark Serreze from the National Snow and ice Data Center (NSIDC) in Boulder, Colorado is on record saying the Arctic’s summer sea ice will fully melt around 2030. Other scientists do not expect the summer ice to survive beyond 2017.13)",False,False,True,refutes,sciencefeedback
sciencefeedback_36,sciencefeedback_36,May 2024 auroras were caused by experiments from High-frequency Active Auroral Research Program (HAARP) experiments,Social media Users,"The High-frequency Active Auroral Research Program (HAARP) is a research facility that uses a high-power, high-frequency transmitter to study the physical properties and behavior of the highest point of the atmosphere, the ionosphere. Radio transmissions from HAARP only cause small effects in the ionosphere that last for a brief span of a few seconds. HAARP is incapable of causing the magnitude of aurora effects witnessed in May 2024; evidence shows these effects were caused by mass ejections of magnetized plasma from the Sun.",False,True,True,refutes,sciencefeedback
sciencefeedback_36_ret_b0_gn,sciencefeedback_36,May 2024 auroras were caused by experiments from High-frequency Active Auroral Research Program (HAARP) experiments,Social media Users,"In summary, there is conclusive evidence that the aurora observed around the globe on 10-11 May 2024 was caused by a solar storm that began erupting from the Sun on 8 May 2024. The claims attributing the auroras to HAARP experiments that coincided with this event are simply incorrect. As explained above, not only is HAARP incapable of producing the observed auroras from its limited power output, but the experiments – which were scheduled over a month in advance – were conducted to study space debris, unrelated to auroral effects.",False,False,True,insufficient-refutes,sciencefeedback
sciencefeedback_36_ret_b15_gn,sciencefeedback_36,May 2024 auroras were caused by experiments from High-frequency Active Auroral Research Program (HAARP) experiments,Social media Users,"Alaskans and visitors may be able to see an artificial airglow in the sky created by the High-frequency Active Auroral Research Program during a four-day research campaign that starts Saturday. [...] HAARP creates airglow by exciting electrons in Earth’s ionosphere, similar to how solar energy creates natural aurora, with on and off pulses of high-frequency radio transmissions. HAARP’s Ionospheric Research Instrument, a phased array of 180 high-frequency antennas spread across 33 acres, can radiate 3.6 megawatts into the upper atmosphere and ionosphere. [...] HAARP will create an airglow at a specific point in the sky. The angle of visibility for anyone wanting to look for it will depend on a person’s distance from HAARP.",False,False,True,supports,sciencefeedback
sciencefeedback_36_ret_bn_g3,sciencefeedback_36,May 2024 auroras were caused by experiments from High-frequency Active Auroral Research Program (HAARP) experiments,Social media Users,"The High-frequency Active Auroral Research Program (HAARP) is a research facility that uses a high-power, high-frequency transmitter to study the physical properties and behavior of the highest point of the atmosphere, the ionosphere. Radio transmissions from HAARP only cause small effects in the ionosphere that last for a brief span of a few seconds. HAARP is incapable of causing the magnitude of aurora effects witnessed in May 2024; evidence shows these effects were caused by mass ejections of magnetized plasma from the Sun. [...] In summary, there is conclusive evidence that the aurora observed around the globe on 10-11 May 2024 was caused by a solar storm that began erupting from the Sun on 8 May 2024. The claims attributing the auroras to HAARP experiments that coincided with this event are simply incorrect. As explained above, not only is HAARP incapable of producing the observed auroras from its limited power output, but the experiments – which were scheduled over a month in advance – were conducted to study space debris, unrelated to auroral effects.",False,False,True,refutes,sciencefeedback
sciencefeedback_362,sciencefeedback_362,"The IPCC, the Intergovernmental Panel on Climate Change, which is sort of the voice of the consensus, concedes that there has been no increase in extreme weather events.",Nigel Lawson,"Globally, there has been a clear increase in certain weather extremes including heat waves and intense rainfall events.",False,True,True,refutes,sciencefeedback
sciencefeedback_362_ret_b8_gn,sciencefeedback_362,"The IPCC, the Intergovernmental Panel on Climate Change, which is sort of the voice of the consensus, concedes that there has been no increase in extreme weather events.",Nigel Lawson,"The Intergovernmental Panel on Climate Change (IPCC) is an intergovernmental body of the United Nations. Its job is to advance scientific knowledge about climate change caused by human activities.[1] The World Meteorological Organization (WMO) and the United Nations Environment Programme (UNEP) set up the IPCC in 1988. The United Nations endorsed the creation of the IPCC later that year.[2] It has a secretariat in Geneva, Switzerland, hosted by the WMO. It has 195 member states who govern the IPCC.[3] The member states elect a bureau of scientists to serve through an assessment cycle. A cycle is usually six to seven years. The bureau selects experts in their fields to prepare IPCC reports.[4] There is a formal nomination process by governments and observer organizations to find these experts. The IPCC has three working groups and a task force, which carry out its scientific work.[4] [...] - ^ ""What is the IPCC?"". Energy & Climate Intelligence Unit. 18 October 2021. Retrieved 8 November 2022.",False,False,True,insufficient-neutral,sciencefeedback
sciencefeedback_362_ret_bn_g18,sciencefeedback_362,"The IPCC, the Intergovernmental Panel on Climate Change, which is sort of the voice of the consensus, concedes that there has been no increase in extreme weather events.",Nigel Lawson,"Broadcast regulator Ofcom upheld a complaint by prominent scientist Brian Cox and Jim Al-Khalili and the UK‘s Green Party about an interview on the BBC‘s flagship cultural affairs radio show, the Today programme. On the programme, Lawson said ""all the experts say there hasn’t been"" an increase in extreme weather events, and that the Intergovernmental Panel on Climate Change ""concedes"" this, and that, according to official figures, ""during this past 10 years […] average world temperature has slightly declined,"" the Guardian reported.22Mark Sweney. ""BBC Radio 4 broke accuracy rules in Nigel Lawson climate change interview,"" The Guardian, April 9, 2018. Archived April 14, 2018. Archive URL: https://archive.li/xeMeB [...] Lawson: For example, he said that, er, there had been a growing increase, which had been continuing, in the extreme weather events. There hasn’t been. All the experts say there haven’t been. Extreme weather events have always happened. They come and go. And some kinds of extreme weather events of a particular time increase, whereas others, like tropical storms, diminish…",False,False,True,insufficient-refutes,sciencefeedback
sciencefeedback_364,sciencefeedback_364,"Scientists predicted global cooling and were wrong, so they are wrong about global warming",Facebook users,"Some climate scientists in the 1970’s were concerned about the cooling effect of atmospheric aerosols and explored the hypothesis that it might lead to a cooling of the Earth. However, the majority of scientists at that time were actually forecasting global warming for the future. In fact, scientists have warned that elevated greenhouse gasses would cause global warming since the 19th century. Overwhelming observational evidence has resulted in the scientific consensus that global warming is real and human activities, primarily through the emissions of greenhouse gasses, is the main driver.",False,True,True,refutes,sciencefeedback
sciencefeedback_364_ret_b11_gn,sciencefeedback_364,"Scientists predicted global cooling and were wrong, so they are wrong about global warming",Facebook users,"Scientists increasingly predict warming, 1970s [edit]In the early 1970s, evidence that aerosols were increasing worldwide and that the global temperature series showed cooling encouraged Reid Bryson and some others to warn of the possibility of severe cooling. The questions and concerns put forth by Bryson and others launched a new wave of research into the factors of such global cooling.[59] Meanwhile, the new evidence that the timing of ice ages was set by predictable orbital cycles suggested that the climate would gradually cool, over thousands of years. [...] Such media coverage heralding the coming of a new ice age resulted in beliefs that this was the consensus among scientists, despite this not being reflected by the scientific literature. As it became apparent that scientific opinion was in favor of global warming, the public began to express doubt over how trustworthy the science was.[59] The argument that scientists were wrong about global cooling, so therefore may be wrong about global warming has been called ""the ""Ice Age Fallacy"" by Time author Bryan Walsh.[79]",False,False,True,insufficient-contradictory,sciencefeedback
sciencefeedback_364_ret_b5_gn,sciencefeedback_364,"Scientists predicted global cooling and were wrong, so they are wrong about global warming",Facebook users,"The reasons to disbelieve that humans are causing global warming are many and varied, skeptics say. For example: Natural factors such as long-term variations in solar radiation are causing the rise in worldwide average temperature. The urban heat island effect is skewing modern weather data, so the warming observed in recent decades isn’t real. And besides, not long ago experts all believed the Earth was cooling, not warming. Actually, research has shown that many such ideas are bogus. While changes in solar output have slightly increased global average temperature since the beginning of the Industrial Revolution, the planet-warming effect of man-made greenhouse gases is about 20 times larger (""Heated dispute"" letter, SN: 10/27/07, p. 271). And although cities are warmer than neighboring rural areas, that phenomenon doesn’t mask recent warming trends in long-established cities (""Don’t blame the cities,"" SN Online: 9/5/08). Now, new research also skewers the global warming skeptics’ claim that, in the 1970s, scientists believed that an ice age was imminent. Researchers of the day had discovered that Earth had been cooling since the 1940s. Some believed that continued increases in the amount of planet-cooling aerosols kicked up or emitted by human activity — dust and smog, for example — could easily tip the planet into an ever-deepening cycle of cooling, skeptics have repeatedly pointed out. That wave of concern was obviously a false alarm, the skeptics note, so maybe today’s scientists are equally mistaken about global warming.",False,False,True,refutes,sciencefeedback
sciencefeedback_364_ret_bn_g18,sciencefeedback_364,"Scientists predicted global cooling and were wrong, so they are wrong about global warming",Facebook users,"A persistent argument designed to discredit the field of climate science is that scientists predicted an ice age in the 1970s. So popular in fact that it ranks an impressive #7 in the most cited skeptic arguments. The logic goes that climate scientists got it completely wrong predicting global cooling in the 1970s (it started warming instead). Hence climate science can't be trusted about current global warming predictions. Setting aside the logical flaws of such an ad hominem argument, was there any consensus among 70s climate scientists predicting global cooling? [...] The paper surveys climate studies from 1965 to 1979 (and in a refreshing change to other similar surveys, lists all the papers). They find very few papers (7 in total) predict global cooling. This isn't surprising. What surprises is that even in the 1970s, on the back of 3 decades of cooling, more papers (42 in total) predict global warming due to CO2 than cooling. Figure 1: Number of papers classified as predicting future global cooling (blue) or warming (red). In no year were there more global cooling papers than global warming papers.",False,False,True,refutes,sciencefeedback
sciencefeedback_364_ret_bn_g3,sciencefeedback_364,"Scientists predicted global cooling and were wrong, so they are wrong about global warming",Facebook users,"In this post on Facebook from 9 December 2023, it is claimed that global warming is a paranoia that climatologists created after their predictions of extreme global cooling leading to a new ice-age did not materialize. The caption of the Facebook Reel lists various statements labeled as ""facts"", including the inaccurate claims that ""Science is wrong on Global Warming"" because ""Science was wrong on Global Cooling"". This post has been shared hundreds of times and reached thousands of viewers who may not know that global cooling was not a mainstream climate theory in the 1970’s. As we explained above, there were more scientists at that time projecting and modeling future global warming. In addition, the claim that ""Science is wrong on Global Warming"" is inaccurate because the reality of global warming has been unequivocal for years, verified by overwhelming observational evidence resulting in the scientific consensus. Hypotheses that were investigated in the past by scientists, like the one on global cooling, do not invalidate today’s proven scientific concepts that accurately represent observed reality, like current global warming.",False,False,True,refutes,sciencefeedback
sciencefeedback_385_ret_b0_gn,sciencefeedback_385,Surface air temperatures at the bottom of the world have risen three times faster than the global average since the 1990s.,Henry Fountain,"Over that same time period, global average surface temperatures have increased 0.6°C, equating to a rate of 0.2°C per decade. So it’s accurate to say that South Pole temperatures have increased at three times the global average. But it’s important to note that this is a statement about the South Pole, specifically, and not broadly representative of Antarctica as a whole. As illustrated in the figure below, other Antarctic stations recorded a slower rate of warming, while others have even cooled over this time period. Unlike the Arctic, which has seen a widespread and rapid rate of warming, the Antarctic experiences particularly variable weather patterns. These are driven by natural oscillations of regional ocean surface temperatures and atmospheric circulation[2,3,4,5]. [...] REFERENCES - 1- Clem et al. (2020) Record warming at the South Pole during the past three decades, Nature Climate Change - 2- Simpkins et al. (2014) Tropical Connections to Climatic Change in the Extratropical Southern Hemisphere: The Role of Atlantic SST Trends, Journal of Climate - 3- van der Broeke and van Lipzig (2003) Factors Controlling the Near-Surface Wind Field in Antarctica, Monthly Weather Review - 4- Kowk and Comiso (2002) Spatial patterns of variability in Antarctic surface temperature: Connections to the Southern Hemisphere Annular Mode and the Southern Oscillation, Geophysical Research Letters - 5- Marshall and Thompson (2016) The signatures of large‐scale patterns of atmospheric variability in Antarctic surface temperatures, JGR Atmospheres",True,False,True,insufficient-contradictory,sciencefeedback
sciencefeedback_385_ret_b1_gn,sciencefeedback_385,Surface air temperatures at the bottom of the world have risen three times faster than the global average since the 1990s.,Henry Fountain,"The South Pole is warming at a rate nearly three times faster than the global average, scientists have discovered. And much of that warming is linked to climate cycles happening thousands of miles away in the tropics. [...] The study, led by Kyle Clem of Victoria University of Wellington in New Zealand, examined surface air temperatures at the world's southernmost weather observatory: the Amundsen-Scott station, located almost directly on top of the geographic South Pole. It's a lonely, snow-covered outpost in the middle of the Antarctic continent, in a place where winter temperatures can drop below minus 100 degrees Fahrenheit. The researchers found that temperatures there have been rising by about a degree Fahrenheit each decade since the start of the 1990s. That's about three times faster than the global average.",True,False,True,supports,sciencefeedback
sciencefeedback_385_ret_bn_g11,sciencefeedback_385,Surface air temperatures at the bottom of the world have risen three times faster than the global average since the 1990s.,Henry Fountain,"Human-induced warming reached approximately 1°C (likely between 0.8°C and 1.2°C) above pre-industrial levels in 2017, increasing at 0.2°C (likely between 0.1°C and 0.3°C) per decade (high confidence). Global warming is defined in this report as an increase in combined surface air and sea surface temperatures averaged over the globe and over a 30-year period. Unless otherwise specified, warming is expressed relative to the period 1850–1900, used as an approximation of pre-industrial temperatures in AR5. For periods shorter than 30 years, warming refers to the estimated average temperature over the 30 years centred on that shorter period, accounting for the impact of any temperature fluctuations or trend within those 30 years. Accordingly, warming from pre- industrial levels to the decade 2006–2015 is assessed to be 0.87°C (likely between 0.75°C and 0.99°C). Since 2000, the estimated level of human-induced warming has been equal to the level of observed warming with a likely range of ±20% accounting for uncertainty due to contributions from solar and volcanic activity over the historical period (high confidence). {1.2.1} Warming greater than the global average has already been experienced in many regions and seasons, with higher average warming over land than over the ocean (high confidence). Most land regions are experiencing greater warming than the global average, while most ocean regions are warming at a slower rate. Depending on the temperature dataset considered, 20–40% of the global human population live in regions that, by the decade 2006–2015, had already experienced warming of more than 1.5°C above pre-industrial in at least one season (medium confidence). {1.2.1, 1.2.2}",True,False,True,insufficient-supports,sciencefeedback
sciencefeedback_409,sciencefeedback_409,The long-term tide gauge datasets are all in agreement that there is no acceleration,Willis Eschenbach,"Peer-reviewed global analyses of both tide gauge and satellite data have demonstrated that sea level rise has, in fact, accelerated in recent decades.",False,True,True,refutes,sciencefeedback
sciencefeedback_409_ret_b0_gn,sciencefeedback_409,The long-term tide gauge datasets are all in agreement that there is no acceleration,Willis Eschenbach,"CLAIM: The long-term tide gauge datasets are all in agreement that there is no acceleration, neither in the early nor in the recent parts of the records. Yes, they often porpoise a bit above and a bit below the trend line, but there is no evidence of any CO2-caused recent increase in the rate of sea-level rise. The satellite dataset, on the other hand, is a splice of a selected four of the nine available satellite sea-level datasets. The changes in trend seem to be associated with the splices. Unfortunately, this spliced record is both too short and too fractured to draw any conclusions about acceleration.",False,False,True,insufficient-neutral,sciencefeedback
sciencefeedback_409_ret_b2_gn,sciencefeedback_409,The long-term tide gauge datasets are all in agreement that there is no acceleration,Willis Eschenbach,"With that as prologue, I decided to look at the longest sea-level records and see if there is any acceleration. We have a few of these that have 100 to 150+ years of data. This is long enough to remove most of the long-term tidal cycles. As above, I used the CEEMD method to remove the cycles, leaving just the underlying residual. To start with, I looked at the sea-level data for Cuxhaven in Germany. It’s a 176-year dataset. [...] So those are the majority of the long tidal datasets. I gotta say, I am simply not seeing the acceleration claimed by the boffins. I don’t know just how they’ve calculated their results, but the best long-term datasets that we have simply don’t show the acceleration that they claim to find. [...] The long-term tide gauge datasets are all in agreement that there is no acceleration, neither in the early nor in the recent parts of the records. Yes, they often porpoise a bit above and a bit below the trend line, but there is no evidence of any CO2-caused recent increase in the rate of sea-level rise.",False,False,True,supports,sciencefeedback
sciencefeedback_409_ret_bn_g13,sciencefeedback_409,The long-term tide gauge datasets are all in agreement that there is no acceleration,Willis Eschenbach,"One thing which is not a matter of opinion is that all these data sets show acceleration. Their rates go both up and down in a complex pattern, but for all of them, modern times are dominated by increasing rates. The presence of acceleration — both throughout the record and in the most recent decades — is testified by every one of these data sets. [...] For all the satellite data sets, we can see the acceleration if we study their residuals from a straight-line fit, but we don’t trust ""looks like"" — we go with the statistical tests. They’re unanimous: acceleration. [...] The latest series of posts (about sea level) started with Dave Burton denying the existence of acceleration in tide gauge records from individual stations. We proved him wrong; he refused to admit his mistake. Our recent look at the satellite data from NOAA/STAR was because Kip Hansen claimed it not only failed to show acceleration, it demonstrated the absence of acceleration. We proved him wrong too, and he has yet to admit his mistake. As often happens with climate deniers, when confronted with actual analysis he resorted to claiming the data he picked wasn’t good enough to do the job.",False,False,True,refutes,sciencefeedback
sciencefeedback_409_ret_bn_g7,sciencefeedback_409,The long-term tide gauge datasets are all in agreement that there is no acceleration,Willis Eschenbach,"Wenzel and Schröter (2010) and Ray and Douglas (2011) report that there is no significant acceleration of GMSLR in their time series. On the other hand, Jevrejeva et al. (2008) evaluate the acceleration of GMSLR as about 0.01 mm yr−2 for 1700–2003, while Church and White (2011) find 0.009 ± 0.004 mm yr−2 for 1900–2009. Church and White (2006) report an acceleration of 0.013 ± 0.006 mm yr−2 for 1870–2001 in an earlier version of the dataset of Church and White (2011). In this paper, we do not show results for the earlier version, but we have analyzed it in the same way as the other four tide gauge time series and the results are close to those we obtain for the later version.",False,False,True,insufficient-contradictory,sciencefeedback
sciencefeedback_410,sciencefeedback_410,"Peer-reviewed studies, geologic records, and all the studies have shown that we have actually cooled since the Roman Warming Period, and likely since the Medieval Warming Period.",Marc Morano,"There have been regional climate events over the past 2,000 years, which can be seen in records of past climate. However, analysis of global temperatures for this time period shows that current warming is unique in its extent and has exceeded earlier temperatures.",False,True,True,refutes,sciencefeedback
sciencefeedback_410_ret_bn_g0,sciencefeedback_410,"Peer-reviewed studies, geologic records, and all the studies have shown that we have actually cooled since the Roman Warming Period, and likely since the Medieval Warming Period.",Marc Morano,"Claim that the Earth has cooled since Medieval or Roman times is contradicted by available data [...] A recent study1 analyzing a global database of paleoclimate records found that no previous warm or cool period in the last 2,000 years—including the Roman Warm Period and the Medieval Warm Period (also called the Medieval Climate Anomaly)—occurred globally and synchronously. But 20th Century temperatures were the warmest of the last 2,000 years for nearly the entire surface of the Earth. [...] 2) For the Northern Hemisphere (where we have much better proxy data and a better understanding of the uncertainties), we come to similar conclusions—in Wilson et al (2016)2 we find that the two warmest decades of our reconstruction (from 918 to 2004 CE) were 1994–2003 and 1946–1955. Coming in 3rd place is 1161–1170 CE. So, the latest in large-scale temperature reconstructions do NOT support a claim that temperatures either in the Medieval or Roman periods were warmer than today.",False,False,True,refutes,sciencefeedback
sciencefeedback_410_ret_bn_g1,sciencefeedback_410,"Peer-reviewed studies, geologic records, and all the studies have shown that we have actually cooled since the Roman Warming Period, and likely since the Medieval Warming Period.",Marc Morano,"Claim that the Earth has cooled since Medieval or Roman times is contradicted by available data [...] Research does not show a Medieval Warm Period warmer than the present day [...] Earth’s mean temperature over the last 2,000 years shows two previous periods when temperatures were warmer than they are now; from 1–200 A.D., an epoch called the Roman Warm Period, and more recently the Medieval Warm Period from 900–1100 A.D.",False,False,True,refutes,sciencefeedback
sciencefeedback_410_ret_bn_g14,sciencefeedback_410,"Peer-reviewed studies, geologic records, and all the studies have shown that we have actually cooled since the Roman Warming Period, and likely since the Medieval Warming Period.",Marc Morano,"Of course, our understanding of millenial temperatures has improved greatly. The reconstructions extend further back than they did originally. The analysis methods have improved, so we have more confidence in the results. We can use many different proxies to reconstruct these temperatures, so have better spatial and temporal resolution. This allows for an improved understanding of variability and of the role of both internal and external perturbations. However, the big picture has changed little. A warm period about 1000 years ago, typically referred to as the Medieval Warm Period, a general cooling towards what is referred to as the Little Ice Age, and then the modern warm period, that appears unprecedented in the last 1000 years, or so. I think it’s important to realise that all of this is part of the normal scientific process. Early work will have limited data and will often use methods that have not been tried before. With time, we collect more data, develop improved methods, and – consequently – improve our understanding. We might even conclude that some of the early work used methods that we’d no longer regard as suitable. This doesn’t suddenly invalidate the earlier work, or imply kind of some nefarious intent. It seems pretty clear that the big picture presented by the early millenial temperature reconstructions have stood the test of time. I hope I, one day, have a paper that is still relevant, and being discussed, 20 years after being published.",False,False,True,refutes,sciencefeedback
sciencefeedback_411,sciencefeedback_411,[A] series of just-released studies by working-level scientists prove that geological and not atmospheric forces are responsible for melting of Earth’s polar ice sheets.,James Edward Kamis,"The studies that this article points to make no such claim. This research characterizes the varying temperature conditions at the base of glaciers that cause them to either freeze to the ground or sit on thawed ground. This has important implications for understanding how different portions of the ice sheet will respond to global warming, but it does not explain the glacial ice loss measured over the last century.",False,True,True,refutes,sciencefeedback
sciencefeedback_411_ret_b0_gn,sciencefeedback_411,[A] series of just-released studies by working-level scientists prove that geological and not atmospheric forces are responsible for melting of Earth’s polar ice sheets.,James Edward Kamis,"In what amounts to dissension from National Aeronautics and Space Administration (NASA) climate change policy, a series of just-released studies by working-level scientists prove that geological and not atmospheric forces are responsible for melting of Earth’s polar ice sheets. [...] It is now abundantly clear that even respected mainstream NASA geologists and glaciologists are advocating that formerly underappreciated geological forces working in concert with atmospheric forces are responsible for polar ice cap melting. Here we note that in many cases these geological forces are dominant and, in some cases, the complete cause of modern-day and ancient polar ice cap melting",False,False,True,insufficient-supports,sciencefeedback
sciencefeedback_411_ret_bn_g0,sciencefeedback_411,[A] series of just-released studies by working-level scientists prove that geological and not atmospheric forces are responsible for melting of Earth’s polar ice sheets.,James Edward Kamis,"In what amounts to dissension from National Aeronautics and Space Administration (NASA) climate change policy, a series of just-released studies by working-level scientists prove that geological and not atmospheric forces are responsible for melting of Earth’s polar ice sheets. [...] It is now abundantly clear that even respected mainstream NASA geologists and glaciologists are advocating that formerly under-appreciated geological forces working in concert with atmospheric forces are responsible for polar ice cap melting. Here we note that in many cases these geological forces are dominant and, in some cases, the complete cause of modern-day and ancient polar ice cap melting",False,False,True,insufficient-supports,sciencefeedback
sciencefeedback_411_ret_bn_g2,sciencefeedback_411,[A] series of just-released studies by working-level scientists prove that geological and not atmospheric forces are responsible for melting of Earth’s polar ice sheets.,James Edward Kamis,"What they found was alarming. The Greenland ice sheet, parts of the Antarctic ice sheet, and Arctic sea ice are melting at rates that are unprecedented in the last 10,000 years. [...] Ice sheets in Antarctica and Greenland may have already passed the point of no return; their collapse could raise sea levels by 10 metres [...] The Greenland ice sheet is also melting at an accelerating rate, and could add a further seven metres to sea levels. Models show that the Greenland ice sheet will collapse when the Earth warms to 1.5°C above pre-industrial levels, which could happen as soon as 2030.",False,False,True,insufficient-contradictory,sciencefeedback
sciencefeedback_443,sciencefeedback_443,We do not know if CO2 is the cause of global warming,Holman W. Jenkins Jr.,"We know that CO2 causes global warming through the greenhouse effect based on overwhelming evidence from data collected over decades of investigation. There is international scientific consensus that elevated atmospheric-CO2 from human emissions is not just a cause of global warming, it is the leading cause of global warming.",False,True,True,refutes,sciencefeedback
sciencefeedback_443_ret_bn_g2,sciencefeedback_443,We do not know if CO2 is the cause of global warming,Holman W. Jenkins Jr.,"Why does CO2 drive global warming when there is only 0.04% of it in the atmosphere? And why isn’t water vapor the major driving factor? [...] Both water vapor and CO2 are responsible for global warming, and once we increase the CO2 in the atmosphere, the oceans warm up, which inevitably triggers an increase in water vapor. But while we have no way to control water vapor, we can control CO2. And because we are increasing the amount of CO2 in the atmosphere by continuing to burn fossil fuels, even in relatively small amounts compared to the entire mass of the atmosphere, we are disturbing the entire heat balance of the planet. For more information on how carbon dioxide traps heat, why water vapor isn’t the culprit, and answers to several other interesting questions, check out this post: How Exactly Does Carbon Dioxide Cause Global Warming?",False,False,True,insufficient-refutes,sciencefeedback
sciencefeedback_453,sciencefeedback_453,"Sea-level rise does not seem to depend on ocean temperature, and certainly not on CO2",Fred Singer,"Global sea level has risen significantly over the last century, and at an accelerating rate. Multiple lines of evidence clearly demonstrate that this is largely due to the expansion of warming seawater (an inescapable consequence of the laws of physics) and the melting of glacial ice on land.",False,True,True,refutes,sciencefeedback
sciencefeedback_453_ret_b10_gn,sciencefeedback_453,"Sea-level rise does not seem to depend on ocean temperature, and certainly not on CO2",Fred Singer,"Whereas our CMIP5 analysis supports the hypothesis that seasonal-to-interannual sea level variability will increase relative to changes in ocean temperature variability due to nonlinearity of the EOS, the EOS alone does not constrain future sea level variability to increase in a warming ocean. From this perspective, future sea level variability could also remain constant with reduced temperature variability. Indeed, CMIP5 models diverge substantially in the projected amount of sea level variability increase because of the uncertainty in ocean temperature variability changes (respectively, stippling in Figs. 1c, d and 4c, d; see also shading in Fig. 6). Certainly also contributing to future sea level and temperature variability changes in CMIP5 are changes in the variability of atmospheric forcing. Because such forcing impacts variability in the oceans locally as well as globally, the effects of atmospheric changes are difficult to separate from those of increased oceanic thermal expansion and stratification in coupled climate model simulations. For this reason, we consider how thermal expansion and stratification impact sea level and thermocline variability (a proxy for temperature variability) in an analytic, reduced-gravity ocean model prescribed with future warming but otherwise unchanged atmospheric forcing.",False,False,True,insufficient-refutes,sciencefeedback
sciencefeedback_453_ret_b1_gn,sciencefeedback_453,"Sea-level rise does not seem to depend on ocean temperature, and certainly not on CO2",Fred Singer,"""Early-stage [sea level rise] was driven primarily by warming of the atmosphere due to increased CO2,"" he says. ""But more and more, we see sea level rise being driven by different kinds of feedbacks within the system. Nowadays, the majority of sea level rise that we get both in Greenland and Antarctica is primarily driven by heat within the ocean—and that's not necessarily the ocean warming up directly because of ongoing climate change. It's more about shifting patterns of winds that are moving deep warm water around and causing it to come into contact with the glaciers."" [...] Farther in the future, the differences between the best- and worst-case scenarios grow even starker. Unlike world temperatures, sea level rise responds slowly to climate change, and we can confidently expect that the oceans will keep rising long after we stop all our climate pollution. By the year 2300, even with strong action to control climate change this century, we could plausibly see a meter or more of sea level rise; in the worst case, the seas could rise a staggering 10 meters (33 feet) or more. Over the centuries, the chances of Antarctic ice sheets collapsing also rise. ""On a long enough timeline, we lose virtually all ice on Earth,"" Minchew says. ""Over geological timescales, it’s rare to have ice sheets at the poles.""",False,False,True,refutes,sciencefeedback
sciencefeedback_453_ret_bn_g13,sciencefeedback_453,"Sea-level rise does not seem to depend on ocean temperature, and certainly not on CO2",Fred Singer,"Warming temperatures contribute to sea level rise by: expanding ocean water; melting mountain glaciers and ice caps; and causing portions of the Greenland and Antarctic ice sheets to melt or flow into the ocean.Since 1870, global sea level has risen by about 7.5 inches.[2] Estimates of future sea level rise vary for different regions, but global sea level for the next century is expected to rise at a greater rate than during the past 50 years.[2] Studies project global sea level to rise by another 1 to 4 feet by 2100, with an uncertainty range of 0.66 to 6.6 feet.[1] [...] Regional and local factors will influence future relative sea level rise for specific coastlines around the world. For example, relative sea level rise depends on land elevation changes that occur as a result of subsidence (sinking) or uplift (rising). Assuming that these historical geological forces continue, a 2-foot rise in global sea level by 2100 would result in the following relative sea level rise:- 2.3 feet at New York City - 2.9 feet at Hampton Roads, Virginia - 3.5 feet at Galveston, Texas - 1 foot at Neah Bay in Washington state Relative sea level rise also depends on local changes in currents, winds, salinity, and water temperatures, as well as proximity to thinning ice sheets.[2]",False,False,True,insufficient-refutes,sciencefeedback
sciencefeedback_453_ret_bn_g9,sciencefeedback_453,"Sea-level rise does not seem to depend on ocean temperature, and certainly not on CO2",Fred Singer,"Happer, for example, says that climate-change advocates ignore the fact that there have been several periods, including the last 10 years, in which there has been no warming, and that temperatures in fact cooled during the period from roughly 1940 to 1970. Sea levels are indeed rising, he also says, but they have been rising since the end of the last Ice Age, and there is no evidence that the rate is increasing. Suckewer adds that his own research has convinced him that human activity has little to do with rising CO2 levels, much of which is caused by water vapor and ocean currents. Those forces, he says, are so vast, complex, and imperfectly understood that efforts to ""fix"" them would be folly. [...] One more crucial observation is that rising sea levels are almost certainly not the most immediate threat implied by the current dynamics within the world meteorological system. Much more devastating would be more frequent and violent weather events, severe multiyear shifts in rainfall patterns producing destructive floods or droughts, collapse of ecosystems upon which human populations depend, and the interruption of the flow of major ocean currents due to buildup of fresh water on the surface of the oceans. Any or all of the above could occur without any major shift in the mean values of any ""key variable"" such as CO2 emissions.",False,False,True,insufficient-supports,sciencefeedback
sciencefeedback_458,sciencefeedback_458,"the IPCC is wrong − the sun, not CO2, drove modern global warming",Roger Higgs,"This article presents a long list of inaccurate claims, but focuses on the idea that the Sun—rather than human-caused greenhouse gas emissions—is responsible for global warming. The available evidence and research clearly shows that this claim is incorrect. Measured patterns of warming, and monitoring of incoming solar energy, rule out the Sun as the source of warming.",False,True,True,refutes,sciencefeedback
sciencefeedback_458_ret_bn_g0,sciencefeedback_458,"the IPCC is wrong − the sun, not CO2, drove modern global warming",Roger Higgs,"This article presents a long list of inaccurate claims, but focuses on the idea that the Sun—rather than human-caused greenhouse gas emissions—is responsible for global warming. The available evidence and research clearly shows that this claim is incorrect. Measured patterns of warming, and monitoring of incoming solar energy, rule out the Sun as the source of warming. [...] Solar forcing is much smaller than CO2 forcing. As this figure from the latest IPCC report shows, CO2 radiative forcing (1.68 W/m2) dwarfs solar forcing (0.05 W/m2). Along with other greenhouse gases, CO2 dominates the total radiative forcing when all positive and negative factors are taken into account. [...] There is strong evidence that solar forcing cannot explain much of the observed warming at all. The ""fingerprint"" of solar forcing does not match the observed changes at all, neither over time nor space. Solar forcing would warm both the stratosphere and the surface of the Earth, whereas CO2 warms the surface (and the troposphere) but cools the stratosphere. Using radiosondes and (more recently) satellites, we have observed a warming surface and troposphere together with a cooling stratosphere. See Santer et al (2013)* for one of many studies providing this evidence.",False,False,True,refutes,sciencefeedback
sciencefeedback_458_ret_bn_g9,sciencefeedback_458,"the IPCC is wrong − the sun, not CO2, drove modern global warming",Roger Higgs,"While many people may be unaware of this good news, they do react to each weather or climate disaster in the news. Activist scientists and the media quickly seize upon each extreme weather event as having the fingerprints of manmade climate change — ignoring the analyses of more sober scientists showing periods of even more extreme weather in the first half of the 20th century, when fossil fuel emissions were much smaller. [...] To further complicate climate model projections for the 21st century, the climate models focus only on manmade climate change – they make no attempt to predict natural climate variations from the sun’s output, volcanic eruptions and long-term variations in ocean circulation patterns. We have no idea how natural climate variability will play out in the 21st century, and whether or not natural variability will dominate over manmade warming.",False,False,True,insufficient-supports,sciencefeedback
sciencefeedback_463,sciencefeedback_463,There isn’t yet any empirical evidence for their claim that greenhouse gases even cause temperatures to increase.,Rush Limbaugh,"Human-caused global warming is not a theoretical, future prediction—it has already occurred. Warming of the atmosphere and oceans is extensively documented, and the role of increased greenhouse gases in this warming has been determined from multiple lines of evidence.",False,True,True,refutes,sciencefeedback
sciencefeedback_463_ret_bn_g19,sciencefeedback_463,There isn’t yet any empirical evidence for their claim that greenhouse gases even cause temperatures to increase.,Rush Limbaugh,"Lindzen accepts the main principle of the greenhouse effect, that increasing greenhouse gases (like CO2) will cause a radiative forcing that, all other things being equal, will cause the surface to warm. He uses an odd measure of its effectiveness though, claiming that a doubling of CO2 will lead to a ‘2%’ increase in the greenhouse effect. How has he defined the greenhouse effect here? Well, a doubling of CO2 is about a 4 W/m2 forcing at the tropopause, which is roughly 2% of the total upward longwave (LW) (~240 W/m2). But does that even make sense as a definition of the greenhouse effect? Not really. On a planet with no greenhouse effect (but similar albedo) the upward LW would also be 240 W/m2, but the absorbed LW in the atmosphere would be zero, so it would make much more sense to define the greenhouse effect as the amount of LW absorbed (~150 W/m2). In which case, doubling of CO2 is initially slightly more*, but as soon as any feedbacks (particularly water vapour or ice albedo changes) kick in, that would increase.",False,False,True,insufficient-supports,sciencefeedback
sciencefeedback_463_ret_bn_g5,sciencefeedback_463,There isn’t yet any empirical evidence for their claim that greenhouse gases even cause temperatures to increase.,Rush Limbaugh,"Some scientists propose that greenhouse gases act like a blanket surrounding Earth, keeping Earth approximately 33 oC warmer than expected for a planet at Earth’s distance from Sun. Blankets are well-known to slow the loss of thermal energy from a body of matter, but a blanket has no way to increase the amplitudes of oscillation at every frequency of oscillation. A blanket cannot be the source of new thermal energy required to increase the temperature of the body under the blanket, unless it is an electric blanket that adds thermal energy from somewhere else. [...] What is most surprising, given the importance of greenhouse gases in today’s politics, is that greenhouse gases absorbing infrared radiation have never been shown by experiment, a cornerstone of the scientific method, to cause any significant increase in air temperature as explained at JustProveCO2.com. Greenhouse gases absorbing infrared radiation have never been shown by experiment to cause any significant increase in air temperature.",False,False,True,supports,sciencefeedback
sciencefeedback_463_ret_bn_g6,sciencefeedback_463,There isn’t yet any empirical evidence for their claim that greenhouse gases even cause temperatures to increase.,Rush Limbaugh,"The well-established theory that man-made CO2 is causing global warming is supported as well as any chain of evidence in a rock-solid court case. CO2 keeps the Earth warmer than it would be without it. It has done so for most of geological time. Humans are adding substantial amounts of CO2 to the atmosphere, mainly by burning fossil fuels. Empirical evidence abounds to support the contention that the rising temperatures are being caused by that increasing CO2. [...] Greenhouse gases act like a blanket, keeping the Earth warm by preventing some of the sun’s energy being re-radiated from Earth's warmed surface, back out into space. If we add more greenhouse gases to the atmosphere, the effect is like wrapping yourself in a thicker blanket: even less heat is lost. So how can we tell what effect CO2 is having on temperatures, and if the increase in atmospheric CO2 is really making the planet warmer? [...] The final piece of evidence is ‘the smoking gun’, the proof that CO2 is causing the increase in temperature. CO2 traps energy at very specific wavelengths, while other greenhouse gases trap different wavelengths. In physics, these wavelengths can be measured using a technique called spectroscopy. Here’s an example:",False,False,True,refutes,sciencefeedback
sciencefeedback_469,sciencefeedback_469,"18 proxies tell us the world was the same or warmer 1,000 years ago",Joanne Nova,"Although periods of regional warming or cooling can be caused by natural variability (or events like volcanic eruptions), human-caused warming of the entire planet has led to the highest global temperatures of the last 2,000 years.",False,True,True,refutes,sciencefeedback
sciencefeedback_469_ret_b13_gn,sciencefeedback_469,"18 proxies tell us the world was the same or warmer 1,000 years ago",Joanne Nova,"The temperature record of the last 2,000 years is reconstructed using data from climate proxy records in conjunction with the modern instrumental temperature record which only covers the last 170 years at a global scale. Large-scale reconstructions covering part or all of the 1st millennium and 2nd millennium have shown that recent temperatures are exceptional: the Intergovernmental Panel on Climate Change Fourth Assessment Report of 2007 concluded that ""Average Northern Hemisphere temperatures during the second half of the 20th century were very likely higher than during any other 50-year period in the last 500 years and likely the highest in at least the past 1,300 years."" The curve shown in graphs of these reconstructions is widely known as the hockey stick graph because of the sharp increase in temperatures during the last century. As of 2010[update] this broad pattern was supported by more than two dozen reconstructions, using various statistical methods and combinations of proxy records, with variations in how flat the pre-20th-century ""shaft"" appears. Sparseness of proxy records results in considerable uncertainty for earlier periods.[2] [...] The 2007 IPCC Fourth Assessment Report cited 14 reconstructions, 10 of which covered 1,000 years or longer, to support its conclusion that ""Average Northern Hemisphere temperatures during the second half of the 20th century were very likely higher than during any other 50-year period in the last 500 years and likely the highest in at least the past 1,300 years"".[7]",False,False,True,insufficient-supports,sciencefeedback
sciencefeedback_469_ret_bn_g10,sciencefeedback_469,"18 proxies tell us the world was the same or warmer 1,000 years ago",Joanne Nova,"Thermometers, ice cores, isotopes. Because each of these approaches measures slightly different things - atmosphere versus ocean, gases versus isotopes, temperatures hundreds of years ago versus temperatures millions of years ago, seasonal versus annual versus time-averaged temperatures - matching them up with one another and building one continuous record of temperature through Earth’s history is a difficult task. This problem becomes even harder as we move further back in time because our ability to assign an exact age to a measurement decreases. To ensure we make the most accurate measurements possible, each proxy requires a specific expertise in the field and in the lab in addition to an understanding of how these methods work in modern settings through empirical observations and/or experimentation. Because these proxies tell us slightly different stories, scientists applying different methods to the geologic record with the same goal of better understanding and quantifying ancient Earth’s temperatures must collaborate to tell the complete story of our planet’s past. Events like the Paleoclimate Symposium at the Smithsonian's National Museum of Natural History provide forums in which scientists can share their knowledge, discuss these problems, and reach a working consensus as a community.",False,False,True,insufficient-neutral,sciencefeedback
sciencefeedback_469_ret_bn_g14,sciencefeedback_469,"18 proxies tell us the world was the same or warmer 1,000 years ago",Joanne Nova,"The basic conclusion of Mann et al. (1998, 1999) was that the late 20th century warmth in the Northern Hemisphere was unprecedented during at least the last 1,000 years. This conclusion has subsequently been supported by an array of evidence that includes both additional large-scale surface temperature reconstructions and pronounced changes in a variety of local proxy indicators, such as melting on ice caps and the retreat of glaciers around the world. Not all individual proxy records indicate that the recent warmth is unprecedented, although a larger fraction of geographically diverse sites experienced exceptional warmth during the late 20th century than during any other extended period from A.D. 900 onward. [...] Surface temperature reconstructions for the last 2,000 years are consistent with other evidence of global climate change and can be considered as additional supporting evidence. In particular, the numerous indications that recent warmth is unprecedented for at least the last 400 years and potentially the last several millennia, in combination with estimates of external climate forcing variations over the same period, support the conclusion that human activities are responsible for much of the recent warming. However, the uncertainties in the reconstructions of surface temperature and external forcings for the period prior to the instrumental record render this evidence less conclusive than the other lines of evidence cited above. It should also be noted that the scientific consensus regarding human-induced global warming would not be substantively altered if, for example, the global mean surface temperature 1,000 years ago was found to be as warm as it is today.",False,False,True,insufficient-supports,sciencefeedback
sciencefeedback_472,sciencefeedback_472,"The current solar minimum could last for more than three decades which could lead to temperatures plummeting across the globe, scientists have warned.",Sean Martin,"Express articles repeat this claim frequently, but research does not support the idea of imminent global cooling due to low solar activity. It is not known that a ""grand solar minimum"" will occur, but even if it did, the temperature effect would be much smaller than human-caused warming.",False,True,True,refutes,sciencefeedback
sciencefeedback_472_ret_b15_gn,sciencefeedback_472,"The current solar minimum could last for more than three decades which could lead to temperatures plummeting across the globe, scientists have warned.",Sean Martin,"The most famous example of this is the Maunder minimum, which saw seven decades of freezing weather, began in 1645 and lasted through to 1715, and happened when sunspots were exceedingly rare. [...] Now, scientists are concerned that we could face another prolonged solar minimum again. [...] The researchers stated in the study published in the journal Nature: ""Recently discovered long-term oscillations of the solar background magnetic field associated with double dynamo waves generated in inner and outer layers of the Sun indicate that the solar activity is heading in the next three decades (2019–2055) to a Modern grand minimum similar to Maunder one.""",False,False,True,supports,sciencefeedback
sciencefeedback_472_ret_b2_gn,sciencefeedback_472,"The current solar minimum could last for more than three decades which could lead to temperatures plummeting across the globe, scientists have warned.",Sean Martin,"Misunderstanding of science: A solar minimum would not cause cold weather across the globe. [...] UPDATE (19 August 2019): The article has been corrected again, removing the incorrect claim about Northern Hemisphere temperatures during the Maunder Minimum and clarifying the likely climate impact of a hypothetical grand solar minimum in the future. [...] While regional and seasonal effects might be larger, the expected global temperature response to a future grand solar minimum similar to the Maunder Minimum is a cooling of about 0.1°C. It should be pointed out that this cooling would occur on the background of current anthropogenic warming which is about a factor of 10 larger. To claim that temperatures will fall dramatically is thus not really justified. It is also clear from these numbers that a future grand solar minimum (which would last only for a few decades anyway) would not save us from global warming, as we have shown in a scientific paper and explained here. The marginal temperature differences between warming scenarios with and without a future Maunder Minimum is illustrated here:",False,False,True,refutes,sciencefeedback
sciencefeedback_472_ret_b9_gn,sciencefeedback_472,"The current solar minimum could last for more than three decades which could lead to temperatures plummeting across the globe, scientists have warned.",Sean Martin,"What happens if the next solar cycle becomes less active? Will we enter into a new ice age? [...] In more depth, scientists know that even a prolonged Grand Solar Minimum would only serve to offset a few years of warming caused by human activities. In other words, warming caused by the greenhouse gas emissions from the human burning of fossil fuels is 6 times greater than the possible decades-long cooling from a prolonged Grand Solar Minimum. Even if a Grand Solar Minimum were to last for a century, global temperatures would still continue to warm. Because the Sun is not the only factor affecting global temperatures on Earth.",False,False,True,insufficient-supports,sciencefeedback
sciencefeedback_472_ret_bn_g16,sciencefeedback_472,"The current solar minimum could last for more than three decades which could lead to temperatures plummeting across the globe, scientists have warned.",Sean Martin,"Why did Earth’s surface temperature stop rising in the past decade? [...] During the last decade, a longer than usual solar minimum cycle, several volcanic eruptions, and relatively low amounts of water vapor in the stratosphere may have helped cool the atmosphere temporarily. But recent research suggests that the Earth’s natural climate variability—natural, short-term fluctuations in the climate system that occur on a year-to-year basis or longer—may have played the most pivotal role of all by transferring excess heat from the Earth’s surface into the deep ocean. [...] Kosaka Y., and S-P. Xie (2013) Recent global-warming hiatus tied to equatorial Pacific surface cooling. Nature, 501, 403-407, doi: 10.1038/nature12534",False,False,True,insufficient-supports,sciencefeedback
sciencefeedback_478,sciencefeedback_478,"changes in the solar orbit of the earth, along with alterations to the earth’s axial tilt, are both responsible for what climate scientists today have dubbed as “warming”[...]. In no way, shape, or form are humans warming or cooling the planet",Ethan Huff,"Slowly changing orbital cycles did, indeed, control the timing of ice ages over the last several million years, but they cannot explain the much more rapid climate change seen in the last century. Human-caused greenhouse gas emissions have strengthened Earth's greenhouse effect, and this is clearly the cause of global warming.",False,True,True,refutes,sciencefeedback
sciencefeedback_478_ret_bn_g6,sciencefeedback_478,"changes in the solar orbit of the earth, along with alterations to the earth’s axial tilt, are both responsible for what climate scientists today have dubbed as “warming”[...]. In no way, shape, or form are humans warming or cooling the planet",Ethan Huff,"It was the year 1958, to be precise, when NASA first observed that changes in the solar orbit of the earth, along with alterations to the earth’s axial tilt, are both responsible for what climate scientists today have dubbed as ""warming"" (or ""cooling,"" depending on their agenda). In no way, shape, or form are humans warming or cooling the planet by driving SUVs or eating beef, in other words. [...] As for earth’s obliquity, or its change in axial tilt, the below two images (Robert Simmon, NASA GSFC) show the degree to which the earth can shift on both its axis and its rotational orientation. At the higher tilts, earth’s seasons become much more extreme, while at lower tilts they become much more mild. A similar situation exists for earth’s rotational axis, which depending on which hemisphere is pointed at the sun during perihelion, can greatly impact the seasonal extremes between the two hemispheres. Based on these different variables, Milankovitch was able to come up with a comprehensive mathematical model that is able to compute surface temperatures on earth going way back in time, and the conclusion is simple: Earth’s climate has always been changing, and is in a constant state of flux due to no fault of our own as human beings.",False,False,True,supports,sciencefeedback
sciencefeedback_478_ret_bn_g9,sciencefeedback_478,"changes in the solar orbit of the earth, along with alterations to the earth’s axial tilt, are both responsible for what climate scientists today have dubbed as “warming”[...]. In no way, shape, or form are humans warming or cooling the planet",Ethan Huff,"Even more subtle motions exist. The circle traced out in the sky by the North Pole has little wobbles on it, because of a sort of rocking motion called nutation. Over a cycle of about 41,000 years, the tilt of the spin axis actually varies from about 22 to 25 degrees. In the first part of the 20th century the Serbian mathematician Milutin Milankovitch proposed that such variations in tilt, along with slight changes in the shape of Earth’s orbit, have triggered climate change in the past. Climate scientists now widely accept this model as explaining one of the many triggers of the onset and ending of ice ages. [...] Taking into account all that has been learned about Earth’s past and present, one can speculate in an informed way about what the future may hold for the planet. This involves exploring two basic scenarios: one in which humans have no effect or role and another in which people influence the course of events in various possible ways.",False,False,True,insufficient-contradictory,sciencefeedback
sciencefeedback_483,sciencefeedback_483,Melting of Arctic sea ice and polar icecaps is not occurring at ‘unnatural’ rates and does not constitute evidence of a human impact on the climate.,"Craig Idso, Robert Carter, S. Fred Singer",The rapid loss of glacial ice and Arctic sea ice cover is consistent with and most likely due to human impact on the climate system.,False,True,True,insufficient-refutes,sciencefeedback
sciencefeedback_483_ret_bn_g2,sciencefeedback_483,Melting of Arctic sea ice and polar icecaps is not occurring at ‘unnatural’ rates and does not constitute evidence of a human impact on the climate.,"Craig Idso, Robert Carter, S. Fred Singer","Insightful Bloomberg coverage on the rapidly changing Arctic: sea ice melt and permafrost thawing in Bloomberg, by Blacki Migliozzi & Eric Roston — 21 Apr 2017 Declining Arctic sea ice cover and thawing permafrost are both complex feedbacks that amplify global warming: The loss of reflective sea ice means more sunlight absorbed by the dar... [...] Heartland Institute report incorrectly claims no evidence of human impacts in melting ice",False,False,True,refutes,sciencefeedback
sciencefeedback_483_ret_bn_g4,sciencefeedback_483,Melting of Arctic sea ice and polar icecaps is not occurring at ‘unnatural’ rates and does not constitute evidence of a human impact on the climate.,"Craig Idso, Robert Carter, S. Fred Singer","Analysis of ""Next year or the year after, the Arctic will be free of ice"" [...] In popular video, Dan Peña falsely claims humans aren’t causing climate change [...] Heartland Institute report incorrectly claims no evidence of human impacts in melting ice",False,False,True,refutes,sciencefeedback
sciencefeedback_483_ret_bn_g5,sciencefeedback_483,Melting of Arctic sea ice and polar icecaps is not occurring at ‘unnatural’ rates and does not constitute evidence of a human impact on the climate.,"Craig Idso, Robert Carter, S. Fred Singer","Global temperatures have risen an average of 1.4˚ F since 1880. Sea ice in the Arctic has thinned and decreased in the last few decades; the Greenland and Antarctic ice sheets are decreasing in mass. The North and South Poles are warming faster than anywhere else on Earth. Glaciers are retreating on mountains all over the world. Spring snow cover in the Northern Hemisphere has decreased over the last 50 years. [...] Here is how scientists know that the climate change we are experiencing is mainly due to human activity and not a result of natural phenomenon. [...] Evidence from ocean sediments, ice cores, tree rings, sedimentary rocks and coral reefs show that the current warming is occurring 10 times faster than it did in the past when Earth emerged from the ice ages, at a rate unprecedented in the last 1,300 years.",False,False,True,refutes,sciencefeedback
sciencefeedback_483_ret_bn_g6,sciencefeedback_483,Melting of Arctic sea ice and polar icecaps is not occurring at ‘unnatural’ rates and does not constitute evidence of a human impact on the climate.,"Craig Idso, Robert Carter, S. Fred Singer","2014 is set to be one of the hottest years on record. This comes at a time when Arctic summer sea ice melted to its sixth-lowest extent this year: 1.9m square miles. 2012 still holds the record, with just 1.32m square miles of sea ice by the summer’s end. [...] Before human-propelled climate change began to warm the Arctic, the summer and winter extents of Arctic sea ice were fairly consistent from year to year, and a good deal of Arctic sea ice would endure over multiple years to form a resilient, year-round layer of ice over the ocean, helping to keep temperatures cool. [...] As warming conditions over the past few decades have intensified summer melting of the Arctic ice cap, more of the ocean’s surface has been exposed to the sun’s rays. When solar rays hit sea ice, the light-colored ice reflects much of it back into space; this effect is called ""albedo."" Open, dark Arctic Ocean water absorbs a lot more solar energy than it reflects, however, warming the sea water. This makes it harder for new ice to form in the fall and winter, and for multi-year ice to last through the summer.",False,False,True,refutes,sciencefeedback
sciencefeedback_497,sciencefeedback_497,"""A third of Antarctic ice shelf risks collapse as our planet warms""",Amy Woodyatt,Ice shelves are floating sheets of ice that are connected to land masses. They gain and lose surface ice over time depending on snowfall and atmospheric and ocean temperatures. A recent study found that 34% of the Antarctic ice shelf is vulnerable to collapse under a future climate scenario that is 4°C above pre-industrial levels.,True,True,True,supports,sciencefeedback
sciencefeedback_497_ret_b2_gn,sciencefeedback_497,"""A third of Antarctic ice shelf risks collapse as our planet warms""",Amy Woodyatt,"Third of Antarctic ice shelf area at risk of collapse as planet warms More than a third of the Antarctic's ice shelf area could be at risk of collapsing into the sea if global temperatures reach 4°C above pre-industrial levels, new research has shown. [...] It found that 34% of the area of all Antarctic ice shelves—around half a million square kilometers—including 67% of ice shelf area on the Antarctic Peninsula, would be at risk of destabilization under 4°C of warming. Limiting temperature rise to 2°C rather than 4°C would halve the area at risk and potentially avoid significant sea level rise.",True,False,True,supports,sciencefeedback
sciencefeedback_497_ret_bn_g1,sciencefeedback_497,"""A third of Antarctic ice shelf risks collapse as our planet warms""",Amy Woodyatt,"One-third of Antarctic ice shelf area at risk of collapse as planet warms [...] - Study shows highest warming scenario would put 34% of Antarctic's ice shelf area at risk of fracture and collapse from melting and run-off - including 67% of the Antarctic Peninsular ice shelf area. This would allow glaciers to flow freely into the sea causing sea level rise. More than a third of the Antarctic's ice shelf area could be at risk of collapsing into the sea if global temperatures reach 4°C above pre-industrial levels, new research has shown.",True,False,True,supports,sciencefeedback
sciencefeedback_497_ret_bn_g7,sciencefeedback_497,"""A third of Antarctic ice shelf risks collapse as our planet warms""",Amy Woodyatt,"Long-term thinning from surface and basal melting preconditions the ice shelf to collapse. Negative mass balances on tributary glaciers can lead to thinning of the glaciers and ice shelves. The highest rates of thinning are where relatively warm ocean currents can access the base of ice shelves through deep troughs[9,10]. Ice-shelf structure seems to be important, with sutures between tributary glaciers resulting in weaker areas of thinner ice, which are susceptible to rifting[11]. [...] Increased atmospheric temperatures lead to surface melting and ponding on the ice surface. Catastrophic ice-shelf collapsed tend to occur after a relatively warm summer season, with increased surface melting[12]. Based on the seasonality of ice shelf break up, and the geographic distribution of ice shelf collapse near the southerly-progressing -9°C isotherm, it appears that surface ponding is necessary for ice-shelf collapse[12]. This meltwater melts downwards into the ice shelf, causing fractures and leading to rapid ice-berg calving[5, 12]. Increased surface meltwater also leads to snow saturation, filling crevasses with water and increasing hydrostatic pressures. Brine infiltration can also cause crack over deepening. [...] With glaciers thinning, accelerating and receding in response to ice shelf collapse[20, 21], more ice is directly transported into the oceans, making a direct contribution to sea level rise. Sea level rise due to ice shelf collapse is as yet limited, but large ice shelves surrounding some of the major Antarctic glaciers could be at risk, and their collapse would result in a significant sea level rise contribution[22]. See Marine Ice Sheet Instability for more information.",True,False,True,insufficient-supports,sciencefeedback
sciencefeedback_497_ret_bn_g9,sciencefeedback_497,"""A third of Antarctic ice shelf risks collapse as our planet warms""",Amy Woodyatt,"A third of Antarctic ice shelf risks collapse at 4°C above pre-industrial levels, as accurately described in CNN article",True,False,True,supports,sciencefeedback
sciencefeedback_501_ret_bn_g3,sciencefeedback_501,'Global warming' is a myth — so say 80 graphs from 58 peer-reviewed scientific papers published in 2017.,James Delingpole,"Now Updated: 300 Non-Hockey Stick Graphs ""[W]hen it comes to disentangling natural variability from anthropogenically affected variability the vast majority of the instrumental record may be biased."" — Büntgen et al., 2017 [...] Stenni et al., 2017 ""A recent effort to characterize Antarctic and sub-Antarctic climate variability during the last 200 years also concluded that most of the trends observed since satellite climate monitoring began in 1979 CE cannot yet be distinguished from natural (unforced) climate variability (Jones et al., 2016), and are of the opposite sign [cooling, not warming] to those produced by most forced climate model simulations over the same post-1979 CE interval. … (1) Temperatures over the Antarctic continent show an overall cooling trend during the period from 0 to 1900CE, which appears strongest in West Antarctica, and (2) no continent-scale warming of Antarctic temperature is evident in the last century."" [...] Rydval et al., 2017 ""[T]he recent summer-time warming in Scotland is likely not unique when compared to multi-decadal warm periods observed in the 1300s, 1500s, and 1730s""",False,False,True,insufficient-neutral,sciencefeedback
sciencefeedback_504,sciencefeedback_504,The EU could SEIZE and SCRAP your old car if it doesn't meet their criteria as part of their climate agenda.,Peter Imanuelsen (aka Peter Sweden),"The EU Commission’s proposal focuses on regulatory measures aimed at manufacturers and the automotive industry; it doesn’t target car owners or consumers. Increasing the circularity of car parts and materials is expected to reduce the need for production and shipping of new materials, thereby lowering greenhouse gas emissions associated with manufacturing and transport.",False,True,True,refutes,sciencefeedback
sciencefeedback_504_ret_b0_gn,sciencefeedback_504,The EU could SEIZE and SCRAP your old car if it doesn't meet their criteria as part of their climate agenda.,Peter Imanuelsen (aka Peter Sweden),"One such viral post was published by Peter Imanuelsen, also known as ""Peter Sweden"", who has regularly shared climate change misinformation according to Climate Action Against Disinformation. Imanuelsen claimed that the EU could ""SEIZE and SCRAP your old car if it doesn’t meet their criteria as part of their climate agenda."" His post further claimed that the state would dictate ""how long you will be allowed to own your car"", suggesting there would be mandatory scrapping of vehicles that miss their regular EU checkup for two years or if the cost of repairing a car exceeds its market value. In reality, the EU Commission’s proposal does not mandate the seizure and scrapping of vehicles simply for not meeting certain environmental criteria. Instead, it provides guidelines for assessing vehicles that are neither economically repairable nor roadworthy, without stipulating specific consequences. In accordance with this, Annex 1 of the ELV proposal specifies that a vehicle is considered economically irreparable if its market value is lower than the cost of the necessary repairs required to meet road worthiness standards in the Member State where it is registered. This clause relates to evaluating the economic viability of repairing a vehicle; it does not enforce the seizure and scrapping of vehicles based solely on their condition.",False,False,True,refutes,sciencefeedback
sciencefeedback_504_ret_b9_gn,sciencefeedback_504,The EU could SEIZE and SCRAP your old car if it doesn't meet their criteria as part of their climate agenda.,Peter Imanuelsen (aka Peter Sweden),"Every year, only about two-thirds of the 10 million end-of-life cars in Europe are recorded as having been deregistered and scrapped. The rest disappear, according to a European Commission report published this week.",False,False,True,insufficient-neutral,sciencefeedback
sciencefeedback_504_ret_bn_g0,sciencefeedback_504,The EU could SEIZE and SCRAP your old car if it doesn't meet their criteria as part of their climate agenda.,Peter Imanuelsen (aka Peter Sweden),"EU is not passing law to ‘seize and scrap’ cars under climate agenda, contrary to Peter Sweden claim [...] One such viral post was published by Peter Imanuelsen, also known as ""Peter Sweden"", who has regularly shared climate change misinformation according to Climate Action Against Disinformation. Imanuelsen claimed that the EU could ""SEIZE and SCRAP your old car if it doesn’t meet their criteria as part of their climate agenda."" His post further claimed that the state would dictate ""how long you will be allowed to own your car"", suggesting there would be mandatory scrapping of vehicles that miss their regular EU checkup for two years or if the cost of repairing a car exceeds its market value. In reality, the EU Commission’s proposal does not mandate the seizure and scrapping of vehicles simply for not meeting certain environmental criteria. Instead, it provides guidelines for assessing vehicles that are neither economically repairable nor roadworthy, without stipulating specific consequences. In accordance with this, Annex 1 of the ELV proposal specifies that a vehicle is considered economically irreparable if its market value is lower than the cost of the necessary repairs required to meet road worthiness standards in the Member State where it is registered. This clause relates to evaluating the economic viability of repairing a vehicle; it does not enforce the seizure and scrapping of vehicles based solely on their condition.",False,False,True,refutes,sciencefeedback
sciencefeedback_507,sciencefeedback_507,Human additions of CO2 are in the margin of error of current measurements and the gradual increase in CO2 is mainly from oceans degassing as the planet slowly emerges from the last ice age.,Cole Ryan,"Atmospheric CO2 has increased rapidly as a result of human activities. Although human-caused emissions of CO2 are small relative to natural flows into and out of the atmosphere, the human contribution has caused an imbalance in the global carbon cycle that jeopardizes land and ocean ecosystems.",False,True,True,insufficient-contradictory,sciencefeedback
sciencefeedback_507_ret_bn_g0,sciencefeedback_507,Human additions of CO2 are in the margin of error of current measurements and the gradual increase in CO2 is mainly from oceans degassing as the planet slowly emerges from the last ice age.,Cole Ryan,"The claim appeared in multiple outlets, including Watts Up With That, the Daily Signal, and a Facebook post published by I Love Carbon Dioxide in April 2020. While human additions of CO2 are small relative to natural processes, atmospheric CO2 measurements are currently much higher than pre-industrialization CO2 levels and not within the ""margin of error of current estimates,"" as described by the reviewers below[1,2]. The ocean does release CO2, but scientific evidence demonstrates that oceans have absorbed approximately 23% of global anthropogenic CO2 emissions since the Industrial Revolution, thus serving as a net sink rather than a source of CO2[3,4]. This claim also fails to recognize that human-induced CO2 emissions have caused imbalances in the global carbon cycle. [...] Secondly, the claim that the increase results as ""the Planet emerges from the last ice age"" is wrong for multiple reasons. Firstly, ice-core atmospheric CO2 records suggest that such a strong increase (from 280ppm to 412 ppm) is unprecedented in the last 800,000 years. Secondly, these records also show that the speed at which atmospheric CO2 increases is unprecedented in the ice-core record history.",False,False,True,refutes,sciencefeedback
sciencefeedback_507_ret_bn_g12,sciencefeedback_507,Human additions of CO2 are in the margin of error of current measurements and the gradual increase in CO2 is mainly from oceans degassing as the planet slowly emerges from the last ice age.,Cole Ryan,"Human beings are now dramatically changing our planet and altering the environment by modifying the global carbon cycle through anthropogenic carbon dioxide (CO2) emissions from the burning of fossil fuels. The CO2 concentration of air was around 280 ppm in 1750 AD (the beginning of Industrial Revolution), but it has increased over the last two centuries and is currently above 400 ppm. Carbon dioxide is one of the primary greenhouse gases in Earth’s atmosphere, together with water vapor, methane, nitrous oxide, and others. The Intergovernmental Panel on Climate Change (IPCC) intermediate RCP 6.0 scenarios (IPCC 2013b) predicts that the CO2 concentration in air will increase to 720–1000 ppm by 2100 AD and that the global mean temperature will rise by 2.6 °C. Comparison of CO2 concentrations in the atmosphere with fossil-fuel burning data indicates that about 60% of fossil-fuel emissions remain in the air. The remainder is mainly absorbed by the ocean, which may provide some relief from severe warming.",False,False,True,refutes,sciencefeedback
sciencefeedback_507_ret_bn_g16,sciencefeedback_507,Human additions of CO2 are in the margin of error of current measurements and the gradual increase in CO2 is mainly from oceans degassing as the planet slowly emerges from the last ice age.,Cole Ryan,"Carbon dioxide combines with water to form carbonic acid, which then dissociates to form bicarbonate ions and hydrogen ions (H+), so that increasing concentrations of CO2 in the atmosphere have been decreasing the pH (acidifying) of the surface ocean (NRC, 2010c). Since the preindustrial period, pH has declined by approximately 0.1 pH unit corresponding to a 30 percent increase in acidity. By 2100, the acidity is projected to increase by 100-150 percent compared to preindustrial values. Geologic records indicate that when the increase in atmospheric CO2 is gradual, oceanic pH and carbonate levels remain relatively stable due to processes that occur in equilibrium, such as dissolution of CaCO3 shells, weathering of terrestrial rock, and tectonic processes. However, the current rate of increase of atmospheric CO2 exceeds the rate at which natural processes can buffer these pH changes.",False,False,True,insufficient-refutes,sciencefeedback
sciencefeedback_507_ret_bn_g5,sciencefeedback_507,Human additions of CO2 are in the margin of error of current measurements and the gradual increase in CO2 is mainly from oceans degassing as the planet slowly emerges from the last ice age.,Cole Ryan,"['Global warming is driving polar bears toward extinction', 'The sun has gone into 'lockdown' which could cause freezing weather, earthquakes and famine, say scientists', 'The polar bear population has been growing.', ""Ironic' study finds more CO2 has slightly cooled the planet"", 'Human additions of CO2 are in the margin of error of current measurements and the gradual increase in CO2 is mainly from oceans degassing as the planet slowly emerges from the last ice age.'] [...] [[{'id': '449467966088806767', 'distance': 7.698919773101807, 'entity': {'text': 'Over the coming 25 or 30 years, scientists say, the climate is likely to gradually warm. However, researchers also say that this phenomenon can be stopped if human emissions are reduced to zero.'}}]] [[{'id': '449467966088806767', 'distance': 16.795665740966797, 'entity': {'text': 'Over the coming 25 or 30 years, scientists say, the climate is likely to gradually warm. However, researchers also say that this phenomenon can be stopped if human emissions are reduced to zero.'}}]]",False,False,True,supports,sciencefeedback
sciencefeedback_510_ret_b17_gn,sciencefeedback_510,Unprecedented climate change has caused sea level at Sydney Harbour to rise approximately 0.0 cm over the past 140 years.,Anonymous,"The rate of sea-level rise [...] Present-day sea-level rise is a major indicator of climate change1. Since the early 1990s, sea level rose at a mean rate of ∼3.1 mm yr−1 (refs 2, 3). However, over the last decade a slowdown of this rate, of about 30%, has been recorded4,5,6,7,8. It coincides with a plateau in Earth’s mean surface temperature evolution, known as the recent pause in warming1,9,10,11,12. Here we present an analysis based on sea-level data from the altimetry record of the past ∼20 years that separates interannual natural variability in sea level from the longer-term change probably related to anthropogenic global warming. The most prominent signature in the global mean sea level interannual variability is caused by El Niño–Southern Oscillation, through its impact on the global water cycle13,14,15,16. We find that when correcting for interannual variability, the past decade’s slowdown of the global mean sea level disappears, leading to a similar rate of sea-level rise (of 3.3 ± 0.4 mm yr−1) during the first and second decade of the altimetry era. Our results confirm the need for quantifying and further removing from the climate records the short-term natural climate variability if one wants to extract the global warming signal10. [...] Church, J. A. & White, N. J. Sea-level rise from the late 19th to the early 21st century. Surveys Geophys.32, 585–602 (2011).",False,False,True,insufficient-refutes,sciencefeedback
sciencefeedback_510_ret_bn_g11,sciencefeedback_510,Unprecedented climate change has caused sea level at Sydney Harbour to rise approximately 0.0 cm over the past 140 years.,Anonymous,"Instead, global sea level rose by about 14 centimeters, or 5.5 inches, from 1900 to 2000. That’s a substantial increase, especially for vulnerable, low-lying coastal areas. ""The 20th century rise was extraordinary in the context of the last three millennia – and the rise over the last two decades has been even faster,"" said Robert Kopp, the lead author. [...] Global sea level has been rising for the past several thousand years, owing to the retreat of glaciers from the last ice age. The key issue is whether the rate of sea level rise is accelerating owing to anthropogenic global warming. It is seen from the figure above that the rate of sea level rise during 1930-1950 was comparable to, if not larger than, the value in recent years. The challenges to determining global sea level rise, particularly over the past 100 or 1000 years, are substantial. [...] Sea level rise is the main ‘danger’ from human caused climate change (any increase in extreme weather events is hypothesized rather demonstrated using historical data, with possible exception of heat waves in a few regions).",False,False,True,refutes,sciencefeedback
sciencefeedback_510_ret_bn_g2,sciencefeedback_510,Unprecedented climate change has caused sea level at Sydney Harbour to rise approximately 0.0 cm over the past 140 years.,Anonymous,"Sea level has risen even though it appears Sydney Harbour has not changed in 140 years [...] A post being shared on Telegram claims that ""climate change has caused sea level at Sydney Harbour to rise approximately 0.0 cm over the past 140 years"". The post includes two images that show the same building in the middle of the sea in the Australian city. This is a MISLEADING statement: Yes, both images are real and they were taken approximately 140 years apart from one another. However, it does not show that the sea level has not risen. The building visible in the image has recorded a sea-level rise of 0.79 mm every year. [...] Fort Denison, the building in the photos in the post, started taking measurements in 1886. From the data collected over nearly 140 years, the facility has established a rise in sea level of 0.79 millimetres per year (7.9 centimetres per century) in Sydney Harbour, which would mean there has been an increase of roughly 10 centimetres in height between the times the two photos were taken.",False,False,True,refutes,sciencefeedback
sciencefeedback_510_ret_bn_g6,sciencefeedback_510,Unprecedented climate change has caused sea level at Sydney Harbour to rise approximately 0.0 cm over the past 140 years.,Anonymous,"The post claims them as evidence there has been no rise in sea level in Sydney Harbour for 140 years. The post shows the two pictures side by side, one in black and white, with text at the top reading, ""unprecedented climate change has caused sea level at Sydney Harbour to rise approximately 0.0cm over the past 140 years"". [...] Based on the above evidence, AAP FactCheck found the post claiming there had been no sea level rise in Sydney Harbour over the past 140 years to be false.",False,False,True,refutes,sciencefeedback
sciencefeedback_512,sciencefeedback_512,"That one little burp by Mt. Etna has already put more than 10,000 times the CO2 into the atmosphere than mankind has in our entire time on the Earth",Anonymous,"It's true that carbon dioxide is among the gases emitted by volcanic activity. However, it's clear from several lines of evidence that human activities are producing far more carbon dioxide, and volcanoes are not responsible for the observed increase in greenhouse gases.",False,True,True,insufficient-refutes,sciencefeedback
sciencefeedback_512_ret_b11_gn,sciencefeedback_512,"That one little burp by Mt. Etna has already put more than 10,000 times the CO2 into the atmosphere than mankind has in our entire time on the Earth",Anonymous,"As with all volcanoes, the magma inside Etna holds gas bubbles, such as carbon dioxide, sulfur dioxide and water. Etna is one of the gassiest volcanoes on Earth, pumping out more carbon dioxide than any other volcano, said Keith Putirka, an igneous petrologist at California State University, Fresno, who has studied Etna's deep magma system. ""Even though Etna isn't a massive volcano, it puts out massive amounts of carbon dioxide,"" Putirka told LiveScience's OurAmazingPlanet. ""If you threw several more Mount Etnas onto the planet, you could really drive climate change in a serious way.""",False,False,True,insufficient-neutral,sciencefeedback
sciencefeedback_512_ret_b17_gn,sciencefeedback_512,"That one little burp by Mt. Etna has already put more than 10,000 times the CO2 into the atmosphere than mankind has in our entire time on the Earth",Anonymous,"Spectacular Footage Shows Fiery Mt. Etna Eruption On the Italian island of Sicily, Mt. Etna has been spewing ash and lava for centuries. [...] In the past seven decades, Etna has been rather innocuous, striking those who see it as more beautiful than fearsome. Etna, however, is not dormant.",False,False,True,insufficient-neutral,sciencefeedback
sciencefeedback_512_ret_b3_g3,sciencefeedback_512,"That one little burp by Mt. Etna has already put more than 10,000 times the CO2 into the atmosphere than mankind has in our entire time on the Earth",Anonymous,"A February 3, 2020 post on a Facebook page called The Greens Little Bag of Stupidity features an image of a volcanic eruption with the title, ""For all you environmentalists …"" The text reads, ""That one little burp by Mt Etna has already put more than 10,000 times the CO2 into the atmosphere than mankind has in our ENTIRE time on earth but don’t worry a scam is in the works to tax you your miniscule footprint…."" [...] The post’s claim that a volcanic eruption puts more carbon dioxide, or CO2, into the atmosphere than the amount generated by mankind over history echoes a similar post in December 2009 which claimed ""Mt. Saint Helen’s volcano eruption put more toxic fumes, carbon dioxide, carbon monoxide etc. into the atmosphere than all of the emissions from all of mankind’s pollution from day one to now."" [...] ""Humanity emits enough CO2 to cover the entire Earth with a 2cm layer every year, way more than any volcano. Since the ‘beginning of time’ humanity has emitted billions of cubic kilometers of CO2,"" Professor Sherwood said.",False,False,True,refutes,sciencefeedback
sciencefeedback_512_ret_bn_g0,sciencefeedback_512,"That one little burp by Mt. Etna has already put more than 10,000 times the CO2 into the atmosphere than mankind has in our entire time on the Earth",Anonymous,"The claim: One eruption of Mt. Etna in Italy released 10,000 times more CO2 than humans ever have [...] Etna has already put more than 10,000 times the CO2 into the atmosphere than mankind has in our entire time on Earth,"" reads text accompanying a picture of Mt. Etna in a June 6 Facebook post. [...] Based on our research, we rate FALSE the claim that one eruption of Mt. Etna in Italy released 10,000 times more CO2 than humans ever have. The 2015 eruption in question released less CO2 than what humans did just that year. Combined, volcanoes release less than one gigaton of CO2 per year, whereas humans release dozens of gigatons per year.",False,False,True,refutes,sciencefeedback
sciencefeedback_53,sciencefeedback_53,They tell us that we are the primary forces controlling earth temperatures by the burning of fossil fuels and releasing their carbon dioxide. I hope my readers can recognize the absurdity of their claims. … increasing sunspots are linked to increases in earth temperature,Jay Lehr,The effects of CO2 and other greenhouse gas emissions far outweigh the effects of solar forcing on global warming. 100% of the global warming trends observed after 1950 can be attributed to anthropogenic factors.,False,True,True,refutes,sciencefeedback
sciencefeedback_53_ret_b0_gn,sciencefeedback_53,They tell us that we are the primary forces controlling earth temperatures by the burning of fossil fuels and releasing their carbon dioxide. I hope my readers can recognize the absurdity of their claims. … increasing sunspots are linked to increases in earth temperature,Jay Lehr,"The claim appeared in an article published by CFACT in April 2020. This claim directly contradicts ample scientific evidence showing that human-caused increases in greenhouse gas emissions, such as CO2, have been the primary driver of global warming[1,2]. [...] Specifically, the article claims that ""increasing sunspots are linked to increases in earth temperature,"" however, this claim is not supported by scientific evidence. Li et al (2017) analyzed the relationship between the number of sunspots and global warming and found that ""solar activity is not a representation of the driving force of the upward trend of global temperature after the industrial age. The Granger causality test results demonstrate that the phenomenon of global warming is caused by excessive CO2 emissions.""[5]. Figure—The monthly average number of sunspots (left) and global surface temperature time series from the Goddard Institute for Space Studies (right). Although sunspot number varies in approximately 11 year cycles, global temperature has steadily increased since 1950.",False,False,True,refutes,sciencefeedback
sciencefeedback_53_ret_bn_g14,sciencefeedback_53,They tell us that we are the primary forces controlling earth temperatures by the burning of fossil fuels and releasing their carbon dioxide. I hope my readers can recognize the absurdity of their claims. … increasing sunspots are linked to increases in earth temperature,Jay Lehr,"The Earth is heating up, and human beings burning fossil fuels are the dominant cause. It’s not ocean warming that dominates, it’s not cosmic rays, it’s not variations in the Earth’s orbit and tilt toward the sun (Milankovitch cycles), it’s not solar irradiance – it’s us. But there is a very vocal minority that refuses to accept that global heating is real. [...] First, there is a correlation between sunspots and solar irradiance (output) on the Earth. During this period, sunspots were less common and there was less solar energy reaching the Earth, allowing it to cool slightly. Second, there were several volcanic eruptions that released massive amounts of sulfur dioxide into the atmosphere. Sulfur dioxide is an aerosol that forms droplets of sulphuric acid in the high atmosphere and reflects solar energy back into space, so these two volcanic eruptions had some short- to medium-term effects. In addition, prior to the 1970s there were limited pollution controls, allowing pollutant aerosols to act as coolants via reflection of solar radiation. Ultimately, though, it is believed that sometime after 1970 the concentration of CO2 rose to the point that solar forcing was no longer the dominant climate factor, anthropogenic CO2 was. (Sources: Do Models Underestimate the Solar Contribution to Recent Climate Change?, Swindled!)",False,False,True,refutes,sciencefeedback
sciencefeedback_53_ret_bn_g17,sciencefeedback_53,They tell us that we are the primary forces controlling earth temperatures by the burning of fossil fuels and releasing their carbon dioxide. I hope my readers can recognize the absurdity of their claims. … increasing sunspots are linked to increases in earth temperature,Jay Lehr,"In 2016, CFACT published the Climate Truth File, essentially a manifesto attempting to refute human-influenced global warming. Here are some of their main points: [...] I hope my readers can recognize the absurdity of their claims. … increasing sunspots are linked to increases in earth temperature"" – Inaccurate - Antarctic sea-ice extent is increasing to record levels. Antarctica is getting colder; its sea ice and ice cap are not melting. – Inaccurate",False,False,True,insufficient-refutes,sciencefeedback
sciencefeedback_530,sciencefeedback_530,there is no relationship between temperature and carbon dioxide emissions by humans[...] carbon dioxide has had a minuscule effect on global climate,Ian Plimer,"While CO2 constitutes a small percentage of the gases in the atmosphere, it is a critically important ""knob"" controlling Earth's climate. When the concentration of CO2 increases, more outgoing heat energy is absorbed, raising surface temperatures.",False,True,True,refutes,sciencefeedback
sciencefeedback_530_ret_b10_gn,sciencefeedback_530,there is no relationship between temperature and carbon dioxide emissions by humans[...] carbon dioxide has had a minuscule effect on global climate,Ian Plimer,"The global temperature response to increasing atmospheric CO2 is often quantified by metrics such as equilibrium climate sensitivity and transient climate response1. These approaches, however, do not account for carbon cycle feedbacks and therefore do not fully represent the net response of the Earth system to anthropogenic CO2 emissions. Climate–carbon modelling experiments have shown that: (1) the warming per unit CO2 emitted does not depend on the background CO2 concentration2; (2) the total allowable emissions for climate stabilization do not depend on the timing of those emissions3,4,5; and (3) the temperature response to a pulse of CO2 is approximately constant on timescales of decades to centuries3,6,7,8. Here we generalize these results and show that the carbon–climate response (CCR), defined as the ratio of temperature change to cumulative carbon emissions, is approximately independent of both the atmospheric CO2 concentration and its rate of change on these timescales. From observational constraints, we estimate CCR to be in the range 1.0–2.1 °C per trillion tonnes of carbon (Tt C) emitted (5th to 95th percentiles), consistent with twenty-first-century CCR values simulated by climate–carbon models. Uncertainty in land-use CO2 emissions and aerosol forcing, however, means that higher observationally constrained values cannot be excluded.",False,False,True,insufficient-neutral,sciencefeedback
sciencefeedback_530_ret_b15_gn,sciencefeedback_530,there is no relationship between temperature and carbon dioxide emissions by humans[...] carbon dioxide has had a minuscule effect on global climate,Ian Plimer,"The relationship between atmospheric CO2 levels and climate change is often perceived as a controversial subject. While there’s no real disagreement among climate scientists – around 90% fully agree that human activity is clearly responsible for climate change – in the United States in 2016, barely 50% of the general public came to the same conclusion. Adding to the general confusion, highly active ""climate-change deniers"" claim that temperature has evolved independently of CO2 atmospheric concentrations through Earth’s history, and that therefore today’s rising CO2 levels are not an issue. [...] Using rocks, fossils and their chemical and physical properties, geoscientists have reconstructed warm and cold periods throughout Earth’s history. To demonstrate the link between climate, temperature and pCO2 millions of years ago, we need to reconstruct each of them independently. To do so, we use climatic recorders called ""proxies"". [...] On long time scales, when pCO2 increases, warming stimulates the carbon pumps, thereby helping pCO2 to decrease. This negative feedback can act as a geological thermostat. Unfortunately, it is too slow to react rapidly enough to compensate for our fast emissions. On the timescale of a decade, warming aggravates CO2 release to the atmosphere. When temperature increases, oceans warm up and release dissolved CO2 to the atmosphere. For 2.6 million years, glacial and interglacial cycles have been forced by Earth’s orbital fluctuations and CO2 was only an internal positive feedback. Today, anthropogenic CO2 leads and amplifies the ongoing warming.",False,False,True,refutes,sciencefeedback
sciencefeedback_530_ret_bn_g13,sciencefeedback_530,there is no relationship between temperature and carbon dioxide emissions by humans[...] carbon dioxide has had a minuscule effect on global climate,Ian Plimer,"NARRATOR: Only in the last few decades do rising global temperatures seem to coincide with the greenhouse gases we put into the atmosphere. [...] CO2 is minuscule, but through an accident of physics - the greenhouse effect -its consequences are significant. [...] FRED SINGER, George Mason University: I have no doubt that an increase in carbon dioxide in the atmosphere should lead to some increase in global temperatures. The question is, how much? And how can we be sure that any temperature increase that we do find in the record is, in fact, due to this additional carbon dioxide? Since we know that the climate also changes naturally - it warms, it cools - how can you distinguish a warming produced by an increase in carbon dioxide from a warming produced by some other cause, let's say by the sun?",False,False,True,insufficient-refutes,sciencefeedback
sciencefeedback_530_ret_bn_g4,sciencefeedback_530,there is no relationship between temperature and carbon dioxide emissions by humans[...] carbon dioxide has had a minuscule effect on global climate,Ian Plimer,"Inaccurate: There is, in fact, a clear relationship between temperature and human-caused emissions of CO2 and other greenhouse gases. [...] They do. Since 1970 the correlation is extremely strong: almost 90% of all temperature change correlates with human emissions. About 0.2% correlates with solar activity, and even that is nonsense because temperatures went up while we measured the Sun getting cooler. [...] It is true that water vapour is a main greenhouse gas, but the amount of water vapour is also tightly related to temperatures (and should therefore be seen as an enhancing feedback, not a driver). That is, higher CO2 will increase temperatures, which will increase water vapour, which will increase temperatures… To write that ""carbon dioxide has had a minuscule effect on global climate"" is of course utter nonsense—see other comments.",False,False,True,refutes,sciencefeedback
sciencefeedback_537,sciencefeedback_537,[climate models] systematically over-estimate the sensitivity of climate to carbon dioxide ... and modelers exclude forcings and feedbacks that run counter to their mission,"Craig Idso, Robert Carter, S. Fred Singer",Climate models are based on physical processes and our understanding of how the climate system works. Their sensitivity to CO2 is in line with estimates based on modern observations and records of past climate changes.,False,True,True,refutes,sciencefeedback
sciencefeedback_537_ret_bn_g2,sciencefeedback_537,[climate models] systematically over-estimate the sensitivity of climate to carbon dioxide ... and modelers exclude forcings and feedbacks that run counter to their mission,"Craig Idso, Robert Carter, S. Fred Singer","Failed Fact Checks - Work requirements ""have been proven to help impoverished families move from dependency to self-sufficiency."" – MOSTLY FALSE - ""Model outputs published in successive IPCC reports since 1990 project a doubling of CO2 could cause warming of up to 6°C by 2100. Instead, global warming ceased around the end of the twentieth century and was followed (since 1997) by 19 years of stable temperature. Earth has not warmed significantly for the past 18 years despite an 8 percent increase in atmospheric CO2."" – INACCURATE - ""[climate models] systematically over-estimate the sensitivity of climate to carbon dioxide … and modelers exclude forcings and feedbacks that run counter to their mission."" – INCORRECT - ""Solar forcings are not too small to explain twentieth century warming. In fact, their effect could be equal to or greater than the effect of CO2 in the atmosphere."" – INCORRECT - ""Forward projections of solar cyclicity imply the next few decades may be marked by global cooling rather than warming, despite continuing CO2emissions."" – INCORRECT - Wildfires were worse in the early part of the 1900s than they are today – Mostly False - ""NOAA makes it official.",False,False,True,refutes,sciencefeedback
sciencefeedback_537_ret_bn_g5,sciencefeedback_537,[climate models] systematically over-estimate the sensitivity of climate to carbon dioxide ... and modelers exclude forcings and feedbacks that run counter to their mission,"Craig Idso, Robert Carter, S. Fred Singer","GCMs systematically over-estimate the sensitivity of climate to carbon dioxide (CO2), many known forcings and feedbacks are poorly modeled, and modelers exclude forcings and feedbacks that run counter to their mission to find a human influence on climate. Doubling the concentration of atmospheric CO2 from its pre-industrial level, in the absence of other forcings and feedbacks, would likely cause a warming of ~0.3°C to 1.1°C, almost 50 percent of which must already have occurred.",False,False,True,insufficient-neutral,sciencefeedback
sciencefeedback_537_ret_bn_g6,sciencefeedback_537,[climate models] systematically over-estimate the sensitivity of climate to carbon dioxide ... and modelers exclude forcings and feedbacks that run counter to their mission,"Craig Idso, Robert Carter, S. Fred Singer","In a more systematic evaluation of the sensitivity of a model to cloud parameterization, Mitchell et al. (1987) and later Senior and Mitchell (1993) examined the response of a GCM model to a doubling of CO2 when different versions of a cloud parameterization were employed in the same model. The results of their studies are summarized in Fig. 13 showing a sequence of global warming predictions as different feedbacks are systematically introduced. The first estimate corresponds to the warming in the absence of feedback, the next with water vapor feedback added, the third with snow/ice albedo feedbacks added to water vapor feedback and finally the case when cloud feedback is added. Senior and Mitchell (1993) found that the presence and absence of microphysical and optical thickness feedbacks, which were permitted in different versions of the parameterizations, produce a range in warming between 1.9° and 5.4°C. Yao and Del Genio (2002) also reported that the 2 × CO2 sensitivity of the Goddard Institute for Space Studies (GISS) GCM was similarly dependent on the details of the moist convection and large-scale cloud parameterizations. [...] The sensitivity of coupled ocean–atmospheric models to cloud feedbacks differs from the sensitivity of models with fixed SSTs (e.g., Ma et al. 1994; Williams et al. 2003; and also acknowledged in Cess and Potter 1988). CMIP (Meehl et al. 2000), under the auspices of the World Climate Research Program (WCRP) Working Group on Coupled Models (WGCM) was created specifically to examine and compare coupled models forced by 1% yr−1 increases in CO2.",False,False,True,insufficient-neutral,sciencefeedback
sciencefeedback_544,sciencefeedback_544,"Climate change is not happening, there is no significant man-made global warming now, there hasn't been any in the past, and there's no reason to expect any in the future.",John Coleman,"Coleman's central claim in this video—that there is no human-caused climate change—is contradicted by a wealth of evidence and decades of published, peer-reviewed, scientific research. There is no evidence to support his claim.",False,True,True,refutes,sciencefeedback
sciencefeedback_544_ret_b0_gn,sciencefeedback_544,"Climate change is not happening, there is no significant man-made global warming now, there hasn't been any in the past, and there's no reason to expect any in the future.",John Coleman,"CLAIM: Climate change is not happening, nor are humans causing significant global warming. There is also no scientific consensus that climate change is occurring. AP’S ASSESSMENT: False. The scientific consensus is that climate change is real and that greenhouse gas emissions caused by human activity are driving climate change, as The Associated Press has previously reported. The false claims stem from a years-old CNN interview with John Coleman, the now deceased co-founder of The Weather Channel. At the time, he had not worked at the network in three decades, and The Weather Channel rejected his claims in the same CNN segment. [...] Coleman’s claims are false. As the AP has previously reported, overwhelming scientific evidence shows global warming and climate change are real and caused by human activity, including human-caused carbon dioxide emissions.",False,False,True,refutes,sciencefeedback
sciencefeedback_544_ret_bn_g0,sciencefeedback_544,"Climate change is not happening, there is no significant man-made global warming now, there hasn't been any in the past, and there's no reason to expect any in the future.",John Coleman,"So, when people talk about climate change today, they mean anthropogenic (human-made) climate change. This is the warming of Earth’s average temperature as a result of human activity, such as burning coal, oil and gas to produce energy to fuel our homes and transport, and cutting down trees to produce the food we eat. You can read more about it here: How do we know climate change is real? [...] Human-induced climate change is something that has been happening for many years and Western countries, like the UK, have played a big role in contributing to carbon emissions over the past 200 years. This means that only looking at who the biggest emitters of greenhouse gases are today is an oversimplification of a very nuanced topic. [...] We’re already seeing the devastating effects of climate change on global food supplies, migration, conflict, disease and global instability, which will only get worse if we don’t act now. Human-made climate change is the biggest crisis of our time. It threatens the future of the planet that we depend on for our survival and we're the last generation that can do something about it.",False,False,True,refutes,sciencefeedback
sciencefeedback_544_ret_bn_g13,sciencefeedback_544,"Climate change is not happening, there is no significant man-made global warming now, there hasn't been any in the past, and there's no reason to expect any in the future.",John Coleman,"Humans have caused major climate changes to happen already, and we have set in motion more changes still. However, if we stopped emitting greenhouse gases today, the rise in global temperatures would begin to flatten within a few years. Temperatures would then plateau but remain well-elevated for many, many centuries. There is a time lag between what we do and when we feel it, but that lag is less than a decade. While the effects of human activities on Earth's climate to date are irreversible on the timescale of humans alive today, every little bit of avoided future temperature increases results in less warming that would otherwise persist for essentially forever. The benefits of reduced greenhouse gas emissions occur on the same timescale as the political decisions that lead to those reductions. Without major action to reduce emissions, global temperature is on track to rise by 2.5°C to 4.5°C (4.5°F to 8°F) by 2100, according to the latest estimates.",False,False,True,refutes,sciencefeedback
sciencefeedback_544_ret_bn_g3,sciencefeedback_544,"Climate change is not happening, there is no significant man-made global warming now, there hasn't been any in the past, and there's no reason to expect any in the future.",John Coleman,"Fact check: False claim video shows The Weather Channel debunk climate change [...] ""There's no question about it: Climate change is not happening,"" Coleman asserts. ""The Weather Channel debunks 'climate change,'"" reads on-screen text featured in the video.",False,False,True,insufficient-refutes,sciencefeedback
sciencefeedback_70,sciencefeedback_70,When the exact same group of 'experts' who claimed it was global cooling in 1977 now claim it's global warming you can easily see why I am skeptical,Anonymous,"This meme utilizes a widely circulated fake image purporting to show a 1977 Time magazine story titled ""How To Survive The Coming Ice Age"". The cover is actually from 2007, for a story titled ""The Global Warming Survival Guide"". While a claim of global cooling did appear a couple times in the 1970s in popular media, that did not reflect the understanding of climate scientists at the time.",False,True,True,refutes,sciencefeedback
sciencefeedback_70_ret_b0_g0,sciencefeedback_70,When the exact same group of 'experts' who claimed it was global cooling in 1977 now claim it's global warming you can easily see why I am skeptical,Anonymous,"The meme’s overarching claim about ""experts"" warning of a ""global cooling in 1977"" also isn’t new. We addressed a similar claim advanced by Trump last year, and by Republican Texas Sen. Ted Cruz before him. [...] Moreover, the notion of global cooling was not widely accepted among climate scientists — as global warming is today. (NASA notes that studies show that ""97 percent or more"" of active climate scientists believe human-caused warming is occurring.) [...] Peterson, Thomas C., et. al. ""The Myth of the 1970s Global Cooling Scientific Consensus."" Bulletin of the American Meteorological Society. 1 Sep 2008.",False,False,True,insufficient-refutes,sciencefeedback
sciencefeedback_70_ret_bn_g2,sciencefeedback_70,When the exact same group of 'experts' who claimed it was global cooling in 1977 now claim it's global warming you can easily see why I am skeptical,Anonymous,"""When the exact same group of ‘experts’ who claimed it was global cooling in 1977 now claim it’s global warming you can see why I am easily skeptical,"" reads the text flanking what appear to be two Time magazine covers that Nugent posted to Facebook on May 20. The first, which the post says is from 1977, shows a penguin in snow and the headline: ""How To Survive The Coming Ice Age."" The second, which the post says is from 2008, is an illustration that shows the men from the iconic Iwo Jima photograph lifting a Redwood tree instead of the American flag in the original image from 1945. The cover story from that issue? ""How to Win The War on Global Warming."" [...] Featured Fact-check ""Sorry,"" the headline of writer Bryan Walsh’s story says, ""a TIME magazine cover did not predict a coming Ice Age."" He notes that the fake 1977 cover is a doctored version of a cover from 2007 with the same penguin picture but a different title: ""The Global Warming Survival Guide.""",False,False,True,refutes,sciencefeedback
sciencefeedback_725,sciencefeedback_725,"unadjusted data suggests that temperatures in Australia have only increased by 0.3 degrees over the past century, not the 1 degree usually claimed",Tony Abbott,"Globally, weather station data show that the world has warmed by roughly 1 °C so far–as has Australia. The warming trend over the last couple decades has matched climate model projections made during that time period.",False,True,True,refutes,sciencefeedback
sciencefeedback_725_ret_b1_gn,sciencefeedback_725,"unadjusted data suggests that temperatures in Australia have only increased by 0.3 degrees over the past century, not the 1 degree usually claimed",Tony Abbott,"Both adjusted and unadjusted temperatures show that Australia’s climate has warmed since 1910. Since 1955 adjusted and unadjusted data are virtually identical. It is also during this time that most of the warming has occurred in Australia. [...] Australian mean temperature change over the last century is best represented by a bilinear model, with a period of relatively no change from 1910 through to 1950, followed by a period of relatively rapid warming from 1950 to present. When characterised this way, both adjusted and unadjusted data show virtually identical warming over this latter period. [...] While there is no significant trend in Australian temperatures prior to 1950 in either the ACORN-SAT or AWAP dataset, the difference in the adjusted and unadjusted climatologies for this period causes differences in the overall temperature change from 1910 to 2018. Taking a simple linear trend, Australia warmed by around 1.39 °C from 1910 to 2018 in the ACORN-SAT data, compared with a change of 0.89 °C in the AWAP data—a difference of around 0.50 °C in more than 100 years.",False,False,True,refutes,sciencefeedback
sciencefeedback_725_ret_bn_g0,sciencefeedback_725,"unadjusted data suggests that temperatures in Australia have only increased by 0.3 degrees over the past century, not the 1 degree usually claimed",Tony Abbott,"Factually inaccurate: Observations clearly show that Australia has warmed by around 1 °C. [...] - Donat et al (2016) Extraordinary heat during the 1930s US Dust Bowl and associated large-scale conditions, Climate Dynamics ""temperatures in Australia have only increased by 0.3 degrees over the past century, not the 1 degree usually claimed."" I don’t know what the source of these numbers is. The official data for Australia by the Bureau of Meteorology, based on high-quality observations, clearly shows that average temperatures have warmed by 0.9-1 degree since 1910.",False,False,True,refutes,sciencefeedback
sciencefeedback_725_ret_bn_g2,sciencefeedback_725,"unadjusted data suggests that temperatures in Australia have only increased by 0.3 degrees over the past century, not the 1 degree usually claimed",Tony Abbott,"This small warming is likely a result of the natural alterations in global ocean currents which are driven by ocean salinity variations. [...] Scientific consensus on climate change 93 unadjusted data suggests that temperatures in Australia have only increased by 0.3 degrees over the past century, not the 1 degree usually claimed ""Australia's extreme heat is sign of things to come, scientists warn"". [...] Since the start of the 20th century, the global mean surface temperature of the Earth has increased by more than 0.7°C and the rate of warming has been largest in the last 30 years.",False,False,True,supports,sciencefeedback
sciencefeedback_725_ret_bn_g4,sciencefeedback_725,"unadjusted data suggests that temperatures in Australia have only increased by 0.3 degrees over the past century, not the 1 degree usually claimed",Tony Abbott,"Former Australian prime minister and current MP Tony Abbott has said no ""big change"" in our climate has resulted from increasing carbon dioxide levels in the past century, and called global warming ""beneficial"" in the same speech. [...] Abbott careens through accusations of ""adjusted"" records, the ""downplayed"" impact of urban heat islands and ""slanted"" data sets. ""Unadjusted data suggests ... temperatures in Australia have only increased by 0.3 degrees over the past century, not the 1 degree usually claimed,"" he stated, even though Australia just had its warmest winter on record. ""Contrary to the breathless assertions that climate change is behind every weather event, in Australia, the floods are not bigger, the bushfires are not worse, the droughts are not deeper or longer, and the cyclones are not more severe than they were in the 1800s,"" he said. ""Sometimes, they do more damage but that’s because there’s more to destroy, not because their intensity has increased.""",False,False,True,supports,sciencefeedback
sciencefeedback_735,sciencefeedback_735,"The ice caps were going to melt. They were going to be gone by now, but now they're setting records",Donald Trump,"Human-induced warming at the poles has caused a reduction in sea ice extent, notably in the Arctic, and a continuous shrinking of glaciers on land. President Trump has probably been misled by inaccurate articles like this one published by Forbes.",False,True,True,insufficient-refutes,sciencefeedback
sciencefeedback_735_ret_bn_g4,sciencefeedback_735,"The ice caps were going to melt. They were going to be gone by now, but now they're setting records",Donald Trump,"President Trump also made incorrect statements regarding sea ice cover. While scientists have indicated that the Arctic and Antarctica saw record lows for sea ice in 2017, President Trump suggested that sea ice cover is expanding, stating: ""The ice caps were going to melt, they were going to be gone by now, but now they’re setting records, so OK, they’re at a record level.""",False,False,True,insufficient-refutes,sciencefeedback
sciencefeedback_80,sciencefeedback_80,The polar bear population has been growing. Polar bears are thriving even where sea ice is diminishing.,Anonymous,There is no scientific evidence that the global polar bear population is growing in size. Climate change induced losses in sea ice habitat is the most important threat to polar bear survival. Two polar bear subpopulations have already been negatively impacted by sea ice loss.,False,True,True,refutes,sciencefeedback
sciencefeedback_80_ret_b18_gn,sciencefeedback_80,The polar bear population has been growing. Polar bears are thriving even where sea ice is diminishing.,Anonymous,"We’ve long known that sea ice is an important platform for polar bears to hunt and raise young, but it turns out that the ice itself also carries a valuable energy source. [...] If you’re now picturing massive jaws chowing down on a crunchy icy meal covered in green slime, no, that’s not it. Polar bears do not eat sea ice directly. Instead, researchers found that the majority of polar bears’ diet is made up of critters that ultimately depend on sea-ice algae as a food source. Their study examined polar bears from Baffin Bay, western Hudson Bay, and southern Hudson Bay. [...] Sea ice is already known as important habitat for polar bears. ""But what if we’re not seeing the whole picture, and what if sea ice is more important than we’re giving it credit for?"" says Brown. ""Less sea ice means less habitat, not only for polar bears but, importantly, also for the sea ice microorganisms that form a big part of the very base of the bear’s food chain,"" he says.",False,False,True,insufficient-contradictory,sciencefeedback
sciencefeedback_80_ret_bn_g0,sciencefeedback_80,The polar bear population has been growing. Polar bears are thriving even where sea ice is diminishing.,Anonymous,"Incorrect: The claim that ""Polar bears are thriving even where sea ice is diminishing"" runs counter to scientists’ understanding: sea ice loss due to climate change is recognized as the most important threat to the long-term survival of polar bears. [...] Overall, the claims that the polar bear population is growing and that polar bears are thriving in areas where sea ice diminishing are not supported by scientific evidence. [...] For the claim that ""Polar bears are thriving even where sea ice is diminishing""—again, this is spin. In Western Hudson Bay, Southern Hudson Bay, and Southern Beaufort Sea, population declines are associated with sea ice loss (lower survival, lower successful reproduction that lead to abundance declines). Some polar bear populations are doing OK and are experiencing some sea ice loss. We know, however, that that pattern cannot be sustained. The Barents Sea polar bears appear to be doing OK yet they are losing sea ice at high rates. Why are they doing OK and others are not? That area has a very large area of continental shelf/shallow water. Polar bear habitat is widespread. It is experiencing the highest rate of sea ice loss in days of cover per decade of the 19 polar bear populations. We’ve just not hit the point where their habitat is affected enough to cause problems. It will happen. Regardless, this area has seen many changes (e.g. loss of maternity den areas, loss of habitat). I worked in the Barents Sea for 7 years—this population will lose with the current trend in sea ice.",False,False,True,refutes,sciencefeedback
sciencefeedback_80_ret_bn_g11,sciencefeedback_80,The polar bear population has been growing. Polar bears are thriving even where sea ice is diminishing.,Anonymous,"This article in the opinion section of Financial Post, written by Susan Crockford, claims that rather than being threatened by declining Arctic sea ice, polar bears are ""thriving"". [...] Castro de la Guarida1 states, ""Sea ice across the Arctic is declining and altering physical characteristics of marine ecosystems. Polar bears (Ursus maritimus) have been identified as vulnerable to changes in sea ice conditions. We use sea ice projections for the Canadian Arctic Archipelago from 2006 – 2100 to gain insight into the conservation challenges for polar bears with respect to habitat loss using metrics developed from polar bear energetics modeling. PRINCIPAL FINDINGS: Shifts away from multiyear ice to annual ice cover throughout the region, as well as lengthening ice-free periods, may become critical for polar bears before the end of the 21st century with projected warming. Each polar bear population in the Archipelago may undergo 2-5 months of ice-free conditions, where no such conditions exist presently. We identify spatially and temporally explicit ice-free periods that extend beyond what polar bears require for nutritional and reproductive demands. CONCLUSIONS/SIGNIFICANCE: Under business-as-usual climate projections, polar bears may face starvation and reproductive failure across the entire Archipelago by the year 2100.""",False,False,True,insufficient-refutes,sciencefeedback
sciencefeedback_80_ret_bn_g2,sciencefeedback_80,The polar bear population has been growing. Polar bears are thriving even where sea ice is diminishing.,Anonymous,"The polar bear data are contradictory: contrary to predictions, several polar bear subpopulations (at least four of them) are indeed thriving despite much reduced summer sea ice. I have chosen to emphasis that good news, while Stirling and Derocher choose to emphasize the data that seem to fit their predictions. This is a classic conflict that happens all the time in science but presents no proof that I’m wrong or that the PragerU video is inherently ‘false’. [...] In short, it is indeed true that ‘Polar bears are thriving even where sea ice is diminishing.’ See also my 2018 opinion piece on the National Geographic ‘starving’ polar bear video in the Financial Post here. Climate Feedback reviewed that piece with statements by Steven Amstrup and Andrew Derocher, which I countered here, here, and here. [...] In addition to the thriving condition of Barents Sea bears discussed above (Aars 2018; Aars et al. 2017; Lippold et al. 2019), Chukchi Sea polar bears are also doing much better than they were in the 1980s despite much reduced summer sea ice. These results are documented in a number of peer-reviewed papers on the topic (ACSWG 2018; Regehr et al. 2018; Rode and Regehr 2010; Rode et al. 2013, 2014, 2018). Ringed and bearded seals are similarly thriving despite less summer ice (Crawford et al. 2015).",False,False,True,insufficient-contradictory,sciencefeedback
sciencefeedback_82_ret_b10_gn,sciencefeedback_82,The models predicted about three times the amount of warming in the world we’ve seen since [1988].,Caleb Rossiter,"""The real message is that the warming we have experienced is pretty much exactly what climate models predicted it would be as much as 30 years ago,"" he said. ""This really gives us more confidence that today’s models are getting things largely right as well."" [...] Hausfather and his colleagues at the Massachusetts Institute of Technology and the NASA Goddard Institute for Space Studies evaluated the models based on how well they predicted the actual global mean temperature — Earth’s average temperature — based on the levels of carbon dioxide, methane and other greenhouse gases in the atmosphere. Greenhouse gases, primarily from the burning of fossil fuels, are responsible for a rise of nearly 1.4 degrees Fahrenheit in global mean temperatures since 1880, two-thirds of that since 1975. [...] One of the iconic climate models, and one that first brought the issue of climate change to broad public attention, was published by James Hansen of NASA in 1988. However, his predictions for temperatures after 1988 were 50% higher than the actual global mean temperatures in those years.",False,False,True,insufficient-refutes,sciencefeedback
sciencefeedback_82_ret_b6_gn,sciencefeedback_82,The models predicted about three times the amount of warming in the world we’ve seen since [1988].,Caleb Rossiter,"Most of these models are long since obsolete, replaced by far more advanced generations. And yet, most of them were spot on in their projections of how much the Earth would warm in the years after they were published in response to greenhouse gas emissions. Fourteen out of 17 models were found to be accurate. The new study highlights a critically important, but sometimes overlooked, point about the way climate models work. The amount of warming they predict is a direct consequence of the greenhouse gas emissions they assume for the future. And accurately predicting carbon emissions is notoriously difficult—it depends on many human factors, including population growth, economic shifts and changes in the energy landscape. [...] One example is a famous climate model developed by NASA researcher James Hansen, whose congressional testimony on climate change in the 1980s helped catapult the issue into the public spotlight. Hansen’s 1988 model ultimately predicted about 50% more warming for the coming decades than actually occurred, giving fodder to skeptics’ arguments that scientists were exaggerating the issue of global warming.",False,False,True,insufficient-contradictory,sciencefeedback
sciencefeedback_82_ret_bn_g6,sciencefeedback_82,The models predicted about three times the amount of warming in the world we’ve seen since [1988].,Caleb Rossiter,"Models predict that as the world consumes ever more fossil fuel, greenhouse gas concentrations will continue to rise, and Earth’s average surface temperature will rise with them. Based on plausible emission scenarios, average surface temperatures could rise between 2°C and 6°C by the end of the 21st century. Some of this warming will occur even if future greenhouse gas emissions are reduced, because the Earth system has not yet fully adjusted to environmental changes we have already made. [...] Models predict that Earth will warm between 2 and 6 degrees Celsius in the next century. When global warming has happened at various times in the past two million years, it has taken the planet about 5,000 years to warm 5 degrees. The predicted rate of warming for the next century is at least 20 times faster. This rate of change is extremely unusual. [...] The models predict that as the world consumes ever more fossil fuel, greenhouse gas concentrations will continue to rise, and Earth’s average surface temperature will rise with them. Based on a range of plausible emission scenarios, average surface temperatures could rise between 2°C and 6°C by the end of the 21st century.",False,False,True,insufficient-supports,sciencefeedback
sciencefeedback_82_ret_bn_g9,sciencefeedback_82,The models predicted about three times the amount of warming in the world we’ve seen since [1988].,Caleb Rossiter,"1988 turned out to be the hottest year since modern instrumental records began in the 19th century. That mark has since been broken, in 1990, 1998, 2010, 2014, 2015 and 2016. The global average temperature has not gone up quite as much as Hansen predicted—among other things, 30 years ago scientists lacked the sophisticated instruments, accumulated data and vast computing power informing today’s climate models—but he was remarkably close given the limitations, and was dead right on the overall trend. A wide variety of media marked the anniversary. Justin Gillis, writing in The New York Times, noted that, among the confounding factors in 1988, Hansen’s models assumed that we would continue emitting refrigerant gases that contributed mightily to global warming. The following year, the nations of the world agreed to control those gases—""proof that scientific warnings, if taken seriously, can be acted upon at a worldwide scale,"" said Gillis. ""So while his temperature forecast was not flawless, in a larger sense, Dr. Hansen’s 1988 warning has turned out to be entirely on target,"" said Gillis Sen. Sheldon Whitehouse (D-R.I.) recounted Hansen’s testimony in a 17-minute speech on the Senate floor, noting that ""30 years of added science"" have proved just how right Hansen was.""",False,False,True,insufficient-supports,sciencefeedback
sciencefeedback_89,sciencefeedback_89,During the last hundred years the temperature is increased about 0.1°C because of carbon dioxide. The human contribution was about 0.01°C.,"Jyrki Kauppinen, Pekka Malmi, Paul Joseph Watson",Warming related to human activities is estimated to be around 1°C over the past century. This document claims to overturn decades of scientific findings but provides neither the source of the data it uses nor the physics responsible for the proposed relationship between clouds and global temperature.,False,True,True,insufficient-refutes,sciencefeedback
sciencefeedback_89_ret_b0_gn,sciencefeedback_89,During the last hundred years the temperature is increased about 0.1°C because of carbon dioxide. The human contribution was about 0.01°C.,"Jyrki Kauppinen, Pekka Malmi, Paul Joseph Watson","The unpublished paper by Kauppinen & Malmi is deeply flawed and the claims that (1) CO2 has caused only 0.1 degC of warming and that (2) only 10% (0.01 degC) of this warming is from human activity are both unsupported claims. [...] Finally, after using a bunch of nonsense calculations to say that 0.1 °C warming is from CO2, they say that 90% of the change in CO2 is caused by the oceans. This violates conservation of mass from basic chemistry13: the oceans are actually absorbing CO214,15 which, again, is the complete opposite of what Kaupinen and Malmi claim. Without claiming the opposite of reality, their conclusions cannot be supported. [...] Careful analysis that attempts to take into account all major factors and their evolution in time indicates that anthropogenic increases in greenhouse gasses account for more than 100% of the observed warming on the century timescale (requiring cancellation from cooling influences). See the summary graphic from Carbon Brief, below.",False,False,True,refutes,sciencefeedback
sciencefeedback_89_ret_b4_gn,sciencefeedback_89,During the last hundred years the temperature is increased about 0.1°C because of carbon dioxide. The human contribution was about 0.01°C.,"Jyrki Kauppinen, Pekka Malmi, Paul Joseph Watson","Though warming has not been uniform across the planet, the upward trend in the globally averaged temperature shows that more areas are warming than cooling. According to NOAA's 2023 Annual Climate Report the combined land and ocean temperature has increased at an average rate of 0.11° Fahrenheit (0.06° Celsius) per decade since 1850, or about 2° F in total. The rate of warming since 1982 is more than three times as fast: 0.36° F (0.20° C) per decade. [...] Human activities, principally through emissions of greenhouse gases, have unequivocally caused global warming, with global surface temperature reaching 1.1°C above 1850-1900 in 2011-2020. [...] The likely range of total human-caused global surface temperature increase from 1850–1900 to 2010–2019 is 0.8°C to 1.3°C, with a best estimate of 1.07°C [2.01 ˚F]. Over this period, it is likely that well-mixed greenhouse gases (GHGs) contributed a warming of 1.0°C to 2.0°C, and other human drivers (principally aerosols) contributed a cooling of 0.0°C to 0.8°C, natural (solar and volcanic) drivers changed global surface temperature by –0.1°C to +0.1°C, and internal variability changed it by –0.2°C to +0.2°C.",False,False,True,refutes,sciencefeedback
sciencefeedback_89_ret_bn_g0,sciencefeedback_89,During the last hundred years the temperature is increased about 0.1°C because of carbon dioxide. The human contribution was about 0.01°C.,"Jyrki Kauppinen, Pekka Malmi, Paul Joseph Watson","Warming related to human activities is estimated to be around 1°C over the past century. This document claims to overturn decades of scientific findings but provides neither the source of the data it uses nor the physics responsible for the proposed relationship between clouds and global temperature. [...] The unpublished paper by Kauppinen & Malmi is deeply flawed and the claims that (1) CO2 has caused only 0.1 degC of warming and that (2) only 10% (0.01 degC) of this warming is from human activity are both unsupported claims. [...] Finally, after using a bunch of nonsense calculations to say that 0.1 °C warming is from CO2, they say that 90% of the change in CO2 is caused by the oceans. This violates conservation of mass from basic chemistry13: the oceans are actually absorbing CO214,15 which, again, is the complete opposite of what Kaupinen and Malmi claim. Without claiming the opposite of reality, their conclusions cannot be supported.",False,False,True,refutes,sciencefeedback
