id,claim_id,claim,claimant,evidence,factcheck_verdict,is_gold,relevant,evidence_stance,fc_source
srilankafactcrescendo_0,srilankafactcrescendo_0,An Aerial View of a High Way Built in Sri Lanka Misusing Public Funds !!,Social Media Users,"It is confirmed that the bridge shown in these social media posts is not a bridge built in Sri Lanka. Accordingly this bridge appears to be the Raiwind Flyover in Lahore, Panjab, Pakistan, which was constructed in 2017. At the same time, there has been a wide discussion about this and there are reports that the government has made this construction in such a complex shape according to certain conventions.",False,True,True,insufficient-contradictory,srilankafactcrescendo
srilankafactcrescendo_1,srilankafactcrescendo_1,Former and Current Prez are using the same set of prez advisors !!,Social Media Users,"The social media posts suggesting that the same advisors serve both Ranil Wickremesinghe and Anura Kumara Dissanayake are misleading. The individuals appearing in the photos represent the Ceylon Chamber of Commerce and were involved in presenting the ""Vision 2030"" document to both leaders. They did not serve as permanent or official presidential advisors. The current president, Anura Kumara Dissanayake, has appointed only two advisors so far. One of them is the Mr Hulangamuwa, who is seen in both photographs as he was serving as the Chamber`s chairman.",False,True,True,refutes,srilankafactcrescendo
srilankafactcrescendo_1_ret_b14_gn,srilankafactcrescendo_1,Former and Current Prez are using the same set of prez advisors !!,Social Media Users,"Does it really matter whether former political advisors get elected to public office? Former advisors are likely to have more skills than other newly elected legislators, allowing them to hit the ground running when it comes to performing the duties of their office. In this sense, a voter might see electing a former advisor as the smart choice, since they are likely to be more effective than candidates without political experience. Are former advisors likely to use these skills and networks to further their constituents’ interests, however? Indeed, we have good reason to think that former political advisers bring more than their expertise in the process of politics, but may even approach their responsibilities differently in the first instance. A central question each representative must confront is to whom they should be responsive. One difference between former advisors and those with other types of pre-legislative experience might be their views on the nature of mass-elite linkages in representative style ( [...] The phenomenon of former advisors becoming elected officials also informs the personalization of politics. Personalization refers to a """,False,False,True,insufficient-supports,srilankafactcrescendo
srilankafactcrescendo_1_ret_bn_g8,srilankafactcrescendo_1,Former and Current Prez are using the same set of prez advisors !!,Social Media Users,"Same Advisory Panel For Former President Wickremesinghe & Current President Anura Kumara? [...] One such claim compares two images, one featuring former President Ranil Wickremesinghe and another featuring current President Anura Kumara Dissanayake, alongside individuals purported to be their shared advisors. The posts suggest that despite leadership changes, the same advisors continue to serve the president, implying no substantial difference in governance. [...] The social media posts suggesting that the same advisors serve both Ranil Wickremesinghe and Anura Kumara Dissanayake are misleading. The individuals appearing in the photos represent the Ceylon Chamber of Commerce and were involved in presenting the ""Vision 2030"" document to both leaders. They did not serve as permanent or official presidential advisors. The current president, Anura Kumara Dissanayake, has appointed only two advisors so far. One of them is the Mr Hulangamuwa, who is seen in both photographs as he was serving as the Chamber`s chairman.",False,False,True,refutes,srilankafactcrescendo
srilankafactcrescendo_100,srilankafactcrescendo_100,Eating Fruits On An Empty Stomach Cures Cancer!,Social Media Users,Our investigation shows that the claims circulating on social media stating that eating fruit on an empty stomach is a cancer treatment and that drinking cold water or drinks after a meal can cause cancer is false.,False,True,True,refutes,srilankafactcrescendo
srilankafactcrescendo_100_ret_b1_gn,srilankafactcrescendo_100,Eating Fruits On An Empty Stomach Cures Cancer!,Social Media Users,"Social media posts circulating in Indonesia claim that eating fruit on an empty stomach will ""cure cancer"". The claim has circulated online in the Southeast Asian nation since at least 2013. It also recently recirculated in French-speaking African countries. But experts told AFP there is no scientific evidence to support the claim. [...] Indonesian experts also told AFP that eating fruit on an empty stomach cannot ""cure"" cancer. [...] ""There has been no scientific evidence that eating fruit on an empty stomach will cure cancer,"" he told AFP.",False,False,True,refutes,srilankafactcrescendo
srilankafactcrescendo_100_ret_bn_g14,srilankafactcrescendo_100,Eating Fruits On An Empty Stomach Cures Cancer!,Social Media Users,"Eat Fruit On An Empty Stomach? [...] The notion that you should eat fruit only on an empty stomach is a persistent myth that has been circulating online for years. Supposedly, if you eat fruit along with other foods, you won’t be able to digest it; instead, it will stay in your stomach and rot. This is nonsense. Fruit may digest more quickly if you eat it on an empty stomach, but it certainly won’t rot if it is sharing space with other food. Rotting represents decomposition by microorganisms, few of which can live on the strongly acidic environment of the stomach. Related myths are that eating fruit along with other foods will cause gas, bloating, weight gain, gray hair, balding, nervous breakdowns and dark circles under the eyes. I’ve seen claims that eating fruit on an empty stomach will prevent – or cure – cancer as well as detoxify your system and energize you. There is absolutely no scientific basis for any of this.",False,False,True,refutes,srilankafactcrescendo
srilankafactcrescendo_101,srilankafactcrescendo_101,"America’s Most Famous Burger , Owned By China !!",Social Media Users,"Fact Crescendo has found that the articles attached to the above claim are misleading. China does not own America's most famous burger. McDonald's present headquarters are in Chicago, Illinois, and are managed by Chris Kempczinski.",False,True,True,refutes,srilankafactcrescendo
srilankafactcrescendo_101_ret_b8_gn,srilankafactcrescendo_101,"America’s Most Famous Burger , Owned By China !!",Social Media Users,"Recently, there was a viral article claiming that America’s most famous burger brand is no longer American. The above article attached to the claim referring to China has been shared by the social media users, leading them to be confused about whether this piece of news was real. [...] Determining the ""Most Famous"" burger brand in America may be a personal decision. However, if sales numbers were considered, McDonald's would have topped the food chain. [...] Fact Crescendo has found that the articles attached to the above claim are misleading. China does not own America's most famous burger. McDonald's present headquarters are in Chicago, Illinois, and are managed by Chris Kempczinski.",False,False,True,refutes,srilankafactcrescendo
srilankafactcrescendo_101_ret_b9_gn,srilankafactcrescendo_101,"America’s Most Famous Burger , Owned By China !!",Social Media Users,"An online advertisement accurately reported that ""America's most famous burger brand is now Chinese-owned."" Claim: Rating: About this rating False Context The online ads that made this false claim were nothing more than misleading clickbait that attempted to entice readers to click or scroll through an article that spanned nearly 400 paragraphs. Nowhere in the article did the author provide details about a U.S. burger brand being purchased by company in China. We hope to have saved readers some time with our brief fact check and have detailed below why these kinds of ads and articles exist in the first place. In December 2023, multiple display advertisements were shown to online users on YouTube and other websites that claimed, ""America's Most Famous Burger Brand Is Now Chinese Owned."" In this story, we've detailed how these ads were both false and misleading. We've also provided information about some of the most successful U.S. burger brands. Misleading Burger Ads One ad that we reviewed showed a photo of a large cheeseburger in what appeared to be the dining room of a restaurant. We performed a reverse-image search and traced the picture to a page on Pinterest. A link on that Pinterest page led to another page on friesandsalt.tumblr.com, which…",False,False,True,refutes,srilankafactcrescendo
srilankafactcrescendo_101_ret_bn_g0,srilankafactcrescendo_101,"America’s Most Famous Burger , Owned By China !!",Social Media Users,"(KGTV) — An ad popping up online claims America's most famous burger brand is now owned by the Chinese. While the term ""most famous"" is subjective, McDonald's is the country's best-selling burger chain and it's headquartered in Chicago, not China. [...] By the way, clicking on the fake ads will take you to a long article that never mentions a U.S. burger brand being purchased by a company in China.",False,False,True,insufficient-refutes,srilankafactcrescendo
srilankafactcrescendo_101_ret_bn_g4,srilankafactcrescendo_101,"America’s Most Famous Burger , Owned By China !!",Social Media Users,"America’s Most Famous Burger Does NOT Owned by China [...] Fact Crescendo has found that the articles attached to the above claim are misleading. China does not own America's most famous burger. McDonald's present headquarters are in Chicago, Illinois, and are managed by Chris Kempczinski. Title:America’s Most Famous Burger Does NOT Owned by China",False,False,True,refutes,srilankafactcrescendo
srilankafactcrescendo_102,srilankafactcrescendo_102,Ranil Wickremesinghe Says That No Election Will Be Held Until The End Of The IMF Program !,Social Media Users,"In conclusion, the claim that President Ranil Wickremesinghe announced the postponement of elections in Sri Lanka until the completion of an IMF reform program is false. The Election Commissioner has refuted this claim, and there is no constitutional basis for such a decision. It is essential to rely on credible sources and factual information when evaluating such claims.",False,True,True,refutes,srilankafactcrescendo
srilankafactcrescendo_102_ret_bn_g10,srilankafactcrescendo_102,Ranil Wickremesinghe Says That No Election Will Be Held Until The End Of The IMF Program !,Social Media Users,"The Sri Lanka Podujana Peramuna (SLPP)-backed government, associated with the worst economic crisis Sri Lanka has ever faced, is expected to face a crushing defeat at the local council election. Therefore, the government has been attempting to postpone the election, through several constitutional and unconstitutional methods, until they receive the IMF bailout package of $2.9 billion. The government believes that this funding, along with the expected bridging finance could be used to stabilize the economy and that an election should be held at a more favorable time. [...] Executive Director of the Institute of Democratic Reforms and Electoral Studies (IRES) Manjula Gajanayake told The Diplomat that no country has postponed elections under the pretext that there is no money in the treasury. President Ranil Wickremesinghe has blatantly attempted to influence the Elections Commission, which is an independent commission, as well as to spread false propaganda about divisions among commissioners, Gajanayake said. Given that the president has said that elections will not be held until the Sri Lankan economy is stabilized, it is unlikely that the government will provide the necessary funding unless mass protests compel them to. Why is the government trying so hard to delay elections? The most obvious reason is that it would suffer a massive defeat and that would delegitimize its existence. It won’t be able to carry out its IMF-approved program. This in turn would mean that they will not receive the IMF bailout that they are desperate to have. No political party wants to face that fate.",False,False,True,insufficient-supports,srilankafactcrescendo
srilankafactcrescendo_102_ret_bn_g11,srilankafactcrescendo_102,Ranil Wickremesinghe Says That No Election Will Be Held Until The End Of The IMF Program !,Social Media Users,"In this context, the president’s recent statement that no elections will be held until the IMF programme is completed has caused speculation to grow regarding the presidential elections. An identical story in several newspapers states that President Ranil Wickremesinghe has informed Cabinet and the Election Commission that there is no chance of holding any election until the economic reforms programme that is being carried out with the International Monetary Fund is concluded. The President has said that the economic reform process done together with the IMF was crucial for the country to progress economically, and therefore, priority should be given to the IMF programme. The President has also said since the IMF programme is in effect until the end of July, no election will be held till such time. This will put to rest the hopes of those who want early parliamentary elections before the presidential election in the hope of cutting their losses in the event that their candidate does not win the presidential election. President Wickremesinghe has said that the presidential election will not be a hindrance to the IMF programme as the time for holding the presidential election comes constitutionally after the process of the IMF programme. According to the news reports the President has informed the Cabinet as well as the officials of the Election Commission to prepare for the presidential election first. This suggests that there will be no early parliamentary elections as lobbied for by a section within the government. The challenge will be to ensure the implementation of the IMF agreement before the presidential elections are called.",False,False,True,supports,srilankafactcrescendo
srilankafactcrescendo_103,srilankafactcrescendo_103,The Quality of HappyCow Cheese in SL Market is Lower Than Original Product!!,Social Media  Users,"Based on the investigation, the decision to put the “Sale in Sri Lanka is Prohibited” sticker was taken a few years ago to safeguard the consumers after noticing a trend of passengers coming via Dubai bringing bulk packs of ‘Happy Cow’ products and releasing them to local vendors.",False,True,True,insufficient-neutral,srilankafactcrescendo
srilankafactcrescendo_103_ret_b18_gn,srilankafactcrescendo_103,The Quality of HappyCow Cheese in SL Market is Lower Than Original Product!!,Social Media  Users,"Happy Cow processed cream cheese is especially fine and easy to spread. [...] Happy Cow processed cheese in portions are especially soft and creamy. Produced from the finest ingredients, their taste can vary from mild to spicy. [...] Happy Cow cheese triangles are especially soft and creamy. Produced from the finest ingredient",False,False,True,insufficient-neutral,srilankafactcrescendo
srilankafactcrescendo_103_ret_b4_gn,srilankafactcrescendo_103,The Quality of HappyCow Cheese in SL Market is Lower Than Original Product!!,Social Media  Users,"Happy Cow Cheese is a creamy cheese made of pasteurised cow`s milk. Various kinds of Happy Cow cream cheese are produced from fresh milk of the day, using gentle procedures; they are characterised by their smooth texture and fresh, mild and creamy taste. Happy Cow Cheese is manufactured by Woerle?s. The origins of Woerle`s gourmet cheesemaking traditions can be traced back to visionary cheesemaker Johann Baptist Woerle. Around 1870, he began a search to find the ideal conditions for Emmentaler cheese production. Based on the Purity Law of 1889, 125 years of cheese craftsmanship were set to begin as Johann Baptist Woerle established the first Emmentaler cheese enterprise. He knew that the key to making the best cheese was using the best milk, which only cows with a proper diet can produce. WOERLE cheese specialities are produced from valuable, GMO-free hay milk. [...] Owned by Woerle Happy Cow is a Worldwide famous brand that is well known for triangles and slices of processed cheese...",False,False,True,insufficient-refutes,srilankafactcrescendo
srilankafactcrescendo_103_ret_bn_g6,srilankafactcrescendo_103,The Quality of HappyCow Cheese in SL Market is Lower Than Original Product!!,Social Media  Users,Product Description Of Happy Cow Cheese Low Fat Round Box 140g Happy Cow Cheese Low Fat Round Box 140g Relish the exceptionally soft and creamy texture of the Happy Cow 8 portion Cheese triangles without added fat. Reduced fat – 62 per cent less fat than the Happy Cow Original. It comes divided into eight portions and is made using the finest ingredients to ensure premium quality.,False,False,True,insufficient-neutral,srilankafactcrescendo
srilankafactcrescendo_104,srilankafactcrescendo_104,"Ten-Foot-Tall Giant Skull Found In Pahiyangala Cave, Sri Lanka !",Social Media Users,"Based on the lack of credible sources, official denials from relevant authorities, inconsistencies in attributions, and misuse of images, it is evident that the claims of a 10-foot-tall giant skull found in Pahiyangala Cave are unsubstantiated and fabricated.",False,True,True,refutes,srilankafactcrescendo
srilankafactcrescendo_104_ret_bn_g0,srilankafactcrescendo_104,"Ten-Foot-Tall Giant Skull Found In Pahiyangala Cave, Sri Lanka !",Social Media Users,"Social media claims suggest that a 10-foot-tall giant skull, purportedly 37,000 years old, was discovered in Pahiyangala Cave (also known as Fa-Hien Cave) in Sri Lanka. These claims are primarily based on blog posts allegedly originating from the China-based Xinhua news agency and attributed to Senarath Dissanayake, former Director General of Sri Lanka's Archaeological Department. [...] Located in Kalutara, SouthWest region of Sri Lanka, Pahiyangala (Fa-Hien) cave is one of Southeast Asia's largest natural rock caves. The cave is especially significant for its archaeological significance, with evidence of ancient human activity and artifacts found within its chambers. The artifacts range from 48,000 to 4,000 years old, including 130 bone-arrow tips, the oldest arrow tips found outside of Africa—29 bone tools for making bags or clothing, and a handful of ornamental beads. More on this here and here. [...] Based on the lack of credible sources, official denials from relevant authorities, inconsistencies in attributions, and misuse of images, it is evident that the claims of a 10-foot-tall giant skull found in Pahiyangala Cave are unsubstantiated and fabricated.",False,False,True,refutes,srilankafactcrescendo
srilankafactcrescendo_104_ret_bn_g16,srilankafactcrescendo_104,"Ten-Foot-Tall Giant Skull Found In Pahiyangala Cave, Sri Lanka !",Social Media Users,"Pahiyangala Cave is located inthe Kalutara district and is one of the best archaeological sites in the area. According to archaeologists, this cave dates back more than 30,000 years, making it one of the oldest archaeological sites in Sri Lanka. Perched 400 feet above sea level, the Fa-Hsien Cave stands 175 feet tall and spans over 200 feet in length. Legend has it that the cave could once accommodate up to 3000 people, but its natural tunnels are now blocked off and inaccessible. The cave has been divided into four sections, with the largest on the left side at its centre. According to carbon dating, an excavation by the Archaeological Department revealed a deep pit containing five human skulls dating back to 37,000 years old. Along with the skulls, stone and animal bone weapons were uncovered, believed to have been used for hunting monkeys, deer, porcupines, and other creatures. The inhabitants of the cave also consumed the acavus snail and wild breadfruit. [...] Kalutara is a city filled with beauty and spirituality, offering a wide range of activities for visitors of all ages. From Richmond Castle to Thudugala Ella waterfall and Pahiyangala Cave to CALIDO Beach, there are plenty of attractions to explore. Religious sites, such as the Asokaramaya Buddhist Temple and KandeViharaya Temple, offer visitors the chance to explore Sri Lanka’s rich spiritual heritage. Makeli Ella Falls and Batamullakanda Buddha Statue promise excitement for those seeking adventure. Whatever your idea of a perfect holiday may be, Kalutara has something for everyone.",False,False,True,insufficient-refutes,srilankafactcrescendo
srilankafactcrescendo_104_ret_bn_g5,srilankafactcrescendo_104,"Ten-Foot-Tall Giant Skull Found In Pahiyangala Cave, Sri Lanka !",Social Media Users,"Narasi yang beredar, tengkorak raksasa ditemukan di Gua Pahiyangala. Juru bicara Departemen Arkeologi Sri Lanka membantah narasi itu. Ia menyampaikan, tidak ada temuan signifikan baru-baru ini yang dilaporkan di Gua Pahiyangala. [...] - https://commons.wikimedia.org/wiki/File:Loxodonta_africana-cyclotis_skulls_PZSL.png - https://srilanka.factcrescendo.com/english/no-evidence-of-a-10-foot-tall-giant-skull-found-in-pahiyangala-cave/",False,False,True,refutes,srilankafactcrescendo
srilankafactcrescendo_105,srilankafactcrescendo_105,Climate Change Is A Scam !!,Social Media Users,"The claims made in the viral social media video are misleading and incomplete. While the discussion in the video attempts to discredit the reality of climate change by citing irrelevant data and presenting incomplete arguments, a comprehensive review of scientific literature and evidence strongly supports the reality of anthropogenic climate change.",False,True,True,refutes,srilankafactcrescendo
srilankafactcrescendo_105_ret_b4_gn,srilankafactcrescendo_105,Climate Change Is A Scam !!,Social Media Users,"PolitiFact has debunked similar claims about climate change being a hoax or scam in the past. [...] A Facebook post claimed climate change is the ""most significant fraud perpetrated on humanity."" [...] PolitiFact, ""No, home mortgages don’t prove climate change is a scam,"" April 26, 2021",False,False,True,insufficient-refutes,srilankafactcrescendo
srilankafactcrescendo_105_ret_b5_gn,srilankafactcrescendo_105,Climate Change Is A Scam !!,Social Media Users,"The claim: Human-caused climate change is a hoax [...] One Facebook user posted on April 19 claiming, among other things, that ""man-made climate change (is a) scam."" [...] The claim that human-caused climate change is a hoax is FALSE, based on our research. The scientific consensus is that climate change is a product of human-produced gases that trap heat on Earth. Both government organizations and papers in scientific journals have concluded with a high degree of certainty that climate change is human-made.",False,False,True,refutes,srilankafactcrescendo
srilankafactcrescendo_105_ret_bn_g11,srilankafactcrescendo_105,Climate Change Is A Scam !!,Social Media Users,"Trump sparks controversy for calling climate change a ‘scam’ as Hurricane Helene leaves trail of destruction [...] Donald Trump has sparked controversy for declaring that climate change is ""one of the great scams"" after Hurricane Helene left a trail of destruction, killing more than 100 people, across the southeast US. [...] Despite claiming that climate change is a ""scam"", Trump is planning to make a campaign stop in Georgia on Monday, one of the states hardest-hit by Hurricane Helene.",False,False,True,insufficient-contradictory,srilankafactcrescendo
srilankafactcrescendo_105_ret_bn_g13,srilankafactcrescendo_105,Climate Change Is A Scam !!,Social Media Users,"An April 15, 2023, tweet by Republican U.S. Representative Marjorie Taylor Greene said climate change was a ""scam"", that ""fossil fuels are natural and amazing"", and that ""there are some very powerful people that are getting rich beyond their wildest dreams convincing many that carbon is the enemy"".[223] Her tweet included a chart that omitted carbon dioxide and methane[223]—the two most dominant greenhouse gas emissions.[224] [...] - ^ a b Al Webb (6 March 2007). ""Global warming labeled a 'scam'"". The Washington Times. Archived from the original on 8 March 2007. [...] - ^ a b Greene, Marjorie Taylor [@RepMTG] (15 April 2023). ""Rep. Marjorie Taylor Greene🇺🇸"" (Tweet). Hapeville, GA. Archived from the original on 18 April 2023 – via Twitter. described in Al-Arshani, Sarah (16 April 2023). ""Marjorie Taylor Greene says climate change is a 'scam' and that fossil fuels are 'amazing'"". Business Insider. Archived from the original on 18 April 2023.",False,False,True,insufficient-neutral,srilankafactcrescendo
srilankafactcrescendo_106,srilankafactcrescendo_106,Buddhist Monk of Mahameunawa Was Attacked By Villagers For Womenizing !!,Social Media Users,"Based on the investigations conducted with multiple sources, including the Mahameunawa network, local monks, and police authorities, it is evident that the assaulted monk and the temple mentioned in the social media posts do not belong to the Mahameunawa Asapu network. The temple involved in the incident is identified as Mahameunawa Viharaya, located in Galahitiya, Molkawa, and commonly referred to as Galahitiya temple. Therefore, the claim circulating on social media is false, and there is no evidence supporting the alleged connection between the assaulted monk and the Mahameunawa network.",False,True,True,refutes,srilankafactcrescendo
srilankafactcrescendo_106_ret_b14_gn,srilankafactcrescendo_106,Buddhist Monk of Mahameunawa Was Attacked By Villagers For Womenizing !!,Social Media Users,"Buddhist Nuns’ Monastery is a branch of Mahamevnawa Buddhist Monastery. Mahamevanawa Buddhist Monastery was established to benefit the spiritual development of human beings through the teachings of Buddha. Founded in 1999 in Sri Lanka by Ven. Kiribathgoda Gnanananda Thero, its sole purpose is to spread the original teachings of the Buddha. The monastery is a warm and welcoming place for everyone to investigate true happiness through Dhamma and meditation. Here the Buddha’s teachings are presented in modern language that is easy to understand. What makes Mahanevnawa unique is the effort to bring the Supreme Dhamma to listeners in its original form. Because of this, both young and old listen to the Dhamma and practice virtue, concentration, mindfulness and wisdom to realize the Four Noble Truths revealed by the Supreme Buddha. Presently there are more than 800 monks, more than 150 nuns, and thousands of lay disciples practicing Dhamma at Mahamevnawa Monasteries around the world. Currently there are more than 60 Sri Lankan and international branches including in Canada, United States, England, Germany, Australia, India and Dubai.",False,False,True,insufficient-neutral,srilankafactcrescendo
srilankafactcrescendo_106_ret_bn_g0,srilankafactcrescendo_106,Buddhist Monk of Mahameunawa Was Attacked By Villagers For Womenizing !!,Social Media Users,"Buddhist Monk Attacked By Villagers for Womenizing Does Not Belong to Mahameunawa Monastery Network! [...] Social media posts allege that a Buddhist monk belonging to the Mahameunawa monastery network was attacked by villagers for breaching monastic codes, specifically for womanising at night. The incident supposedly occurred on the roads of Baduraliya, with the monk being hospitalised by the Baduraliya Police. [...] Title:Buddhist Monk Attacked By Villagers for Womenizing Does Not Belong to Mahameunawa Monastery Network!",False,False,True,refutes,srilankafactcrescendo
srilankafactcrescendo_108,srilankafactcrescendo_108,Future government led by the Samagi Jana Balawegaya (SJB) would close down all liquor shops-Sajith,Daily Mirror,"While it's clear that Sajith Premadasa and the SJB are advocating for stricter regulations on liquor licenses and a crackdown on irresponsible practices in the alcohol industry, the assertion that all liquor shops and taverns will be closed under their government is misleading. Sajith stresses that he would take steps to cancel liquor licenses issued as bribes if he came to power, but he never mentions a total ban on all liquor stores.",False,True,True,refutes,srilankafactcrescendo
srilankafactcrescendo_108_ret_b6_gn,srilankafactcrescendo_108,Future government led by the Samagi Jana Balawegaya (SJB) would close down all liquor shops-Sajith,Daily Mirror,"The Main Opposition: Samagi Jana Balawegaya The country’s main opposition party, the Samagi Jana Balavegaya (SJB), performed modestly at general elections in 2020, gaining 23.92 percent of the vote. Its leader, Sajith Premadasa, once an ally of Wickremesinghe, has become a fierce critic of his government. [...] Complicating matters further, the party has invited to its fold several individuals who were associated with the previous Gotabaya Rajapaksa government and his Sri Lanka Podujana Peramuna (SLPP) party. These include ex-military officials. The SJB itself is chaired by a former Army commander, Sarath Fonseka. The inclusion of ex-SLPP stalwarts has driven a wedge between Fonseka and Sajith Premadasa, to a point where Fonseka is now touting himself as a presidential candidate in his own right.",False,False,True,insufficient-neutral,srilankafactcrescendo
srilankafactcrescendo_108_ret_bn_g0,srilankafactcrescendo_108,Future government led by the Samagi Jana Balawegaya (SJB) would close down all liquor shops-Sajith,Daily Mirror,"A recent report by the English daily newspaper Daily Mirror has stirred up discussions regarding the stance of Sajith Premadasa, Leader of the Opposition in Sri Lanka, on the operation of liquor shops and taverns. The report suggests that a future government led by the Samagi Jana Balawegaya (SJB) would close down all liquor shops and taverns, with exceptions made only for those contributing to tourism. [...] While the initial newspaper report suggested a blanket closure of all liquor shops and taverns under a potential SJB government, this clearly misrepresented facts. Premadasa's statements and actions indicate a more targeted approach, focusing on canceling licenses issued without due process and those posing risks to sensitive areas. [...] While it's clear that Sajith Premadasa and the SJB are advocating for stricter regulations on liquor licenses and a crackdown on irresponsible practices in the alcohol industry, the assertion that all liquor shops and taverns will be closed under their government is misleading. Sajith stresses that he would take steps to cancel liquor licenses issued as bribes if he came to power, but he never mentions a total ban on all liquor stores.",False,False,True,refutes,srilankafactcrescendo
srilankafactcrescendo_108_ret_bn_g18,srilankafactcrescendo_108,Future government led by the Samagi Jana Balawegaya (SJB) would close down all liquor shops-Sajith,Daily Mirror,"The voting pattern laid bare the first crack within the Samagi Jana Balavegaya (SJB) led by Sajith Premadasa. He was outraged by Anuradhapura parliamentarian Ishak Rahman, who came first in the Anuradhapura district, at the August parliamentary elections. ""Ombawa mama Anuradhapurata avilla dana gassanawa or I will come to Anuradhapura and make you kneel,"" he warned angrily. He charged that he had crossed the red line. Rahman hit back by saying ""I am not a member of your party. You did not even help me when I was contesting."" [...] SJB General Secretary Ranjit Madduma Bandara issued a statement after a meeting chaired by Premadasa on Friday. It said, ""The MPs of the Samagi Jana Balawegaya (SJB) held a special meeting on October 23, 2020. The meeting was held at Committee room 02 in Parliament. In the meeting following decisions were taken. The Samgi Jana Balavegaya Parliamentary MPs unanimously decided to vote against the 20th Amendment. This decision was taken according to three line whip notice (unchangeable decision) therefore at the meeting the SJB parliamentary group decided to take special disciplinary action against the MPs who acted against the decision taken by the parliamentary group by voting in favour of the 20th Amendment.",False,False,True,insufficient-neutral,srilankafactcrescendo
srilankafactcrescendo_109,srilankafactcrescendo_109,Janitha Perera has become the Miss Australia for Miss Universe 2022,Social Media users,"According to our investigation, it's clear that Janitha Perera has not become Miss Universe Australia -2022 so far. She was only selected to contest for Miss Universe Australia -2022 national finals which would be held September 2022. Like Janitha many other contestants were also selected from other Australian states, all of whom will be vying for the top spot in grand finals in September 2022.",False,True,True,refutes,srilankafactcrescendo
srilankafactcrescendo_109_ret_b9_gn,srilankafactcrescendo_109,Janitha Perera has become the Miss Australia for Miss Universe 2022,Social Media users,"Janitha Perera crowned as Miss Universe Australia 2022 [...] Recently, we saw an array of posts on social media claiming she was. Janitha Perera , who is of Sri Lankan origins, had been awarded the Miss Universe Australia 2022 title. But, our research found that although she been selected for the finals that will be held in September, she was not received the prized title. [...] We contacted Miss Universe Australia to get clarifications on viral posts. The event director of Miss Universe Australia 2022 event, Amy Holland, confirmed to us that Janitha Perera was chosen to represent Australia in the national finals, and that it will take place during September 2022. She asked us that you follow Miss Universe's official Instagram page for information about the contest and more.",False,False,True,refutes,srilankafactcrescendo
srilankafactcrescendo_109_ret_bn_g0,srilankafactcrescendo_109,Janitha Perera has become the Miss Australia for Miss Universe 2022,Social Media users,"First, we checked whether there were any international media reports about Janitha Perera's victory as Miss Universe Australia 2022. However, we were not able to find such media reports nor any reports about Miss Universe Australia 2022 grand finals. [...] According to our investigation, it's clear that Janitha Perera has not become Miss Universe Australia -2022 so far. She was only selected to contest for Miss Universe Australia -2022 national finals which would be held September 2022. Like Janitha many other contestants were also selected from other Australian states, all of whom will be vying for the top spot in grand finals in September 2022. Title:Janitha Perera-Miss Australia-Miss Universe -2022?",False,False,True,refutes,srilankafactcrescendo
srilankafactcrescendo_11,srilankafactcrescendo_11,Houses being burnt due to election violence !!,Social Media Users,"The claims circulating on social media that the video depicts violence related to the presidential election are false. The video in question is an old clip from a building on fire from March 2024. We advise the public to refrain from sharing unverified information, especially during sensitive times like elections, and to rely on credible sources for accurate news.",False,True,True,refutes,srilankafactcrescendo
srilankafactcrescendo_11_ret_bn_g4,srilankafactcrescendo_11,Houses being burnt due to election violence !!,Social Media Users,"Mashonaland East and West provinces have been particularly badly affected and numbers of reported incidents of violence are on the increase in Harare. Victims report receiving death threats unless they vote ""correctly"" in a second round of voting should it be found that there was no outright winner of the presidential vote. Many of the casualties have seen their homes, food reserves and livestock destroyed and are now displaced. Hundreds of homesteads are reported to have been burnt in Manicaland and Mashonaland East. Perpetrators of the violence include so-called ""war veterans"" and supporters of the ruling party, as well as police officers and soldiers. State actors are accused of working hand-in-hand with ZANU-PF supporters. Individuals have been abducted from their homes by members of the military, in uniform and in plain clothes, as well as by ZANU-PF supporters.",False,False,True,supports,srilankafactcrescendo
srilankafactcrescendo_11_ret_bn_g5,srilankafactcrescendo_11,Houses being burnt due to election violence !!,Social Media Users,"Outbreaks of violence following Kenya's disputed general election in December, 2007, left many houses burnt. [...] The violence following the Kenyan election on December 27 has shocked many. The country is still reeling from outbursts that have seen houses being burnt and looted, thousands of people displaced and over 600 deaths.",False,False,True,supports,srilankafactcrescendo
srilankafactcrescendo_11_ret_bn_g7,srilankafactcrescendo_11,Houses being burnt due to election violence !!,Social Media Users,"A video circulating on social media shows what appears to be a building fire, with claims that the incident is related to violence during the Sri Lankan presidential election, which took place yesterday. As election results are being released, many online users have shared the video, alleging that the fire is the result of election-related violence. [...] To get further insights on current post-election violence in the country, we contacted the Police Media Division, who confirmed that there hasn't been any report of such an incident of a house or building set on fire. Also, when we asked the Center for Monitoring Election Violence (CMEV), they confirmed that this is false information and that no arson incident had been reported.",False,False,True,refutes,srilankafactcrescendo
srilankafactcrescendo_111,srilankafactcrescendo_111,"Modern Graduation Gown Evaluated From Traditional ""Abaya"" Dress of Muslim Women!!",Social Media Users,"The contribution of medieval Arab universities to the evolution of the graduation gown is indeed significant. The oldest continually operating educational institution, the University of al-Qarawiyyin, and scholars like Ibn Rushd exemplify the rich intellectual heritage that influenced European academic traditions.",False,True,True,insufficient-supports,srilankafactcrescendo
srilankafactcrescendo_111_ret_b0_gn,srilankafactcrescendo_111,"Modern Graduation Gown Evaluated From Traditional ""Abaya"" Dress of Muslim Women!!",Social Media Users,"The abaya has come a long way from being a traditional garment to becoming a fashion statement. This evolution has transformed the abaya from a symbol of religious modesty to a stylish and trendy item in many women's wardrobes. With its origins in the Arabian Peninsula, the abaya has been traditionally worn by women to cover their bodies in a loose-fitting and modest manner. However, in recent years, designers have put a contemporary spin on this traditional garment, incorporating intricate embroidery, embellishments, and modern cuts to create unique and fashionable abayas. Today, women of all backgrounds and cultures are embracing the abaya, not only as a way to adhere to religious dress codes but also as a way to express their individual style. From catwalks to red carpets, the abaya has become a symbol of empowerment and self-expression for women around the world. Whether paired with jeans and sneakers for a casual look or a sequined gown for a glamorous event, the abaya continues to evolve and capture the attention of fashion enthusiasts everywhere. [...] Modern abayas come in a wide range of styles, colors, and materials. They feature intricate embroidery, sequins, beads, and even Swarovski crystals. The designs have become more fitted and tailored, accentuating a woman's silhouette while still maintaining the modesty and elegance associated with the traditional abaya. This evolution has allowed women to embrace their cultural heritage while also expressing their individual style and personality.",False,False,True,insufficient-supports,srilankafactcrescendo
srilankafactcrescendo_111_ret_b2_gn,srilankafactcrescendo_111,"Modern Graduation Gown Evaluated From Traditional ""Abaya"" Dress of Muslim Women!!",Social Media Users,"Welcome to the fascinating journey of the evolution of abayas, a garment deeply rooted in tradition yet evolving with the currents of modern fashion. In this article, we’ll explore how the abaya, once a symbol of modesty and cultural identity, has transformed into a versatile and stylish garment embraced by women around the world. From its humble beginnings to its current status as a fashion statement, the evolution of abayas reflects the dynamic intersection of tradition and modernity. [...] One of the most significant developments in abaya fashion is the rise of the abaya dress—a fusion of traditional modesty and modern sophistication. Abaya dresses feature tailored cuts, structured silhouettes, and fashion-forward details such as asymmetrical hemlines, statement sleeves, and dramatic draping. These versatile garments can be dressed up or down, making them ideal for both formal events and everyday wear. [...] In conclusion, the evolution of abayas from tradition to modernity is a testament to the resilience and adaptability of cultural attire in the face of changing times. From its humble origins as a simple garment to its current status as a global fashion staple, the abaya continues to inspire and captivate women around the world. Whether worn for religious observance, cultural pride, or personal expression, the abaya represents a timeless fusion of tradition and style—a true icon of modest fashion.",False,False,True,insufficient-supports,srilankafactcrescendo
srilankafactcrescendo_111_ret_b7_gn,srilankafactcrescendo_111,"Modern Graduation Gown Evaluated From Traditional ""Abaya"" Dress of Muslim Women!!",Social Media Users,"In the most basic terms, Abaya is a loose-fitting robe designed for Muslim women to wear on top of their regular clothes. The term Abaya originated from an Arabic reference for the word cloak, which means a loose garment. [...] As simple as it may seem, Abaya happens to be the most popular dress in the Muslim world. Its popularity is such that nations like the UAE, have constituted Abaya as their national dress. Its popularity can’t give rise to an ""Intriguing"" factor considering how comfortable it is to wear around and how it can be styled to suit a myriad of everyday events and occasions. [...] - The Evolution of Abayas: From Tradition to Trendsetting - From Abayas to Hijabs: A Comprehensive Guide to Styling Islamic Women’s Dress - Modest Long Dresses for Every Season: Embracing Comfort and Fashion - Top Dubai Abayas: Best Designers, Brands, and Dresses for Special Occasions - What is an Abaya: A Comprehensive Guide - Stunning Abaya Traditional Dress for Modern Women - 7 Most Common Types of Muslim Women's Clothing - Ultimate Guide to Elegant and Modest Wedding Dresses",False,False,True,insufficient-supports,srilankafactcrescendo
srilankafactcrescendo_112,srilankafactcrescendo_112,"If no one shakes the jar with different species of ants, there is no conflict between ants !",Social Media Users,"The claim attributing the statement to David Attenborough is false. Attenborough denied making such a statement, and entomologists explained that the scenario described in the claim does not accurately reflect ant behavior. Based on their natural instincts and differences in odor, ants are likely to exhibit aggression towards individuals of different species regardless of whether the jar is shaken. Therefore, this claim is not supported by evidence and should be regarded as misleading.",False,True,True,refutes,srilankafactcrescendo
srilankafactcrescendo_112_ret_b3_gn,srilankafactcrescendo_112,"If no one shakes the jar with different species of ants, there is no conflict between ants !",Social Media Users,"A quote attributed to David Attenborough that claims black ants and red ants will kill each other if you shake them in a jar has been shared tens of thousands of times on social media. The claims are false: the quote has been misattributed to the famed naturalist and broadcaster, Attenborough's spokesperson told AFP. Experts also told AFP that ants of different species will act aggressively towards each other even in an unshaken jar. [...] Entomologist from James Cook University, Associate Professor Lori Lach, told AFP that regardless of whether you shake a jar containing two species of ants, they will likely be aggressive toward each other. [...] ""If you place ants of different species in a jar, they will generally behave aggressively to individuals of the opposite species, regardless of whether the jar is shaken or not,"" Ward told AFP on October 23, 2021.",False,False,True,refutes,srilankafactcrescendo
srilankafactcrescendo_112_ret_bn_g0,srilankafactcrescendo_112,"If no one shakes the jar with different species of ants, there is no conflict between ants !",Social Media Users,"A statement attributed to David Attenborough suggests that if 100 black ants and 100 red ants are put in a jar and shaken, they will start killing each other. The statement likens it to societal conflict, where the real enemy is the one who shakes the jar. It further states that if no one shakes the jar, there is no conflict between ants. [...] Expert Opinion: Entomologists, such as Associate Professor Lori Lach from James Cook University and Professor Philip S. Ward from the University of California Davis, refuted the scenario described in the statement. They explain to AFP that regardless of whether a jar containing ants is shaken or not, ants of different species tend to behave aggressively towards each other due to differences in smell. The related AFP article can be read here. Ant Behavior: Ant behavior is not solely determined by external factors like shaking a jar. Even if the jar is not disturbed, ants of different species are likely to exhibit aggressive behavior towards each other due to their natural instincts, driven by differences in odor and territorial behavior. More details can be read from here and here",False,False,True,refutes,srilankafactcrescendo
srilankafactcrescendo_112_ret_bn_g12,srilankafactcrescendo_112,"If no one shakes the jar with different species of ants, there is no conflict between ants !",Social Media Users,"Ants communicate using pheromones, which are chemical signals they use to identify each other and maintain social order within their colonies. When ants from different colonies or species come into contact, they may engage in aggressive behaviors like fighting. However, simply shaking a jar with ants inside is unlikely to trigger widespread violence between them. [...] Ant communication and behavior are based on complex biological and ecological factors such as pheromones, not on artificially induced conflicts as suggested by a misattributed statement or fictional works. The concept of shaking a jar to make ants fight is not supported by scientific evidence and does not reflect real ant behavior. [...] No, the argument is not correct. Ants do not automatically start fighting if an ""enemy"" is identified solely based on shaking a jar. While some species of ants may exhibit aggressive behavior towards intruders, it's not triggered by mere agitation of their environment.",False,False,True,refutes,srilankafactcrescendo
srilankafactcrescendo_113_ret_b2_gn,srilankafactcrescendo_113,Hyderabad Police Issued A Warning Against Soft Drinks Containing The Ebola Virus!,Social Media Users,"A post is being widely circulated on social media, claiming that Hyderabad Police have warned people against consuming any soft drink. It claims that an employee working in one of the soft drink manufacturing units had added his blood, contaminated by the Ebola virus, to the product. The post is being shared on Facebook with a caption in Hindi: हैदराबाद पुलिस ने पूरे भारत में सूचना दी है। कृपया अगले कुछ दिनों तक माज़ा, फैंटा, 7 अप, कोका कोला, माउंटेन ड्यू, पेप्सी आदि कोई भी कोल्ड ड्रिंक न लें क्योंकि कंपनी के एक कर्मचारी ने इसे खतरनाक इबोला वायरस से दूषित रक्त में मिला दिया है। यह खबर कल NDTV चैनल में रिपोर्ट की गई थी। कृपया इस संदेश को जल्द से जल्द शेयर कर इस्लाम के लोगों की मदद करें। इस मैसेज को अपने परिवार को जरूर बताएं। अल्लाह आपको अच्छा इनाम दे अल-दाई अल-खैर:- हुजूर मुहद्दिस कबीर नेटवर्क (English translation: Hyderabad Police have given information all over India. Please do not take any cold drinks like Maaza, Fanta, 7 Up, Coca-Cola, Mountain Dew, Pepsi, etc., for the next few days as one of the company’s employees mixed it with blood contaminated with the dreaded Ebola virus. This news was reported yesterday by the NDTV channel. Please help the people of Islam by sharing this message as soon as possible. Do tell this message to your family.)",False,False,True,insufficient-supports,srilankafactcrescendo
srilankafactcrescendo_113_ret_bn_g3,srilankafactcrescendo_113,Hyderabad Police Issued A Warning Against Soft Drinks Containing The Ebola Virus!,Social Media Users,"Hyderabad Police did not issue warning against soft drinks containing Ebola virus. [...] Time and again social media users have revived old claims and circulated then online. This time again, a message claiming to be purportedly written by the National Health of India and Hyderabad Police who warn people to not consume soft drinks such as Maaza, Coca Cola, Thumbs Up, 7-Up, Pepsi, Sprite etc has a company employee has mixed contaminated blood containing the Ebola virus in these drinks. The message further states that this news was reported by NDTV recently. [...] Title:Hyderabad Police did not issue warning against soft drinks containing Ebola virus",False,False,True,refutes,srilankafactcrescendo
srilankafactcrescendo_113_ret_bn_g5,srilankafactcrescendo_113,Hyderabad Police Issued A Warning Against Soft Drinks Containing The Ebola Virus!,Social Media Users,"Did Hyderabad police release a warning about the contamination of soft drinks with Ebola Virus? Know the truth. [...] An old message about the contamination of soft drinks has resurfaced again on various social media platforms. The message says that Hyderabad Police has issued a warning not to consume soft drinks like Maaza, Fanta, 7 Up, Coca Cola, Mountain Dew, Pepsi, etc. for the next few days because one of the company’s workers has mixed the contaminated blood of a dangerous virus named Ebola in it. [...] Fact Crescendo found the claim to be false. Hyderabad police had clarified that they have not released any warning about the soft drinks contaminated with the Ebola virus.",False,False,True,refutes,srilankafactcrescendo
srilankafactcrescendo_114,srilankafactcrescendo_114,SJB and JVP to make an interim government under the premiership of Karu Jayasuriya,Social Media Users,"According to our investigation, we were able to find out that the viral messages of a alleged meeting at President House with SJB and JVP where an agreement was made for both parties to form a collation government under the premiership of former speaker Karu Jayasuriya is misleading.",False,True,True,refutes,srilankafactcrescendo
srilankafactcrescendo_114_ret_b14_gn,srilankafactcrescendo_114,SJB and JVP to make an interim government under the premiership of Karu Jayasuriya,Social Media Users,"In a series of public rallies and speeches last week, both the JVP and the SJB have been issuing ultimatums, calling upon the Ranil-Rajapaksa government to step down and hand over the government to their respective alliances in parliament. Neither ultimatum is a response to Ranil Wickremesinghe’s hint at being full-term PM, i.e., continuing as PM for the remainder of the term of the current parliament. Rather, the JVP and the SJB seem convinced that nothing much is going to change under Ranil Wickremesinghe, and now is their time to step in and lead an interim government. Neither party has the numbers to do anything in parliament. The JVP has three and the SJB 54, but their unstated logic might be that if Ranil Wickremesinghe could become Prime Minister leading only himself as a nominated MP, why not they? Their stronger argument is the failure of the current interim Prime Minister to show even some results or changes on the ground.",False,False,True,insufficient-refutes,srilankafactcrescendo
srilankafactcrescendo_114_ret_b18_gn,srilankafactcrescendo_114,SJB and JVP to make an interim government under the premiership of Karu Jayasuriya,Social Media Users,"This article is written in the context of the SJB and JVP being considered as credible alternatives to the failed politics and unprincipled conduct of national political parties – UNP, SLFP and the incumbent Rajapaksa family dominated SLPP government. Surprisingly even some ‘elite’ circles rattled by what’s now going on, consider the JVP as an alternative. The SJB has some traction despite being widely considered a clone of the electorally marginalized UNP. By the same token, SJB’s association with the UNP is a huge advantage to the JVP. [...] The ground reality of whether the SJB and JVP could on their own form a government even with the support of smaller parties will not engage the attention of this article. Similarly, the realpolitik enabling collaboration between the SJB and JVP in forming a government let alone its stability will also not engage the attention of this article. What is apparent is that the country is in for a long period of INSTABILITY and some degree of turmoil. [...] The HYPOCRISY of the SJB and to some extent the JVP is stark in the petitions they filed in the Supreme Court through SJB parliamentarian, Eran Wickramaratne and JVP Political Bureau member, Sunil Handunneththi alleging that the SLPP proposed Finance Bill encourages money laundering.",False,False,True,insufficient-neutral,srilankafactcrescendo
srilankafactcrescendo_114_ret_bn_g0,srilankafactcrescendo_114,SJB and JVP to make an interim government under the premiership of Karu Jayasuriya,Social Media Users,"In this regard many are giving their own views and interpretations on formation of an interim government. We notice a viral claim, which stated that the SJB and JVP have agreed to build a new political coalition for an interim government under the premiership of former speaker Karu Jayasuriya. Here are our findings in this regard. [...] First, we checked about media reports what claim that Karu Jayasuriya going to become a prime minister under the support of both SJB and JVP as a result of discussions made at Presidents House. However, we were not able to find any such report in mainstream media. But there were some media reports about a possible appointment of Karu Jayasuriya as a prime minister of an interim government. Such report can be reached from here. Archived. We contacted both SJB and JVP media units over this claim and they strictly refused this social media claim and stressed that there were no such meeting in Presidents House involving both parties as social media reports claim and rejected the views that they going to bring coalition interim government with the premiership of former speaker of the parliament Karu Jayasuriya.",False,False,True,refutes,srilankafactcrescendo
srilankafactcrescendo_115,srilankafactcrescendo_115,"An anthem with 99 names of Allah, created by NewZeland government !!",Social Media Users,"Fact Crescendo found the viral claim to be false. The video is not of an anthem with 99 names of Allah, created by NewZeland government but an old video of a concert held in Turkey in 2011 to celebrate 558th anniversary of Ottoman empire victory over Byzantine empire.",False,True,True,refutes,srilankafactcrescendo
srilankafactcrescendo_115_ret_b1_gn,srilankafactcrescendo_115,"An anthem with 99 names of Allah, created by NewZeland government !!",Social Media Users,"Old Video Of A Concert From Turkey Viral As New Zealand Government’s New Anthem With 99 Names Of Allah [...] Fact Crescendo found the viral claim to be false. The video is not of an anthem with 99 names of Allah, created by NewZeland government but an old video of a concert held in Turkey in 2011 to celebrate 558th anniversary of Ottoman empire victory over Byzantine empire. Title:Old video of a concert from Bosnia viral as NewZeland government’s new anthem with 99 names of Allah",False,False,True,refutes,srilankafactcrescendo
srilankafactcrescendo_115_ret_bn_g0,srilankafactcrescendo_115,"An anthem with 99 names of Allah, created by NewZeland government !!",Social Media Users,"Old Video Of A Concert From Turkey Viral As NewZealand Government’s New Anthem With 99 Names Of Allah [...] Fact Crescendo found the viral claim to be false. The video is not of an anthem with 99 names of Allah, created by NewZeland government but an old video of a concert held in Turkey in 2011 to celebrate 558th anniversary of Ottoman empire victory over Byzantine empire. Title:Old video of a concert from Bosnia viral as NewZeland government’s new anthem with 99 names of Allah",False,False,True,refutes,srilankafactcrescendo
srilankafactcrescendo_115_ret_bn_g7,srilankafactcrescendo_115,"An anthem with 99 names of Allah, created by NewZeland government !!",Social Media Users,"The post's Indonesian-language caption translates to English as: ""The first time in World History. Musicians and Singers from the Followers of Islam, Christianity, Judaism and Buddhism came together to New Zealand reciting ASMAUL HUSNA (99 Names of ALLAH) in Arabic specifically to face the Covid 19 outbreak. Too much wisdom during the current covid 19 outbreak. WATCH IT until the end Guys.""",False,False,True,insufficient-contradictory,srilankafactcrescendo
srilankafactcrescendo_116,srilankafactcrescendo_116,WhatsApp Will NOT Record Your Calls; Devices Will NOT Be Monitored By The Government,WhatsApp Users,"Our investigation reveals that even after the new privacy updates, WhatsApp calls would not be recorded, devices will be not monitored, and the government will not be able to check your content after being connected.",False,True,True,supports,srilankafactcrescendo
srilankafactcrescendo_116_ret_b7_gn,srilankafactcrescendo_116,WhatsApp Will NOT Record Your Calls; Devices Will NOT Be Monitored By The Government,WhatsApp Users,"Government 'avoiding accountability' in WhatsApp messages - Published [...] ‘Rampant cronyism’ ""A government of WhatsApp and Signal is undemocratic and unlawful,"" said Kerry Shaw, of The Citizens. [...] Last month, the group sent legal letters to the government, asking for clarification on these issues.",False,False,True,insufficient-neutral,srilankafactcrescendo
srilankafactcrescendo_116_ret_b9_gn,srilankafactcrescendo_116,WhatsApp Will NOT Record Your Calls; Devices Will NOT Be Monitored By The Government,WhatsApp Users,"Fact Check: Is The Government Recording Your Calls? [...] A WhatsApp message is being circulated on social media with the claim that the Government of India is monitoring all forms of communications, both online and telephonic. The message asks the readers to refrain from forwarding messages related to politics or religion. [...] ""From tomorrow onwards there are new communication regulations. All calls are recorded. All phone call recordings saved. WhatsApp is monitored. Twitter is monitored. Facebook is monitored All social media and forums are monitored. Inform those who do not know. Your devices are connected to ministry systems. Take care not to send unnecessary messages. Inform your children, Relatives and friends about this to take care. Don't forward any posts or videos etc., you receive regarding politics/present situation about Government/PM etc. Police have put out a notification termed ..Cyber Crime … and action will be taken…just don't delete … Inform your friends & others too. Writing or forwarding any msg on any political & religious debate is an offence now….arrest without warrant… This is very serious, plz let it be known to all our groups and individual members as group admin can b in deep trouble. Take care not to send unnecessary messages. Inform everyone about this to take care. Please share it; it's very much true. Groups please be careful,"" the message reads.",False,False,True,insufficient-refutes,srilankafactcrescendo
srilankafactcrescendo_116_ret_bn_g4,srilankafactcrescendo_116,WhatsApp Will NOT Record Your Calls; Devices Will NOT Be Monitored By The Government,WhatsApp Users,"IN SHORT: An online message from 2021 has resurfaced in Kenya claiming that all WhatsApp calls will be recorded, social media monitored, and that ""devices will connect to the ministry system"". But WhatsApp told us that its encryption technology means nobody can listen in on your messages and calls – not even WhatsApp. A viral message circulating on Facebook and WhatsApp in Kenya in September 2022 claims that alarming new government surveillance ""rules"" for the app will soon come into effect. [...] The message is false. WhatsApp remains fully encrypted. No government – and nobody else – will be able to record or monitor your messages and calls on the app.",False,False,True,supports,srilankafactcrescendo
srilankafactcrescendo_117_ret_b13_gn,srilankafactcrescendo_117,Indian Rupee Has Become The World`S Fourth Most Recognized Currency,Social Media Users,"""The recent gravitation of more countries, including the likes of Tajikistan, Cuba, Luxembourg and Sudan towards the Indian rupee settlement mechanism has been very encouraging. The increasing participation of these countries strengthens the hold of rupee as a currency in the international Forex market,"" said - Nikhil Varma, Managing Partner, MVAC. [...] Experts believe rupee becoming an international currency would likely reduce India's trade deficit and the rupee will be strengthened in the global market A currency is generally termed 'international' if it is widely accepted across the world as a medium of exchange for trade. [...] It is widely believed if the mechanism fructifies then it may go a long way in internationalizing the Indian currency rupee in the long run.SBI Research, in a report in early July, said, an interesting development is taking place in the global currency market as there has been a significant jump in trade in oil and other commodities in currencies such as the Renminbi, Hong Kong Dollar, and Arab Emirates Dirham.",False,False,True,insufficient-supports,srilankafactcrescendo
srilankafactcrescendo_117_ret_b17_gn,srilankafactcrescendo_117,Indian Rupee Has Become The World`S Fourth Most Recognized Currency,Social Media Users,"India has taken a significant step toward achieving this status for the rupee. [...] Can the Indian rupee become the new dollar? #rupee #dollar [...] In fact, the rupee is already well on it’s way to becoming an international currency. In December 2022, India and Russia completed their first trade settlement in rupees, as part of the International Settlement of Trade. Sri Lanka, Bangladesh, Mauritius and some other countries are already considering the settlement of bilateral trade in Indian rupees.",False,False,True,insufficient-supports,srilankafactcrescendo
srilankafactcrescendo_117_ret_b6_gn,srilankafactcrescendo_117,Indian Rupee Has Become The World`S Fourth Most Recognized Currency,Social Media Users,"In recent years, India’s rupee has emerged as a rising star in the international currency arena, showcasing remarkable resilience and steady growth. Long considered a local currency with limited global influence, the Indian rupee has shattered expectations and is now making waves on the global stage. Its transformation from a regional denomination to a sought-after currency in international transactions and investments is a testament to India’s economic prowess and growing significance in the world economy. [...] The rupee’s ascent has also been noteworthy in Asia, with regional economies recognizing the potential benefits of conducting trade in Indian rupees. Nations like the United Arab Emirates and Singapore have already embraced the rupee as a reliable currency for bilateral trade, further enhancing India’s presence in the region. Additionally, India’s strategic location and its status as an emerging economic powerhouse have prompted many Asian countries to consider the rupee as an alternative to traditional currencies in their trade transactions. [...] India’s rupee has undoubtedly come a long way from its humble beginnings as a local currency. Today, it stands tall as a symbol of India’s economic resilience and growing importance in the global economy. As the nation continues to pursue ambitious economic reforms and strengthens its position in international trade and investments, the rupee’s influence will only continue to rise. With prudent policies and strategic alliances, the rupee is poised to shape the future of global currency dynamics, offering a beacon of hope and opportunity for India and the world.",False,False,True,insufficient-supports,srilankafactcrescendo
srilankafactcrescendo_117_ret_bn_g0,srilankafactcrescendo_117,Indian Rupee Has Become The World`S Fourth Most Recognized Currency,Social Media Users,"Within that background, we came across viral social media posts that exaggerated India's financial and economic development and claimed that the Indian Rupee had become the World's fourth most recognized currency. But first, let’s take a look at how the claim was shared among social media users. Facebook posts accompanying a short video clip claim that the Indian Rupee (INR) had become the 4th most recognized international currency after the US Dollar, British Pound & Euro to be accepted on Currency Exchange counters across airports globally. The symbol of the Indian Rupee (₹) can be detected on the wall of the counter along with the other three currency symbols, the US Dollar ($), Pound (£), and Euro (€). [...] We noticed several posters also created as a result of this video. These posts also say that Indian Rupee has become the fourth international currency after Dollar, Pound, and Euro. In addition, some of the posts suggest that 36 countries, including Russia, agreed to replace the US Dollar with Indian Rupee.",False,False,True,insufficient-contradictory,srilankafactcrescendo
srilankafactcrescendo_118,srilankafactcrescendo_118,The Woman Accompanying Dhanushka To Court Is His Lawyer!,Social Media Users,"Our investigation reveals that the social media posts speculating that the young woman accompanying Dhanushka Gunathilake during the recent trial to be his lawyer are false. The woman is believed to be Dhanushka Gunathilake's current girlfriend; however, she is not associated with the legal profession. The legal representation for Dhanushka Gunathilake is being handled by Senior Defense Counsel Murugan Thangaraj.",False,True,True,refutes,srilankafactcrescendo
srilankafactcrescendo_118_ret_b0_g0,srilankafactcrescendo_118,The Woman Accompanying Dhanushka To Court Is His Lawyer!,Social Media Users,"While the case against cricketer Dhanushka Gunathilake for alleged sexual assault in Australia drew much attention, there was a lot of curiosity on social media about the young woman who accompanied the cricketer as well. We decided to investigate the accuracy of viral claims suggesting that the woman might be Dhanushka's legal representative. [...] Furthermore, Sleuthing Together, a Facebook page dedicated to covering high-profile trials worldwide, mentioned that the woman presumed to be Dhanushka's current girlfriend, accompanying him during the proceedings does not have a legal background and is neither a law student nor a practicing lawyer. [...] Our investigation reveals that the social media posts speculating that the young woman accompanying Dhanushka Gunathilake during the recent trial to be his lawyer are false. The woman is believed to be Dhanushka Gunathilake's current girlfriend; however, she is not associated with the legal profession. The legal representation for Dhanushka Gunathilake is being handled by Senior Defense Counsel Murugan Thangaraj.",False,False,True,refutes,srilankafactcrescendo
srilankafactcrescendo_118_ret_b18_gn,srilankafactcrescendo_118,The Woman Accompanying Dhanushka To Court Is His Lawyer!,Social Media Users,"Sri Lanka Cricket hires new lawyers for Dhanushka Gunathilaka Lawyer Ananda Amaranath, who was handling Dhanushka Gunathilaka’s case in court on Monday (November 07), has withdrawn from the case. [...] Meanwhile Sri Lanka Cricket (SLC) has decided to pay legal fees on behalf of Dhanushka Gunathilaka.",False,False,True,insufficient-contradictory,srilankafactcrescendo
srilankafactcrescendo_118_ret_bn_g10,srilankafactcrescendo_118,The Woman Accompanying Dhanushka To Court Is His Lawyer!,Social Media Users,"On Wednesday, a new Sydney-based law firm was retained by Sri Lanka Cricket on behalf of multimillionaire Danushka — who, as the Police Fact Sheet also revealed, earns US$8000 or approx. Rs. 3m a month and spends US$4000 or approx. Rs. 1.5m a month – to represent him, replacing the Lankan-born lawyer. The firm issued a statement declaring: ‘Danushka Gunathilaka maintains his innocence.’The presumption of innocence will, of course, be a matter for prosecutors in an Australian Court to rebut beyond a reasonable doubt to the satisfaction of an Australian judge and jury when the case comes up for trial sometime next year. It’s best to let the matter rest in a Sydney courtroom and let justice take its course. [...] On November 8, the Sri Lankan Cricket Board announced that it will be paying for Danushka’s legal defence in Australia. They said; ‘He was with the team in an official capacity, so we felt we should pay the legal fees.’ [...] On Thursday, Sports Minister Ranasinghe publicly apologised to the Australian people for the incident but said ‘since Danushka is a Sri Lankan citizen and a player, we have a responsibility to pay for his legal defence’. Does this mean that any Lankan citizen abroad accused of a heinous crime will be afforded a top legal defence paid for by public money?",False,False,True,insufficient-neutral,srilankafactcrescendo
srilankafactcrescendo_118_ret_bn_g12,srilankafactcrescendo_118,The Woman Accompanying Dhanushka To Court Is His Lawyer!,Social Media Users,"Sri Lankan international cricketer Danushka Gunathilaka has been granted bail on sexual assault charges after a court heard he had the support of the Sri Lankan cricket association and government, and sureties totalling $200,000 were accepted. [...] Murugan Thangaraj, lawyer for international cricketer Danushka Gunathilaka, on claims that people with Sri Lankan names have found the online accounts of the complainant [...] Police say Gunathilaka accompanied the 29-year-old woman to her home, where she had ""only agreed to continued sexual activity if the accused wore a condom"".",False,False,True,insufficient-refutes,srilankafactcrescendo
srilankafactcrescendo_119,srilankafactcrescendo_119,Benjamin Netanyahu Was Named ‘Killer Of The Year’ By TIME Magazine!,Social Media Users,"‘TIME’ magazine does not identify a title as ‘Killer of the Year’, and they haven’t bestowed such a title on Israeli PM Benjamin Netanyahu.",False,True,True,refutes,srilankafactcrescendo
srilankafactcrescendo_119_ret_b0_gn,srilankafactcrescendo_119,Benjamin Netanyahu Was Named ‘Killer Of The Year’ By TIME Magazine!,Social Media Users,"FACT CHECK: Was Benjamin Netanyahu Named Time Magazine’s ‘Killer Of The Year?’ [...] The Facebook image purports Netanyahu has been named Time Magazine’s 2023 ""Killer of the Year."" The image features Netanyahu on what appears to be a cover of the magazine and labels him as ""responsible for war crimes,"" including the crimes of apartheid and genocide. ""Bravo. Finally Time magazine [sic] has it right. They created the annual killer of the year. I just wish they included biden [sic] with him,"" the post’s caption reads. The Facebook image is not genuine, however. A search of Time Magazine’s website and verified social media accounts does not generate the purported cover naming Netanyahu as its supposed 2023 ""Killer of the Year."" Likewise, Check Your Fact found no credible news reports supporting the claim. In fact, the top result included in the keyword search we performed is an article from Reuters, which also labeled the claim as false.",False,False,True,refutes,srilankafactcrescendo
srilankafactcrescendo_119_ret_bn_g12,srilankafactcrescendo_119,Benjamin Netanyahu Was Named ‘Killer Of The Year’ By TIME Magazine!,Social Media Users,"Benjamin Netanyahu, Israel's defiant leader - Published Benjamin Netanyahu is facing one of the biggest crises of his long political life, amid uproar over his government's attempts to change the way the country's judicial system works. [...] Benjamin Netanyahu was born in Tel Aviv in 1949. In 1963, his family moved to the US when his father Benzion, a prominent historian and Zionist activist, was offered an academic post.",False,False,True,insufficient-neutral,srilankafactcrescendo
srilankafactcrescendo_119_ret_bn_g6,srilankafactcrescendo_119,Benjamin Netanyahu Was Named ‘Killer Of The Year’ By TIME Magazine!,Social Media Users,"Time puts Netanyahu on the cover, says he ‘tests the limits of power’ [...] Time magazine has once again put Prime Minister Benjamin Netanyahu on its cover for its upcoming July 22 edition. [...] The article is less flattering than the last time Netanyahu was on Time’s cover, in a mostly sympathetic 2012 interview that branded him ""King Bibi.""",False,False,True,insufficient-neutral,srilankafactcrescendo
srilankafactcrescendo_119_ret_bn_g7,srilankafactcrescendo_119,Benjamin Netanyahu Was Named ‘Killer Of The Year’ By TIME Magazine!,Social Media Users,"Killer of the year Netanyahu choice of Time magazine deserves salutation of the whole world @POTUS44 @POTUS45 @POTUS @BernieSanders @georgegalloway @PutinDirect @MbSofKSA @trpresidency @MoeedNj @OryaMaqboolJan @SSEHBAI1 @ashoswai @amanpour @FareedZakaria https://t.co/BXFwtxiLv4 — Danial American (@DanialAmerican) December 24, 2023 [...] Before delving deeper into this narrative, it is essential to clarify that Time Magazine traditionally designates an individual as the ""Person of the Year"" and features their photograph on the cover. Our investigation commenced by scrutinizing news reports using relevant keywords such as ‘Time Benjamin Netanyahu Killer of the Year.’ However, no credible reports have emerged to corroborate the claim that Time Magazine has bestowed the title ""Killer of the Year"" upon the Israeli Prime Minister. [...] In summary, the photograph circulated by Hamas supporters, asserting that Time magazine declared Benjamin Netanyahu as the ""killer of the year,"" is unequivocally fake. Substantial evidence suggests that the image was likely fabricated with the assistance of artificial intelligence.",False,False,True,refutes,srilankafactcrescendo
srilankafactcrescendo_120,srilankafactcrescendo_120,McLarens Is The Local Representative Of Sinopec Fuel Operations In Sri Lanka!,Social Media Users,"McLarens has no connection with Sinopec for oil distribution in Sri Lanka. The local representative of Sinopec Company in Sri Lanka is Sinopec Oil Lanka Private Limited, located in Hambantota.",False,True,True,refutes,srilankafactcrescendo
srilankafactcrescendo_120_ret_bn_g0,srilankafactcrescendo_120,McLarens Is The Local Representative Of Sinopec Fuel Operations In Sri Lanka!,Social Media Users,"Viral posts on cyberspace stated that Minister Kanchana Wijesekera would marry the daughter of the McLaren Group’s owner, and because of this arrangement, the McLarens Group had been chosen as the local representative of Chinese oil company Sinopec, one of the three companies which were selected for fuel sale and distribution in Sri Lanka. [...] Commenting on this statement, Mr Chaminda Wijesiri, the Badulla District Councilor of the Samagi Jana Balawegaya (SJB), states that if Minister Kanchana gets engaged to the daughter of the owner of McLarens, who would be the local representative of Sinopec, then there would also be a case of conflict of interest for the minister. [...] McLarens has no connection with Sinopec for oil distribution in Sri Lanka. The local representative of Sinopec Company in Sri Lanka is Sinopec Oil Lanka Private Limited, located in Hambantota.",False,False,True,refutes,srilankafactcrescendo
srilankafactcrescendo_120_ret_bn_g1,srilankafactcrescendo_120,McLarens Is The Local Representative Of Sinopec Fuel Operations In Sri Lanka!,Social Media Users,"Colombo (LNW): McLarens Holdings Limited has responded to certain media reports claiming an affiliation with the fuel oil distributor SINOPEC, which has recently entered a contract agreement with Sri Lanka for the objective of speed-running fuel distribution in the island, stating that they are false. In a statement, McLarens Group emphasised that it does not act as agent for SINOPEC fuel sales operations, thereby clarifying that neither McLarens group, nor its subsidiaries are agents for SINOPEC, nor have they been awarded any concessions for fuel shed operations. [...] Previously, SINOPEC itself categorically denied similar media speculations suggesting the company procuring agencies to manage certain aspects of its operations in Sri Lanka, stating that they are false.",False,False,True,refutes,srilankafactcrescendo
srilankafactcrescendo_121,srilankafactcrescendo_121,Clip Of Students Watching The Hardship Of Their Parents !!,Social Media Users,"The video claiming the Japanese students watch their parents’ hardship in class was edited. According to the sources we found, the students in the clip are Chinese, not Japanese. And the original videos and pictures do not connect with watching the parents/adults’ hardship.",False,True,True,refutes,srilankafactcrescendo
srilankafactcrescendo_121_ret_b0_g0,srilankafactcrescendo_121,Clip Of Students Watching The Hardship Of Their Parents !!,Social Media Users,"This clip of students watching the hardship of their parents is edited! [...] The video claiming the Japanese students watch their parents’ hardship in class was edited. According to the sources we found, the students in the clip are Chinese, not Japanese. And the original videos and pictures do not connect with watching the parents/adults’ hardship. Title:A clip of students watching the hardship of their parents is edited",False,False,True,refutes,srilankafactcrescendo
srilankafactcrescendo_121_ret_b13_gn,srilankafactcrescendo_121,Clip Of Students Watching The Hardship Of Their Parents !!,Social Media Users,"A clip of students watching the hardship of their parents is edited [...] The video claiming the Japanese students watch their parents’ hardship in class was edited. According to the sources we found, the students in the clip are Chinese, not Japanese. And the original videos and pictures do not connect with watching the parents/adults’ hardship. Title:A clip of students watching the hardship of their parents is edited",False,False,True,refutes,srilankafactcrescendo
srilankafactcrescendo_121_ret_b2_gn,srilankafactcrescendo_121,Clip Of Students Watching The Hardship Of Their Parents !!,Social Media Users,"Gerrard, E., & Roberts, R. (2006). Student parents, hardship and debt: A qualitative study. Journal of Further and Higher Education, 30, 393–403. doi:10.1080/03098770600965409",False,False,True,supports,srilankafactcrescendo
srilankafactcrescendo_122,srilankafactcrescendo_122,A Tweet Attributed To Indian External Affairs Minister On India’s Willingness To Proclaim Sri Lanka As A State Of India!,Social Media Users,"According to our investigation, found out that the viral image of a Tweet purported to be posted from the official twitter handle of India’s External Affairs Minister Dr.Jaishankar, claiming that India is willing to help resolve issues in Sri Lanka provided that they agree to be declared as a state of India, is false. The image is digitally manipulated and Dr.Jaishankar has not expressed such a view either.",False,True,True,refutes,srilankafactcrescendo
srilankafactcrescendo_122_ret_b1_gn,srilankafactcrescendo_122,A Tweet Attributed To Indian External Affairs Minister On India’s Willingness To Proclaim Sri Lanka As A State Of India!,Social Media Users,"FACT CHECK: Did India’s Foreign Minister Offer To Make Sri Lanka ‘A State Of India’? An image shared on Facebook allegedly shows a tweet from Indian External Affairs Minister Subrahmanyam Jaishankar offering to make Sri Lanka a part of India. [...] ""If the people of Sri Lanka are agreeable, India is willing to proclaim that Sri Lanka becomes a State of India,"" the purported tweet reads. ""As a result, India will be able to solve the gas, fuel, milk food, fertilizer and many other essential goods problems that the country is facing."" The tweet also promised the country would ""look after all the future issues"" of the country, calling the offer a ""hand of survival.""",False,False,True,insufficient-contradictory,srilankafactcrescendo
srilankafactcrescendo_122_ret_bn_g0,srilankafactcrescendo_122,A Tweet Attributed To Indian External Affairs Minister On India’s Willingness To Proclaim Sri Lanka As A State Of India!,Social Media Users,"A WhatsApp forward of a Tweet, allegedly posted from the Indian External Affairs Minister, Dr. S. Jaishankara’s official account, claimed that India is ready to proclaim Sri Lanka as a state of India, if the people of Sri Lanka find it agreeable. Tweet went on to say that in return, India is willing to help Sri Lanka to rescue it from economic deadlock by resolving the food, fertilizer, fuel and many other issues the country is currently facing and would look after all the future issues of Sri Lanka as well. [...] According to our investigation, found out that the viral image of a Tweet purported to be posted from the official twitter handle of India’s External Affairs Minister Dr.Jaishankar, claiming that India is willing to help resolve issues in Sri Lanka provided that they agree to be declared as a state of India, is false. The image is digitally manipulated and Dr.Jaishankar has not expressed such a view either. Title:A Tweet from Indian External Affairs Minister to Express their Willingness to Proclaim SL as a State of India? Find Out the Truth…",False,False,True,refutes,srilankafactcrescendo
srilankafactcrescendo_124,srilankafactcrescendo_124,Cadavar Collecting Machines Developed By China !!,Social Media Users,"According to our investigation, we found out that the viral video does not depict cadaver-collecting machines in China. Those are the Japanese machines, which were developed to help the relief workers rescue the victims of natural disasters, etc., at the difficult moments when it's risky for them to attend physically.",False,True,True,refutes,srilankafactcrescendo
srilankafactcrescendo_124_ret_b4_gn,srilankafactcrescendo_124,Cadavar Collecting Machines Developed By China !!,Social Media Users,"Speaking in the House of Lords on 12 January, Lord Alton of Liverpool said that the cadavers used in an international touring show called Real Bodies, which was seen at the National Exhibition Centre in Birmingham in 2018, ""were probably people who had been executed"" in China. [...] However, in an earlier debate in the House of Lords last October, Lord Alton noted that ""in 2018, we pointed out that the US organisers, Imagine Exhibitions, were unable to provide any evidence of consent for the use of these cadavers. The organisers merely said that the cadavers were unclaimed bodies obtained from Dalian Hoffen Bio-Technique Company China. Imagine Exhibitions CEO, Tom Zaller, admitted in an interview that the bodies were ‘absolutely from China’ but added that there was ‘no documentation’ to prove their identities or to show they had agreed in life to donate their corpses in death.""",False,False,True,insufficient-neutral,srilankafactcrescendo
srilankafactcrescendo_124_ret_bn_g1,srilankafactcrescendo_124,Cadavar Collecting Machines Developed By China !!,Social Media Users,"A clip showing a robot lifting humans circulating on social media claims to show ""cadaver collecting machine"" developed in China. The video was shared with a caption alleging, ""Developers in China have created and begun testing cadaver collecting machines. According to the designers, this robot with artificial intelligence on board is designed for non-contact collection of infected corpses directly from the streets."" In the video, a team of uniformed people can be seen monitoring the robot. One particular post garnered 1,55,400 views and 1,551 likes at the time of writing this story. Archives of the post can be accessed here, and here. [...] A rescue robot developed in Japan has been misrepresented as a robot made in China as a cadaver-collecting machine.",False,False,True,insufficient-refutes,srilankafactcrescendo
srilankafactcrescendo_126,srilankafactcrescendo_126,Male Population Was Less Than Half Of Female Population According To 2019 UN Report? Here’s The Truth…,Social Media Users,"In conclusion, we can say that facts related with above mentioned viral claim indicating that world’s male population was less than half that of female population as per a United Nations 2019 report are completely baseless and false.",False,True,True,refutes,srilankafactcrescendo
srilankafactcrescendo_126_ret_b0_gn,srilankafactcrescendo_126,Male Population Was Less Than Half Of Female Population According To 2019 UN Report? Here’s The Truth…,Social Media Users,"Countries over 50 percent (shown in orange) have a higher female population, while those below 50 percent (shown in purple) have a higher male population. [...] But as we move through adulthood, the sex ratio declines. In 2021, among 50-year-olds the ratio was close to 100. Among 70-year-olds, there were only 86 men per 100 women. In the very oldest age bracket, people aged 100 and older, there were only 24 men per 100 women. [...] For some countries, you can see that the decline in the sex ratio with age is even more extreme — in Russia, for example, by age 50 there were only 91 males per 100 females in 2021. By 70 years old, there were around half as many men as women.",False,False,True,insufficient-contradictory,srilankafactcrescendo
srilankafactcrescendo_126_ret_b13_gn,srilankafactcrescendo_126,Male Population Was Less Than Half Of Female Population According To 2019 UN Report? Here’s The Truth…,Social Media Users,"Over the past 22 years, there were constantly more men than women living on the planet. Of the 7.95 billion people living on the Earth in 2022, four billion were men and 3.95 billion were women. One fourth of the world's total population in 2022 were below 15 years. [...] World Bank, Global population from 2000 to 2022, by gender (in billions) Statista, https://www.statista.com/statistics/1328107/global-population-gender/ (last visited October 08, 2024) Global population from 2000 to 2022, by gender (in billions) [Graph], World Bank, September 19, 2023. [Online]. Available: https://www.statista.com/statistics/1328107/global-population-gender/",False,False,True,refutes,srilankafactcrescendo
srilankafactcrescendo_126_ret_bn_g17,srilankafactcrescendo_126,Male Population Was Less Than Half Of Female Population According To 2019 UN Report? Here’s The Truth…,Social Media Users,"Are there more men or more women in the world? The number of men and women in the world is roughly equal, though men hold a slight lead with 102 men for 100 women (in 2020). More precisely, out of 1,000 people, 504 are men (50.4%) and 496 are women (49.6%). For every 100 girls, 106 boys are born, but males have a higher risk of dying than females, both in childhood and at adult ages. So at a certain age, the numbers of men and women even out. In France this occurs at age 25. Beyond this age, women outnumber men and the numerical difference between the two sexes increases with age. In France, eight centenarians in ten are women (in 2020).",False,False,True,refutes,srilankafactcrescendo
srilankafactcrescendo_127,srilankafactcrescendo_127,Cardinal Stepping Down As Archbishop Of Colombo!!,Social Media Users,"Media Spokesman of the Archdiocese of Colombo, Fr. Jude Chrysantha Fernando, stated that the news claiming that the Archbishop of Colombo, Cardinal Malcolm Ranjith, is planning to retire from his position is false and that the Cardinal has not yet made any decision to retire.",False,True,True,refutes,srilankafactcrescendo
srilankafactcrescendo_127_ret_b0_g0,srilankafactcrescendo_127,Cardinal Stepping Down As Archbishop Of Colombo!!,Social Media Users,"No truth in Cardinal stepping down as Archbishop of Colombo [...] Media Spokesman of the Archdiocese of Colombo, Rev. Father Jude Chrysantha Fernando, rejected speculation in some media reports that His Eminence Rt. Rev. Dr. Malcom Cardinal Ranjith had decided to step down from the position of Colombo Archbishop. [...] Title:No truth in Cardinal stepping down as Archbishop of Colombo",False,False,True,refutes,srilankafactcrescendo
srilankafactcrescendo_127_ret_b19_g11,srilankafactcrescendo_127,Cardinal Stepping Down As Archbishop Of Colombo!!,Social Media Users,His Grace the Archbishop Oswald Gomis Archbishop Emeritus of Colombo was called to eternal rest on the 3rd of February... […] [...] The body of His Grace the Archbishop Oswald Gomis Archbishop Emeritus of Colombo was brought today (3rd) morning to the... […] [...] Archbishop of Colombo Malcolm Cardinal Ranjith yesterday addressed the media at the archbishop’s house on the current unrest prevailing in... […],False,False,True,insufficient-contradictory,srilankafactcrescendo
srilankafactcrescendo_127_ret_b1_gn,srilankafactcrescendo_127,Cardinal Stepping Down As Archbishop Of Colombo!!,Social Media Users,"Media Spokesman of the Archdiocese of Colombo Rev. Father Jude Krishantha rejected speculation in some media that Colombo Archbishop Malcolm Cardinal Ranjith had decided to step down from the position of Colombo Archbishop. He said that the he got a number of inquiries from the media fraternity about the speculation that the Colombo Archbishop is to step down from his position. Fr.Krishantha said that there was no truth in these reports and the Colombo Archbishop Malcolm Cardinal Ranjith has not taken such a decision.""We don’t know from where this news has originated. There is no truth in these speculations,"" he said.",False,False,True,refutes,srilankafactcrescendo
srilankafactcrescendo_127_ret_bn_g7,srilankafactcrescendo_127,Cardinal Stepping Down As Archbishop Of Colombo!!,Social Media Users,"His Eminence Malcolm Cardinal Ranjith, the Archbishop of Colombo, has demanded that President Gotabaya Rajapaksa and the Government step down immediately. The Rajapaksa family’s continued hold on power, despite the fact that the majority of the population doesn’t trust them in any way, is the biggest barrier to the country’s liberation, he said in a statement. While speaking to the media today, the Archbishop demanded that the Rajapaksas in power quit immediately.",False,False,True,insufficient-refutes,srilankafactcrescendo
srilankafactcrescendo_128,srilankafactcrescendo_128,The Short Film “Sorry” Won An Oscar For The Best Short Film!,Social Media Users,"In conclusion, the viral claim that a short film titled ""Sorry"" won an Oscar for Best Short Movie is false. There is no evidence to support such a claim, and it is likely a misinterpretation or fabrication derived from unrelated Indian misinformation.",False,True,True,refutes,srilankafactcrescendo
srilankafactcrescendo_128_ret_b13_gn,srilankafactcrescendo_128,The Short Film “Sorry” Won An Oscar For The Best Short Film!,Social Media Users,"Short films awarded the coveted Best Short Film Oscar exhibit exceptional craftsmanship, innovative storytelling techniques, and a clear artistic vision. [...] BestOscar Best Short Film Movies – Wrap Up The Oscar for Best Short Film recognizes outstanding achievements in the field of short filmmaking.",False,False,True,insufficient-neutral,srilankafactcrescendo
srilankafactcrescendo_128_ret_bn_g1,srilankafactcrescendo_128,The Short Film “Sorry” Won An Oscar For The Best Short Film!,Social Media Users,"No, The Short Film ""Sorry"" Did NOT Win an Oscar for The Best Short Film! [...] A video circulating on social media in Sri Lanka claims that an award-winning short film titled ""Sorry"" allegedly has won an Oscar for Best Short Movie. [...] In conclusion, the viral claim that a short film titled ""Sorry"" won an Oscar for Best Short Movie is false. There is no evidence to support such a claim, and it is likely a misinterpretation or fabrication derived from unrelated Indian misinformation.",False,False,True,refutes,srilankafactcrescendo
srilankafactcrescendo_128_ret_bn_g2,srilankafactcrescendo_128,The Short Film “Sorry” Won An Oscar For The Best Short Film!,Social Media Users,"A social media post accompanied by a video claims that it is a short film titled – Sorry, which allegedly won an Oscar award. Let’s check the accuracy of this claim through this article. Claim: A short film titled ‘Sorry’ won an Oscar award. [...] To find out whether the short film ‘Sorry’ won an academy award, we checked the official academy awards database available on the Academy of Motion Picture Arts and Sciences’ website. But, ‘Sorry’ is not listed as a winner or nominee.",False,False,True,refutes,srilankafactcrescendo
srilankafactcrescendo_129,srilankafactcrescendo_129,An illuminated swirl over the skies of Iceland!!Alien Invasion?,Social Media Users,"Contrary to claims suggesting alien involvement, the illuminated swirl seen over Iceland was a natural phenomenon caused by the death throes of a SpaceX rocket. This occurrence is not unprecedented and is known as a ""SpaceX spiral,"" which is expected to become more common with the increasing frequency of Space X satellite launches. Therefore, there is no evidence to support the claim of alien invasion or extraterrestrial activity related to this event.",False,True,True,refutes,srilankafactcrescendo
srilankafactcrescendo_129_ret_b11_gn,srilankafactcrescendo_129,An illuminated swirl over the skies of Iceland!!Alien Invasion?,Social Media Users,"A massive swirl of bright white light seemingly appeared from out of nowhere in the night sky above the Arctic last week, briefly upstaging a vibrant aurora display that spanned thousands of miles. [...] Aurora photographer Shang Yang captured a stunning photo of the illuminated swirl near the town of Akureyri in Iceland at around 1 a.m. local time on March 5. ""It looked otherworldly against the Northern Lights,"" Shang told Spaceweather.com. The spectacle lasted for around 10 minutes before dissipating. [...] Staiger also predicts that there will be another strong SpaceX spiral above Iceland and other parts of the Arctic when the Transporter-12 mission launches in October this year.",False,False,True,insufficient-refutes,srilankafactcrescendo
srilankafactcrescendo_129_ret_bn_g0,srilankafactcrescendo_129,An illuminated swirl over the skies of Iceland!!Alien Invasion?,Social Media Users,"Dying SpaceX Rocket Caused Illuminated Swirl Over Iceland, Not Alien Invasion! [...] Contrary to claims suggesting alien involvement, the illuminated swirl seen over Iceland was a natural phenomenon caused by the death throes of a SpaceX rocket. This occurrence is not unprecedented and is known as a ""SpaceX spiral,"" which is expected to become more common with the increasing frequency of Space X satellite launches. Therefore, there is no evidence to support the claim of alien invasion or extraterrestrial activity related to this event. Title:SpaceX Rocket's Death Throes Cause Illuminated Swirl Over Iceland, Not Alien Invasion",False,False,True,refutes,srilankafactcrescendo
srilankafactcrescendo_13,srilankafactcrescendo_13,Ravi and Kiriella left the country !!,Social Media Users,The claims that former minister Ravi Karunanayake and SJB MP Lakshman Kiriella have left Sri Lanka are baseless. Both Lakshman Kiriella's personal statement and confirmation from Ravi Karunanayake's media secretary show that these politicians are still in the country.,False,True,True,refutes,srilankafactcrescendo
srilankafactcrescendo_13_ret_b16_gn,srilankafactcrescendo_13,Ravi and Kiriella left the country !!,Social Media Users,"Ravi has officially left VIXX. Jellyfish Entertainment confirmed the rapper’s departure in an official statement. Kim Wonsik also issued an apology following his military-related scandal. Ravi’s Departure From VIXX Confirmed By Jellyfish Entertainment Jellyfish Entertainment shared an official statement confirming Ravi’s departure from VIXX. ""After careful discussion between Ravi and the agency, it was decided that he will leave the team as of today,"" the statement read. The agency also apologized ""for causing trouble to the fans who support VIXX.""",False,False,True,insufficient-refutes,srilankafactcrescendo
srilankafactcrescendo_13_ret_bn_g0,srilankafactcrescendo_13,Ravi and Kiriella left the country !!,Social Media Users,"Claims That Ravi Karunanayake and Lakshman Kiriella Have Left Sri Lanka Are False! [...] As the country heads to the polls on election day, social media platforms have been flooded with claims that former minister and United National Party (UNP) member Ravi Karunanayake & Samagi Jana Balawegaya (SJB) Member of Parliament Lakshman Kiriella, has left Sri Lanka. [...] The claims that former minister Ravi Karunanayake and SJB MP Lakshman Kiriella have left Sri Lanka are baseless. Both Lakshman Kiriella's personal statement and confirmation from Ravi Karunanayake's media secretary show that these politicians are still in the country.",False,False,True,refutes,srilankafactcrescendo
srilankafactcrescendo_13_ret_bn_g11,srilankafactcrescendo_13,Ravi and Kiriella left the country !!,Social Media Users,"Kiriella also claimed that the proposed Status of Forces (SOFA) agreement has so far only amounted to letters being exchanged. ""The agreement was initiated by President Chandrika Kumaratunga.These were done by your Governments.We are bound to implement those agreements signed by previous Governments. We will send all the drafts to the Attorney General. They will ensure that there’s nothing in them that are harmful to the country’s sovereignty. We will only sign them after obtaining the approval of the Attorney General,"" he added. [...] However, Kiriella told Parliament that when Foreign Minister Tilak Marapana was in the US conducting negotiations on extending the SOFA, he had insisted that any US citizen suspected of an offence committed in this country will be subjected to Sri Lankan jurisdiction. [...] The recent withdrawal of the Electricity (Amendment) Bill will stagnate the development of renewable energy power plants in the country, Power and Renewable Energy Minister Ravi Karunanayake said yesterday.",False,False,True,insufficient-neutral,srilankafactcrescendo
srilankafactcrescendo_132,srilankafactcrescendo_132,consuming cold drinks after eating mangoes can be fatal !!,Social Media Users,"The viral posts claiming that consuming cold drinks after eating mangoes can be deadly are unfounded and lack scientific evidence. Experts have clarified that while mixing these might cause minor digestive discomfort for some people, it is not lethal. This misinformation appears to have spread internationally without any credible backing.No evidence to prove such an incident really occurred in Chandinagar in India.",False,True,True,refutes,srilankafactcrescendo
srilankafactcrescendo_132_ret_bn_g10,srilankafactcrescendo_132,consuming cold drinks after eating mangoes can be fatal !!,Social Media Users,"How does the consumption of cold drinks after eating mangoes affect the body's system by giving poison? [...] Consuming cold drinks after eating mangoes can have varying effects on the body. While the ingestion of mango products like iced mango or mango extract-based cold foods can offer nutritional benefits and cooling effects [1][2], it is crucial to be cautious about potential risks associated with foreign material aspiration, as seen in a case involving a fatal incident due to aspiration of a mango fruit drink [3]. Additionally, the concentration of heavy metals like lead in mango fruit juices, especially powdered and liquid forms, can pose health risks, particularly for children, due to potential exposure above recommended levels [4]. Therefore, it is essential to be mindful of the quality and composition of mango-based products and their interactions with other substances to avoid any adverse effects on the body's system.",False,False,True,insufficient-contradictory,srilankafactcrescendo
srilankafactcrescendo_132_ret_bn_g11,srilankafactcrescendo_132,consuming cold drinks after eating mangoes can be fatal !!,Social Media Users,"There is no scientific evidence which states that consumption of cold drink just after eating mangoes leads to death. Old fake news has resurfaced again. A newspaper clip is viral on social media platforms and WhatsApp. It claims that consumption of cold drink just after mangoes leads to death. The purported newspaper report alleges that a few people who were visiting Chandigarh consumed cold drink just after eating mangoes, which led to their immediate unconsciousness. They were rushed to a hospital, where the group was declared dead. The report also claims that the hospital doctors asserted not to consume this combination as the mango's citric acid and cold drink's carbonic acid makes a deadly reaction in one's stomach. [...] No, the claim that consumption of cold drink just after mangoes leads to death is absurd. It is evident from the above facts that posts with similar claims related to mangoes keep emerging during the summer season for the last five years.",False,False,True,refutes,srilankafactcrescendo
srilankafactcrescendo_132_ret_bn_g5,srilankafactcrescendo_132,consuming cold drinks after eating mangoes can be fatal !!,Social Media Users,"Posts on Facebook in Sinhala language have been widely shared in Sri Lanka, alleging that consuming cold drinks after eating mangoes can be fatal. These posts mention a supposed incident where tourists in Chandigarh, India, died after such consumption. [...] Please be cautious and avoid drinking soft drinks immediately after eating mangoes. A few days ago, a group of tourists visited Chandinagar in India. They ate mangoes and then drank cold drinks right away. Unfortunately, they all became very sick, fainted, and tragically died upon being admitted to the hospital. [...] The viral posts claiming that consuming cold drinks after eating mangoes can be deadly are unfounded and lack scientific evidence. Experts have clarified that while mixing these might cause minor digestive discomfort for some people, it is not lethal. This misinformation appears to have spread internationally without any credible backing.No evidence to prove such an incident really occurred in Chandinagar in India.",False,False,True,refutes,srilankafactcrescendo
srilankafactcrescendo_132_ret_bn_g9,srilankafactcrescendo_132,consuming cold drinks after eating mangoes can be fatal !!,Social Media Users,"There is no credible study or scientific evidence to prove that drinking cold drinks after eating mangoes is fatal. A WhatsApp forward claiming that consumption of an aerated drink after eating mangoes leads to death is viral once again. The message alleges that a few people fell unconscious immediately after consuming the two in succession, and were declared dead on reaching the hospital. The post also claims that doctors asserted not to consume this combination as the mango's citric acid and a soda's carbonic acid makes for a deadly reaction in the stomach. [...] He said the claim is not true and added, ""Consumption of mango and an aerated drink together isn’t fatal, but may make you uneasy because mangoes have a high glycemic index and it is quite common to feel full after eating mangoes. This may exaggerate on having a soda after.""",False,False,True,refutes,srilankafactcrescendo
srilankafactcrescendo_133,srilankafactcrescendo_133,University Of Peradeniya Offers Dozens of Free Online Courses !!,Social Media Users,The claims circulating on social media about the University of Peradeniya offering dozens of free online courses are entirely false. The official university channels and the Deputy Vice-Chancellor have confirmed these claims are unfounded. Individuals must rely on official sources for accurate information regarding university programs and offerings.,False,True,True,refutes,srilankafactcrescendo
srilankafactcrescendo_133_ret_b12_gn,srilankafactcrescendo_133,University Of Peradeniya Offers Dozens of Free Online Courses !!,Social Media Users,Online Learning Platform Faculty of Management University of Peradeniya,False,False,True,insufficient-neutral,srilankafactcrescendo
srilankafactcrescendo_133_ret_b7_gn,srilankafactcrescendo_133,University Of Peradeniya Offers Dozens of Free Online Courses !!,Social Media Users,"Centre for Distance and Continuing Education - CDCE - University of Peradeniya Courses [...] CDCE, University of Peradeniya will entertain applications from candidates who have met minimum eligibility criteria for register for the Certificate Course in Basic Tamil. [...] The Bachelor of Business Administration (BBA) online Degree programme is delivered by Centre for Distance and Continuing Education (CDCE), University of Peradeniya and conducted in collaboration with the department of Management Studies of the Faculty of Arts, University of Peradeniya.",False,False,True,insufficient-neutral,srilankafactcrescendo
srilankafactcrescendo_133_ret_bn_g0,srilankafactcrescendo_133,University Of Peradeniya Offers Dozens of Free Online Courses !!,Social Media Users,"Social media posts are circulating that the University of Peradeniya in Sri Lanka offers dozens of free online courses. Numerous social media posts claim that the University of Peradeniya offers dozens of free online courses. These posts have been shared widely and often link to unrelated websites, raising questions about their authenticity. [...] The claims circulating on social media about the University of Peradeniya offering dozens of free online courses are entirely false. The official university channels and the Deputy Vice-Chancellor have confirmed these claims are unfounded. Individuals must rely on official sources for accurate information regarding university programs and offerings.",False,False,True,refutes,srilankafactcrescendo
srilankafactcrescendo_133_ret_bn_g3,srilankafactcrescendo_133,University Of Peradeniya Offers Dozens of Free Online Courses !!,Social Media Users,"Coursera University Program has given free access to their 4000+ paid courses to University Students and Staff during this period. The University of Peradeniya is now enrolled in the program. You can join until the 31st of July and complete the courses by 30th of September to get their certification for free. The courses are coming from famous Universities around the world. Please see the following link for details: https://www.coursera.org/programs/university-of-peradeniya-on-coursera-upwjj If you are interested in joining the program and following some famous courses and getting the certification without cost, please let us know by filling this form using your University Email ID (@eng.pdn.ac.lk) by 26th of April 2020.",False,False,True,supports,srilankafactcrescendo
srilankafactcrescendo_134,srilankafactcrescendo_134,Not Sonam Kapoor’s Performance At King Charles’ Coronation !,Social Media Users,"Fact Crescendo found the claim made along with the viral video to be False. The viral video was shot in March 2019, during Sonam Kapoor's appearance at a fashion show in Mumbai. It has nothing to do with the coronation ceremony of King Charles III.",False,True,True,refutes,srilankafactcrescendo
srilankafactcrescendo_134_ret_bn_g1,srilankafactcrescendo_134,Not Sonam Kapoor’s Performance At King Charles’ Coronation !,Social Media Users,"No, This not Sonam Kapoor's performance at King Charles' coronation [...] The caption states ""Sonam Kapoor ""performing"" at the Coronation Ceremony of King Charles This is how we take revenge on Brits"" #KingCharlesIII #KingCharlesIIICoronation #Coronation [...] Title:No, This not Sonam Kapoor's performance at King Charles' coronation",False,False,True,refutes,srilankafactcrescendo
srilankafactcrescendo_134_ret_bn_g12,srilankafactcrescendo_134,Not Sonam Kapoor’s Performance At King Charles’ Coronation !,Social Media Users,"Sonam Kapoor, who is currently busy with her parenting duties with her son Vayu, has been invited to King Charles’ Coronation Concert. This will mark Sonam’s first royal event which will also see guests like Tom Cruise, Katy Perry, Lionel Richie, Andrea Bocelli, and other prominent global celebrities. Sonam Kapoor is currently residing in London with her businessman husband Anand Ahuja. [...] Social media users were quick to react to Sonam Kapoor delivering a performance at King Charles’ coronation concert. One of the users quipped, ""What did King Charles do to deserve this.."" Another mentioned, ""I think Sonam should be paying Charles for watching her performance."" One user asserted, ""As a trained Kathak dancer, @sonamakapoor’s performance is abysmal & England should’ve asked someone who is a prolific dancer to perform at the coronation. This is why nepotism is impugned. King Charles & #SonamKapoor are perpetual ""nepo babies"" who have very little to offer.""",False,False,True,insufficient-supports,srilankafactcrescendo
srilankafactcrescendo_135,srilankafactcrescendo_135,Sajith Forward -Anura Backward !(Presidential Election Survey by Mass Media News),Social Media Users,"In conclusion, the claim circulating on social media regarding survey results for the Sri Lankan presidential election lacks credibility and should be treated with skepticism. The absence of transparency regarding methodology, the questionable source, and the failure to corroborate the findings with reputable media outlets or survey organisations raise significant doubts about the accuracy of the information presented. It is advisable for individuals to refrain from sharing or endorsing such claims until reliable and transparent sources verify them.",False,True,True,insufficient-refutes,srilankafactcrescendo
srilankafactcrescendo_135_ret_b6_gn,srilankafactcrescendo_135,Sajith Forward -Anura Backward !(Presidential Election Survey by Mass Media News),Social Media Users,"Elections Commission Chairman R.L.A.M. Ratnayake said that Anura Kumara Dissanayake, leader of the JVP-NPP combine and Sajith Premadasa have emerged as the first two in the race. While Anura was leading the race with over 42 per cent votes, Sajith emerged second with 35 per cent votes. However, with no candidate securing 50 percent plus one vote, the second preference votes are now being counted. The three-cornered race and the fragmented electorate had made the fight tough for both Sajith and Anura. Incumbent President Ranil Wickremesinghe emerged a distant third while, the scion of the Rajapaksa clan, Namal Rajapaksa secured less than four per cent votes. The Tamil common candidate Pakiyaselvam Ariyanenthiran emerged second after Sajith in the Tamil-dominated northern Sri Lanka. In Jaffna, Ariyanentiran leads the race, while districts like Trincomallee in the East had voted for Anura. The southern districts begin from Colombo. [...] Anura’s emergence and his likely ascent to the Sri Lankan executive presidency are meteoric as he secured a mere 3.2 per cent votes in 2019 election. Gotabaya Rajapaksa then won with 69 lakh votes, only to be brought down from power by the people in 2022.",False,False,True,insufficient-supports,srilankafactcrescendo
srilankafactcrescendo_136,srilankafactcrescendo_136,"""An Important Police Message That Everyone Should Read"" - Released by Sri Lanka Police",Social Media Users,"Our investigation has definitively confirmed that the social media message circulated under the title ""Police message that everyone should read"" is indeed false. It does not represent an official announcement issued by the Sri Lanka Police, as falsely claimed within its contents.",False,True,True,refutes,srilankafactcrescendo
srilankafactcrescendo_136_ret_b10_gn,srilankafactcrescendo_136,"""An Important Police Message That Everyone Should Read"" - Released by Sri Lanka Police",Social Media Users,"Sri Lanka Police (Sinhala: ශ්රී ලංකා පොලීසිය, romanized: Śrī Laṁkā Polīsiya; Tamil: இலங்கை காவல், romanized: Ilaṅkai Kāval) is the civilian national police force of the Democratic Socialist Republic of Sri Lanka. The police force is responsible for enforcing criminal and traffic law, enhancing public safety, maintaining order and keeping the peace throughout Sri Lanka. The police force consists of 43 Territorial Divisions, 67 Functional Divisions, 432 Police Stations with more than 84,000 people.[2] The professional head of the police is the Inspector General of Police who reports to the Minister of Law and Order as well as the National Police Commission. The last Inspector General of Police was Deshabandu Tennakoon.[3] [...] Organisation [edit]The Sri Lanka Police is headed by the Inspector General of Police, who has, in theory, autonomy to commanding the service from the Police Headquarters in Colombo, and support by the Police Field Force Headquarters. However, in the recent past the Police Service has come under the purview of the Ministry of Defence (MoD), with the exception of several years when it came under the Ministry of Internal Affairs but was transferred to the MoD. In the last few years there have been calls to reestablish the independent National Police Commission[7] to oversee transfers and promotions, thereby making the service autonomous and free from any influence. [...] - ^ ""Sri Lanka Police Service"". Archived from the original on 27 December 2010. Retrieved 3 January 2011.",False,False,True,insufficient-neutral,srilankafactcrescendo
srilankafactcrescendo_136_ret_b15_gn,srilankafactcrescendo_136,"""An Important Police Message That Everyone Should Read"" - Released by Sri Lanka Police",Social Media Users,"Today marks the 157th anniversary of the Sri Lanka Police Service, an institution that has played a pivotal role in the country's history. The origins of this service trace back to 1795 when the British introduced a policing system to safeguard the warehouses in the Colombo port. However, it wasn't until 1866 that an official police service was established, with Mr. G. W. R. Campbell appointed as its first Inspector General of Police. [...] The Sri Lankan Police have a rich history of service, with exceptional contributions during the thirty years of war in our country and during calamities like the Tsunami. Their dedication deserves the highest praise, especially for their efforts in securing the country and its people during the COVID-19 pandemic. In recognition of their outstanding service, the Sri Lanka Police are taking a renewed approach to ensure peace and security by combatting the underworld, drug-related crimes, and theft. They tirelessly work day and night to ensure the safety and well-being of the nation, and their efforts should be commended by the people.",False,False,True,insufficient-neutral,srilankafactcrescendo
srilankafactcrescendo_136_ret_b6_gn,srilankafactcrescendo_136,"""An Important Police Message That Everyone Should Read"" - Released by Sri Lanka Police",Social Media Users,"Towards a Peaceful environment to live with confidence, without fear of Crime and Violence. Sri Lanka Police is committed and confident to uphold and enforce the law of the land, to preserve the public order, prevent crime and Terrorism with prejudice to none – equity to all.",False,False,True,insufficient-supports,srilankafactcrescendo
srilankafactcrescendo_136_ret_bn_g0,srilankafactcrescendo_136,"""An Important Police Message That Everyone Should Read"" - Released by Sri Lanka Police",Social Media Users,"Due to the crisis in Sri Lanka, people are facing tough times meeting their basic needs. In such a background a message from the Sri Lankan police about gangs stealing is spreading on social media under the theme ""police message that everyone should read."" Here's our investigation report on it. Social Media Posts : Posts […] Due to the crisis in Sri Lanka, people are facing tough times meeting their basic needs. In such a background a message from the Sri Lankan police about gangs stealing is spreading on social media under the theme ""police message that everyone should read."" Here's our investigation report on it. [...] Our investigation has definitively confirmed that the social media message circulated under the title ""Police message that everyone should read"" is indeed false. It does not represent an official announcement issued by the Sri Lanka Police, as falsely claimed within its contents.",False,False,True,refutes,srilankafactcrescendo
srilankafactcrescendo_138,srilankafactcrescendo_138,Footage Of An Adult Film Mistakenly Being Aired On TV Screen At Asiri Hospital !,Social Media Users,"In conclusion, the video circulating on social media allegedly depicting an adult film playing at Asiri Hospital in Sri Lanka is misleading. The footage is, in fact, attributed to a vaccination centre in San Jose City, Costa Rica, in 2021. Therefore, claims associating this incident with Asiri Hospital in Sri Lanka are false.",False,True,True,refutes,srilankafactcrescendo
srilankafactcrescendo_138_ret_b14_gn,srilankafactcrescendo_138,Footage Of An Adult Film Mistakenly Being Aired On TV Screen At Asiri Hospital !,Social Media Users,"TV station accidentally airs porn clip during weather report [...] A TV station accidentally aired a short porn clip during a weather report – but the presenter appeared completely unaware of the X-rated blunder. [...] It’s alleged the station aired a ""sexually explicit clip of an adult film website"" during the 6pm news report in July 2012.",False,False,True,insufficient-supports,srilankafactcrescendo
srilankafactcrescendo_138_ret_bn_g0,srilankafactcrescendo_138,Footage Of An Adult Film Mistakenly Being Aired On TV Screen At Asiri Hospital !,Social Media Users,"A video circulating on social media purportedly shows an incident at Asiri Hospital in Sri Lanka. While patients were watching a television screen in the waiting area, an adult film suddenly appeared on the screen, prompting health workers to switch quickly switch it off. [...] No Mainstream Media Reports: Despite the circulation of this video on social media platforms, mainstream Sri Lankan media outlets have not reported on such an incident occurring at Asiri Hospital or any other medical facility in the country. Keyword search results also did not yield any such instance of an adult film recently being aired on an Asiri hospital TV screen. [...] In conclusion, the video circulating on social media allegedly depicting an adult film playing at Asiri Hospital in Sri Lanka is misleading. The footage is, in fact, attributed to a vaccination centre in San Jose City, Costa Rica, in 2021. Therefore, claims associating this incident with Asiri Hospital in Sri Lanka are false.",False,False,True,refutes,srilankafactcrescendo
srilankafactcrescendo_139,srilankafactcrescendo_139,Fans Throwing Eggs At The Brazil Team After Their Elimination At FIFA World Cup?,Social Media Users,"Fact Crescendo found the claim made along with the viral video to be False. The viral video does not show the Brazilians' reaction after their team was eliminated from the FIFA World Cup 2022. The video dates back to 2018, showing the citizens of Parana throwing eggs at a bus carrying Lula, the former President of Brazil.",False,True,True,refutes,srilankafactcrescendo
srilankafactcrescendo_139_ret_b3_gn,srilankafactcrescendo_139,Fans Throwing Eggs At The Brazil Team After Their Elimination At FIFA World Cup?,Social Media Users,"Several Indian news websites, earlier in the week, published a video showing protesters hurl eggs and stones at a bus in Brazil and claimed that they were angry Brazilian fans reacting to the national team’s exit from the FIFA World Cup in Russia. [...] Brazilian Team Met Applauding Fans On Their Homecoming The reception meted out to five-time champions Brazil after their 2-1 loss to Belgium in Kazan, Russia was not as bad as the video made it seem. In fact the squad were applauded by fans greeting their arrival at Rio de Janeiro’s international airport, Reuters reported.",False,False,True,insufficient-contradictory,srilankafactcrescendo
srilankafactcrescendo_139_ret_b7_g1,srilankafactcrescendo_139,Fans Throwing Eggs At The Brazil Team After Their Elimination At FIFA World Cup?,Social Media Users,"Unrelated and old video shared as fans throwing eggs at Brazil team after their elimination at FIFA World Cup [...] After Brazil’s elimination from the quarterfinals at the FIFA World Cup 2022, a video showing a group of angry fans throwing eggs at a bus is widely circulating on social media with the claim that it shows how Brazilian fans welcomed Brazil’s National football team after their elimination from the FIFA World Cup 2022. [...] Title:Unrelated and old video shared as fans throwing eggs at Brazil team after their elimination at FIFA World Cup",False,False,True,supports,srilankafactcrescendo
srilankafactcrescendo_139_ret_bn_g0,srilankafactcrescendo_139,Fans Throwing Eggs At The Brazil Team After Their Elimination At FIFA World Cup?,Social Media Users,"Unrelated & old video shared as fans throwing eggs at the Brazil team after their elimination at FIFA World Cup! [...] After the top-ranked and much anticipated strong Brazil team’s elimination once again in the quarterfinal stages of a FIFA World Cup, a video showing a group of angry fans throwing eggs at a bus is widely circulating on social media, claiming that it shows how angry Brazilian fans welcomed Brazil’s National football team after their elimination from the FIFA World Cup 2022. [...] Title:Unrelated and old video shared as fans throwing eggs at Brazil team after their elimination at FIFA World Cup",False,False,True,insufficient-neutral,srilankafactcrescendo
srilankafactcrescendo_14,srilankafactcrescendo_14,Vokzvagon factory launched in Kuliyapitiya !!,Social Media Users,"The Western Automobile Vehicle Assembly factory in Kuliyapitiya is not a Volkswagen factory. This misconception stems from a miscommunication in 2017. The factory is currently focused on assembling Chinese brands and has no connection to the German automobile manufacturer. Therefore, the recently inaugurated vehicle assembly factory is not a Volkswagen factory.",False,True,True,refutes,srilankafactcrescendo
srilankafactcrescendo_14_ret_b16_gn,srilankafactcrescendo_14,Vokzvagon factory launched in Kuliyapitiya !!,Social Media Users,"Subscribe to our WhatsApp Channel Volkswagen Factory in Kuliyapitiya has been one of the points of discussion in the political debates in Sri Lanka over the past few years. Especially closer to election periods, such conversation often flares up more regularly. Social Media Posts A photo circulating on social media claims to depict the current […] [...] Volkswagen Factory in Kuliyapitiya has been one of the points of discussion in the political debates in Sri Lanka over the past few years. Especially closer to election periods, such conversation often flares up more regularly. [...] The claim that the photo depicts the current situation of the Volkswagen factory in Kuliyapitiya is false. The factory is not a Volkswagen assembly plant in Kuliyapitiya; the photo is not from Sri Lanka. The factory is associated with Western Automobile Assembly, and according to company sources, it is expected to commence vehicle assembly operations within 2024.",False,False,True,refutes,srilankafactcrescendo
srilankafactcrescendo_14_ret_b17_gn,srilankafactcrescendo_14,Vokzvagon factory launched in Kuliyapitiya !!,Social Media Users,"Volkswagen vehicle assembly plant launched in Kuliyapitiya The ground breaking ceremony of the vehicle assembly plant of the German auto maker Volkswagen was held in Kuliyapitiya yesterday under the patronage of President Maithripala Sirisena and Prime Minister Ranil Wickremesinghe. Volkswagen is the second largest car maker in the world. The company will initially assemble vehicles in the 1000cc to 2000cc category and these vehicles will be diesel powered and include passenger cars, Sport Utility Vehicles (SUV), Multi Utility Vehicles (MUV) or commercial vehicles.",False,False,True,supports,srilankafactcrescendo
srilankafactcrescendo_14_ret_bn_g0,srilankafactcrescendo_14,Vokzvagon factory launched in Kuliyapitiya !!,Social Media Users,"Volkswagen Factory Recently Inaugurated in Kuliyapitiya? Find out the facts… [...] Below is another post which claimed that the Volkswagen factor had opened in Kuliyapitiya. [...] The Western Automobile Vehicle Assembly factory in Kuliyapitiya is not a Volkswagen factory. This misconception stems from a miscommunication in 2017. The factory is currently focused on assembling Chinese brands and has no connection to the German automobile manufacturer. Therefore, the recently inaugurated vehicle assembly factory is not a Volkswagen factory.",False,False,True,refutes,srilankafactcrescendo
srilankafactcrescendo_14_ret_bn_g1,srilankafactcrescendo_14,Vokzvagon factory launched in Kuliyapitiya !!,Social Media Users,"You Searched For ""Vokzvagon"" Volkswagen Factory Recently Inaugurated in Kuliyapitiya? Find out the facts…",False,False,True,insufficient-neutral,srilankafactcrescendo
srilankafactcrescendo_140,srilankafactcrescendo_140,Putin Did Kneel Before Xi Jinping,Social Media Users,"The picture of Putin kneeling before Xi Jinping is fake. The image appears to have been generated by AI, and there are several inconsistencies when compared to actual photos and videos from verified sources, including differences in costumes and settings.",False,True,True,refutes,srilankafactcrescendo
srilankafactcrescendo_140_ret_b12_gn,srilankafactcrescendo_140,Putin Did Kneel Before Xi Jinping,Social Media Users,"Vladimir Putin and Xi Jinping: An increasingly unequal relationship [...] In their meeting, Mr Putin conceded that China has ""questions and concerns"" about the situation in Ukraine. It was an unexpected admission, by the Kremlin, that Russia's so-called special military operation is causing some anxiety in Beijing. [...] The summit Mr Putin and Mr Xi are attending is a meeting of the Shanghai Cooperation Organisation, or SCO. Along with Russia and China, members include four Central Asian states - Kazakhstan, Uzbekistan, Kyrgyzstan and Tajikistan - as well as India and Pakistan.",False,False,True,insufficient-neutral,srilankafactcrescendo
srilankafactcrescendo_140_ret_b15_gn,srilankafactcrescendo_140,Putin Did Kneel Before Xi Jinping,Social Media Users,"Russian President Vladimir Putin told his Chinese counterpart Xi Jinping in a virtual meeting Friday that their partnership was more important than ever in the face of ""unprecedented pressure"" from the West, as Moscow’s invasion of Ukraine leaves it increasingly isolated on the global stage. [...] Xi echoed Putin’s message of unity, saying that the two countries should ""strengthen strategic coordination"" and ""inject more stability into the world,"" according to Chinese state media Xinhua. [...] Xi had already shown hints of impatience when he last met with Putin in September at a regional summit in Uzbekistan. At the time, Putin conceded Beijing had ""questions and concerns"" over the invasion, in what appeared to be a veiled admission of their diverging views.",False,False,True,insufficient-neutral,srilankafactcrescendo
srilankafactcrescendo_140_ret_b5_g3,srilankafactcrescendo_140,Putin Did Kneel Before Xi Jinping,Social Media Users,"Fake Photo: Putin Did NOT Kneel Before Xi Jinping [...] The picture of Putin kneeling before Xi Jinping is fake. The image appears to have been generated by AI, and there are several inconsistencies when compared to actual photos and videos from verified sources, including differences in costumes and settings. Title:Fake Photo: Putin Did NOT Kneel Before Xi Jinping",False,False,True,refutes,srilankafactcrescendo
srilankafactcrescendo_140_ret_bn_g7,srilankafactcrescendo_140,Putin Did Kneel Before Xi Jinping,Social Media Users,"Fact check: No, Putin did not kneel before Xi Jinping | ABS-CBN News Fact check: No, Putin did not kneel before Xi Jinping",False,False,True,refutes,srilankafactcrescendo
srilankafactcrescendo_143,srilankafactcrescendo_143,France Has Announced An Internet Shut Down Amid The Violence In Paris !!,Social Media Users,Fact Crescendo found that the claim made along with the viral image was False. The French government has not imposed complete or partial internet shutdowns in France amid the violence in Paris.,False,True,True,refutes,srilankafactcrescendo
srilankafactcrescendo_143_ret_bn_g0,srilankafactcrescendo_143,France Has Announced An Internet Shut Down Amid The Violence In Paris !!,Social Media Users,"A press release, purportedly issued by France's Ministry of the Interior discussing the ongoing protests in the country's capital city of Paris, has gone viral on social media. [...] How did we find out?: We looked for official communication regarding internet shutdowns in France on the French government's websites, but did not come across any such releases. [...] Conclusion: The French government has not imposed complete or partial internet shutdowns in France amid the violence in Paris.",False,False,True,refutes,srilankafactcrescendo
srilankafactcrescendo_143_ret_bn_g1,srilankafactcrescendo_143,France Has Announced An Internet Shut Down Amid The Violence In Paris !!,Social Media Users,"The press release is fake. Despite the violence in Paris, the French government has not ordered total or partial internet shutdowns. Riots started in Nanterre, a suburb of France's Paris, after the police reportedly fatally shot a 17-year-old boy named Nahel during a traffic stop. As many as 40,000 police personnel and riot officers have […] [...] Fact Crescendo found that the claim made along with the viral image was False. The French government has not imposed complete or partial internet shutdowns in France amid the violence in Paris. Title:No, France has not announced an internet shut down amid the violence in Paris",False,False,True,refutes,srilankafactcrescendo
srilankafactcrescendo_144,srilankafactcrescendo_144,Sri Lanka -The First Team Who Lost Hundred T20 Internationals !!,Social Media Users,"In conclusion, the claim that Sri Lanka had become the first cricket team to lose 100 T20 international matches is false. West Indies became the first country to lose 100 T20 international matches in February 2024, and a month later, in March 2024, Sri Lanka too reached this milestone.",False,True,True,refutes,srilankafactcrescendo
srilankafactcrescendo_144_ret_bn_g0,srilankafactcrescendo_144,Sri Lanka -The First Team Who Lost Hundred T20 Internationals !!,Social Media Users,"Sri Lanka Has Lost Hundred T20 Internationals, But Were They The First? Find out the facts… දිනපතා සත්ය කරුණු දැන ගැනීමට අපගේ WhatsApp සමුහයටමෙතනින් එකතුවන්න. Sri Lanka's men's cricket team's below-par performance often sparks widespread criticism on social media. Much of the blame is valid, as the recent performance of the SL team has left much to be desired. However, there's also a noticeable trend of misleading or false information targeting […] [...] Therefore, contrary to the claim circulating on social media, Sri Lanka is not the first cricket team to lose a hundred T20 international matches. Both Sri Lanka and the West Indies have reached this milestone, but the West Indies reached their first. [...] In conclusion, the claim that Sri Lanka had become the first cricket team to lose 100 T20 international matches is false. West Indies became the first country to lose 100 T20 international matches in February 2024, and a month later, in March 2024, Sri Lanka too reached this milestone.",False,False,True,refutes,srilankafactcrescendo
srilankafactcrescendo_145,srilankafactcrescendo_145,"General Shavendra Silva and his wife travelled on a private jet, spending public money during a time of economic crisis in Sri Lanka !!",Social Media Users,"While the social media posts correctly identified General Shavendra Silva's travel on a special jet, the claim of misuse of public funds for this trip is misleading. The travel was facilitated by the Indian Air Force for General Silva to attend the passing out ceremony of the Indian Military Academy as the chief guest.",False,True,True,refutes,srilankafactcrescendo
srilankafactcrescendo_145_ret_b0_gn,srilankafactcrescendo_145,"General Shavendra Silva and his wife travelled on a private jet, spending public money during a time of economic crisis in Sri Lanka !!",Social Media Users,"A photo showing Chief of Defense Staff General Shavendra Silva traveling in a jet with his wife was being shared on social media. Shavendra Silva has gone on a private jet trip and many people have expressed concern on the use of budget allocations for such expenses on social media networks. [...] Social media posts that General Shavendra Silva traveled in a special jet have been correctly identified, and the allegation that public funds were misused for the trip is false.",False,False,True,insufficient-contradictory,srilankafactcrescendo
srilankafactcrescendo_145_ret_bn_g0,srilankafactcrescendo_145,"General Shavendra Silva and his wife travelled on a private jet, spending public money during a time of economic crisis in Sri Lanka !!",Social Media Users,"Against this backdrop, viral social media posts allege that Chief of Defence Staff General Shavendra Silva is utilising private jets at the expense of public funds in Sri Lanka. Our investigation aims to shed light on the veracity of these claims and provide a clearer understanding of the situation. [...] As per the sources close to the defence ministry of Sri Lanka the photo depicts General Shavendra Silva and his wife in a special jet provided by the Indian Air Force. The sources clarified that the Sri Lankan government did not fund this trip. [...] While the social media posts correctly identified General Shavendra Silva's travel on a special jet, the claim of misuse of public funds for this trip is misleading. The travel was facilitated by the Indian Air Force for General Silva to attend the passing out ceremony of the Indian Military Academy as the chief guest.",False,False,True,refutes,srilankafactcrescendo
srilankafactcrescendo_145_ret_bn_g15,srilankafactcrescendo_145,"General Shavendra Silva and his wife travelled on a private jet, spending public money during a time of economic crisis in Sri Lanka !!",Social Media Users,"Here's what life is like in Sri Lanka in the midst of its economic crisis [...] Economic crisis: Rajapaksa’s departure further enraged protesters, who want both leaders to vacate their roles as the country’s 22 million people struggle to buy basic goods, fuel and medicine. [...] Sri Lanka’s Air Force on Wednesday confirmed Rajapaksa’s departure, saying in a statement: ""Pursuant to the request of the government and in accordance with the powers vested in a President in the Constitution of Sri Lanka, the Sri Lanka air force provided a plane early today to fly the President, his wife and two security officials to the Maldives.""",False,False,True,refutes,srilankafactcrescendo
srilankafactcrescendo_145_ret_bn_g4,srilankafactcrescendo_145,"General Shavendra Silva and his wife travelled on a private jet, spending public money during a time of economic crisis in Sri Lanka !!",Social Media Users,"Govt of President Gotabaya Rajapaksa continued efforts to reverse previous govt’s modest efforts to investigate past abuses and strengthen independence of police, judiciary and oversight commissions. In media interview PM Mahinda Rajapaksa 9 Feb reiterated plans to strengthen presidential powers by removing 19th amendment of constitution. FM Dinesh Gunawardena 26 Feb informed UN Human Rights Council govt was withdrawing its co-sponsorship of Oct 2015 council resolution on ""Reconciliation and Accountability in Sri Lanka"", stated resolution had not received cabinet or parliamentary approval and certain clauses contravened Sri Lankan constitution; promised govt would establish ""an inclusive, domestically designed and executed reconciliation and accountability process"". U.S. Sec State Pompeo 14 Feb announced travel ban on Army Commander Lt Gen Shavendra Silva and his immediate family for his alleged role in ""gross violations of human rights"" during final phases of civil war; Foreign Ministry 16 Feb rejected allegations during meeting with U.S. Ambassador. Police 4 Feb arrested former Sri Lankan Airlines Chief Executive Officer Kapila Chandrasena and his wife following new evidence of alleged bribes by Airbus to Sri Lankan Airlines officials under previous Rajapaksa govt; evidence emerged from British court proceedings following 4-year investigation into allegations of bribery and corruption.",False,False,True,insufficient-neutral,srilankafactcrescendo
srilankafactcrescendo_146,srilankafactcrescendo_146,Heartwarming Story Of The Hospitalized Patient And His Feathered Friend !!,Social Media Users,The viral post claiming that a patient used to feed a bird every day in the hospital is misleading. The picture was sourced from a stock-photo website. It was not taken by a nurse but rather by the son of a patient in an adjacent bed ten years ago in 2013 at a hospital in Greece.,False,True,True,refutes,srilankafactcrescendo
srilankafactcrescendo_146_ret_b0_gn,srilankafactcrescendo_146,Heartwarming Story Of The Hospitalized Patient And His Feathered Friend !!,Social Media Users,"Heartwarming Story of the Hospitalized Patient and His Feathered Friend: Is it true? [...] In today's age of social media and instant sharing of information, misinformation, and fake news spread faster than ever before. One such recent example is the viral post of a bird and a patient in a hospital that claims to depict a heartwarming story of a patient who fed the bird every day before being admitted to the hospital. Here is our investigation of this claim. [...] Title:Heartwarming Story of the Hospitalized Patient and His Feathered Friend: Is it true?",False,False,True,insufficient-neutral,srilankafactcrescendo
srilankafactcrescendo_146_ret_bn_g0,srilankafactcrescendo_146,Heartwarming Story Of The Hospitalized Patient And His Feathered Friend !!,Social Media Users,"Heartwarming Story of the Hospitalized Patient and His Feathered Friend: Is it true? In today's age of social media and instant sharing of information, misinformation, and fake news spread faster than ever before. One such recent example is the viral post of a bird and a patient in a hospital that claims to depict a heartwarming story of a patient who fed the bird every day after being admitted to the hospital. Here is our investigation of this claim. [...] Title:Heartwarming Story of the Hospitalized Patient and His Feathered Friend: Is it true?",False,False,True,insufficient-neutral,srilankafactcrescendo
srilankafactcrescendo_146_ret_bn_g1,srilankafactcrescendo_146,Heartwarming Story Of The Hospitalized Patient And His Feathered Friend !!,Social Media Users,"They discovered a nesting duck who had flown into the hospital’s courtyard and was forced to protect her eggs in the center of a bustling hospital. Not wanting to disturb the soon-to-be-mother and her hatchlings, Travis Ihle, EVS Director, and his team reached out to the Pocono Wildlife Rehab to see how best to handle the situation. With their trusted consultants, the team blocked a section of the courtyard so their fine-feathered friend could nest in peace. Soon the new ducklings arrived, and it was time to head towards home. The team was ready and had constructed a pathway from the courtyard through the hospital lobby using saved supply boxes. The new family was smoothly escorted out of the facility and into carriers. Once secured, they were transported to the nearest creek and set loose.",False,False,True,insufficient-contradictory,srilankafactcrescendo
srilankafactcrescendo_146_ret_bn_g14,srilankafactcrescendo_146,Heartwarming Story Of The Hospitalized Patient And His Feathered Friend !!,Social Media Users,"Although we have discussed some of the drawbacks, there are many positives. Our feathery friends are frequently incredibly funny and charismatic! [...] You’ll want to find a top-notch doctor for your feathered friend. This can also provide valuable insights into Polly’s care requirements. [...] Do you have any questions about parrot care? Would you like to book an appointment for your feathered friend? Don’t hesitate to reach out to us whenever you need. We are here to assist you at your Rapid City, SD pet clinic!",False,False,True,insufficient-neutral,srilankafactcrescendo
srilankafactcrescendo_147,srilankafactcrescendo_147,"Sounds Coming From The Universe, Captured by NASA!!",Social Media Users,"In summary, the audio in the video attributed to the ""Pillars of Creation"" Nebula is not the actual sound of the universe but rather a product of data sonification that translates electromagnetic signals into sound waves. NASA's Chandra X-ray Observatory and other space-based telescopes employ this technique to provide an alternative means of understanding and appreciating the cosmos. While the audio is not natural in the traditional sense, it offers a unique perspective on the wonders of our universe.",False,True,True,insufficient-refutes,srilankafactcrescendo
srilankafactcrescendo_147_ret_b11_gn,srilankafactcrescendo_147,"Sounds Coming From The Universe, Captured by NASA!!",Social Media Users,"NASA’s Voyager 1 spacecraft captured these sounds of interstellar space. Voyager 1’s plasma wave instrument detected the vibrations of dense interstellar plasma, or ionized gas, from October to November 2012 and April to May 2013. Credit: NASA/JPL-Caltech [...] These crashing waves reveal clues about the density of the interstellar medium – a value that affects our understanding of the shape of our heliosphere, how stars form, and even our own location in the galaxy. As these waves reverberate through space, they vibrate the electrons around them, which ring out at characteristic frequencies depending on how crammed together they are. The higher the pitch of that ringing, the higher the electron density. Voyager 1’s Plasma Wave Subsystem – which includes two ""bunny ear"" antennas sticking out 30 feet (10 meters) behind the spacecraft – was designed to hear that ringing. In November 2012, three months after exiting the heliosphere, Voyager 1 heard interstellar sounds for the first time (see video above). Six months later, another ""whistle"" appeared – this time louder and even higher pitched. The interstellar medium appeared to be getting thicker, and quickly.",False,False,True,insufficient-supports,srilankafactcrescendo
srilankafactcrescendo_147_ret_b16_gn,srilankafactcrescendo_147,"Sounds Coming From The Universe, Captured by NASA!!",Social Media Users,"On February 18, 2021, NASA’s Mars Perseverance rover completed its 300 million mile journey and landed safely on the Red Planet. Here’s what it heard. This special episode of NASA’s Curious Universe features the first-ever raw recorded sounds from Mars. Jim Green, David Gruel, and Erisa Stilley take you through landing day and explain what you’re hearing. [...] HOST PADI BOYD: Hi Curious Universe listeners. Before we get into the episode, we have a quick note for you. On Feb. 18, 2021, NASA’s Perseverance rover landed safely on Mars and recorded sounds from the Red Planet for the very first time. [...] HOST PADI BOYD: Sounds captured by the EDL microphone were played in this podcast episode. Want to hear the full sounds? Visitsoundcloud.com/nasa, or check outmars.nasa.gov.",False,False,True,supports,srilankafactcrescendo
srilankafactcrescendo_147_ret_b17_gn,srilankafactcrescendo_147,"Sounds Coming From The Universe, Captured by NASA!!",Social Media Users,"NASA’s Perseverance Rover Microphone Captures Sounds from Mars [...] This set of sounds from the surface of Mars were recorded by the microphone on the side of NASA’s Perseverance Rover on Feb. 20, 2021. In the first set, sounds from the rover itself dominate. In the second set, the sound was filtered to make sounds from Mars more audible. You can hear a little wind in the second set.",False,False,True,supports,srilankafactcrescendo
srilankafactcrescendo_147_ret_b18_gn,srilankafactcrescendo_147,"Sounds Coming From The Universe, Captured by NASA!!",Social Media Users,"There’s a new, immersive way to explore NASA’s data of our Universe. NASA has taken observational data from telescopes like NASA’s Chandra X-ray Observatory, Hubble Space Telescope, James Webb Space Telescope and others, and translated it into corresponding frequencies that can be heard by the human ear. A team of scientists, musicians, and a member of the blind and visually impaired community worked to adapt the NASA data. The audio tracks support blind and low-vision listeners first, but are designed to be captivating to anyone who tunes in. [...] For the first time, a spacecraft on another planet has recorded the sounds of a separate spacecraft. NASA’s Perseverance Mars rover used its SuperCam microphone to listen to the Ingenuity helicopter on April 30, 2021 as it flew on Mars for the fourth time. [...] Explore the universe and discover our home planet with NASA through a collection of our sounds from historic spaceflights and current missions. You can hear the roar of a space shuttle launch or Neil Armstrong’s ""One small step for (a) man, one giant leap for mankind"" every time you get a phone call if you make our sounds your ringtone. Or, you can hear the memorable words ""Houston, we’ve had a problem,"" every time you make an error on your computer.",False,False,True,insufficient-supports,srilankafactcrescendo
srilankafactcrescendo_149,srilankafactcrescendo_149,WEF Orders Global Water Rationing System !!,Social Media Users,"The claim that the WEF plans to introduce a global water rationing system is false. There is no evidence to support this claim, and WEF also has denied these unsubstantiated claims.",False,True,True,refutes,srilankafactcrescendo
srilankafactcrescendo_149_ret_b3_gn,srilankafactcrescendo_149,WEF Orders Global Water Rationing System !!,Social Media Users,"The World Economic Forum (WEF) is a non-profit foundation that brings together business, government, and civil society leaders to discuss and address global challenges. In recent years, the WEF has been at the receiving end of disinformation campaigns trying to undermine its goals and activities. One recent claim states that the WEF plans to introduce a global water rationing system. Social media posts stating WEF plans to introduce a water rationing system globally are being spread. [...] The claim that the WEF plans to introduce a global water rationing system is false. There is no evidence to support this claim, and WEF also has denied these unsubstantiated claims.",False,False,True,refutes,srilankafactcrescendo
srilankafactcrescendo_149_ret_b9_gn,srilankafactcrescendo_149,WEF Orders Global Water Rationing System !!,Social Media Users,"The claim: The World Economic Forum ordered governments to start rationing water There is no evidence the WEF ordered governments around the world to ration water sent to people's homes, nor that it declared water is not a human right. Read more",False,False,True,refutes,srilankafactcrescendo
srilankafactcrescendo_149_ret_bn_g0,srilankafactcrescendo_149,WEF Orders Global Water Rationing System !!,Social Media Users,"The claim: The World Economic Forum ordered governments to start rationing water [...] There is no evidence the WEF ordered governments around the world to ration water sent to people's homes, nor that it declared water is not a human right. The article was published by a website that regularly publishes fabricated stories. No evidence the WEF ordered global water rationing",False,False,True,refutes,srilankafactcrescendo
srilankafactcrescendo_15,srilankafactcrescendo_15,"No matter who comes to power, we will not let them govern - Tharindu Uduvaragedare",Social Media Users,This is an altered video. Tharindu criticises the Ceylon Chamber of Commerce and does not refer to sabotaging the operations of any future government.,False,True,True,refutes,srilankafactcrescendo
srilankafactcrescendo_15_ret_b1_gn,srilankafactcrescendo_15,"No matter who comes to power, we will not let them govern - Tharindu Uduvaragedare",Social Media Users,"In a bold and fiery statement, Mr. Tharindu Uduwaragedara of the Jana Aragala Sandhanaya declared at a recent presidential campaign rally in Minuwangoda that no matter who ascends to power, their plans are to ""set everything on fire"" and ""finish"" the current political system within the next decade. Addressing supporters at the rally, Uduwaragedara asserted, ""Finish it. No matter who comes to power, we will not let you do this. We will not allow this. I say we will take power within the next ten years. We will finish this. Vasantha, Bope, Swastika, Lahiru are in politics. We are on fire in the next ten years. Finish you."" His remarks were made in support of Nuwan Bopage, the presidential candidate for the Jana Aragala Sandhanaya. The statement reflects the Alliance’s dramatic and confrontational approach to the current political landscape, emphasizing their intent to disrupt and overhaul the system regardless of who wins the upcoming election.",False,False,True,supports,srilankafactcrescendo
srilankafactcrescendo_15_ret_bn_g0,srilankafactcrescendo_15,"No matter who comes to power, we will not let them govern - Tharindu Uduvaragedare",Social Media Users,"A part of a speech by the journalist Tharindu Uduvaragedare went viral among netizens. In it, he claimed that no matter which party gets power, he will not allow the party to rule the country. In this video, Tharindu Uduvaragedare purportedly states, ""They need to be stopped. No matter who comes to power, we will not let you do this. We would take over. We will be taking power in the next ten years. We would put a stop to this. Wasantha is in politics, Bope is in politics, Shastika is in politics, we are in politics. We would be firing within the next 10 years. We would put a stop to you all."" [...] The edited version tries to imply that Tharindu Uduvaragedare stated that whoever comes to power will not be allowed to govern. However, when examining the entire video, it is clear that Tharindu has not mentioned such a statement.",False,False,True,refutes,srilankafactcrescendo
srilankafactcrescendo_150,srilankafactcrescendo_150,List of Israeli Products to Boycott!!,Social Media Users,Fact Crescendo found the claim to be false. The names of all the companies mentioned in the post are from different countries and not from Israel.,False,True,True,refutes,srilankafactcrescendo
srilankafactcrescendo_150_ret_b18_gn,srilankafactcrescendo_150,List of Israeli Products to Boycott!!,Social Media Users,"The Boycott, Divestment and Sanctions movement is urging a military embargo on Israel, a boycott of firms ‘complicit’ in Israel’s occupation, and the cancelling of academic, cultural and sporting events in the country as the latest escalation of violence has killed at least 122 Palestinians and wounded more than 900. [...] Grassroots power in the form of boycotts has proven to be effective. Here are 4 consumer products you can boycott to help fight Israeli impunity. #BoycottHP, #BoycottPuma, #BoycottSodaStream and boycott Israeli products like avocados & dates in your local supermarkets. pic.twitter.com/qn3AeO9RR0 — BDS movement (@BDSmovement) May 13, 2021 [...] The list of firms targeted for non-violent action by BDS reads like a Who’s Who of the global economy: Elbit Systems, Hewlett-Packard, Puma, Caterpillar, General Mills/Pillsbury, Hyundai Heavy Industries, Volvo, Barclays Bank, Alstom, Motorola Solutions, CEMEX, JCB, G4S/Allied Universal, AXA and CAF, among others.",False,False,True,insufficient-supports,srilankafactcrescendo
srilankafactcrescendo_150_ret_b1_gn,srilankafactcrescendo_150,List of Israeli Products to Boycott!!,Social Media Users,"Boycott products from Israeli manufacturers and supporters. Play your part in the Israeli-Hamas conflict by joining the global Israeli Products boycott movement. [...] While it may not be possible to physically help the Gazans physically one must boycott Israeli manufactured products and companies that support Israel. This boycott may compel Israel to stop its brutal attacks on the Gaza Strip by reducing its revenues. [...] It is worth noting that the boycotts have already been proven effective. For instance, McDonald’s shares fell by a whopping 1.89% after the boycott campaign started. Moreover, Pepsico shares fell to the lowest point after the Arab boycott campaign of Israeli products. The boycott hence underlines the power of collective action in forcing the Israeli forces to stop attacks on Gaza",False,False,True,insufficient-supports,srilankafactcrescendo
srilankafactcrescendo_150_ret_bn_g12,srilankafactcrescendo_150,List of Israeli Products to Boycott!!,Social Media Users,"The document provides a list of Israeli and supportive country products to boycott and recommends alternate products from other countries. It includes alternatives for over 50 categories of … The document provides a list of Israeli and supportive country products to boycott and recommends alternate products from other countries. It includes alternatives for over 50 categories of common household and personal care items, foods, electronics, restaurants and petrol pumps. The goal is to replace goods from boycotted countries with comparable products from other nations that are more politically aligned.",False,False,True,supports,srilankafactcrescendo
srilankafactcrescendo_150_ret_bn_g3,srilankafactcrescendo_150,List of Israeli Products to Boycott!!,Social Media Users,"TALLAHASSEE, Fla. – Yesterday, the Executive Director & Chief Investment Officer of the Florida State Board of Administration (SBA), Ash Williams, notified Governor DeSantis that Ben & Jerry’s parent company Unilever has been added to Florida’s List of Scrutinized Companies that Boycott Israel. On July 22nd, Governor DeSantis sent a letter to Mr. Williams requesting that the SBA initiate the process of placing Ben & Jerry’s and its parent company Unilever on the list following the company’s announcement that it would remove its products and prohibit the sale of its ice cream in Judea and Samaria. If a company does not cease its boycott of Israel within 90 days of being placed on the list, it becomes subject to an investment prohibition and the State of Florida will not contract with the company or its subsidiaries. [...] Governor DeSantis will continue to call for all companies that seek to boycott or divest from the State of Israel to be placed on the State of Florida’s List of Scrutinized Companies that Boycott Israel. By implementing these measures against Ben & Jerry’s and Unilever, the State of Florida is seeking to deter any other woke corporation that might consider doing the same.",False,False,True,insufficient-supports,srilankafactcrescendo
srilankafactcrescendo_151,srilankafactcrescendo_151,Porcupines Don`t Harm Agricultural Crops !,Social Media Users,"The claim in the Sinhala post saying that the porcupines are not damaging any crops is misleading. The Sinhala post is a translation from posts about hedgehogs. Hedgehogs don't much care for eating plants, they much prefer beetles, caterpillars, slugs and snails hence are considered to be generally friendly for your garden.",False,True,True,insufficient-refutes,srilankafactcrescendo
srilankafactcrescendo_151_ret_b1_gn,srilankafactcrescendo_151,Porcupines Don`t Harm Agricultural Crops !,Social Media Users,Do Porcupines Harm Agricultural Crops? [...] A post claiming that porcupines are not animals harming the crops was shared among Facebook users. [...] Title:Do Porcupines Harm Agricultural Crops?,False,False,True,insufficient-neutral,srilankafactcrescendo
srilankafactcrescendo_151_ret_b2_gn,srilankafactcrescendo_151,Porcupines Don`t Harm Agricultural Crops !,Social Media Users,"Addressing the threat to crops posed by porcupines involves a comprehensive understanding of their behaviors and deterrent strategies. As nocturnal feeders, porcupines have a predilection for succulent stems, leaves, and the bark of trees which can result in the girdling that damages or kills young trees and plants. Effective and humane prevention techniques are critical for farmers and land managers to protect their investments without harming the local wildlife. The integration of physical barriers, such as properly installed electric fences, can be a successful method to safeguard agricultural areas. These strategies, coupled with an awareness of porcupine habitats and feeding patterns, are essential components in mitigating the negative impacts of porcupines on crops, thus ensuring coexistence and minimal disruption to both agricultural activities and porcupine populations. [...] In addressing the challenge of protecting crops from porcupines, it's crucial to consider a variety of methods and practices. These often involve deterrents, repellents, and humane removal techniques. This FAQ section will offer guidance on the best practices to safeguard agricultural lands and residential properties from porcupine damage.",False,False,True,refutes,srilankafactcrescendo
srilankafactcrescendo_152,srilankafactcrescendo_152,Elon Musk Attended Mukesh Ambani`s Son’s Wedding !,Social Media Users,"In conclusion, there is no factual basis to the claim that Elon Musk attended Mukesh Ambani's son's wedding in Jamnagar, India, wearing traditional Indian attire. The viral image circulating on social media is likely fabricated or AI-generated. It's essential to rely on credible sources and verified information to avoid spreading misinformation.",False,True,True,refutes,srilankafactcrescendo
srilankafactcrescendo_152_ret_b10_gn,srilankafactcrescendo_152,Elon Musk Attended Mukesh Ambani`s Son’s Wedding !,Social Media Users,"Bill Gates, Mark Zuckerberg and Bob Iger will join Indian business and political leaders and cricket stars as well as Bollywood celebrities for a pre-wedding event to celebrate the <a href=""https://www.thenationalnews.com/lifestyle/fashion/2023/01/18/inside-anant-ambani-and-radhika-merchants-big-fat-indian-wedding/"" target=""_blank"">marriage of Anant Ambani and Radhika Merchant</a>. Ambani, 28, is the youngest son of<a href=""https://www.thenationalnews.com/business/money/2023/01/09/billionaires-mukesh-ambani-switches-gears-to-focus-on-reliances-75bn-green-energy-plans/"" target=""_blank""> Indian billionaire Mukesh Ambani</a>, one of the world's richest men, while Merchant, 29, is the daughter of industrialist Viren Merchant. The lavish three-day celebration, to be held from Friday to Saturday, in <a href=""https://www.thenationalnews.com/travel/2024/02/26/jamnagar-gujarat-ambani-wedding/"" target=""_blank"">Jamnagar</a>, Gujarat, on India's west coast, is also set to feature performances by pop star Rihanna, Punjabi singer Diljit Dosanjh, Bollywood music duo Ajay-Atul and American illusionist David Blaine, according to an official Reliance Industries guest list seen by <i>The National</i>. The event is a precursor to the main wedding on July 12 in Mumbai. Besides Meta's Zuckerberg and Disney's Iger, other top business leaders attending the Jamnagar celebration include Sundar Pichai, chief executive of Alphabet; Larry Fink, chairman and chief executive of BlackRock; Shantanu Narayen, chief executive of Adobe; and Jay Lee, executive chairman of Samsung Electronics.",False,False,True,insufficient-neutral,srilankafactcrescendo
srilankafactcrescendo_152_ret_bn_g0,srilankafactcrescendo_152,Elon Musk Attended Mukesh Ambani`s Son’s Wedding !,Social Media Users,"A viral image circulating on social media claims that Elon Musk attended the wedding of Mukesh Ambani's son in Jamnagar, India, wearing traditional Indian attire [...] Lack of mainstream media coverage: There have been no reports in reputable mainstream media outlets about Elon Musk attending the wedding of Mukesh Ambani's son or appearing in traditional Indian attire at the event. [...] In conclusion, there is no factual basis to the claim that Elon Musk attended Mukesh Ambani's son's wedding in Jamnagar, India, wearing traditional Indian attire. The viral image circulating on social media is likely fabricated or AI-generated. It's essential to rely on credible sources and verified information to avoid spreading misinformation.",False,False,True,insufficient-refutes,srilankafactcrescendo
srilankafactcrescendo_152_ret_bn_g6,srilankafactcrescendo_152,Elon Musk Attended Mukesh Ambani`s Son’s Wedding !,Social Media Users,"The social media platforms are abuzz with the pre-wedding celebrations of Radhika Merchant and Anant Ambani, the youngest son of Reliance Chairman Mukesh Ambani. While several prominent guests attended the event in Jamnagar there are a few images that are being shared on social media platforms that caught our attention. The images are of Elon Musk, CEO of X, SpaceX and Tesla Motors dressed up in a sherwani being shared with the claim that he was spotted at the Ambani party. However, after investigation it was found that the images are AI generated. [...] Through several media reports we found out that Elon Musk did not attend the pre-wedding party of Anant Ambani and Radhika Merchant in Jamnagar, Gujarat. [...] Conclusion: Viral claim of X CEO Elon Musk attending the Ambani pre-wedding bash is false. AI generated images of Elon Musk are being shared on social media platforms with false claims.",False,False,True,refutes,srilankafactcrescendo
srilankafactcrescendo_154,srilankafactcrescendo_154,Pfizer CEO Says That Pfizer Aims To Reduce The World Population By 50%,Social Media Users,"Fact Crescendo found the viral video to be Edited. Pfizer CEO Albert Bourla originally said, “By 2023, we will reduce the number of people in the world that cannot afford our medicines by 50 per cent”. The viral video is edited to give a false impression that Albert Bourla said that his company’s goal is to reduce 50% of the population of the world.",False,True,True,refutes,srilankafactcrescendo
srilankafactcrescendo_154_ret_bn_g4,srilankafactcrescendo_154,Pfizer CEO Says That Pfizer Aims To Reduce The World Population By 50%,Social Media Users,"A post on Facebook falsely claims that the CEO of Pfizer has said ""by 2023 we will reduce the world population by 50%"". This is accompanied by a link to a website with the headline: ""Pfizer CEO: ‘by 2023 we will reduce the world population by 50%’"". [...] In this video, he appears to say: ""The first week we met, in January of ‘19 in California, and set up the goals for the next five years. And one of them was by 2023 we would reduce the number of people in the world by 50%. I think today, this dream is becoming reality."" [...] The headline also now says: ""Pfizer CEO: ‘By 2023, We Will Reduce The Number Of People In The World That Cannot Afford Our Medicines By 50%’"".",False,False,True,refutes,srilankafactcrescendo
srilankafactcrescendo_154_ret_bn_g5,srilankafactcrescendo_154,Pfizer CEO Says That Pfizer Aims To Reduce The World Population By 50%,Social Media Users,"A viral video in which Pfizer CEO Albert Bourla allegedly says that by 2023 his goal is to reduce the population of the world by 50% is edited and misleading. While many have argued that pharmaceutical companies are evil, this particular claim is pretty outlandish. In the edited video, Bourla appears to say: ""By 2023 we will reduce the number of people in the world by 50%."" Numerous people across social media shared the edited footage, including one Facebook user who asked, ""Who will arrest these two men and set up a citizens court to try them for charges of premeditated mass murder?"" The video also spread on WhatsApp. The video was an edited version of an actual conversation Bourla participated in at the World Economic Forum in late May 2022. In the real video, he says: ""I think that is really fulfilling of a dream that we had, together with our leadership team when we started in '19. The first week we met in January of '19 in California to set up the goals for the next five years – and one of them was by 2023, we will reduce the number of people in the world that cannot afford our medicines by 50 percent. I think today this dream is becoming reality.""",False,False,True,refutes,srilankafactcrescendo
srilankafactcrescendo_154_ret_bn_g7,srilankafactcrescendo_154,Pfizer CEO Says That Pfizer Aims To Reduce The World Population By 50%,Social Media Users,"Claim: Pfizer CEO announces plan to reduce the world’s population by 50% [...] Has the Chief Executive Officer of Pfizer, Albert Bourla announced plans to reduce the population of the world by 50% in 2023? [...] The claim that the CEO of Pfizer has announced plans to reduce the world’s population by 50% in 2023 is FALSE and the video is MISLEADING.",False,False,True,refutes,srilankafactcrescendo
srilankafactcrescendo_155_ret_b0_gn,srilankafactcrescendo_155,"No, Hollywood Star Vin Diesel Has Not Died While Performing A Stunt",Tommy Welsh,"Did actor Vin Diesel die in a backyard stunt fail? No, that's not true: This is a click-bait death hoax that leads anyone who clicks on the link to a porn site. Diesel is not dead. The death claim appeared in a post, which we will not link to here, shared on Facebook under the title ""H0LLYW00D ACT0R, professionaIIy known as Vin Diesel, died in a backyard stunt fail CNN NEWS"". It read: [...] In addition to that there was a video player on the site that appeared to show a CNN announcement about Diesel's death but it was actually old footage of the announcement of the death of actor Paul Walker.",False,False,True,supports,srilankafactcrescendo
srilankafactcrescendo_155_ret_b2_gn,srilankafactcrescendo_155,"No, Hollywood Star Vin Diesel Has Not Died While Performing A Stunt",Tommy Welsh,"Vin Diesel, the star of the Fast & the Furious movie series, is not dead despite a Facebook post claiming the actor was killed during a car stunt in his backyard. The fake news post includes the CNN logo. The post reads, ""BREAKING NEWS | Hollywood Cries after Vin Diesel, Died In a FAIL STUNT on his Backyard. | TODAY, May 2020."" Included in the post is a video titled, ""Actual Footage: VIN DIESEL CAR STUNT ACCIDENT."" [...] Diesel has been the victim of two major death hoaxes in the past. Politifact detailed a death hoax in 2018 that allegedly involved the actor dying after attempting ""the perfect stunt."" The first major death hoax involving Diesel appeared in January 2014, according to Snopes.",False,False,True,refutes,srilankafactcrescendo
srilankafactcrescendo_155_ret_b4_gn,srilankafactcrescendo_155,"No, Hollywood Star Vin Diesel Has Not Died While Performing A Stunt",Tommy Welsh,"Vin Diesel is best known for playing Dominic Toretto in the ‘Fast and Furious‘ franchise and has recently been a victim of a celebrity death hoax. News circulated on social media sites that he passed away after a failed stunt. Reports suggest that the news appeared mostly on Facebook, claiming Diesel died in a car crash. Let us put all false rumors to rest by confirming that Vin Diesel is very much alive, and the news of his death is fake. [...] Vin Diesel is busy with his work and is rumored to be a part of the upcoming ‘Avatar‘ movie, which will broaden the franchise. Although news about Diesel’s death is false, one might understand why a few viewers would believe it. After all, performing stunts is a dangerous job, and Diesel has had brushes with tragedy in the past. In fact, in 2019, Diesel’s stunt double fell almost 30 feet while filming for the ‘Fast and Furious’ movie. Diesel appeared visibly shaken after witnessing the incident.",False,False,True,supports,srilankafactcrescendo
srilankafactcrescendo_157,srilankafactcrescendo_157,"Around 30,000 children are begging in the streets of Sri Lanka !!",Social Media Users,"The claims regarding the number of street children and child beggars in Sri Lanka, particularly the assertion of 30,000 children begging in the streets, lack empirical support and are based on speculative hypotheses rather than formal surveys or research. While concerns regarding the welfare of vulnerable children are valid, it is crucial to rely on verified data and evidence-based research when addressing such issues. Efforts to clarify the origins and accuracy of these estimates should continue through transparent methodologies and collaborations between relevant authorities, academics, and organisations dedicated to child welfare in Sri Lanka.",False,True,True,refutes,srilankafactcrescendo
srilankafactcrescendo_157_ret_b14_gn,srilankafactcrescendo_157,"Around 30,000 children are begging in the streets of Sri Lanka !!",Social Media Users,"Street Children in Sri Lanka [...] Consortium for Street Children is working with our global network to provide crucial support to street children, and help them access the services, information, and legal protection they need throughout the pandemic. [...] Street children are one of the world’s most invisible populations, overlooked by governments, law and policymakers and many others in society. To address this, CSC and our partner Baker McKenzie created the Legal Atlas, to put information about laws affecting street children directly into their -and their advocates’ – hands.",False,False,True,insufficient-neutral,srilankafactcrescendo
srilankafactcrescendo_157_ret_b1_g1,srilankafactcrescendo_157,"Around 30,000 children are begging in the streets of Sri Lanka !!",Social Media Users,"Colombo, March 27 (Daily Mirror) - A study revealed that the number of underage street children begging all around the country is between 20,000 and 30,000. [...] He told the Daily Mirror that the estimated figure was determined through informal discussions held in those areas, drawing from previous surveys conducted by a specific non-governmental organization (NGO) in 2019. He noted that, according to the data from these surveys, approximately 15,000 underage street children were identified across the country. [...] Meanwhile, National Child Protection Authority (NCPA) Chairman Chanaka Udyakumara Amarasinghe said that the use of children in begging is a criminal offense. While commenting on the issue, Inspector General of Police (IGP) Deshbandu Tennakoon said that although there is the possibility of taking child beggars into police custody, the existing legal obstacles to taking action against them have become a problem.",False,False,True,supports,srilankafactcrescendo
srilankafactcrescendo_157_ret_b5_gn,srilankafactcrescendo_157,"Around 30,000 children are begging in the streets of Sri Lanka !!",Social Media Users,Comments - Alarming Rise in Sri Lanka’s Child Begging Crisis,False,False,True,insufficient-neutral,srilankafactcrescendo
srilankafactcrescendo_157_ret_bn_g2,srilankafactcrescendo_157,"Around 30,000 children are begging in the streets of Sri Lanka !!",Social Media Users,"Media outlets, including newspapers, play a significant role in shaping public opinion. Recently, they have reported figures on the number of street children and child beggars in Sri Lanka, notably claiming that around 30,000 children are begging in the streets. These figures have raised concerns and led to investigations into their accuracy. Our aim here is to provide a comprehensive fact-check on the origins and accuracy of these estimates. [...] Explanation 30,000 Street Children Hypothesis: Reports have cited a figure of 30,000 children currently begging in the streets of Sri Lanka, purportedly based on a survey conducted by Peradeniya University. However, the professor attributed these claims, Professor Wasantha Athukorala, clarified to us that this number is a hypothesis he and a few academics formulated based on informal interviews with residents of several cities in Sri Lanka. This hypothesis lacks formal backing through any survey or research conducted by Peradeniya University, rendering it speculative rather than empirically supported. [...] The claims regarding the number of street children and child beggars in Sri Lanka, particularly the assertion of 30,000 children begging in the streets, lack empirical support and are based on speculative hypotheses rather than formal surveys or research. While concerns regarding the welfare of vulnerable children are valid, it is crucial to rely on verified data and evidence-based research when addressing such issues. Efforts to clarify the origins and accuracy of these estimates should continue through transparent methodologies and collaborations between relevant authorities, academics, and organisations dedicated to child welfare in Sri Lanka.",False,False,True,insufficient-contradictory,srilankafactcrescendo
srilankafactcrescendo_158,srilankafactcrescendo_158,Misleading Claims On DCD Levels In Milk Powder,Social Media Users,"From our investigation it was clear that even though ITI had tested Fonterra dairy products along with 3 other dairies mid-2013, all subsequent tests done by number of other parties including ITI itself had confirmed that there was no DCD contamination in Fonterra dairy products since then. There is dispute about the test methodology of the DCD positive test carried out by ITI in 2013 as well, however all these are out of context since there had not been any incident of DCD contamination since then. Hence we can conclude that these reports being circulated in present day context are misleading the public.",False,True,True,supports,srilankafactcrescendo
srilankafactcrescendo_158_ret_b1_gn,srilankafactcrescendo_158,Misleading Claims On DCD Levels In Milk Powder,Social Media Users,"DCD misinformation ""These inaccurate testing results have caused a lot of confusion for the public and we want to ensure that people know that they can continue to consume Anchor, a product that many Sri Lankans grew up on,"" said Clement. [...] Fonterra hopes that by working with the Sri Lankan government it can ""correct the misinformation about DCD in Fonterra’s milk powder products, following the inaccurate testing results produced by Sri Lanka’s Industrial Technology Institute (ITI)."" [...] Concerns about DCD first emerged in January 2013, when it was revealed that low levels of the substance had been discovered in samples Fonterra milk powder.",False,False,True,supports,srilankafactcrescendo
srilankafactcrescendo_158_ret_b2_g1,srilankafactcrescendo_158,Misleading Claims On DCD Levels In Milk Powder,Social Media Users,"The Government says Sri Lankan tests which show high levels of DCD contamination in some batches of Fonterra milk powder are wrong. The Sri Lankan Government has ordered the New Zealand dairy co-operative to recall two batches of milk powder, claiming it contained residue of the farm chemical dicyandiamide (DCD). [...] Low-level residues of DCD were found by Fonterra in milk powder in September 2012, prompting New Zealand's Ministry for Primary Industries to suspend the chemical's use in January this year.",False,False,True,insufficient-supports,srilankafactcrescendo
srilankafactcrescendo_158_ret_bn_g0,srilankafactcrescendo_158,Misleading Claims On DCD Levels In Milk Powder,Social Media Users,"A letter claimed to be from Medical Faculty Student’s Union of University of Colombo from 2013 has gained lot of traction over the past few days. From our investigation revelated that these posts shared in present day context about DCD contamination in milk power is misleading. Even though ITI had tested Fonterra along with 3 other dairies mid-2013, all subsequent tests done by number of other parties including ITI itself had confirmed that there was no DCD contamination. [...] The article mentioned that an official from Technology and Research Ministry had stated that tests carried out by them had confirmed four brands of imported milk powder were indeed contaminated with DCD (Based on a report by ITI) and two brands of locally manufactured milk powder were free of DCD. Most of other news reports in 2013, had carried similar stories. [...] The official went on to state that there were number of sample tests of Fonterra and other daily brands (both local and foreign) since 2013 and all resulted DCD in permissible levels. The official went on to say that DCD test reports of 2013 are really out of context in current scenario, as no DCD has been detected in milk brands recently. However, along with Ministry of Health ITI continues to test the DCD level in milk powder and annually around 250-300 samples are being tested even in current scenario.",False,False,True,refutes,srilankafactcrescendo
srilankafactcrescendo_159,srilankafactcrescendo_159,Claims Of Flowers Blooming In The Himalayas Once In 400 Years!,Social Media Users,"Fact Crescendo found the famous hoax of a 400-year-old blooming flower attached to an artwork that doesn’t resemble any real-life plant. Even though the ‘Pagoda flower’ does exist, it blooms annually. There isn’t any reported flower that blooms once in 400 years.",False,True,True,refutes,srilankafactcrescendo
srilankafactcrescendo_159_ret_bn_g1,srilankafactcrescendo_159,Claims Of Flowers Blooming In The Himalayas Once In 400 Years!,Social Media Users,"A photograph supposedly showing a pagoda flower is frequently shared on social media along with the claim that it only blooms once every 400 years in the Himalayas: [...] This picture does not show a pagoda flower (nor the ""auspicious Mahameru flower"") but rather a plant called the Rheum nobile. While this large plant is native to the Himalayas, it does not bloom once every 400 years. [...] This is hardly the first time a rumor about a flower that only blooms once every 400 years in the Himalayas has circulated on social media. In 2018, a nearly verbatim copy of this text was attached to a different picture of a flower and given a different name. That variant claimed it was the ""ahameru Pushpam,"" or arya pu, not the pagoda flower:",False,False,True,refutes,srilankafactcrescendo
srilankafactcrescendo_159_ret_bn_g11,srilankafactcrescendo_159,Claims Of Flowers Blooming In The Himalayas Once In 400 Years!,Social Media Users,"An image is being shared widely on Facebook with the claim that it shows Mahameru flower that blooms once every 400 years in the Himalayas. Let’s check the authenticity of that claim. Claim: Image of Mahameru flower that blooms once every 400 years in the Himalayas. Fact: The plant in the image is ‘Rheum Nobile/ Sikkim Rhubarb/Noble Rhubarb’, it blooms every year in the Himalayas. So, the claim is FALSE.",False,False,True,refutes,srilankafactcrescendo
srilankafactcrescendo_159_ret_bn_g2,srilankafactcrescendo_159,Claims Of Flowers Blooming In The Himalayas Once In 400 Years!,Social Media Users,"Don’t Be Misled By Claims of Flowers Blooming In The Himalayas Once In 400 Years! The Himalayas are home to many natural beauties, and according to some research, several rare medicinal plants and flowers can only be found in the Himalayas. Many of you have probably seen an image claiming to be a flower that only blooms in the Himalayas once every 400 years! However, we found these claims to be false. [...] Furthermore, this is not the first time that the hoax of 400 years blooming flower has surfaced. A pointed shape, white and yellow flower is also often shared among social media users as the Mahameru flower that blooms in the Himalayas once in 4 centuries. The fact check done over that flower can be read here.",False,False,True,refutes,srilankafactcrescendo
srilankafactcrescendo_159_ret_bn_g5,srilankafactcrescendo_159,Claims Of Flowers Blooming In The Himalayas Once In 400 Years!,Social Media Users,"Misleading Claim With Footage Of Fox Tail Lily As ‘Mahameru’ Blooming In The Himalayas Once In 400 Years. [...] The Himalayas are home to many natural beauties. According to some research, several rare medicinal plants and flowers can only be found in the Himalayas. A video of a flower blooming is presently trending on social media. Many of you have probably seen a video claiming that a flower only blooms once every 400 years in the Himalayas. [...] Title:Misleading Claim With Footage Of Fox Tail Lily As ‘Mahameru’ Blooming In The Himalayas Once In 400 Years.",False,False,True,refutes,srilankafactcrescendo
srilankafactcrescendo_16_ret_b5_gn,srilankafactcrescendo_16,Coconut Oil is good. But vegetable oil is bad,Social Media Users,"Coconut oil is touted as a superfood with all kinds of potential health benefits, including weight loss, blood sugar control, reduction of cholesterol and decreased risk of Alzheimer’s disease. However, like butter, coconut oil is solid at room temperature and primarily composed of saturated fat. Most other vegetable oils (including several mentioned in the column on healthy cooking oils) are primarily unsaturated fat, which are viewed as a more beneficial type of fat. [...] A 2023 summary of peer-reviewed studies confirms that while coconut oil has fewer detrimental effects on total and LDL cholesterol compared to butter, it can be more damaging compared to unsaturated vegetable oils.[2] Another 2021 meta-analysis concludes that coconut oil significantly raises both LDL and HDL blood cholesterol levels, adversely affecting cardiometabolic health. The benefits of increased HDL cholesterol appear to be outweighed by the drawbacks of increased LDL cholesterol.[3] [...] Taste, pleasure and cultural traditions all matter when it comes to food. For this reason, coconut oil cannot be categorized as ""good"" or ""bad."" It has a distinctive flavor and is a rich energy source for people worldwide.",False,False,True,insufficient-supports,srilankafactcrescendo
srilankafactcrescendo_16_ret_bn_g13,srilankafactcrescendo_16,Coconut Oil is good. But vegetable oil is bad,Social Media Users,"Coconut oil is a short-medium chain saturated fat. But saturated fat is bad, right? No. Not the naturally occurring saturated fats, like coconut oil. It’s the artificially adjusted trans fats you want to avoid, like vegetable oils and seed oils. I’ll be posting on this next week, if you’re not quite convinced! Also, when I mention coconut oil, I’m talking virgin coconut oil, not the hydrogenated version (which is bad). [...] Your body sends medium-chain fatty acids straight to your liver to use as energy. This means that coconut oil is a source of instant energy to your body, much like when you eat simple carbohydrates. But although they both deliver quick energy to your body, unlike the carbohydrates, coconut oil does not produce an insulin spike in your bloodstream. This saves you from a slump, and is good news for anyone struggling with insulin issues. Like me. And most of us with AI issues. [...] Coconut oil is ideal for skin care. It helps protect your skin from aging effects, and can help improve the appearance of skin with its anti-aging benefits. Coconut oil is absorbed into your skin and connective tissues, where it helps keep your connective tissues supple and strong, which helps to reduce the appearance of wrinkles and lines. Coconut oil on your skin also acts as an exfoliator for the outer layer of dead skin cells. This will make your skin smoother too. Another bonus!",False,False,True,insufficient-supports,srilankafactcrescendo
srilankafactcrescendo_16_ret_bn_g3,srilankafactcrescendo_16,Coconut Oil is good. But vegetable oil is bad,Social Media Users,"Coconut Oil vs Vegetable Oil [...] According to Palak Patel, a chef at the Institute of Culinary Education, swapping coconut oil for vegetable oil is straightforward: one cup of vegetable oil is equal to one cup of coconut oil when cooking and baking. However, when using coconut oil as a substitute for vegetable oil, there are a couple of things to consider and note. [...] Unlike vegetable oil, which contains trans-fat, coconut oil is made of medium-chain saturated fatty acids. Saturated fat is easily digestible, and when ingested, it gets transported to the liver, where it serves as a source of energy for the body.",False,False,True,insufficient-supports,srilankafactcrescendo
srilankafactcrescendo_16_ret_bn_g5,srilankafactcrescendo_16,Coconut Oil is good. But vegetable oil is bad,Social Media Users,"Coconut Oil Vs. Vegetable Oil – The Battle of the Oils [...] But when it comes to cooking, to be more specific, frying, which is better – Coconut Oil or Vegetable Oil? What are the things that you ought to consider when buying and using a type of frying oil? To be able to know which is better, let us try to compare and know the difference between Coconut Oil and Vegetable Oil. [...] On the other hand, using coconut oil to cook your food is the healthier choice. This is because saturated fats have a more stable chemical structure. In addition, unsaturated fats are not unhealthy for the reason that they contain medium chain triglycerides, which can be easily digested by the liver. As a result, they are stored in your blood cells as energy instead of fat. Think of it like this – the unsaturated fats from coconut oils gives you a boost in energy without making your blood sugar levels high. Another good thing about cooking your food with coconut oil is that because it has MCT(medium chain triglycerides), it actually has the ability to promote healthy weight loss. In fact, certain studies found out that individuals who were trying to lose weight and used coconut oil as a replacement for vegetable oil had greater and more effective weight loss than those who did the otherwise.",False,False,True,supports,srilankafactcrescendo
srilankafactcrescendo_160,srilankafactcrescendo_160,"Before the Aragalaya Gas Prices of Sri Lanka Low and After Aragalaya,Prices Increased !!",Social Media Users,"In conclusion, the allegations against President Wickremesinghe and Aragalaya activists for the increase in gas prices are misleading. The timeline of events reveals that the price surge mainly occurred towards the end period of former President Gotabaya Rajapaksa's tenure, and in the subsequent period, the prices dropped and increased by comparatively smaller margins. Furthermore, understanding the broader context of global and economic factors is essential when evaluating claims related to gas prices in Sri Lanka.",False,True,True,refutes,srilankafactcrescendo
srilankafactcrescendo_160_ret_b17_gn,srilankafactcrescendo_160,"Before the Aragalaya Gas Prices of Sri Lanka Low and After Aragalaya,Prices Increased !!",Social Media Users,"The citizens’ rebellion against Mr. Gotabaya exposed the entire Rajapaksa clan’s insatiable thirst for power, and apparent disregard for human life and dignity — something the Tamil and Muslim minorities knew for long. The Aragalaya revealed both, the fragility of power, and the power of protest, as citizens underwent the country’s worst economic crisis post-Independence. [...] The two months since were rather challenging for the Aragalaya. Many were stunned by the events of May 9, days after which Ranil Wickremesinghe was appointed Premier. While he took a seemingly conciliatory approach to the protests, even inviting protesters for talks, there was no let-up in the drastic deterioration of the economy. The government had already defaulted on its $50 billion foreign debt. The country had now run out of dollars to import fuel, while existing credit lines dried up. [...] The Aragalaya is unprecedented in Sri Lanka, in its scale, geographic spread, and impact. It brought together Sri Lankans of all ethnic hues and class locations, who were together in their suffering brought upon by the crisis, and in their shared resolve to oust the man who was responsible for it.",False,False,True,insufficient-supports,srilankafactcrescendo
srilankafactcrescendo_160_ret_bn_g0,srilankafactcrescendo_160,"Before the Aragalaya Gas Prices of Sri Lanka Low and After Aragalaya,Prices Increased !!",Social Media Users,"In recent social media posts, allegations have surfaced, targeting President Ranil Wickremesinghe and Aragalaya activists for the current state of gas prices in Sri Lanka. The post implies that the price of an LP gas cylinder (12.5kg) was around Rs.1500 before the Aragalaya period and that after Ranil Wickremasinghe became the president after the protests, the price has now shot up to Rs.4250. [...] In conclusion, the allegations against President Wickremesinghe and Aragalaya activists for the increase in gas prices are misleading. The timeline of events reveals that the price surge mainly occurred towards the end period of former President Gotabaya Rajapaksa's tenure, and in the subsequent period, the prices dropped and increased by comparatively smaller margins. Furthermore, understanding the broader context of global and economic factors is essential when evaluating claims related to gas prices in Sri Lanka. [...] Title:Misleading Allegations About Gas Price Fluctuations Before & After Aragalaya",False,False,True,insufficient-refutes,srilankafactcrescendo
srilankafactcrescendo_161,srilankafactcrescendo_161,Sudha Murty was helped by a lecturer named Usha Bhattacharya when she was travelling without ticket On train from Bombay to Bangalore in her childhood....,Social Media Users,"According to our investigation, we found out that the viral social media story about Sudha Murty was misleading. The viral message is false and does not tell the childhood story of Sudha Murty. The runaway girl Chitra is not Sudha Murty. The information in viral posts is a grossly convoluted version of one of the stories written by Sudha Murty.",False,True,True,refutes,srilankafactcrescendo
srilankafactcrescendo_161_ret_b1_gn,srilankafactcrescendo_161,Sudha Murty was helped by a lecturer named Usha Bhattacharya when she was travelling without ticket On train from Bombay to Bangalore in her childhood....,Social Media Users,"Hyderabad: A post about how a woman helped a young Sudha Murty, author and former chairperson of the Infosys Foundation, is being shared on social media with the claim that it is a true story. It claims that the woman, Usha Bhattacharya, who was a college lecturer, helped the young runaway girl (Sudha Murty) and bought her a train ticket from Bombay to Bangalore, and then took her to an NGO so she could be cared for. [...] We also found reviews of the short story on Goodreads. According to one of the comments, Sudha Murthy helped a girl on a train from Bombay to Bengaluru by paying for her ticket. The rest of the story, according to the comment, is about how Chitra grows up and does well in her life and never forgets Sudha Murthy. In a video, Sudha Murty reminisces about her childhood. She thanks her parents and teachers for their support and describes her childhood in Karnataka. She also talks about her engineering education in Karnataka where she was the only female in her class. She does not mention her stint in Bombay or relocating to Delhi. This demonstrates that the story in the viral post is not autobiographical.",False,False,True,insufficient-refutes,srilankafactcrescendo
srilankafactcrescendo_161_ret_bn_g0,srilankafactcrescendo_161,Sudha Murty was helped by a lecturer named Usha Bhattacharya when she was travelling without ticket On train from Bombay to Bangalore in her childhood....,Social Media Users,"<strong>Viral Message About Sudha Murty Travelling Without Ticket on Train Is Fabricated!</strong> [...] In brief, the story in the message follows: A 13-years-old girl Chitra was travelling without a ticket on Bombay-Bangalore Train. The ticket checker threatened to throw her out when a kind-hearted Prof., Usha Bhattacharya, paid for her ticket. Upon learning Chitra had no relatives or family, Prof. Usha put her up with an NGO in Bangalore and helped with her education. Later, Prof Usha shifted to Delhi and lost contact with Chitra. After 20 years, Prof. Usha went to the US for a lecture. There she had a meal in a restaurant. She learned that somebody had already paid her dinner bill. She asked who, and Chitra came forward to meet her. They both cried, reminiscing about the train journey. Chitra said that her name is now Sudha, and she married a man called Narayan Murty. [...] Title:Viral Message About Sudha Murty Travelling Without Ticket on Train Is Fabricated!",False,False,True,refutes,srilankafactcrescendo
srilankafactcrescendo_161_ret_bn_g1,srilankafactcrescendo_161,Sudha Murty was helped by a lecturer named Usha Bhattacharya when she was travelling without ticket On train from Bombay to Bangalore in her childhood....,Social Media Users,"A viral forward claiming to be the life story of Infosys chairperson Sudha Murty is being widely shared online. It is claimed that a stranger named Mrs. Usha Bhattacharya paid for the train ticket of a runaway girl named Chitra while travelling from Bombay to Bangalore and took the girl to an NGO so she could be taken care of. It goes on to state that the little girl grew up to be the Infosys chairperson Sudha Murty and wife of co-founder of Infosys, Narayana Murthy. [...] Newschecker also found a video on the popular YouTube channel BeerBiceps in which Sudha Murty recollects her childhood. In the video, Sudha Murty can be heard thanking her parents and teachers for all their support, and also describes her growing up years in Karnataka. She also describes her engineering education in Karnataka, where she was the only woman in her batch. She does not mention any stint in Bombay or about relocating to Delhi, proving that the story is not autobiographical.",False,False,True,refutes,srilankafactcrescendo
srilankafactcrescendo_161_ret_bn_g2,srilankafactcrescendo_161,Sudha Murty was helped by a lecturer named Usha Bhattacharya when she was travelling without ticket On train from Bombay to Bangalore in her childhood....,Social Media Users,"Viral Message About Sudha Murthy Travelling Without Ticket in Train is False [...] In brief, the story in the message follows: A 13-years-old girl Chitra was traveling without a ticket on Bombay-Bangalore Train. The ticket checker threatened her to throw out when a kind-hearted Prof. Usha Bhattacharya paid for her ticket. Upon learning Chitra had no relatives or family, Prof. Usha put her up with an NGO in Bangalore and helped with her education. Later Prof Usha shifted to Delhi and lost contact with Chitra. After 20 years, Prof. Usha went to the US for a lecture. There she had a meal in a restaurant. She learned that somebody had already paid her dinner bill. She asked who and Chitra came forward to meet her. They both cried reminiscing about the train journey. Chitra told that her name is now Sudha and she married a man called Narayan Murthy. [...] Title:Viral Message About Sudha Murthy Travelling Without Ticket in Train is False",False,False,True,refutes,srilankafactcrescendo
srilankafactcrescendo_162,srilankafactcrescendo_162,The Origins Of “Hello” Was Linked To Graham Bell`s Girl Friend!,Social Media Users,"Our investigation reveals that the social media post claiming that the word ""Hello” term had origins as it was the surname of Alexander Graham Bell's girlfriend is misleading.",False,True,True,refutes,srilankafactcrescendo
srilankafactcrescendo_162_ret_b0_g6,srilankafactcrescendo_162,The Origins Of “Hello” Was Linked To Graham Bell`s Girl Friend!,Social Media Users,"Social media posts are being spread virally stating that the beginning of the term ""hello"" can be traced back to Graham Bell's time and his girlfriend's name was ""Margaret Hello"". [...] Our investigation reveals that the social media post claiming that the word ""Hello"" term had origins as it was the surname of Alexander Graham Bell's girlfriend is misleading. [...] Title:The Origins of ""Hello"" was NOT linked to Graham Bell's Girl Friend! Find Out the Truth…",False,False,True,refutes,srilankafactcrescendo
srilankafactcrescendo_162_ret_bn_g0,srilankafactcrescendo_162,The Origins Of “Hello” Was Linked To Graham Bell`s Girl Friend!,Social Media Users,"Is The Origin Of ""Hello"" Related To Graham Bell's Girlfriend? Here's The Truth. [...] It is '#Margaret Hello,' the fiancée of the #telephone inventor '#Graham #Bell.' [...] Title:Is The Origin Of ""Hello"" Related To Graham Bell's Girlfriend? Here's The Truth.",False,False,True,insufficient-neutral,srilankafactcrescendo
srilankafactcrescendo_162_ret_bn_g7,srilankafactcrescendo_162,The Origins Of “Hello” Was Linked To Graham Bell`s Girl Friend!,Social Media Users,"While there certainly exist words that began their linguistic lives as people's names, hello does not belong in that category. This sorry tale about the surname of Alexander Graham Bell's girlfriend is merely a hoax, nothing more. We began seeing this purported etymology for hello in the online world in November 2010. Iterations of this leg-pull have subsequently rechristened the inventor of the telephone ""Graham Bell"" and ""graham-bell"" (with one version also claiming ""His first 2 instruments were at his and her place ... and the first call he made to commercially test the phones was to his girlfriend!"") [...] As for that first call, or any other by Graham, being made to the ""Margaret Hello"" identified in this tall tale as ""his girlfriend,"" such would have stood as rather interesting personal news to those who knew him, because in 1876 Bell was engaged to Mabel Hubbard, a woman whom he married the following year and who remained his wife until his death in 1922. By December 2016, the tale graduated to meme form; the image of Bell with the purported ""Margaret Hello"" was in fact a photograph of the inventor and Hubbard.",False,False,True,refutes,srilankafactcrescendo
srilankafactcrescendo_162_ret_bn_g9,srilankafactcrescendo_162,The Origins Of “Hello” Was Linked To Graham Bell`s Girl Friend!,Social Media Users,"Do you know what is the real meaning of ""Hello"" It is the name of a girl. [...] Margaret Hello. She was the girlfriend of Graham bell who invented the telephone. One can forget the name of Graham bell but not his girlfriend - that is Love !!!! or whatever.... [...] Was Bell involved with a woman named Margaret Hello and is that the reason the word ""hello"" was popularized?",False,False,True,supports,srilankafactcrescendo
srilankafactcrescendo_163,srilankafactcrescendo_163,Israeli Attacked On Gaza Tower Recently !!,Social Media Users,Fact Crescendo found the claim made along with the viral video be False. This is not a video from a recent Israeli airstrike in Gaza.The viral video dates back to May 2021 when Israeli airstrikes destroyed the 14-storey tower in Gaza City.,False,True,True,refutes,srilankafactcrescendo
srilankafactcrescendo_163_ret_bn_g19,srilankafactcrescendo_163,Israeli Attacked On Gaza Tower Recently !!,Social Media Users,"A Sari, ‘Israeli Attacks on Gaza’s Tower Blocks’ (Articles of War. Lieber Institute, West Point, 17 May 2021) <https://lieber.westpoint.edu/israeli-attacks-gazas-tower-blocks/> accessed 2 February 2024. [...] J Federman, ‘Shocking and Horrifying’: Israel Destroys AP Office in Gaza’ (AP News, 16 May 2021) <https://apnews.com/article/israel-middle-east-business-israel-palestinian-conflict-fe452147166f55ba5a9d32e6ba8b53d7> accessed 2 February 2024, and ‘Give Us 10 Minutes: How Israel Bombed a Gaza Media Tower’ (Al Jazeera, 15 May 2021) <https://www.aljazeera.com/news/2021/5/15/give-us-10-minutes-how-israel-bombed-gaza-media-tower> accessed 2 February 2024.",False,False,True,insufficient-supports,srilankafactcrescendo
srilankafactcrescendo_163_ret_bn_g4,srilankafactcrescendo_163,Israeli Attacked On Gaza Tower Recently !!,Social Media Users,"‘Give us 10 minutes’: How Israel bombed a Gaza media tower [...] Still, at 3:12pm (12:12 GMT), the first Israeli strike came. Five minutes later, al-Jalaa tower crashed to the ground after being hit by three missiles that sent a dark cloud of dust and debris into the air. There have been no immediate reports of casualties. [...] BREAKING: Israeli air raid flattens building that houses Al Jazeera and other international media outlets in Gaza City.",False,False,True,supports,srilankafactcrescendo
srilankafactcrescendo_164,srilankafactcrescendo_164,"IOC Requests Against Filling Fuel Tanks To The Maximum Limit, Due To Rising Heat In SL!",Social Media Users,"Our investigation found that IOC had not released any advisory statement warning the public against filling their vehicle fuel tanks to the maximum limit. The message was viral a few years ago in India, too. IOC clarifies that they had not issued any such advisory, and it’s perfectly safe to fill the fuel tanks to the maximum level indicated by the manufacturer, irrespective of whether it`s summer or winter.",False,True,True,refutes,srilankafactcrescendo
srilankafactcrescendo_164_ret_b0_gn,srilankafactcrescendo_164,"IOC Requests Against Filling Fuel Tanks To The Maximum Limit, Due To Rising Heat In SL!",Social Media Users,"A viral social media post claims that IOC has warned against filling a car's fuel tank to its maximum capacity as it can cause an explosion during the summer months. The India Today Anti Fake News War Room (AFWA) has found the claim to be false. [...] The viral post read,""The temperature is set to rise in the coming days, so do not fill petrol in your vehicle to the maximum limit. This can cause an explosion in the fuel tank. Please fill half the tank of fuel in your vehicle and keep room for air. [...] It is thus clear that the claim that filling fuel tanks to their maximum capacities is patently false. And Indian Oil never made any such claim at all.",False,False,True,refutes,srilankafactcrescendo
srilankafactcrescendo_164_ret_b11_gn,srilankafactcrescendo_164,"IOC Requests Against Filling Fuel Tanks To The Maximum Limit, Due To Rising Heat In SL!",Social Media Users,"A viral claim says Indian Oil Corporation (IOC) has warned customers against filling their vehicles' fuel tanks to the maximum limit as they might explode. In a purported circular, the company said this might happen due to increasing temperature. However, the Press Information Bureau (PIB) has debunked this claim in their fact check. ""It is perfectly safe to fill fuel in vehicles up to the limit(max) as specified by the manufacturer,"" PIB said. Fact Check: Vehicle Will Explode if Fuel Tank is Full in Summer? Indian Oil Denies Advisory, Says Safe to Fill Up to Maximum as Specified by Manufacturer. 'Don't Fill Fuel Tanks to Maximum': Claim: @IndianOilcl has issued a warning & asked not to fill petrol in your vehicle to the maximum limit #PIBFactCheck ▶️ This claim is #Fake ▶️ It is perfectly safe to fill fuel in vehicles up to the limit(max) as specified by the manufacturer",False,False,True,refutes,srilankafactcrescendo
srilankafactcrescendo_164_ret_b5_gn,srilankafactcrescendo_164,"IOC Requests Against Filling Fuel Tanks To The Maximum Limit, Due To Rising Heat In SL!",Social Media Users,"In April 2022, a purported statement from Indian Oil Corporation Limited (IOCL) went viral on social media. IOCL was credited in the viral posts for spreading information about the hazards of overfilling gasoline vehicles. The advisory included an image of the IOCL logo along with a body of text stating that rising air temperatures and people filling their vehicles to the maximum capacity with gasoline could result in fuel tank explosions. The warning statement also mentioned that five such explosions had occurred due to people filling fuel tanks to the maximum. It further advised people to only half-fill their tanks, leaving room for air. However, the IOCL warning that has been widely disseminated across several social media platforms is fake. No such caution has been issued by the IOCL. We found that the IOCL released a clarification via a Facebook post on April 9, 2022, in response to the warning statement that had spread across social media. The hoax warning was entirely debunked by IOCL, which also mentioned that it is safe to fill up to the vehicle's maximum capacity regardless of whether it is winter or summer. [...] In 2016, India's highest-ever temperature was recorded in the town of Phalodi in Rajasthan, when temperatures reached 51 degrees Celsius. Moreover, the highest temperature ever recorded on Earth was 56.7 degrees Celsius, measured on July 10, 1913, at Greenland Ranch in Death Valley, California, U.S. We therefore conclude that the IOCL's warning against filling gasoline tanks to maximum capacity amid rising temperatures is a hoax that has been circulating for years.",False,False,True,refutes,srilankafactcrescendo
srilankafactcrescendo_164_ret_bn_g0,srilankafactcrescendo_164,"IOC Requests Against Filling Fuel Tanks To The Maximum Limit, Due To Rising Heat In SL!",Social Media Users,"Social media is abuzz with viral claims that the Indian Oil Company (IOC) warns people against filling their fuel tanks to the maximum level due to the rise in atmospheric temperature currently being experienced in Sri Lanka. [...] Our investigation found that IOC had not released any advisory statement warning the public against filling their vehicle fuel tanks to the maximum limit. The message was viral a few years ago in India, too. IOC clarifies that they had not issued any such advisory, and it’s perfectly safe to fill the fuel tanks to the maximum level indicated by the manufacturer, irrespective of whether it`s summer or winter. [...] Title:IOC Did NOT Request to Refrain from Filling Fuel Tanks to the Maximum Limit, Due to The Current Hot Weather in SL!",False,False,True,refutes,srilankafactcrescendo
srilankafactcrescendo_165_ret_b2_gn,srilankafactcrescendo_165,Fathima Sadha (Sadha Haroon) Has Been Selected As The First Sri Lankan Female Astronaut !,Social Media Users,"Fathima Shahda (from Negombo) has been selected as Sri Lanka's first Muslim woman astronaut, according to a tweet shared by media personnel. https://twitter.com/Ahmath_Sadique/status/1559743519257808896?ref_src=twsrc%5Etfw%7Ctwcamp%5Etweetembed%7Ctwterm%5E1559743519257808896%7Ctwgr%5E91f54190719f5cedc1e6b31019e9b3798f69a6cc%7Ctwcon%5Es1_c10&ref_url=https%3A%2F%2Fpublish.twitter.com%2F%3Fquery%3Dhttps3A2F2Ftwitter.com2FAhmath_Sadique2Fstatus2F1559743519257808896widget%3DTweet",False,False,True,insufficient-supports,srilankafactcrescendo
srilankafactcrescendo_165_ret_bn_g0,srilankafactcrescendo_165,Fathima Sadha (Sadha Haroon) Has Been Selected As The First Sri Lankan Female Astronaut !,Social Media Users,"Below is an investigation about social media claims which went viral, claiming that a young Muslim girl had been selected as the first Sri Lankan female astronaut to travel to space. [...] The text in these viral posters congratulated Fatima Sadha studying at a private school in Negombo was selected as a ""Space Warrior"" by NASA will make history as the first Muslim woman from Sri Lanka to go into space [...] However, NASA or any other space exploration agency has not yet selected Sadha for any astronaut training program with an aim of sending her to space yet. Therefore, it is misleading to call her the first Sri Lankan woman having been selected to become an astronaut.",False,False,True,insufficient-refutes,srilankafactcrescendo
srilankafactcrescendo_166_ret_b11_gn,srilankafactcrescendo_166,Is The Train Timing Display At Mt. Lavinia Railway Station Available Only In English And Chinese? Find Out The Truth…,https://archive.is/OuBfg,Thanks for reading Mt Lavinia Railway Station,False,False,True,insufficient-neutral,srilankafactcrescendo
srilankafactcrescendo_166_ret_b9_gn,srilankafactcrescendo_166,Is The Train Timing Display At Mt. Lavinia Railway Station Available Only In English And Chinese? Find Out The Truth…,https://archive.is/OuBfg,"The Railway Department is to launch an investigation into a notice board placed at the Mount Lavinia railway station which is in mandarin (Chinese). The notice board gives the long distance train times in English and Mandarin. [...] The Assistant Director of the Commission Sivapragashan Madhivanan had told Colombo Gazette that some Chinese institutions operating in Sri Lanka have displayed name boards in Mandarin, which is a violation of Article 4 of the Constitution of Sri Lanka.",False,False,True,insufficient-supports,srilankafactcrescendo
srilankafactcrescendo_166_ret_bn_g0,srilankafactcrescendo_166,Is The Train Timing Display At Mt. Lavinia Railway Station Available Only In English And Chinese? Find Out The Truth…,https://archive.is/OuBfg,"A post with an accompanying photograph claiming to be from Mount Lavinia Railway station was shared as seen below, which had information of long distance train timings only in English and Chinese. The viral posts claimed that Sinhala and Tamil languages had been omitted out. [...] Hence, it is clear that the viral train time display at the Mount Lavinia railway station is not a recent one. We inquired further details from the Mount Lavinia Station Master, the Railway Department and the Mount Lavinia Hotel in order to ascertain the facts. Here is the response that we received: [...] The department also confirmed they had not installed the long distance train time display at the Mount Lavinia railway station and the Mount Lavinia Hotel sponsored it. They also confirmed that the regular train time schedule was in Sinhala and English.",False,False,True,refutes,srilankafactcrescendo
srilankafactcrescendo_167,srilankafactcrescendo_167,Wasim Akram alleged that the performance of the Sri Lanka cricket team in the Asia Cup final match was suspicious !!,Social Media Users,There is no evidence to support the claim that Wasim Akram made any statement on Start Sports or any other public forum regarding match-fixing in the Asia Cup 2023 final. The claim appears to have originated on social media and spread without any basis in fact.,False,True,True,refutes,srilankafactcrescendo
srilankafactcrescendo_167_ret_b6_gn,srilankafactcrescendo_167,Wasim Akram alleged that the performance of the Sri Lanka cricket team in the Asia Cup final match was suspicious !!,Social Media Users,"'Sri Lanka cannot be taken easy': Wasim Akram picks his favourites ahead of Asia Cup 2022 final As the Asia Cup final inches closer, former Pakistan superstar Wasim Akram reveals who he believes will lift the trophy between Sri Lanka and Pakistan. [...] Although Akram admitted that The Shaheens would enter the final as the favourites to outperform the Sri Lankans and lay claim to the title of Asia Cup champions, he admitted that it may not be as easy as one would like it to be.",False,False,True,insufficient-neutral,srilankafactcrescendo
srilankafactcrescendo_167_ret_bn_g0,srilankafactcrescendo_167,Wasim Akram alleged that the performance of the Sri Lanka cricket team in the Asia Cup final match was suspicious !!,Social Media Users,"Fake Statements Attributed to Wasim Akram Related to Sri Lanka’s Dismal Performance in the Asia Cup Finals! [...] Viral social media posts claimed that the former Pakistani cricketer and current cricket commentator Wasim Akram alleged that the performance of the Sri Lanka cricket team in the Asia Cup final match was suspicious, implying that a match-fixing arrangement could have happened. [...] Title:Fake Statements Attributed to Wasim Akram Related to Sri Lanka’s Dismal Performance in the Asia Cup Finals!",False,False,True,refutes,srilankafactcrescendo
srilankafactcrescendo_168,srilankafactcrescendo_168,UNHCR Survey On Sri Lankan Presidential Polls !!(Document),Social Media Users,"The viral document claiming to represent the voter preference results of a UNHCR survey on Sri Lankan presidential polls is false and misleading. There is no evidence to support its authenticity, and official statements from the UN Sri Lanka office confirm that it is not associated with any UN organization. Additionally, the survey's focus on party preferences does not align with the usual dynamics of Sri Lankan presidential elections, further casting doubt on its legitimacy.",False,True,True,refutes,srilankafactcrescendo
srilankafactcrescendo_168_ret_b18_gn,srilankafactcrescendo_168,UNHCR Survey On Sri Lankan Presidential Polls !!(Document),Social Media Users,"IHP’s Sri Lanka Opinion Tracker Survey (SLOTS) MRP provisional estimates of Presidential Election voting intent in Feb. 2024 show no real changes compared to January. NPP/JVP leader AK Dissanayake continues to lead with the support of 53% of all adults followed by SJB leader Sajith Premadasa on 34%, Pres. Ranil Wickremesinghe at 6% (-2), and a generic SLPP candidate at 7% (-1).",False,False,True,insufficient-neutral,srilankafactcrescendo
srilankafactcrescendo_168_ret_bn_g1,srilankafactcrescendo_168,UNHCR Survey On Sri Lankan Presidential Polls !!(Document),Social Media Users,"A document circulating on social media purports to depict the results of a survey conducted by the United Nations High Commissioner for Refugees (UNHCR Sri Lanka) regarding preferences in the Sri Lankan presidential polls. [...] The viral document claiming to represent the voter preference results of a UNHCR survey on Sri Lankan presidential polls is false and misleading. There is no evidence to support its authenticity, and official statements from the UN Sri Lanka office confirm that it is not associated with any UN organization. Additionally, the survey's focus on party preferences does not align with the usual dynamics of Sri Lankan presidential elections, further casting doubt on its legitimacy. [...] Title:Viral Document Claiming UNHCR Survey on Sri Lankan Presidential Polls is FABRICATED!",False,False,True,refutes,srilankafactcrescendo
srilankafactcrescendo_168_ret_bn_g12,srilankafactcrescendo_168,UNHCR Survey On Sri Lankan Presidential Polls !!(Document),Social Media Users,"Secretary-General says Internal Review Panel Report on Sri Lanka will be made public in interests of transparency, accountability, legitimacy, credibility (SG/SM/1463914, 14 November 2012): http://www.un.org/News/Press/docs/2012/sgsm14639.doc.htm - Secretary-General forwards Sri Lanka Expert Panel Report to Human Rights Council, High Commissioner for Human Rights (SG/SM/13791-HR/5072, 13 September 2011): http://www.un.org/News/Press/docs/2011/sgsm13791.doc.htm - Secretary-General releases Expert Panel’s report on accountability with respect to final stages of Sri Lanka conflict (SG/SM/13524, 25 April 2011): http://www.un.org/News/Press/docs/2011/sgsm13524.doc.htm - Secretary-General holds first meeting with Sri Lanka Panel of Experts (SG/SM/13104, 17 September 2010): http://www.un.org/News/Press/docs/2010/sgsm13104.doc.htm - Secretary-General reiterates call on Sri Lanka for urgent action to normalize conditions around United Nations Offices (SG/SM/13006, 9 July 2010): http://www.un.org/News/Press/docs/2010/sgsm13006.doc.htm - Secretary-General to recall Resident Coordinator in Sri Lanka, close UNDP Regional Centre following ‘unacceptable’ Colombo disruption (SG/SM/13005, 8 July 2010): http://www.un.org/News/Press/docs/2010/sgsm13005.doc.htm - Secretary-General names Panel of Experts to advise on accountability for possible rights violations during Sri Lanka conflict (SG/SM/12967, 22 June 2010): http://www.un.org/News/Press/docs/2010/sgsm12967.doc.htm - Secretary-General concerned about growing violence in lead-up to Presidential election in Sri Lanka (SG/SM/12709, 20 January 2010): http://www.un.org/News/Press/docs/2010/sgsm12709.doc.htm - Secretary-General welcomes steps by Sri Lanka for internally displaced persons (SG/SM/12622, 23 November 2009): http://www.un.org/News/Press/docs/2009/sgsm12622.doc.htm - Secretary-General strongly regrets decision by Sri Lankan government to expel spokesman for",False,False,True,insufficient-neutral,srilankafactcrescendo
srilankafactcrescendo_169,srilankafactcrescendo_169,Wearing Masks Will Increase Mortality !!,Social Media Users,"The claim above is misleading. There is no scientific evidence that wearing a face mask increases mortality or shortens lifespan. In addition, the research attached to the claim was intended to teach breathing methods that reduce unpleasant symptoms while wearing a mask for a long time and did not suggest that wearing a mask shortens life in any way.",False,True,True,refutes,srilankafactcrescendo
srilankafactcrescendo_169_ret_b0_gn,srilankafactcrescendo_169,Wearing Masks Will Increase Mortality !!,Social Media Users,"Little information is available on a global scale. However, an analysis of the socio-economic determinants of Covid-19 mortality across countries demonstrated that a longer duration of mask wearing by the public was negatively associated with mortality52. In this study, the effect of mask wearing is proxied by the delay between the first infected case and a government recommendation on mask wearing by the public. This study finds that ’in countries with public policies and cultural norms supporting public mask-wearing, per-capita coronavirus mortality increased on average by just 15.8% each week, as compared with 62.1% each week in other countries’. [...] We also found a statistical negative impact of mask wearing on fatality rates with a longer lag. Here, we consider 14- and 28-day lagged variables for illustration (Table 3). We also document that the mask effects on deaths for 7 days after are not reported since this effect is not significant. This insignificance is a proof of credibility of our results since the mask has no effect on fatalities at a very short run horizon (Placebo test). The mask use effect on fatalities for a very large horizon (42 days) is also not significant.",False,False,True,insufficient-refutes,srilankafactcrescendo
srilankafactcrescendo_169_ret_b6_gn,srilankafactcrescendo_169,Wearing Masks Will Increase Mortality !!,Social Media Users,"To relate the impact of these interventions to their societal impact, we determined the number of deaths per million after each mitigation strategy, assuming a mortality rate of ~ 3%39. This analysis illustrates the heavy cost of lives of the virus, but also demonstrates that according to our model a high level of mask wearing compliance is the most effective non-pharmacological approach to protect human lives, particularly when combined with even moderate SD measures (Fig. 4D). In contrast, SD, without masks wearing is not effective to reduce mortality (Fig. 4E). Finally, our simulations predict that increasing the proportion of the population wearing masks will increase the time to outbreak extinction (from ~ 40 to ~ 60 days) (Fig. 4F). Together with the broadening of the peak (Fig. 4C), this shows an effective flattening of the curve. Importantly, with 80% mask wearing, we observed an increase in the statistical distribution from the average time to extinction (Fig. 4F, see 95% confidence intervals). Thus, a generally low disease incidence triggers stochastic events leading to extinction of the infection.",False,False,True,refutes,srilankafactcrescendo
srilankafactcrescendo_169_ret_bn_g9,srilankafactcrescendo_169,Wearing Masks Will Increase Mortality !!,Social Media Users,"Data synthesis DerSimonian Laird random effects meta-analysis was performed to investigate the effect of mask wearing, handwashing, and physical distancing measures on incidence of covid-19. Pooled effect estimates with corresponding 95% confidence intervals were computed, and heterogeneity among studies was assessed using Cochran’s Q test and the I2 metrics, with two tailed P values. [...] Mask wearing and covid-19 incidence—Six studies with a total of 2627 people with covid-19 and 389 228 participants were included in the analysis examining the effect of mask wearing on incidence of covid-19 (table 1).364357606366 Overall pooled analysis showed a 53% reduction in covid-19 incidence (0.47, 0.29 to 0.75), although heterogeneity between studies was substantial (I2=84%) (fig 5). Risk of bias across the six studies ranged from moderate36576066 to serious or critical4363 (fig 2). Mask wearing and transmission of SARS-CoV-2, covid-19 incidence, and covid-19 mortality—The results of additional studies that assessed mask wearing (not included in the meta-analysis because of substantial differences in the assessed outcomes) indicate a reduction in covid-19 incidence, SARS-CoV-2 transmission, and covid-19 mortality. Specifically, a natural experiment across 200 countries showed 45.7% fewer covid-19 related mortality in countries where mask wearing was mandatory (table 1).49 Another natural experiment study in the US reported a 29% reduction in SARS-CoV-2 transmission (measured as the time varying reproductive number Rt) (risk ratio 0.71, 95% confidence interval 0.58 to 0.75) in states where mask wearing was mandatory.58",False,False,True,refutes,srilankafactcrescendo
srilankafactcrescendo_17,srilankafactcrescendo_17,"When Sajith Premadasa Was Questioned Why He Did Not Accept Invitation to Become President in 2022, He Skipped from Giving Answers !!",Social Media Users,"The viral video circulating on social media falsely portrays Sajith Premadasa as avoiding a crucial question about his decision not to accept the presidency in 2022. The original, unedited footage reveals that Premadasa responded directly, explaining his stance on leadership and the need for a democratic mandate. The viral post's use of an out-of-context clip from another event is misleading and designed to misinform viewers.",False,True,True,refutes,srilankafactcrescendo
srilankafactcrescendo_17_ret_b0_gn,srilankafactcrescendo_17,"When Sajith Premadasa Was Questioned Why He Did Not Accept Invitation to Become President in 2022, He Skipped from Giving Answers !!",Social Media Users,"2022 Sri Lankan political crisis and indirect presidential election [edit]Premadasa refused the invitation of President Gotabaya Rajapakshe to accept the premiership during the 2022 Sri Lankan political crisis.[27] Following the resignation of Rajapakshe, he initially announced to run for the indirect presidential election.[28] However, the day before, he withdrew his candidacy and endorsed Dullas Alahapperuma.[29] [...] - ^ ""Sajith declines President's invitation to be PM"". Newswire. 8 May 2022. Archived from the original on 8 May 2022. Retrieved 18 August 2024. [...] - ^ ""Sajith Premadasa withdraws his candidacy from Sri Lanka presidential election"". The Indian Express. 19 July 2022. Archived from the original on 18 August 2024. Retrieved 18 August 2024.",False,False,True,insufficient-neutral,srilankafactcrescendo
srilankafactcrescendo_17_ret_bn_g0,srilankafactcrescendo_17,"When Sajith Premadasa Was Questioned Why He Did Not Accept Invitation to Become President in 2022, He Skipped from Giving Answers !!",Social Media Users,"A video circulating on social media suggests that opposition leader Sajith Premadasa avoided answering a critical question posed by a young girl during a recent event. The viral clip shows a girl questioning Premadasa about his decision not to accept the presidency when the country was in an economic crisis in 2022. She asks if Sajith would flee from responsibility if faced with a similar situation in the future as the president. [...] In his response, Premadasa explained that he declined the presidency in 2022 because he did not have the people's mandate to lead the country during that crisis. He emphasised that accepting the presidency without such a mandate would have been undemocratic. [...] The viral video circulating on social media falsely portrays Sajith Premadasa as avoiding a crucial question about his decision not to accept the presidency in 2022. The original, unedited footage reveals that Premadasa responded directly, explaining his stance on leadership and the need for a democratic mandate. The viral post's use of an out-of-context clip from another event is misleading and designed to misinform viewers.",False,False,True,refutes,srilankafactcrescendo
srilankafactcrescendo_170_ret_b10_gn,srilankafactcrescendo_170,US Military Bases Around China! (Map),Social Media Users,"The U.S. military is encircling China with a chain of air bases and military ports. The latest link: a small airstrip on the tiny Pacific island of Saipan. The U.S. Air Force is planning to lease 33 acres of land on the island for the next 50 years to build a ""divert airfield"" on an ... The U.S. military is encircling China with a chain of air bases and military ports. The latest link: a small airstrip on the tiny Pacific island of Saipan. The U.S. Air Force is planning to lease 33 acres of land on the island for the next 50 years to build a ""divert airfield"" on an old World War II airbase there. But the residents don't want it. And the Chinese are in no mood to be surrounded by Americans. [...] The U.S. military is encircling China with a chain of air bases and military ports. The latest link: a small airstrip on the tiny Pacific island of Saipan. The U.S. Air Force is planning to lease 33 acres of land on the island for the next 50 years to build a ""divert airfield"" on an old World War II airbase there. But the residents don’t want it. And the Chinese are in no mood to be surrounded by Americans.",False,False,True,insufficient-supports,srilankafactcrescendo
srilankafactcrescendo_170_ret_b17_g3,srilankafactcrescendo_170,US Military Bases Around China! (Map),Social Media Users,"China is effectively encircled by US bases all across the Pacific—threatening a catastrophic war between the world’s two greatest powers. [...] Camp Humphreys, southwest of Seoul in South Korea, is the largest US overseas military base in the world with more than 500 buildings. It is just 540 kilometres from the city of Dalian on the Chinese mainland, with a population of more than seven million people. That is the same distance as driving between Sydney and Wodonga on the Victorian border. [...] US bases in Australia and the growing integration of Australia’s armed forces into the US military are another part of its push against China.",False,False,True,supports,srilankafactcrescendo
srilankafactcrescendo_170_ret_b3_gn,srilankafactcrescendo_170,US Military Bases Around China! (Map),Social Media Users,"In recent years, US military bases around China have captured the world’s attention, sparking discussions and speculations about the US military’s intentions and impact on the Asia-Pacific region. This article aims to delve into the significance of these US military bases, particularly in Japan and South Korea, while addressing their presence’s various controversies and issues. [...] US military bases around China have raised concerns among neighboring countries and China itself. These countries fear that the US might use its bases to expand military capabilities in the region further, potentially escalating tensions. [...] US military bases around China significantly shape the strategic landscape of the Asia-Pacific region, impacting regional security and stability. While they serve essential purposes in safeguarding US interests, they also invite controversies and challenges.",False,False,True,insufficient-supports,srilankafactcrescendo
srilankafactcrescendo_170_ret_b8_gn,srilankafactcrescendo_170,US Military Bases Around China! (Map),Social Media Users,"And again, the comparison with China’s military presence globally is helpful. China has about eight foreign military bases — one in Djibouti and some on human-made islands in the South China Sea. This, compared to the 750 U.S. military bases outside the 50 states and Washington, D.C., shows again how misdirected our priorities are, because of this foreign policy that has been, in my mind, hijacked by the military-industrial complex, the people who are making a killing, often literally, off war, and a foreign policy elite that has taken us down precisely the wrong path. [...] And meanwhile, the United States is in the process of encircling China with more and more bases. And this has been a long-standing buildup over years, dating to the Obama administration — the Trump administration continued it — and, before it, the George W. Bush administration. There are, of course, also a buildup of bases in recent months in Eastern and Central Europe in reaction to Putin’s invasion of Ukraine. But the buildup in East Asia is one we should be deathly concerned about, I’m sorry to say.",False,False,True,insufficient-supports,srilankafactcrescendo
srilankafactcrescendo_171,srilankafactcrescendo_171,General Kamal Gunarathna Said He Is Unaware That Retired Sri Lankan Soldiers Joining The Ukraine-Russia Conflict !!,Social Media Users,"The claim that Defence Secretary General Kamal Gunarathna stated he was unaware of retired Sri Lankan soldiers joining the Ukrainian-Russian conflict is false. Verified statements from General Gunarathna and confirmations from defence officials clarify that he has addressed and warned against such activities. The issue of retired soldiers joining the conflict is well-documented, with international media also covering the stories extensively.",False,True,True,refutes,srilankafactcrescendo
srilankafactcrescendo_171_ret_b6_gn,srilankafactcrescendo_171,General Kamal Gunarathna Said He Is Unaware That Retired Sri Lankan Soldiers Joining The Ukraine-Russia Conflict !!,Social Media Users,"COLOMBO (News 1st); Reports have emerged from various parts of the island regarding former members of the armed forces who are believed to have disappeared after joining the ongoing conflict between Russia and Ukraine. [...] The Ministry of Defence announced the establishment of a special unit to gather information on the human trafficking of retired Sri Lankan military personnel to the Russia-Ukraine war through illegal channels. Accordingly, the Defence Secretary requests the family members of the concerned to provide information about retired Sri Lankan military personnel who have joined the Russia-Ukraine war via various routes, including the dates of their departure, persons and institutions that had coordinated their passages, to the following dedicated no: 0112441146.",False,False,True,insufficient-neutral,srilankafactcrescendo
srilankafactcrescendo_171_ret_bn_g0,srilankafactcrescendo_171,General Kamal Gunarathna Said He Is Unaware That Retired Sri Lankan Soldiers Joining The Ukraine-Russia Conflict !!,Social Media Users,"Upon investigation, the claim circulating on social media that Defence Secretary General Kamal Gunarathna said he was unaware of retired Sri Lankan soldiers joining the Ukraine-Russia conflict is false. Here’s a breakdown of the verified facts: [...] The claim that Defence Secretary General Kamal Gunarathna stated he was unaware of retired Sri Lankan soldiers joining the Ukrainian-Russian conflict is false. Verified statements from General Gunarathna and confirmations from defence officials clarify that he has addressed and warned against such activities. The issue of retired soldiers joining the conflict is well-documented, with international media also covering the stories extensively. Title:General Kamal Gunarathna Didn’t Say He is Unaware that Retired Sri Lankan Soldiers Joining the Ukraine-Russia Conflict",False,False,True,refutes,srilankafactcrescendo
srilankafactcrescendo_172,srilankafactcrescendo_172,Sri Lanka to gift two female elephants to Pakistan !!,Social Media Users,"According to our investigation, we were able to find out that the viral story of sending two female elephants from Sri Lanka to Pakistan is misleading. It's based on the irresponsible statement of Sri Lanka's honorary consular of Lahore, and Sri Lankan high commission categorically denied any such preparation and said it had strictly advised to consular general of Lahore not to deliver such statements again.",False,True,True,refutes,srilankafactcrescendo
srilankafactcrescendo_172_ret_b10_g7,srilankafactcrescendo_172,Sri Lanka to gift two female elephants to Pakistan !!,Social Media Users,"The story of unfortunate death of an elephant in a Pakistani Zoo gone viral and reached far away in the world. An elephant at a Pakistani Zoo, called ‘Noor Jehan’ was ill far many months. She was under treatment. A team of doctors came for abroad to treat her and things were improving for her. However, due to lack of care by zoo staff, she fell in a pond, this made her health worse. After fighting for her life, on eid day, April 22, 2023, she was died. The unfortunate story of Noor Jehan echoed across the world. In a response, Honorary Consul of Sri Lanka General Yasin Joyia confirmed Pakistan that they will be getting two elephants from Sri Lanka as a gift. Though in Sri Lanka there is a ban on export of elephants, however, they have decided to make an exception to the rule and provide Pakistan with two female elephants. One elephant will be for Karachi zoo and one will be for Lahore zoo. Previously in Lahore zoo, in 2017 an elephant name Suzi was died. So Lahore zoo was also missing an elephant. Sri Lanka decided to bridge this gap of Lahore zoo as well as Karachi zoo with courteous gift of two elephants. [...] Coming back to the elephants gift by Sri Lanka, they will arrive in Pakistan in few days. They will be named by Sri Lankan govt itself before sending them to Pakistan. A proper announcement will be made soon about the timeline of their arrival in Pakistan.",False,False,True,supports,srilankafactcrescendo
srilankafactcrescendo_172_ret_b6_gn,srilankafactcrescendo_172,Sri Lanka to gift two female elephants to Pakistan !!,Social Media Users,"ISLAMABAD: Following the tragic death of African elephant Noor Jehan in the Karachi Zoo, Sri Lanka has announced that it will gift two female elephants to Pakistan. [...] Joyia stated that one of the elephants will be sent to Karachi Zoo and the other to Lahore. He also expressed grief over Noor Jehan’s demise, which was reportedly due to prolonged health issues exacerbated by a lack of care at the zoo. [...] The gift of two elephants from Sri Lanka is a step towards improving the conditions of captive animals in Pakistan’s zoos. The move has been welcomed by animal rights activists who hope that the new elephants will receive better care and treatment.",False,False,True,supports,srilankafactcrescendo
srilankafactcrescendo_172_ret_bn_g14,srilankafactcrescendo_172,Sri Lanka to gift two female elephants to Pakistan !!,Social Media Users,"- In a historic move, the Islamabad High Court has ruled that Kaavan, a Sri Lankan elephant given to Pakistan’s Islamabad Zoo 35 years ago, be relocated to a sanctuary in Cambodia due to the zoo’s poor conditions and the impact on the elephant’s welfare. [...] Born in 1985, Sri Lanka offered Kaavan to Pakistan to strengthen bilateral relations between the two countries. This custom has drawn criticism because it deprives elephants of the right to live freely. [...] Banner image of Kaavan, a Sri Lankan elephant gifted to Pakistan, courtesy of Free Kaavan the Elephant/Facebook.",False,False,True,refutes,srilankafactcrescendo
srilankafactcrescendo_172_ret_bn_g16,srilankafactcrescendo_172,Sri Lanka to gift two female elephants to Pakistan !!,Social Media Users,"Currently in Pakistan there is an elephant named Kaavan. For the past three decades, since he was a baby of between one and two years old, he has been held in conditions not fitting for any being. Considered property, he was a diplomatic gift from the Sri Lankan government to the Pakistan government in 1985. Many people are aware of Kaavan and his story of being tightly chained almost his entire life in deplorable conditions in the Islamabad Zoo. [...] Elephants like the NhRP’s clients Beulah, Karen, Minnie, and the elephant we have been fighting for in Pakistan, Kaavan, are captured from the wild and from their families. Herd members are very often killed in the process of trying to protect the babies. Traumatized babies are shipped from their native habitat to be physically abused and mentally ""broken"" until they submit to a life as a docile ""attraction"" of one sort or another in zoos or circuses, giving tourist rides, kept as status symbols, or owned or rented for religious and cultural festivals. All this is even worse when we consider that elephants are scientifically proven to be one of the most intelligent species on earth; they are highly social and form lifelong bonds, are known to show empathy, are body-aware, and many would argue, self-aware.",False,False,True,insufficient-refutes,srilankafactcrescendo
srilankafactcrescendo_173_ret_bn_g0,srilankafactcrescendo_173,Heroin Samples Found In Yukthiya Operation Are Fake!!,Social Media Users,"Debunking Viral Claims Of Fake Heroin Samples in Yukthiya Operation! [...] The claims circulating on social media, suggesting that the Yukthiya operation is connected to fake heroin samples, are unsubstantiated. The issue of identifying bread floor and paracetamol capsules from heroin samples mentioned in the screenshot predates the Yukthiya operation. The ongoing mission is separate from this issue, and there is no evidence supporting the claim that the drugs seized during Yukthiya are fake. [...] Title:Viral Claims Stating Fake Heroin Samples Found in Sri Lanka's Yukthiya Operation Debunked",False,False,True,refutes,srilankafactcrescendo
srilankafactcrescendo_173_ret_bn_g5,srilankafactcrescendo_173,Heroin Samples Found In Yukthiya Operation Are Fake!!,Social Media Users,"Along with the YUKTHIYA operation, 23 people were arrested in Warakapola area along with Mattakkuliye Kudu Roshan, when they were returning from Nuwara Eliya to Colombo last night. [...] The Yukthiya Operation was implemented today in Palliyawatta and Peliyagoda areas. [...] Serach operations were conducted at Laksandha Sewana housing complex and Sinhapura areas belonging to the Wellampitiya police division under operation Yukthiya.",False,False,True,insufficient-neutral,srilankafactcrescendo
srilankafactcrescendo_174,srilankafactcrescendo_174,Geckos are deadly venomous animals !!,Social Media Users,"The posts which were shared mentioning that the geckos are deadly venomous or poisonous even than snakes are incorrect. They are just innocent, harmless animals. There can be some harm, but it does not occur because of venom or poison. But food contaminated with their faeces is dangerous and can pervade human salmonellosis.",False,True,True,refutes,srilankafactcrescendo
srilankafactcrescendo_174_ret_b0_gn,srilankafactcrescendo_174,Geckos are deadly venomous animals !!,Social Media Users,"Are geckos poisonous or venomous? Geckos are neither venomous nor poisonous. However, the Gila monster (Heloderma suspectum) and other large lizards, such as the Mexican beaded lizard (Heloderma horridum) and Komodo dragon (Varanus komodoensis), are venomous. That said, deaths due to bites from these big venomous lizards are extremely rare—dating back to 1939. [...] Some people think that geckos are dangerous because of the culture they belong to. Depending on their cultural background and upbringing, their superstitions regarding geckos can either be positive or negative. For example, geckos are considered symbols of good luck in Turkey but they are generally thought to be signs of bad omens in India.",False,False,True,refutes,srilankafactcrescendo
srilankafactcrescendo_174_ret_b13_gn,srilankafactcrescendo_174,Geckos are deadly venomous animals !!,Social Media Users,"It explains that the wall gecko is poisonous and that to chase it out of your home, you should crush garlic with salt and put this mixture in the nooks and crannies of your house. This seems to be the source of the meme. But no evidence is provided for the gecko being poisonous. [...] According to Animal Diversity Web, a database run by the University of Michigan in the US, ""geckos are non-venomous and harmless to humans"".",False,False,True,refutes,srilankafactcrescendo
srilankafactcrescendo_174_ret_b6_gn,srilankafactcrescendo_174,Geckos are deadly venomous animals !!,Social Media Users,"One of the most well-known venomous geckos is the Gila monster. This reptile has a powerful toxin in its saliva that can cause intense pain and even death in prey or predators. Other geckos, such as the helmeted gecko, have developed venom that is much milder, but still effective at immobilizing prey. [...] Firstly, it’s important to note that not all geckos are venomous. Some gecko species, like the common house gecko, are completely harmless and non-toxic. However, there are a few species of geckos that are known to be venomous, such as the Gila monster and the beaded lizard. [...] Conservation efforts for venomous gecko species are crucial for preserving these unique animals in their natural habitats. Unlike non-venomous geckos, venomous geckos often face threats from habitat loss, over-harvesting, and feeding on toxic prey. With many venomous gecko species already facing declining populations, it is important to take action to protect these fascinating creatures.",False,False,True,insufficient-contradictory,srilankafactcrescendo
srilankafactcrescendo_174_ret_bn_g1,srilankafactcrescendo_174,Geckos are deadly venomous animals !!,Social Media Users,"So, the Fact Crescendo team decided to do a fact check on the claim that ‘wall geckos are deadly venomous!’ [...] The shared posts mentioned that geckos are deadly poisonous and one can kill a man with less effort. But if it is that much toxic, how their predators prey on them? Typically geckos are prey for some animals. Sometimes more giant gecko species eat much smaller gecko species. Besides, birds, snakes, giant spiders, and sometimes cats and dogs eat geckos. But they neither die nor get any complications with it. Some animals inherited the poisonous skins as a protection tactic from their predators. But it is confirmed that geckos do not have that characteristic, so they were captured by their predators easily. What they have for their survival is their colouration and patterns, which match their habitat. [...] The posts which were shared mentioning that the geckos are deadly venomous or poisonous even than snakes are incorrect. They are just innocent, harmless animals. There can be some harm, but it does not occur because of venom or poison. But food contaminated with their faeces is dangerous and can pervade human salmonellosis.",False,False,True,refutes,srilankafactcrescendo
srilankafactcrescendo_175,srilankafactcrescendo_175,Pencil Packing Work-From-Home Opportunities For Nataraj Pencils!,Social Media Users,"Our investigation revealed that the claim of Natraj Pencil's claim offering work-from-home opportunities for packing pencils is totally false. The company clarified through its website and official YouTube page that it does not engage in such practices, as its production and packaging processes are fully automated.",False,True,True,refutes,srilankafactcrescendo
srilankafactcrescendo_175_ret_b13_g5,srilankafactcrescendo_175,Pencil Packing Work-From-Home Opportunities For Nataraj Pencils!,Social Media Users,"Looking for a way to earn from home? Consider the Natraj Pencil Packing Job opportunity. As part of this role, you’ll receive all the necessary materials to get started. Joining the Natraj Pencil Packing Job Work From Home team not only connects you with a respected organization but also provides valuable packaging industry experience. Contribute to Natraj’s mission of delivering quality stationery products worldwide while enjoying the flexibility of working remotely. [...] Embark on a journey of flexibility and opportunity with the Natraj Pencil Packing Work From Home job. This unique platform caters to individuals seeking a flexible work arrangement, offering a chance to join Natraj’s esteemed packaging team. Your role will involve meticulously packaging each pencil, ensuring they are ready for delivery to valued customers. [...] Natraj Pencil Packing Job Work From Home role, your primary responsibility is to carefully and efficiently pack Natraj pencils into appropriate packaging materials. This involves inspecting pencils for defects, ensuring they’re in top condition, and neatly arranging them in designated packaging. Attention to detail is key to maintaining product quality and presentation. Additionally, following Natraj’s packaging guidelines and meeting production targets are essential. As a remote worker, you’ll create a conducive workspace, manage your time effectively, and coordinate with the company for a smooth workflow.",False,False,True,supports,srilankafactcrescendo
srilankafactcrescendo_175_ret_b15_gn,srilankafactcrescendo_175,Pencil Packing Work-From-Home Opportunities For Nataraj Pencils!,Social Media Users,"Key Takeaways on the Truth about the Viral Natraj Pencil Packing Job Scam - Social media posts and websites falsely claimed Natraj Pencils offers work from home pencil packing jobs paying Rs. 25,000-30,000 monthly. [...] This thorough investigation and statements from the real company confirm that the sensational Natraj pencil packing work from home job offer is 100% fake and a scam. One must refrain from such dubious opportunities with promises that seem too good to be true. Stay cautious and verify all claims, don’t get conned by job scams on social media! [...] Yes, Natraj Pencil Packing Work From Home Job is Fake. Natraj Pencils has officially clarified that they do not offer any such work from home jobs for packing pencils and they have not even authorized any person to collect any payment/cash deposit from any individual as a pre-formality for giving such packing work from home.",False,False,True,refutes,srilankafactcrescendo
srilankafactcrescendo_175_ret_b1_g1,srilankafactcrescendo_175,Pencil Packing Work-From-Home Opportunities For Nataraj Pencils!,Social Media Users,"The Natraj Pencil Packing Work From Home job provides an excellent platform for individuals seeking a flexible work arrangement. This opportunity allows you to be part of Natraj’s packaging team, responsible for ensuring that each pencil is carefully and efficiently packaged before reaching customers. Whether you are a student, a homemaker, or someone looking for additional income, this work-from-home job can cater to your needs. [...] The main task in the Natraj Pencil Packing Job Work From Home job is to carefully and efficiently pack Natraj pencils into appropriate packaging materials. This involves inspecting the pencils for any defects, ensuring they are in good condition, and arranging them neatly in the designated packaging. Attention to detail is crucial to maintain the quality and presentation of the final product. Additionally, adhering to the packaging guidelines provided by Natraj and meeting production targets are essential aspects of the job. In a work-from-home position, individuals are responsible for creating a conducive workspace, managing their time effectively, and coordinating with the company to ensure a smooth workflow. [...] - Natraj Pencil Packing Work from Home provides a supportive and collaborative work environment, where you will work closely with other team members to ensure smooth production flow.",False,False,True,supports,srilankafactcrescendo
srilankafactcrescendo_175_ret_b2_gn,srilankafactcrescendo_175,Pencil Packing Work-From-Home Opportunities For Nataraj Pencils!,Social Media Users,"Natraj Pencil packing job Work from Home | Natraj packing job [...] To apply for the Natraj Pencil packing job from home, visit the company’s website or contact their designated recruitment channel. The application process typically involves submitting an online form or completing a brief interview. [...] The Natraj Pencil packing job from home is an excellent opportunity for individuals seeking a flexible and rewarding work arrangement. With no prior experience required, this job is open to anyone with basic dexterity, attention to detail, and the ability to work independently. Embrace the convenience of working from home and start earning an income while enjoying a balanced lifestyle.",False,False,True,insufficient-supports,srilankafactcrescendo
srilankafactcrescendo_177,srilankafactcrescendo_177,Tamil Recently Introduced As The Language Of Courts And Administration In North & East in Sri Lanka !!,Social Media Users,"Contrary to recent claims, there has been no recent decision by the Sri Lankan government to change the language of administration and courts in the Northern and Eastern provinces. The constitutional provisions amended in 1987 and 88, related to the official languages in Sri Lanka, have been in place for decades.",False,True,True,refutes,srilankafactcrescendo
srilankafactcrescendo_177_ret_b1_gn,srilankafactcrescendo_177,Tamil Recently Introduced As The Language Of Courts And Administration In North & East in Sri Lanka !!,Social Media Users,"Let me take a moment to briefly reflect upon the policy formworks that have impacted the language situation in the country. In 1966, ten years after the passage of the Sinhala Only Bill, the use of Tamil as the language of administration in Northern and Eastern provinces was begun after the implementation of the provisions of Tamil Language (Special Provisions) Act No. 28 (1958) mostly due to pressure from Tamil political parties. In 1987, through the 13th amendment to the Constitution Tamil was also decreed an Official Language of the state and the legal basis for parity between Sinhala and Tamil was clearly established by law. In addition, both languages were also defined as ‘national languages’ while recognizing English as the ‘link language.’ Section 21 of the Constitution under the 16th Amendment offers extensive provisions and rights for the language of administration to be available in both Sinhala and Tamil. In addition, Section 23 of the same amendment provides that the language of legislation will be Sinhala and Tamil while a translation of these legislative enactments and laws must be available in English. Further, Section 24 of the same amendment provides that the languages of the courts in the country will be Sinhala and Tamil.",False,False,True,insufficient-neutral,srilankafactcrescendo
srilankafactcrescendo_178,srilankafactcrescendo_178,Any form of vaccination after COVID19 vaccination can be life threatening,Social Media Users,"From our investigation, it is clear that while there is no scientific basis in the viral claim, anesthesiologists have advised to wait for few days after getting vaccinated, in case of non-emergency surgeries.",False,True,True,refutes,srilankafactcrescendo
srilankafactcrescendo_178_ret_b11_gn,srilankafactcrescendo_178,Any form of vaccination after COVID19 vaccination can be life threatening,Social Media Users,"COVID-19 vaccines are safe, and getting vaccinated will help protect you against developing severe COVID-19 disease and dying from COVID-19. You may experience some mild side effects after getting vaccinated, which are signs that your body is building protection. [...] Like any vaccine, COVID-19 vaccines can cause side effects, most of which are mild or moderate and go away within a few days on their own. As shown in the results of clinical trials, more serious or long-lasting side effects are possible. Vaccines are continually monitored to detect adverse events. [...] After vaccination, it usually takes a few weeks for the body to build immunity against SARS-CoV-2, the virus that causes COVID-19. So it’s possible a person could be infected with SARS-CoV-2 just before or after vaccination and still get sick with",False,False,True,refutes,srilankafactcrescendo
srilankafactcrescendo_178_ret_bn_g0,srilankafactcrescendo_178,Any form of vaccination after COVID19 vaccination can be life threatening,Social Media Users,"Key Points - Anaphylaxis, an acute and potentially life-threatening allergic reaction, has been reported rarely following COVID-19 vaccination. [...] Anaphylaxis, an acute and potentially life-threatening allergic reaction, has been reported rarely following COVID-19 vaccination. These interim considerations provide recommendations on assessment and potential management of anaphylaxis following COVID-19 vaccination. Detailed information on CDC recommendations for vaccination, including contraindications and precautions to vaccination, can be found in the Interim Clinical Considerations for Use of COVID-19 Vaccines in the United States. Patients should be screened prior to receipt of each vaccine dose, and those with a contraindication should not be vaccinated. Resources from Immunize.org are available to help providers determine if a contraindication or precaution exists for all routinely recommended vaccines for adults and children and teens, including COVID-19 vaccines. [...] Anyone can report any adverse events, including anaphylaxis, that occur in a recipient following COVID-19 vaccination, to the Vaccine Adverse Event Reporting System (VAERS). Reporting is encouraged for any clinically significant adverse event, even if it is uncertain whether the vaccine caused the event. For detailed reporting requirements for VAERS, please see Clinical Guidance for COVID-19 Vaccination | CDC. Refer to the VAERS website or call 1-800-822-7967 for more information on how to submit a report to VAERS.",False,False,True,insufficient-supports,srilankafactcrescendo
srilankafactcrescendo_178_ret_bn_g10,srilankafactcrescendo_178,Any form of vaccination after COVID19 vaccination can be life threatening,Social Media Users,"Following implementation of vaccination, cases of anaphylaxis after administration of the Pfizer-BioNTech and Moderna vaccines began to be reported.3,4 Anaphylaxis is a life-threatening allergic reaction that can occur after vaccination, with onset typically within minutes to hours.5 The initial estimated reporting rates for anaphylaxis in the US were 11.1 cases per million doses administered of the Pfizer-BioNTech vaccine (December 14-23, 2020) and 2.5 cases per million doses administered of the Moderna vaccine (December 21, 2020-January 10, 2021).3,4 Since these early estimates were generated, millions more doses of both vaccines have been administered and safety monitoring has detected additional cases of anaphylaxis. This analysis updates the reporting rates of anaphylaxis in individuals following receipt of either the Pfizer-BioNTech or Moderna vaccine. [...] Continued safety monitoring of mRNA COVID-19 vaccines in the US has confirmed that anaphylaxis following vaccination is a rare event, with rates of 4.7 cases/million Pfizer-BioNTech vaccine doses administered and 2.5 cases/million Moderna vaccine doses administered, based on information through January 18, 2021. When considered in the context of morbidity and mortality from COVID-19,9 the benefits of vaccination far outweigh the risk of anaphylaxis, which is treatable. Because of the acute, life-threatening nature of anaphylaxis, immediate epinephrine administration is indicated for all cases. CDC guidance on use of mRNA COVID-19 vaccines8 and management of anaphylaxis is available.10 All facilities administering COVID-19 vaccines should have the necessary supplies and trained medical personnel available to manage anaphylaxis. [...] N. Allergic reactions including anaphylaxis after receipt of the first dose of Pfizer-BioNTech COVID-19 vaccine.",False,False,True,insufficient-neutral,srilankafactcrescendo
srilankafactcrescendo_178_ret_bn_g9,srilankafactcrescendo_178,Any form of vaccination after COVID19 vaccination can be life threatening,Social Media Users,"Recurrent Kounis syndrome – a life-threatening event after COVID-19 vaccine administration [...] We report the case of a man who presented to the emergency department with typical angina that started 20 minutes after coronavirus disease 2019 (COVID-19) vaccine administration. Electrocardiogram showed inferior ST-elevation myocardial infarction, and coronary angiography confirmed right coronary artery stent thrombosis. Five months before, he had an acute coronary syndrome after influenza vaccine administration. Both vaccines share a common excipient, polysorbate 80. Considering the reproducibility of the reaction and the temporal association between vaccine administration and coronary events, a hypersensitivity reaction to polysorbate 80 was admitted and the patient was instructed to further avoid drugs containing it. To our knowledge, this constitutes the first reported case of type 3 Kounis syndrome after COVID-19 vaccine administration. Kounis syndrome is an uncommon disease, often undiagnosed. Its recognition and proper management are crucial to prevent future events.",False,False,True,insufficient-supports,srilankafactcrescendo
srilankafactcrescendo_179,srilankafactcrescendo_179,Fact Check: German Village Shaped Like A Human Fingerprint ? Find Out The Truth..,Social Media User,"From our investigation, it is clear that the image claimed to be an aerial image of a German city resembling a human fingerprint is neither a real photograph nor an accurate visual depiction of a real village in Germany. The image is a digital creation by an artist called Jacob Eisinger, which featured in the MODUS magazine cover in February 2015.",False,True,True,refutes,srilankafactcrescendo
srilankafactcrescendo_179_ret_b8_gn,srilankafactcrescendo_179,Fact Check: German Village Shaped Like A Human Fingerprint ? Find Out The Truth..,Social Media User,(KGTV) - Does a village in Germany resemble a fingerprint when photographed from above?,False,False,True,insufficient-neutral,srilankafactcrescendo
srilankafactcrescendo_179_ret_bn_g5,srilankafactcrescendo_179,Fact Check: German Village Shaped Like A Human Fingerprint ? Find Out The Truth..,Social Media User,"Fact Check: No, this is not a fingerprint shaped village in Germany [...] An image that looks like an aerial image of a fingerprint shaped village surrounded by greenery is being shared on social media. It is being claimed that this a village in Germany. [...] Facebook page The Reflection posted the image with the caption: Germany village (Erbil) shaped like a fingerprint",False,False,True,refutes,srilankafactcrescendo
srilankafactcrescendo_18,srilankafactcrescendo_18,Sri Lanka Has the Largest Number of Ministers and Highest Taxes,Social Media Users,"Both claims are misleading. Sri Lanka does not have the highest tax rates in the world, and it does not have the largest number of ministers. Many countries in Europe and Asia have higher tax burdens, and several other nations maintain larger cabinets.",False,True,True,refutes,srilankafactcrescendo
srilankafactcrescendo_18_ret_b1_gn,srilankafactcrescendo_18,Sri Lanka Has the Largest Number of Ministers and Highest Taxes,Social Media Users,List of ministries of Sri Lanka The parliament of the Sri Lanka has set of ministers. They are categorized either as the ministers of cabinet and non cabinet. According to the 19th amendment the number of cabinet ministers is limited to 28.,False,False,True,insufficient-neutral,srilankafactcrescendo
srilankafactcrescendo_18_ret_bn_g0,srilankafactcrescendo_18,Sri Lanka Has the Largest Number of Ministers and Highest Taxes,Social Media Users,"Fact Check: Are Sri Lanka’s Taxes the Highest in the World, and Does It Have the Most Ministers? [...] Recently, social media posts have been spreading claims that Sri Lanka has the highest tax burden globally and the largest number of ministers. [...] Both claims are misleading. Sri Lanka does not have the highest tax rates in the world, and it does not have the largest number of ministers. Many countries in Europe and Asia have higher tax burdens, and several other nations maintain larger cabinets.",False,False,True,refutes,srilankafactcrescendo
srilankafactcrescendo_18_ret_bn_g5,srilankafactcrescendo_18,Sri Lanka Has the Largest Number of Ministers and Highest Taxes,Social Media Users,"Sri Lanka now proudly meets the highest level of achievement of taxation for cigarettes, with taxes reaching 77% of the price of the most sold brand. In line with best-practices in the WHO Tobacco Taxation manual, Sri Lanka primarily relies on a specific excise tax, meaning a tax levied on selected products based on quantity, such as number of cigarettes or weight of tobacco.",False,False,True,insufficient-supports,srilankafactcrescendo
srilankafactcrescendo_181,srilankafactcrescendo_181,Vegan Leather Is not Sustainable!!,Social Media Users,"In the realm of carbon footprints, the average passenger vehicle emits about 400 grams of CO2 per mile. It's important to note that while veganism aligns with ethical and environmental concerns, being vegan does not equate to being 100% environmentally friendly. Veganism primarily addresses animal exploitation while also contributing to the broader sustainability discourse.",False,True,True,insufficient-neutral,srilankafactcrescendo
srilankafactcrescendo_181_ret_b7_g12,srilankafactcrescendo_181,Vegan Leather Is not Sustainable!!,Social Media Users,"Sustainable Vegan Leather Properties & Considerations 1. What Is Vegan Leather & What Is Vegan Leather Made Of? [...] The way we approach the question, ""Is vegan leather sustainable?"", is to look at all of the ways regular leather is not. [...] Beyond that, however, the matter of how sustainable is vegan leather is determined by what it’s made of.",False,False,True,insufficient-neutral,srilankafactcrescendo
srilankafactcrescendo_181_ret_bn_g4,srilankafactcrescendo_181,Vegan Leather Is not Sustainable!!,Social Media Users,"Leather vs Vegan Leather: What’s ACTUALLY More Sustainable? [...] Vegan leather and sustainability [...] Sustainability cons of vegan leather - Its production also tends to be chemical-heavy. PVC, in particular, is extremely polluting and releases hazardous dioxins. PU is the lesser of the two evils, but still derived from fossil fuels - Not biodegradable or, with natural options, only partly. Because vegan leather releases phthalates and toxic particles when decomposing, it can affect the environment and even the health of animals - It tends to be less durable than real leather, so it leads to additional waste when you replace it",False,False,True,supports,srilankafactcrescendo
srilankafactcrescendo_181_ret_bn_g6,srilankafactcrescendo_181,Vegan Leather Is not Sustainable!!,Social Media Users,"Veganism and using fewer animal products, whether in food or in fashion, is often touted as a sustainable solution. However, some industry experts and environmentalists argue that leather is a difficult material to find a high-quality sustainable dupe for. Though consuming less meat and dairy and having a more plant-focused diet has been proven to be better for the environment, consumers can be misled to assume that all things vegan, including pleather, are sustainable. Most mainstream vegan leathers are largely made from polyurethane leather (PU leather) which is not sustainable or even biodegradable. Tanja Hester, environmental activist, writer, and the author of Wallet Activism says that the idea of ""vegan leather"" is just greenwashing. ""It’s truly just plastic, which is rarely recycled and in vegan leather form it’s impossible to recycle—there’s essentially no sustainable vegan leather,"" she says.",False,False,True,supports,srilankafactcrescendo
srilankafactcrescendo_183,srilankafactcrescendo_183,Footage Of Matheesha Getting Blessings From Dhoni !,Social Media Users,"Our investigation confirms that the assertions of Sri Lankan cricketer Matheesha Pathirana taking blessings from Mahendra Singh Dhoni during a cricket match in the ongoing Indian Premier League are inaccurate. The footage depicts Pathirana simply picking up the marker used by bowlers to measure their distance, which happened to be near Dhoni's feet at that particular time.",False,True,True,refutes,srilankafactcrescendo
srilankafactcrescendo_183_ret_bn_g0,srilankafactcrescendo_183,Footage Of Matheesha Getting Blessings From Dhoni !,Social Media Users,"Sri Lankan cricketer Matheesha Pathirana, who has earned a significant fan base in India due to his impressive performances in the IPL, found himself at the centre of attention when a video surfaced, allegedly showing him receiving blessings from Indian cricketing legend Mahendra Singh Dhoni before his bowling spell. This claim, which quickly went viral, has sparked a wave of curiosity among cricket enthusiasts. Let’s delve into the details of this viral video claim. [...] However, upon keyword searches, we came across a few other videos of the same situation from different angles that clearly depicted what really happened. In this instance, Matheesha is bending down to pick up his bowling mark. Dhoni was standing next to this marker, which suggested that Matheesha was taking blessings from MSD. You can view it from this link. [...] Our investigation confirms that the assertions of Sri Lankan cricketer Matheesha Pathirana taking blessings from Mahendra Singh Dhoni during a cricket match in the ongoing Indian Premier League are inaccurate. The footage depicts Pathirana simply picking up the marker used by bowlers to measure their distance, which happened to be near Dhoni's feet at that particular time.",False,False,True,refutes,srilankafactcrescendo
srilankafactcrescendo_183_ret_bn_g14,srilankafactcrescendo_183,Footage Of Matheesha Getting Blessings From Dhoni !,Social Media Users,"Watch: Matheesha Pathirana touched MS Dhoni's feet? Truth exposed in fresh video [...] Those who thought that Matheesha Pathirana was seeking blessings from former Chennai Super Kings captain MS Dhoni were absolutely wrong. A video from CSK’s 2nd league stage win against Gujarat Titans 3 days ago in Chepauk, showed Pathirana touching the feet of Dhoni to get his blessings before going on to bowl his over. But a new angle of the video from the higher stands of the MA Chidambaram stadium has come out and it has clarified everything. In the previous video which was shot from the side angle, Matheesha Pathirana was seen bowing down to MS Dhoni during a drinks break. That was being circulated all over social media platforms with a caption that Pathirana was seeking blessings from MSD so that he could bowl well in the next over. However, the latest angle is giving away a different message altogether.",False,False,True,refutes,srilankafactcrescendo
srilankafactcrescendo_183_ret_bn_g3,srilankafactcrescendo_183,Footage Of Matheesha Getting Blessings From Dhoni !,Social Media Users,"Fact Check: Matheesha Pathirana Touches MS Dhoni’s Feet Before Bowling [...] New Delhi: Matheesha Pathirana was making headlines when a photo and video got viral claiming that the young Sri Lanka pacer was taking blessings from skipper MS Dhoni by touching down his feet before bowling his over. [...] To people who thought Pathirana was taking blessings from Thala 😂😂 pic.twitter.com/BKfQdPVx03 — 🎰 (@StanMSD) March 29, 2024",False,False,True,insufficient-refutes,srilankafactcrescendo
srilankafactcrescendo_183_ret_bn_g5,srilankafactcrescendo_183,Footage Of Matheesha Getting Blessings From Dhoni !,Social Media Users,"A video went viral of Chennai Super Kings pacer Matheesha Pathirana which several netizens mistook for him touching MS Dhoni's feet in the IPL 2024 clash against the Gujarat Titans before bowling to seek his blessings. However, a different angle of the video emerged, which showed that the right-arm pacer was only adjusting his bowling guard. [...] In the latest video that has gone viral on social media, Pathirana could clearly be seen not touching Dhoni's feet. Pathirana, meanwhile, bowled a tidy spell against the Titans, taking figures of 4-0-29-1, dismissing B Sai Sudharsan for 37.",False,False,True,insufficient-refutes,srilankafactcrescendo
srilankafactcrescendo_184,srilankafactcrescendo_184,Additional 15% Tax Introduced On Women’s Sanitary Napkins?,Social Media Users,"Our investigation reveals that the 2021 budget proposal had suggested changing the existing 30% import tax to 15% import tax and 15% CESS respectively applicable to women’s sanitary napkins. Advocate Institute has pointed out that there would be a slight increase of 1.6% in total tax calculation because of the proposed system. However, local manufacturers who make up more than 90% of market share, assure that prices of locally manufactured brands would remain the same, as these proposed tax changes would not affect them.",False,True,True,refutes,srilankafactcrescendo
srilankafactcrescendo_184_ret_b0_gn,srilankafactcrescendo_184,Additional 15% Tax Introduced On Women’s Sanitary Napkins?,Social Media Users,"Meanwhile, a number of posts have been circulating on social media and mainstream media during last week of November stating that an additional 15% tax on sanitary napkins was introduced in the 2021 budget proposal. Our investigation revealed that these misleading posts were prompted by the new budget proposal to change the existing 30% import tax to 15% import tax and 15% CESS respectively. A Facebook account named Amanda Abeysooriya posted: ""15% tax on sanitary napkins # Budget2021"". [...] We consulted the media secretary of State Minister of Money & Capital Market and State Enterprise Reforms, Ajith Nivard Cabraal, who stated that the claims on new budget proposal suggesting a new 15% tax on women’s sanitary napkins, is totally misleading.",False,False,True,refutes,srilankafactcrescendo
srilankafactcrescendo_184_ret_b16_gn,srilankafactcrescendo_184,Additional 15% Tax Introduced On Women’s Sanitary Napkins?,Social Media Users,"Bill to remove 15% sanitary pad tax introduced - Sosu presents draft law to Parliament A private member’s bill proposing an amendment to remove the 15 per cent Value Added Tax (VAT) on menstrual hygiene products has been introduced to Parliament. [...] ""Imposing taxes on sanitation pads which is as a result of their menstrual cycle which is a natural phenomenon is unfair, discriminatory and violates both national law (Article 17 of the 1992 Constitution) and various international laws and treaties such as Article 2 of the African Charter on Human and Peoples’ Rights, Articles 24(1) and 26 of the International Covenant on Civil and Political Rights (ICCPR), the Convention on Rights of Children, and the Convention on the Elimination of All forms of Discrimination against Women, among others,"" Mr Sosu said.",False,False,True,refutes,srilankafactcrescendo
srilankafactcrescendo_184_ret_b7_gn,srilankafactcrescendo_184,Additional 15% Tax Introduced On Women’s Sanitary Napkins?,Social Media Users,"After the UK joined the Common Market in 1973, a 17.5% Value Added Tax (VAT) was introduced on sanitary products. In 2000, after lobbying by Labour MP Dawn Primarolo the tax was reduced to 5%. She explained the reduction was ""about fairness, and doing what we can to lower the cost of a necessity"". [...] David Cameron was asked about sanitary taxation by a student at the University of East Anglia. He answered: ""This is a long-standing campaign. I have had a look at it in the past. It's quite difficult."" [...] Elsewhere in the EU, Slovakia is an example of where tax is paid on sanitary products at the basic goods rate of 20%. Slovakian director Diana Fabianova who made the film The Moon Inside You, external, said: ""There are no plans to change the law. When the sexual revolution and feminism was happening in the West, we had a communist regime. And you can still feel that we skipped these important changes. There is no interest from political sides to stand up for these issues.""",False,False,True,insufficient-refutes,srilankafactcrescendo
srilankafactcrescendo_184_ret_bn_g4,srilankafactcrescendo_184,Additional 15% Tax Introduced On Women’s Sanitary Napkins?,Social Media Users,"South Africa is one of the latest countries to get rid of taxes on sanitary products. Starting in April 2019, the 15% tax will no longer have to be paid. In addition, free sanitary pads will be available in public schools. For some women, the added tax made it extremely difficult for them to buy these necessary products.",False,False,True,refutes,srilankafactcrescendo
srilankafactcrescendo_185,srilankafactcrescendo_185,Pressing The “Cancel” Button Twice To Prevent ATM Thefts !!,Social Media Users,"According to our investigation, we found out that pressing the ""CANCEL"" button two times before entering a credit/debit card does NOT prevent ATM thefts from happening. So, the viral social media claims are false and misleading.",False,True,True,refutes,srilankafactcrescendo
srilankafactcrescendo_185_ret_b8_gn,srilankafactcrescendo_185,Pressing The “Cancel” Button Twice To Prevent ATM Thefts !!,Social Media Users,"Does pressing ""cancel"" twice on ATM stop PIN from being stolen? Fact Check [...] While it is true that various scams could potentially affect customers while at the ATM machine, we can’t find any examples where pressing the cancel button twice on the keypad would prevent any such scams. As such we rank the message false. [...] As such, pressing the cancel button twice isn’t likely to prevent any sort of ATM scam. Experts advise ATM users to inspect a machine carefully and make sure both the keypad and card slot are flush with the machine and are not loose. Always look to see if you can see any recording devices pointing at the keypad, or people trying to look over your shoulder. If anything appears suspicious, do not use the ATM. And certainly don’t rely on pressing the cancel button twice to prevent any type of scam.",False,False,True,refutes,srilankafactcrescendo
srilankafactcrescendo_185_ret_bn_g3,srilankafactcrescendo_185,Pressing The “Cancel” Button Twice To Prevent ATM Thefts !!,Social Media Users,"Pressing the ""CANCEL"" Button Twice Will NOT Prevent ATM thefts? Find Out the Facts... [...] Cyber Security expert Asela Waidyalankara also stated that such a method of pressing the ""CANCEL"" button twice is not a way to ensure that ATM thefts would not happen. People are also advised not to write their ATM PINs on paper or cards. [...] According to our investigation, we found out that pressing the ""CANCEL"" button two times before entering a credit/debit card does NOT prevent ATM thefts from happening. So, the viral social media claims are false and misleading.",False,False,True,refutes,srilankafactcrescendo
srilankafactcrescendo_185_ret_bn_g6,srilankafactcrescendo_185,Pressing The “Cancel” Button Twice To Prevent ATM Thefts !!,Social Media Users,"FACT CHECK: No, pressing 'cancel' twice at an ATM does not protect against fraud | ABS-CBN News FACT CHECK: No, pressing 'cancel' twice at an ATM does not protect against fraud",False,False,True,refutes,srilankafactcrescendo
srilankafactcrescendo_19,srilankafactcrescendo_19,A Recent Incident: Mob Destroying President Wickremesinghe`s Banner !!,Social Media Users,"The viral video claiming that a banner of President Ranil Wickremesinghe was recently destroyed in relation to the upcoming election is misleading. The event shown in the video is most likely from 2022 during the ""Aragalaya"" protests, and no such recent incident has been reported in the Tangalle or Walasmulla areas. As per our analysis, the location is near the Thangalle bus stand and clock tower.",False,True,True,refutes,srilankafactcrescendo
srilankafactcrescendo_19_ret_b13_gn,srilankafactcrescendo_19,A Recent Incident: Mob Destroying President Wickremesinghe`s Banner !!,Social Media Users,"Six-time Sri Lanka’s prime minister, President Ranil Wickremesinghe had long aspired to the pinnacle of power, enduring setback after setback but always managing to recover from seemingly impossible defeats. [...] Wickremesinghe is a divisive figure, unpopular among Sri Lankans fed up with shortages of food, fuel, and medicine. Last week, protesters burned his private residence to the ground. [...] Wickremesinghe tends to keep his private life under wraps. He is married to Maitree Wickremesinghe, a professor and expert on gender and women’s studies.",False,False,True,insufficient-neutral,srilankafactcrescendo
srilankafactcrescendo_19_ret_b15_gn,srilankafactcrescendo_19,A Recent Incident: Mob Destroying President Wickremesinghe`s Banner !!,Social Media Users,"Three more persons have been arrested for allegedly torching Sri Lankan President Ranil Wickremesinghe's private residence during last month's massive anti-government protests, taking the total number of arrests to seven, according to a media report on Tuesday. [...] On July 9, in remarkable scenes of a country in meltdown, anti-government protesters set Mr. Wickremesinghe’s private residence at Cambridge Place on fire. Mr. Wickremesinghe said much of the contents in his private residence were not salvageable, with extensive destruction to his 125-year-old piano and more than 4,000 books gutted.",False,False,True,insufficient-supports,srilankafactcrescendo
srilankafactcrescendo_19_ret_bn_g0,srilankafactcrescendo_19,A Recent Incident: Mob Destroying President Wickremesinghe`s Banner !!,Social Media Users,"A video circulating on social media shows a group of people destroying a banner featuring President Ranil Wickremesinghe in broad daylight. Many users claim this is a recent incident related to the upcoming presidential election. We conducted a thorough fact-check to verify the authenticity of the claim. [...] K. Kotagala, a provincial newspaper reporter from Walasmulla, confirmed that no recent incident involving the destruction of a Wickremesinghe banner had occurred in the area. He suggested that this might be an older event. [...] The viral video claiming that a banner of President Ranil Wickremesinghe was recently destroyed in relation to the upcoming election is misleading. The event shown in the video is most likely from 2022 during the ""Aragalaya"" protests, and no such recent incident has been reported in the Tangalle or Walasmulla areas. As per our analysis, the location is near the Thangalle bus stand and clock tower.",False,False,True,refutes,srilankafactcrescendo
srilankafactcrescendo_19_ret_bn_g5,srilankafactcrescendo_19,A Recent Incident: Mob Destroying President Wickremesinghe`s Banner !!,Social Media Users,"For Sri Lankans hankering for political change, such a clearly status quo move came as a disappointment. The protesters announced that their agitation will continue, a move that risks more unrest as Wickremesinghe has signaled a willingness to use force to maintain public order. [...] In recent weeks, demonstrators stormed and occupied the homes and offices of the president and the prime minister, demanding their resignations. Wickremesinghe had offered to step aside but ultimately did not. His private home was destroyed when a mob set it on fire earlier in July. [...] Wickremesinghe denounced the protesters, calling them ""fascists"" for clashing with security forces on the streets of Colombo.",False,False,True,insufficient-neutral,srilankafactcrescendo
srilankafactcrescendo_2,srilankafactcrescendo_2,Maggi Noodles in Unhealthy !!,Social Media Users,"The arguments supporting the health risks of instant noodles are based on valid research, particularly regarding metabolic syndrome, sodium and MSG levels, and preservatives like TBHQ. However, these risks are often exaggerated, especially when consumption is moderate. Additionally, evolving packaging technologies and regulatory guidelines help mitigate concerns like BPA exposure and MSG safety. The key takeaway from both perspectives is that balance and moderation are crucial to minimizing potential health risks while allowing for the occasional indulgence in instant noodles.",False,True,True,insufficient-neutral,srilankafactcrescendo
srilankafactcrescendo_2_ret_b15_gn,srilankafactcrescendo_2,Maggi Noodles in Unhealthy !!,Social Media Users,"High salt content in Maggi is unhealthy. High salt consumption causes hypertension and heart disease. Eating high-sodium meals consistently is thought to raise the risk of major health problems. Salt usage is unhealthy, as shown by Maggi sodium criticism. While vital, too much sodium may disturb the body's delicate equilibrium. Hypertension and excessive sodium levels are connected. Hypertension uncontrolled may cause stroke and heart disease. Thus, Maggi's salt content is a health problem, not simply a taste one. Moderation is necessary since high-sodium foods like Maggi increase cardiovascular risk. Salt's health effects stress the necessity of nutrition. Maggi's convenience and taste make it popular, but watch salt consumption. A balanced diet and avoiding sodium-related health risks need this knowledge. [...] Maggi may replace healthier meals because to its convenience of preparation. This may lead to unhealthy eating habits because individuals overlook a balanced diet. Maggi appeals to fast-food eaters because to its ease of preparation. Maggi's convenience may make consumers rely on instant noodles for their primary meal. Maggi may substitute healthier meals due of its ease. Frequently replacing Maggi with healthier meals may cause bad eating habits. Instant noodles may fulfill cravings and time constraints but lack health benefits. Too much Maggi may deplete vitamins, minerals, and proteins, causing a nutritional imbalance.",False,False,True,supports,srilankafactcrescendo
srilankafactcrescendo_2_ret_b19_gn,srilankafactcrescendo_2,Maggi Noodles in Unhealthy !!,Social Media Users,"Maggi noodles can be dangerous for your health because of MSG and lead. It is important to choose healthier foods and avoid eating too much Maggi. [...] Maggi noodles can be harmful to your health because preservatives are added to them. It is important to choose healthy foods and avoid eating too much Maggi. [...] Maggi noodles contain trans fat, which is harmful to your health. It is important to choose healthy options and avoid eating too much Maggi.",False,False,True,supports,srilankafactcrescendo
srilankafactcrescendo_2_ret_b7_gn,srilankafactcrescendo_2,Maggi Noodles in Unhealthy !!,Social Media Users,"Maggi is a slow poison that harms all individuals' health, luring them through its tasty nature. But, taste goes secondary to health, doesn't it? Of course, yes, but why not know all the downsides before questioning the Maggi you love! So, given below are the cons of eating Maggi: [...] One of the main health drawbacks of eating Maggi quite usually in the female sector is the undergoing of weaker metabolic processes, which makes you less energetic. Hence, it may reduce their activity power by a considerable amount. This results in a weaker body, making women feel ill and lazy in the long run. [...] The composition of one of the unhealthiest fat, trans fats, makes Maggi unhealthy for all the people who ingest Maggi weekly. Furthermore, trans fats require even longer than saturated fatty acids to break down in the system. Furthermore, trans fats raise blood cholesterol levels while decreasing the benefits of healthy fats. Increased trans-fat intake could lead to obesity, heart disease, and dietary deficits. Being put to use excessively, trans fats are used just to reduce the in-house cost of production, aiming at incurring higher profits for the corporation, at the stake of the health of the Maggi lovers!",False,False,True,supports,srilankafactcrescendo
srilankafactcrescendo_2_ret_bn_g17,srilankafactcrescendo_2,Maggi Noodles in Unhealthy !!,Social Media Users,"Nestle 'unhealthy' food controversy: Looking back at the Maggi Noodles crisis in India The Maggi Noodles crisis in 2015 emerged as one of the biggest public relation hurdles for Nestle India, which came under fire after laboratory tests found the popular two-minute instant noodles were unsafe and hazardous for human consumption. [...] It was in 2014 when food safety regulators from the Barabanki district of Uttar Pradesh reported that samples of Maggi Noodles had high levels of monosodium glutamate (MSG) apart from high lead content above the permissible level. At the time, the labelling on packets of Maggi Noodles indicated that it had no added MSG.",False,False,True,insufficient-supports,srilankafactcrescendo
srilankafactcrescendo_20,srilankafactcrescendo_20,Marian Members Rosa and Subhash got Death Threats !!- Nalin Perera,Social Media Users,"The claim that Marians members Subash and Rosa received death threats due to their political stances is lack of evidences.Both Dasatha News and the management of Nalin Perera have denied the authenticity of the viral posts. The social media post appears to be an attempt to spread misinformation, possibly fueled by political differences.",False,True,True,refutes,srilankafactcrescendo
srilankafactcrescendo_20_ret_b11_gn,srilankafactcrescendo_20,Marian Members Rosa and Subhash got Death Threats !!- Nalin Perera,Social Media Users,"Marians led by singer, musician Nalin Perera, celebrated their 35th anniversary in the showbiz scene with a grand anniversary gig recently. Band Marians started its musical journey under the leadership of Nalin Perera in 1988 and now has marked it’s acme in the music industry of Sri Lanka winning the hearts of millions both locally and globally. [...] Nalin Perera had a strong need to change the quality of music and he always wanted to deliver new creations to his audiences. This brings ‘Marians Unplugged’ to the world, a musically rich concert bringing out the best of the talents of all the band members which became a sold-out concert with the first concert itself. The Sri Lankan audience eagerly embraced this new concept and Marians received invitations from organizers from all over the country to conduct more ‘Marians Unplugged’ concerts in the country. This new concept helped the band reach out to a niche audience who specifically appreciated and enjoyed high quality. [...] ‘Marians’ current lineup comprises of Nalin Perera – Founder/Leader and the lead vocals, Prasanna Rosa on lead guitar, Ruwan Fernando on guitar, Jayantha Kandabadage on percussions, Chaminda Silva on Bass, Subash Punyasoma on Drums, Dileepa Mangala on keyboards and Shivantha Fernando on vocals.",False,False,True,insufficient-neutral,srilankafactcrescendo
srilankafactcrescendo_20_ret_b3_gn,srilankafactcrescendo_20,Marian Members Rosa and Subhash got Death Threats !!- Nalin Perera,Social Media Users,"You Searched For ""Nalin Perera"" [...] No Death Threats Received by Marians Members Subash and Rosa Due to Political Stances-Marians",False,False,True,refutes,srilankafactcrescendo
srilankafactcrescendo_20_ret_b9_gn,srilankafactcrescendo_20,Marian Members Rosa and Subhash got Death Threats !!- Nalin Perera,Social Media Users,"Marians, under the leadership of megastar musician and TV personality Nalin Perera alon with the dynamic and creative individuals, celebrated its 30 years of music with double Concerts at the BMICH. [...] Marians started off as young school band from St. Mary’s College, Chilaw in 1988. They playing at outdoor shows mainly backing guest artistes in the early 90s. However, it was Nalin’s vision to stand out as a band and to be different in the music industry of Sri Lanka. [...] Marians now comprises Nalin Perera- Leader, Prasanna Rosa onlead guitar, Ruwan Fernando on rhythm guitar, Chaminda Silva on bass, Dileepa Mangala on keyboards, Subash Punyasoma on drums, Jayantha Kandabadage- Percussionist, Shehan Jayasooriya- Saxophonist and Shivantha Fernando on vocals.",False,False,True,insufficient-neutral,srilankafactcrescendo
srilankafactcrescendo_20_ret_bn_g0,srilankafactcrescendo_20,Marian Members Rosa and Subhash got Death Threats !!- Nalin Perera,Social Media Users,"A viral claim circulating on social media suggests that two members of the popular Sri Lankan musical group Marians, Subash and Rosa, received death threats because of their differing political views. The posts attribute this revelation to Nalin Perera, the leader of the music group, and are accompanied by a logo from Dasatha News. [...] We reached out to the manager of Nalin Perera for clarification. According to him, the viral post is entirely false. He confirmed that Nalin Perera did not make any statement about Subash and Rosa receiving death threats. Furthermore, he emphasized that neither of the Marians' members has received any death threats. The manager did mention that Subash and Rosa had been subjected to criticism in the comment sections of social media posts, but there has been no escalation to threats or violence. [...] The claim that Marians members Subash and Rosa received death threats due to their political stances is lack of evidences.Both Dasatha News and the management of Nalin Perera have denied the authenticity of the viral posts. The social media post appears to be an attempt to spread misinformation, possibly fueled by political differences.",False,False,True,refutes,srilankafactcrescendo
srilankafactcrescendo_21,srilankafactcrescendo_21,Sajith Worshipped to Ratta !!,Social Media Users,"Video was altered.In the original video,Sajith Premadasa worshipping buddhist monks!",False,True,True,refutes,srilankafactcrescendo
srilankafactcrescendo_21_ret_b1_gn,srilankafactcrescendo_21,Sajith Worshipped to Ratta !!,Social Media Users,"Sajith Premadasa (Sinhala: සජිත් ප්රේමදාස, Tamil: சஜித் பிரேமதாச; born 12 January 1967) is a Sri Lankan politician. He is the current leader of the Opposition of Sri Lanka and Member of Parliament for Colombo District.[1] He is the current leader of the Samagi Jana Balawegaya.[2] [...] - ^ ""Sajith's Kurunegala rally draws mammoth crowd"". Sunday Observer. 7 September 2019. Retrieved 7 October 2019. - ^ ""Sajith Premadasa's Controversial Speech At Mathugama Rally Causes Ripples Among Working Committee Members Ahead Of Crucial Meeting"". www.asianmirror.lk. Archived from the original on 5 October 2019. Retrieved 29 September 2019.",False,False,True,insufficient-neutral,srilankafactcrescendo
srilankafactcrescendo_22,srilankafactcrescendo_22,List of NPP Cabinet Ministers in the New Government,Social Media Users,"The claims circulating on social media regarding the NPP’s nomination of a cabinet of ministers are false. The NPP has not made any such nominations, and the list being shared is not official. Any official decisions regarding cabinet appointments will only be made after the parliamentary elections if the NPP secures a majority. The NPP’s manifesto further clarifies their intent to have a streamlined cabinet, contrary to the false claims circulating online.",False,True,True,refutes,srilankafactcrescendo
srilankafactcrescendo_24,srilankafactcrescendo_24,Members of Parliament Failed to Declare Their Assets !!,Social Media Users,"The claim that none of the NPP members declared their assets is false. All three NPP MPs have submitted their asset declarations as required by law, and these have been published by CIABOC. The discrepancy arises from the voluntary nature of the Transparency International project, which does not legally require MPs to participate. The claim on social media misrepresents the facts by conflating the voluntary TI list with the mandatory legal requirement.",False,True,True,refutes,srilankafactcrescendo
srilankafactcrescendo_24_ret_b18_gn,srilankafactcrescendo_24,Members of Parliament Failed to Declare Their Assets !!,Social Media Users,"KUALA LUMPUR (Dec 5): An extended deadline for Members of Parliament (MPs) to declare their assets lapsed today, but 62 lawmakers failed to file their statements. [...] Next was PAS which had 18 MPs not making the declaration. One MIC MP and one MCA MP had not declared their assets as well. The sole MCA MP who has not declared his assets is Dr Wee Jeck Seng, who was only sworn as MP for Tanjung Piai on Nov 18.",False,False,True,supports,srilankafactcrescendo
srilankafactcrescendo_24_ret_b6_gn,srilankafactcrescendo_24,Members of Parliament Failed to Declare Their Assets !!,Social Media Users,"While a unanimous decision was made by Dewan Rakyat to compel all MPs to declare their assets, including those of their spouses, children, and trustees, asset declaration is not yet legally mandatory, and the issue is not helped by how the lawmakers of the Perikatan Nasional (PN) administration are resistant to asset declaration. [...] February 04, 2021 (PN) The MACC Asset Declaration Portal was launched in November 2018 under the Pakatan Harapan administration. Then in July 2019, Dewan Rakyat made a unanimous decision to compel all Members of Parliament (MP) to declare their assets, including those of their spouses, children, and trustees through a statutory declaration. However, asset declaration […] [...] July 01, 2019 (PH) A special motion to compel all lawmakers to declare their assets was tabled in Parliament on Monday (July 1). The motion proposed that those who failed to declare their assets would be hauled to the Parliament’s Select Committee on Rights and Privileges Committee. However, MPs who make false declarations will be […]",False,False,True,insufficient-neutral,srilankafactcrescendo
srilankafactcrescendo_24_ret_bn_g11,srilankafactcrescendo_24,Members of Parliament Failed to Declare Their Assets !!,Social Media Users,"Financial Disclosure: By law members of Parliament, civil servants, and ministers must declare their assets. Elected officials must also disclose their spouses’ and dependent children’s assets. Failure to disclose this information may lead to their disqualification from public office for five years. Heads of state, in contrast, are not required to declare their income and assets. Judges, generals, and high-level officials often concealed their assets from the public. Political parties and politicians must file annual financial accounting reports declaring their assets and liabilities. The government has not fully implemented the law, and lawmakers often disregarded it. It is the duty of the Election Commission of Pakistan to verify that political parties and politicians make their financial information publicly available; the commission posts a list of parliamentarians’ assets annually.",False,False,True,insufficient-neutral,srilankafactcrescendo
srilankafactcrescendo_25,srilankafactcrescendo_25,Ranil Wickremesinghe Contest the Presidential Election Under the “Heart” Symbol !!,Social Media Users,"The claim that President Ranil Wickremesinghe will contest the upcoming presidential election under the ""Heart"" symbol is false. There is no evidence from the Election Commission's official gazette notification or previous elections to support this claim, and the Election Commission has confirmed that symbols are only assigned after the nomination process on August 15. This claim appears to be a rumour circulating on social media without any factual basis.",False,True,True,refutes,srilankafactcrescendo
srilankafactcrescendo_25_ret_bn_g0,srilankafactcrescendo_25,Ranil Wickremesinghe Contest the Presidential Election Under the “Heart” Symbol !!,Social Media Users,"Social Media Posts say President Ranil Wickremesinghe will contest the upcoming presidential election under the ""Heart"" symbol. [...] Context: Following the Election Commission's gazette notification on July 26, 2024, setting September 21 as the date for the presidential election in Sri Lanka, there has been a surge of social media posts claiming that President Ranil Wickremesinghe will contest the election under the ""Heart"" symbol. This claim has gained significant traction, raising questions and confusion among the public. [...] The claim that President Ranil Wickremesinghe will contest the upcoming presidential election under the ""Heart"" symbol is false. There is no evidence from the Election Commission's official gazette notification or previous elections to support this claim, and the Election Commission has confirmed that symbols are only assigned after the nomination process on August 15. This claim appears to be a rumour circulating on social media without any factual basis.",False,False,True,refutes,srilankafactcrescendo
srilankafactcrescendo_25_ret_bn_g15,srilankafactcrescendo_25,Ranil Wickremesinghe Contest the Presidential Election Under the “Heart” Symbol !!,Social Media Users,"There has been much focus on President Wickremesinghe’s symbol as an independent candidate. The Wickremesinghe camp had worked to get the ‘heart’ symbol for him, with the media campaigners also making the necessary advertising material using the ‘heart’ symbol several weeks ago. The ‘heart’ symbol had been proposed by the youngest son of a leading political family in the country, it is learnt. [...] It is also learnt that Wickremesinghe had also expressed concerns over the ‘heart’ symbol to his campaign heads, saying it was quite generic and that his symbol should be a unique one that could capture the attention of the people.",False,False,True,insufficient-supports,srilankafactcrescendo
srilankafactcrescendo_26,srilankafactcrescendo_26,Anura Kumara Dissanayake to Lead Both JVP and NPP Illegally !!,Social Media Users,"The claim that it is illegal for Anura Kumara Dissanayake to lead both JVP and NPP is false. There is no constitutional or legal provision that restricts an individual from holding leadership positions in two political parties simultaneously. The Election Commission’s actions are in accordance with the law, and the ongoing court case lacks a valid legal basis according to the Attorney General.",False,True,True,refutes,srilankafactcrescendo
srilankafactcrescendo_26_ret_b0_gn,srilankafactcrescendo_26,Anura Kumara Dissanayake to Lead Both JVP and NPP Illegally !!,Social Media Users,"Anura Kumara Dissanayake leads both the National People’s Power alliance, or NPP, and the Janatha Vimukthi Peramuna, or JVP. Rooted in Marxist ideology, the JVP was founded in the 1960s with the aim of seizing power through a socialist revolution. But after two failed armed uprisings in 1971 and 1987-89 – which resulted in the loss of tens of thousands of lives – the party shifted toward democratic politics and has remained so for over three decades. [...] In 2019, under Dissanayake’s leadership, the NPP was formed as a socialist alliance with several other organizations. While the JVP continues to adhere to Marxist principles, the NPP adopted a center-left, social democratic platform – aiming to attract broader public support. [...] As a leader from a Marxist party, Dissanayake will likely pursue policies to reflect collective decisions made by the politburos and central committees of the NPP and JVP, rather than his individual views. He advocates for an economic system where activities are coordinated through a central government plan, emphasizing the importance of ""economic democracy.""",False,False,True,insufficient-supports,srilankafactcrescendo
srilankafactcrescendo_26_ret_bn_g0,srilankafactcrescendo_26,Anura Kumara Dissanayake to Lead Both JVP and NPP Illegally !!,Social Media Users,"Is It Illegal for Anura Kumara Dissanayake to Lead Both JVP and NPP? [...] Social media posts claim that Anura Kumara Dissanayake is illegally holding the leadership of two political parties, JVP (Janatha Vimukthi Peramuna) and NPP (National People Power). These posts argue that one person cannot lead two parties simultaneously and cite Article 103(2) of the Sri Lankan Constitution, which mandates the Election Commission to conduct free and fair elections. They allege that the Election Commission violated this obligation by allowing Dissanayake to register and lead both parties. [...] The claim that it is illegal for Anura Kumara Dissanayake to lead both JVP and NPP is false. There is no constitutional or legal provision that restricts an individual from holding leadership positions in two political parties simultaneously. The Election Commission’s actions are in accordance with the law, and the ongoing court case lacks a valid legal basis according to the Attorney General.",False,False,True,refutes,srilankafactcrescendo
srilankafactcrescendo_26_ret_bn_g11,srilankafactcrescendo_26,Anura Kumara Dissanayake to Lead Both JVP and NPP Illegally !!,Social Media Users,"It was in the year 2017 that I accidentally took part in an essential meeting representing my dean of the faculty in a restaurant at Kiribathgoda. It was organized by an academic team of the University of Kelaniya, and the meeting was to form NPP in a more technical procedure. Anura Kumara Dissanayake, the leader of JVP came for the meeting because he was considered the main figure. During the meeting, I mean that was the peak moment of our discussion, I raised a question for which Anura slightly threw an idea, but it was not so satisfactory. Amidst some of the objections, I truly supported NPP though I was not in Sri Lanka after 2018 [went to the US for studies]. I was quite helpful for my team to arrange certain meetings for NPP in Jaffna. That’s how we began a movement. [...] Now, Anura Kumara, as a minister representing JVP has been in the parliament for many years and of course as the leader of JVP. He has been criticizing and critically giving evidence for many wrong-turns of the Rajapaksaa regime, Gotabaya’s regime, and Ranil’s cruel decisions that violated the constitution. We have enough records for Anura’s counterarguments and NPP public meetings. [...] Anura is regenerating a strong voice through NPP conferences and public meetings. He is radically critical of many sub-cultures that were primarily promoted by the Rajapaksa regime and later at the hands of Ranil. However, in my view, Anura is spoiling a better soup.",False,False,True,insufficient-refutes,srilankafactcrescendo
srilankafactcrescendo_26_ret_bn_g13,srilankafactcrescendo_26,Anura Kumara Dissanayake to Lead Both JVP and NPP Illegally !!,Social Media Users,"A National People’s Power (NPP) delegation led by its leader comrade Anura Kumara Dissanayake was invited to India for talks with India’s External Affairs Minister Dr S. Jaishankar, the National Security Adviser (NSA) Mr Ajit Doval and the Foreign Secretary Mr Vinay Mohan Kwatra. Dr Jaishankar’s social media posts denoted positive and productive discussions that centred on bilateral relationships, and mutual benefits. Comrade Anura is also the leader of the JVP. This is not the first engagement of the JVP with the Indian government although this recent visit is being subject to much debate and criticism mostly by political pundits. Social media posts from those affiliated with the NPP and the JVP have interpreted this visit as a recognition by India the potential of comrade Anura of winning the next presidential elections. Previously, diplomats did not endeavour to engage with the JVP because it was not seen as a strong enough political force. Circumstances have now changed with the NPP increasingly gaining more visibility, popularity and credibility, particularly among the lower middle class.",False,False,True,insufficient-contradictory,srilankafactcrescendo
srilankafactcrescendo_27,srilankafactcrescendo_27,"Oatmeal is the highest sprayed crop with pesticides, particularly glyphosate !!",Social Media Users,"In summary, the claims made in the viral video contain elements of truth but are presented in a misleading manner. While glyphosate is used on oats and has been linked to health risks in certain contexts, the levels found in food products are generally considered safe by regulatory bodies. The claim that oatmeal is one of the most pesticide-heavy crops and should be avoided entirely is an exaggeration not supported by the broader scientific consensus. Additionally, while glyphosate is banned in some countries, it remains widely used and regulated in many others.",False,True,True,refutes,srilankafactcrescendo
srilankafactcrescendo_27_ret_b0_g4,srilankafactcrescendo_27,"Oatmeal is the highest sprayed crop with pesticides, particularly glyphosate !!",Social Media Users,"A recent video circulating on social media platforms has sparked concerns by claiming that oatmeal, particularly the inorganic variety, is toxic to the body and can significantly reduce one's lifespan. The video suggests that oatmeal is among the most heavily sprayed crops with pesticides, specifically mentioning glyphosate, a chemical that has been banned in several countries. The video warns viewers to avoid oatmeal unless in extreme survival situations, citing the detrimental effects of glyphosate on human health. Additionally, the presenter promotes a book titled ""The Herbal Tablets,"" which purportedly contains essential health information that can improve one’s well-being and longevity. [...] However, the claim that oats are the ""highest sprayed crop with pesticides"" is misleading. While oats do receive glyphosate treatment, many other crops, such as soybeans and corn, are also treated with glyphosate and may receive higher overall pesticide applications depending on the region and farming practices. Read more [...] In summary, the claims made in the viral video contain elements of truth but are presented in a misleading manner. While glyphosate is used on oats and has been linked to health risks in certain contexts, the levels found in food products are generally considered safe by regulatory bodies. The claim that oatmeal is one of the most pesticide-heavy crops and should be avoided entirely is an exaggeration not supported by the broader scientific consensus. Additionally, while glyphosate is banned in some countries, it remains widely used and regulated in many others.",False,False,True,insufficient-refutes,srilankafactcrescendo
srilankafactcrescendo_27_ret_bn_g0,srilankafactcrescendo_27,"Oatmeal is the highest sprayed crop with pesticides, particularly glyphosate !!",Social Media Users,"A recent video circulating on social media platforms has sparked concerns by claiming that oatmeal, particularly the inorganic variety, is toxic to the body and can significantly reduce one’s lifespan. The video suggests that oatmeal is among the most heavily sprayed crops with pesticides, specifically mentioning glyphosate, a chemical that has been banned in several countries. The video warns viewers to avoid oatmeal unless in extreme survival situations, citing the detrimental effects of glyphosate on human health. Additionally, the presenter promotes a book titled ""The Herbal Tablets,"" which purportedly contains essential health information that can improve one’s well-being and longevity. [...] However, the claim that oats are the ""highest sprayed crop with pesticides"" is misleading. While oats do receive glyphosate treatment, many other crops, such as soybeans and corn, are also treated with glyphosate and may receive higher overall pesticide applications depending on the region and farming practices. Read more [...] In summary, the claims made in the viral video contain elements of truth but are presented in a misleading manner. While glyphosate is used on oats and has been linked to health risks in certain contexts, the levels found in food products are generally considered safe by regulatory bodies. The claim that oatmeal is one of the most pesticide-heavy crops and should be avoided entirely is an exaggeration not supported by the broader scientific consensus. Additionally, while glyphosate is banned in some countries, it remains widely used and regulated in many others.",False,False,True,refutes,srilankafactcrescendo
srilankafactcrescendo_27_ret_bn_g6,srilankafactcrescendo_27,"Oatmeal is the highest sprayed crop with pesticides, particularly glyphosate !!",Social Media Users,"Not only that, but non-organic oats contain the highest amount of pesticide residue than any other crop in the U.S., particularly the cancer-causing herbicide glyphosate. In February 2019, a ""compelling link"" was found between glyphosate and non-Hodgkin’s lymphoma [2], and since then, over $10 billion to has been paid out to settle thousands of glyphosate-related cancer lawsuits across the country. The Environmental Working Group tested samples of Quaker Oats products and found that their oats had the most glyphosate per sample, with more than 1,000 ppb in more than 66 percent of the samples. That level of exposure is more than 60 times the safety level set by the Environmental Protection Agency, and that’s just legally speaking. However, legal is not the same as harmless. And unfortunately, more than 200 million pounds of glyphosate is sprayed on crops in the US each year, not just on oats, but on every GMO crop like grain, soy, and corn [3].",False,False,True,insufficient-supports,srilankafactcrescendo
srilankafactcrescendo_28,srilankafactcrescendo_28,Dilith Jayaweera’s Withdrawal from Presidential Race !!,Social Media Users,"The letter being circulated on social media, claiming to be from Dilith Jayaweera, is fake. The content appears to have been copied from a legitimate letter by MP Dhammika Perera, and there is no credible evidence supporting the claim that Jayaweera has withdrawn from the presidential race. Social media users are advised to disregard these false claims and rely on verified information from credible sources.",False,True,True,refutes,srilankafactcrescendo
srilankafactcrescendo_28_ret_b9_gn,srilankafactcrescendo_28,Dilith Jayaweera’s Withdrawal from Presidential Race !!,Social Media Users,Dilith Jayaweera as the presidential candidate from the new party 'Sarva Jana Balaya'! Homeland News 28th May Dilith jayaweera Credit: Official Facebook page DILITH JAYAWEERA,False,False,True,insufficient-refutes,srilankafactcrescendo
srilankafactcrescendo_28_ret_bn_g0,srilankafactcrescendo_28,Dilith Jayaweera’s Withdrawal from Presidential Race !!,Social Media Users,"False Claims of Dilith Jayaweera's Withdrawal from Presidential Race [...] The letter being circulated on social media, claiming to be from Dilith Jayaweera, is fake. The content appears to have been copied from a legitimate letter by MP Dhammika Perera, and there is no credible evidence supporting the claim that Jayaweera has withdrawn from the presidential race. Social media users are advised to disregard these false claims and rely on verified information from credible sources. Title:False Claims of Dilith Jayaweera's Withdrawal from Presidential Race",False,False,True,refutes,srilankafactcrescendo
srilankafactcrescendo_28_ret_bn_g1,srilankafactcrescendo_28,Dilith Jayaweera’s Withdrawal from Presidential Race !!,Social Media Users,"Did Dilith Jayaweera withdraw from the presidential race? A letter stating that businessman Dilith Jayaweera, leader of Mawbima Janata Party, has claimed to withdraw from contesting in the upcoming presidential election is circulating on social media. [...] Posts on Facebook with captions such as ""Dilith Jayaweera out of presidential race"" caught the attention of FactSeeker, and proceeded to fact-check the said claim.",False,False,True,insufficient-supports,srilankafactcrescendo
srilankafactcrescendo_28_ret_bn_g6,srilankafactcrescendo_28,Dilith Jayaweera’s Withdrawal from Presidential Race !!,Social Media Users,"It is reported that Mr. Dilith Jayaweera, a well-known businessman, has been given the leadership of Mawbima Janata Party. [...] Political sources have stated that Mr. Dilith Jayaweera’s aim is to run for the next presidential election.",False,False,True,refutes,srilankafactcrescendo
srilankafactcrescendo_29_ret_b6_gn,srilankafactcrescendo_29,Sajith Violates Election Law by Holding a Welfare Program in a School !!,Social Media Users,"Sajith Premadasa’s 100th Sakvala school programme. [...] Sajith Premadasa’s ‘Sakvala’ program which clocked a century last week gives credible evidence that if elected, his will be ‘a Presidency of service’ as it were; intervening to bring tangible improvements which are both catalyst and multiplier. Manique Mendis puts it best: [...] …The results of the Sakwala program demonstrate that whilst being in the Opposition, Sajith Premadasa is opening doors to opportunity in the lives of children in Sri Lanka.’ (Vistas of opportunity for Sri Lankan children with ""Suhuru"" classrooms | Daily FT)",False,False,True,insufficient-refutes,srilankafactcrescendo
srilankafactcrescendo_29_ret_b7_gn,srilankafactcrescendo_29,Sajith Violates Election Law by Holding a Welfare Program in a School !!,Social Media Users,"Daily on TV news (mainly Sirasa) we see Sajith Premadasa (SP) Sakwala සුහුරු පාසැල් (Smart School) programme donating some computer equipment to schools. A huge green banner with the Sakwala and Pathikada names and Sajith Premadasa Leader of the opposition title is shown daily. All the school children, Principal and staff, and parents attend the event lasting about two hours. Most of the time is covered by Sajith and other SJB politicians from the area making political speeches, About 10 minutes cover the opening of the computer lab. This event was supposed to be the 195th Sakwala program of ""donations"" [...] There is tremendous political benefit to Sajith from these events. To start with it is promoted as a school beneficial event and the school will ask the children to attend with their parents. It is held in a school hall and no cost is borne by Sajith for the event. In a normal political rally the politician must build or hire a stage and get the audience and incur significant cost. Here everything is free. Then the program is broadcast on Sirasa News or as a PATHIKADA (පැතිකඩ). Complete free publicity and getting across his political message and attacking his opponents.",False,False,True,insufficient-supports,srilankafactcrescendo
srilankafactcrescendo_29_ret_bn_g0,srilankafactcrescendo_29,Sajith Violates Election Law by Holding a Welfare Program in a School !!,Social Media Users,"Did Sajith Premadasa Violate Election Law by Holding a Welfare Program in a School? [...] The viral photo and associated claims are misleading. The welfare program in the photo took place before the election announcement and the activation of election laws. Therefore, Sajith Premadasa did not violate any election regulations.And photo does not depict teacher's summit.It's a photo of the teachers of Mahagamasekara school. Title:Did Sajith Premadasa Violate Election Law by Holding a Welfare Program in a School?",False,False,True,refutes,srilankafactcrescendo
srilankafactcrescendo_3,srilankafactcrescendo_3,"In a letter to AKD, Sijeewa Senasinghe Said The Allegations They Made Against AKD Were Just Fabricated Stories and NOT Realities!!",Social Media Users,"The viral letter attributed to Sujeewa Senasinghe, claiming that the SJB is willing to cooperate with Anura Kumara Dissanayake and that their election criticisms, is fake. The SJB media unit has confirmed that no such letter was issued, and the viral document contains discrepancies that prove it is not genuine. Social media users are advised not to fall for this misleading information, which appears part of a disinformation campaign.",False,True,True,refutes,srilankafactcrescendo
srilankafactcrescendo_3_ret_b4_gn,srilankafactcrescendo_3,"In a letter to AKD, Sijeewa Senasinghe Said The Allegations They Made Against AKD Were Just Fabricated Stories and NOT Realities!!",Social Media Users,Let’s get the facts out first. Sujeewa Senasinghe said that he communicated with Arjun Aloysius of Perpetual Treasuries Ltd (PTL) to obtain information for a book he wrote and published on the Central Bank bond issue. Some of the calls were made AFTER the book came out. Go figure! [...] Sujeewas Senasinghe said that he had no inkling about the donor at the time the money was received. Some of the money however had been received AFTER the elections were done. Go figure! [...] That’s it ladies and gentlemen. This is a circus. A spectacle. Sujeewas Senasinghe; is just one of many and he’s having a ball. The messiahs are pickpockets and brigands. The Promised Land is a cess-pit.,False,False,True,insufficient-contradictory,srilankafactcrescendo
srilankafactcrescendo_3_ret_b8_gn,srilankafactcrescendo_3,"In a letter to AKD, Sijeewa Senasinghe Said The Allegations They Made Against AKD Were Just Fabricated Stories and NOT Realities!!",Social Media Users,"Sujeewa Senasinghe (Sinhala: සුජීව සේනසිංහ; born 13 December 1971) is a Sri Lankan lawyer and former politician.[1] He was a member of the Parliament of Sri Lanka and the State Minister for International Trade until 2019.[2] [...] - ^ ""SUJEEWA SENASINGHE"". Directory of Members. Parliament of Sri Lanka. Retrieved 12 March 2013. [...] - ^ ""Sujeewa Senasinghe steps down from Politics"". News First. 28 September 2020. Retrieved 28 September 2020.",False,False,True,insufficient-neutral,srilankafactcrescendo
srilankafactcrescendo_30,srilankafactcrescendo_30,Kandy Dalada Perahera should be held Without Elephants - Harini Amarasuriya,Social Media Users,"The claims circulating on social media that Dr. Harini Amarasuriya stated the Kandy Dalada Perahera would only be allowed without the use of elephants and that it should involve all ethnicities are false. These statements have not been made by Dr. Amarasuriya, and the misinformation appears to be intentionally misleading. Always verify the authenticity of such claims by checking credible sources or directly contacting the individual concerned before spreading information.",False,True,True,refutes,srilankafactcrescendo
srilankafactcrescendo_30_ret_b13_gn,srilankafactcrescendo_30,Kandy Dalada Perahera should be held Without Elephants - Harini Amarasuriya,Social Media Users,"The Kandy Esala Dalada Perahera (Procession of Kandy) is a grand festival celebrated with elegant costumes and is held in July and August in Kandy, Sri Lanka. This historical procession is held annually to pay homage to the Sacred Tooth Relic of Lord Buddha, which is housed at the Temple of the Tooth or ""Sri Dalada Maligawa"" in Kandy. The Esala Dalada Perahera is believed to have begun when the Sacred Tooth Relic of the Buddha was brought to Sri Lanka from India during the 4th century, eight hundred years after the passing away of Lord Buddha. [...] The Kandy Esala Dalada Perahera begins with the ""Kap Situveema"", in which a sanctified young Jackfruit tree (Artocarpus integrifolia) is cut and planted in the premises of each of the four Devales (Temples) dedicated to the four guardian gods Natha, Vishnu, Katharagama and goddess Pattini. [...] On the sixth night, the Kumbal Perahera begins and continues on for five days and then Randoli Perahera begins. After a further five nights of the Randoli Perahera, the pageant ends with the Diya Kepeema, which is the water cutting ceremony at the Mahaweli River at Getambe, a town a few miles from Kandy. A Day Perahera is held to mark the ceremony.",False,False,True,insufficient-neutral,srilankafactcrescendo
srilankafactcrescendo_30_ret_b1_g2,srilankafactcrescendo_30,Kandy Dalada Perahera should be held Without Elephants - Harini Amarasuriya,Social Media Users,"A viral social media post claimed that Dr. Harini Amarasuriya, a National List MP of the National People’s Power (NPP), made a statement calling the behaviour of the Diyawadana Nilame of the Temple of the Tooth Relic(Dalada Maligawa) ""disgusting"" and that legal steps have been taken against him. The date of the statement mentioned is 21st August. [...] Dalada Perahera: The final Randoli Perahera of the Dalada Perahera concluded on August 19th, marking the end of one of Sri Lanka's most significant cultural and religious events. This grand procession, held annually in Kandy, celebrates the sacred Tooth Relic housed in the Sri Dalada Maligawa. In the days surrounding this event, discussions and posts about the Dalada Perahera and Dalada Maligawa surged on social media and other platforms, reflecting the deep cultural and spiritual significance of the Perahera to the Sri Lankan people. These posts likely emerged in the context of the Perahera's conclusion, as the event garners widespread attention and devotion across the country. Read also: Dr Harini Amarasuriya Did NOT say Kandy Dalada Perahera should be held Without Elephants.",False,False,True,refutes,srilankafactcrescendo
srilankafactcrescendo_30_ret_b6_gn,srilankafactcrescendo_30,Kandy Dalada Perahera should be held Without Elephants - Harini Amarasuriya,Social Media Users,"Of these, the most important is the Esala Mangallaya for which the Dalada Perahera is one of the most colourful and vibrant cultural celebrations in Sri Lanka. Esala, according to the Sinhalese Calendar, is the month of July/August This is the month in which Kandy gets into a festive mood. Shopkeepers and hoteliers pile up their stock to cater to the massive crowds that throng the city. Maligawa and its premises are gaily decorated and are illuminated with strings of lights, including the esplanade. [...] The Kandy Easala Perahera (Sri Dalada Perahera) will be held on 10th August to 20th August 2024. There are 11 perahera processions during these days. The most vibrant perahera is the Final Randoli Perehera procession on 19th August 2024. [...] The Esala Perahera proper begins as the cannon booms. Leading the Perahera is the band of whip crackers who crack their whips in a rhythmic pattern announcing it that the Esala Perahera is on. Immediately following are two o flag bearers carrying the two flags of the Sathara Korale (known as Ira Kodiya) embossed with the symbols of the sun and the moon indicating the wish that this Perahera be held until the sun and the moon last. Next comes the Peramunerala, attired in the traditional white dress and riding a caparisoned elephant and carrying the sannasa, the royal charter to hold the Perahera. Following him is the Gajanayake, the Maligawa official in charge of the elephants, elegantly dressed in traditional Kandyan dress carrying the ankusaya the instrument by which elephants are controlled.",False,False,True,insufficient-neutral,srilankafactcrescendo
srilankafactcrescendo_30_ret_bn_g0,srilankafactcrescendo_30,Kandy Dalada Perahera should be held Without Elephants - Harini Amarasuriya,Social Media Users,"Dr. Harini Amarasuriya Did NOT say Kandy Dalada Perahera should be held Without Elephants [...] Social media posts claim that NPP National List MP Dr. Harini Amarasuriya stated that if the NPP comes to power in the upcoming elections, the Kandy Dalada Perahera will only be allowed if elephants are not used for the function. Additionally, it is claimed that she said the Sinhala Buddhist function should be conducted with the collaboration of all ethnicities, including Sinhalese, Tamil, and Muslim communities. [...] The claims circulating on social media that Dr. Harini Amarasuriya stated the Kandy Dalada Perahera would only be allowed without the use of elephants and that it should involve all ethnicities are false. These statements have not been made by Dr. Amarasuriya, and the misinformation appears to be intentionally misleading. Always verify the authenticity of such claims by checking credible sources or directly contacting the individual concerned before spreading information.",False,False,True,refutes,srilankafactcrescendo
srilankafactcrescendo_31,srilankafactcrescendo_31,All Tea Bags Contain Harmful Microplastics!!,Social Media Users,"In summary, while scientific evidence supports the presence of microplastics in tea bags and their associated risks, more detailed research is needed to fully understand their impact on human health. The video raises important concerns, but the current knowledge still requires further investigation.",False,True,True,insufficient-supports,srilankafactcrescendo
srilankafactcrescendo_31_ret_b8_gn,srilankafactcrescendo_31,All Tea Bags Contain Harmful Microplastics!!,Social Media Users,"Health risks posed by microplastics in tea bags: microplastic pollution – a truly global problem [...] Due to the potential health risks and negative impacts on the environment, the use of MPs in tea bags and other products is a major issue. In spite of the material’s nonbiodegradability, polypropylene is frequently used in manufacturing tea bags. Given that tea bags are subjected to high temperatures during the brewing process, it is concerning that certain branded teas are offered in tea bags made from allegedly ‘food grade’ polymers, such as nylon3. In tea bags additionally available are fluorine compounds, arsenic, radium salt, aluminum, copper, lead, mercury, cadmium, barium, nitrates, and many more4. So you are sipping tea and consuming these dangerous substances in the same bag4. Tea bag plastics, which can take hundreds of years to decompose in nature, may fragment into particles that range in size from 1 µm to 5 mm, or MPs4. Instead of utilizing the conventional paper tea bags, tea makers now use plastic ones5. This is concerning since water is regularly heated to 95°C or more while making tea, and even ‘food grade’ plastics can break down or release harmful materials when heated over 40°C5. [...] Google Scholar 4. The Express Tribune. Study finds teabag contains nearly 13,000 microplastic particles. The Express Tribune. 2022. Accessed September 16, 2022. https://tribune.com.pk/story/2360293/study-finds-single-teabag-contains-nearly-13000-microplastic-particles",False,False,True,supports,srilankafactcrescendo
srilankafactcrescendo_31_ret_bn_g1,srilankafactcrescendo_31,All Tea Bags Contain Harmful Microplastics!!,Social Media Users,"Therefore, the use of plastic in tea bags has come under scrutiny due to the potential release of microplastics when exposed to heat. As we mentioned earlier, many tea bag manufacturers use nylon or polyethylene terephthalate (PET) in their tea bags, which are not biodegradable and can release harmful microplastics when exposed to heat. These microplastics can end up in your drink, and studies have shown that they may pose a risk to human health. [...] Another study published in the journal Environmental Science & Technology in 2020 found that plastic tea bags could release up to 16 micrograms of microplastics per liter of tea when brewed at a temperature of 95°C. These studies highlight the importance of choosing plastic-free tea bags to minimize exposure to potentially harmful plastics. [...] Yes, some tea bags can contain microplastics, particularly those made with plastic materials like nylon or polypropylene. However, The Tea Spot's sachets are made from sugar cane fibers, which are biodegradable, compostable, and completely free from petroleum-based plastic. Therefore, you can rest assured that when you brew our tea, you're not consuming any harmful plastics or microplastics.",False,False,True,refutes,srilankafactcrescendo
srilankafactcrescendo_31_ret_bn_g15,srilankafactcrescendo_31,All Tea Bags Contain Harmful Microplastics!!,Social Media Users,"At ORGANIC INDIA, we believe in plastic-free tea bags to protect your body and the earth; and preserve the pure, organic tea experience that you deserve. Unfortunately, the industry norm is to include plastic in the mesh tea bag, which releases billions of microplastics and nanoplastics into your infusion. Consuming microplastics, as you can imagine, can have negative impacts on your health and on the earth. [...] Yes, but not all tea bags. The vast majority of brands on the shelves have mesh tea bags that are composed of 20-30% plastic. According to studies, a single standard tea bag releases 11.6 billion microplastics and 3.1 billion nanoplastics into every cup of tea. Consumers are increasingly becoming aware of this fact and opting either for loose teas, or selecting tea brands that have no plastic in the teabag. ORGANIC INDIA tea bags do not contain plastic, and are made instead of unbleached filter paper that is verified home compostable, biodegradable, Non-GMO, allergen-free and chemical-free. [...] In short, yes. Microplastics in tea bags can be harmful not only for the environment, but for human health as well. Microplastics may enter the human system through ingestion, inhalation or dermal absorption. Studies have shown that microplastics have potential to cause damage to the cells in the quantities currently found in food and beverages like tea. In addition to cell damage, regular consumption of microplastics may cause immune disruption, neurotoxicity, reproductive toxicity and carcinogenicity in the body.",False,False,True,refutes,srilankafactcrescendo
srilankafactcrescendo_31_ret_bn_g17,srilankafactcrescendo_31,All Tea Bags Contain Harmful Microplastics!!,Social Media Users,"If you didn’t already know, I am English, and am true to the stereotype… I LOVE a good old cup of tea! But did you know that this simple habit can actually have a negative impact on the environment, and despite what people think – it’s not always easy to compost tea bags. Setting aside the ethical issues relating to the farming of tea, a tea bag it’s self can actually contain plastic. Nothing like a cup of microplastics with my breakfast! [...] This means, that while most tea bags will break down, the materials that they break down into can contain microplastics, and won’t be nutritional. They’ll even sometimes be harmful to the environment. Fortunately, more and more brands are becoming aware of the issue, and are releasing plastic free tea bag ranges. [...] The most common plastic in tea bags is known as polypropylene, which can make up around 30% of your average tea bag. Other plastics can be found in silk style tea bags and a plastic glue may be used to seal the bags too.",False,False,True,insufficient-contradictory,srilankafactcrescendo
srilankafactcrescendo_34_ret_b16_g4,srilankafactcrescendo_34,Muttiah Muralitharan Lookalike Dancing on ‘Tauba-Tauba’,Social Media Users,"Muttiah Muralitharan's doppelganger is breaking the internet with his viral dance moves, leaving everyone thinking the cricket legend has hidden talents (Photo: X/Screengrab) [...] A video recently surfaced online that purportedly showed Sri Lankan cricket legend Muttiah Muralitharan executing the hook steps of the popular song ‘Tauba Tauba’ from Vicky Kaushal’s latest film, 'Bad Newz'. The video rapidly went viral, leaving netizens astounded by the man’s impressive dance moves. Viewers speculated that Muralitharan possessed hidden dance talents, as the individual in the video appeared to flawlessly replicate Vicky Kaushal's signature steps. [...] The viral video featuring Muralitharan’s lookalike has only added to the buzz surrounding ‘Tauba Tauba’, further amplifying the song’s popularity. As fans continue to enjoy and recreate the hook steps, the song remains a dance sensation across social media platforms, showing no signs of fading from the limelight.",False,False,True,supports,srilankafactcrescendo
srilankafactcrescendo_34_ret_bn_g2,srilankafactcrescendo_34,Muttiah Muralitharan Lookalike Dancing on ‘Tauba-Tauba’,Social Media Users,Did Muttiah Muralitharan Dance on 'Tauba Tauba'? Here's The Real Story Behind VIRAL VIDEO [...] The viral video of alleged Muttiah Muralitharan dancing to 'Tauba Tauba' has generated intrigue. Here's the true story behind the surprising footage. [...] Muttiah Muralitharan lookalike dances on âTauba-Taubaâ | Image:,False,False,True,insufficient-neutral,srilankafactcrescendo
srilankafactcrescendo_34_ret_bn_g9,srilankafactcrescendo_34,Muttiah Muralitharan Lookalike Dancing on ‘Tauba-Tauba’,Social Media Users,"A video (here and here) allegedly featuring former Sri Lankan cricketer Muttiah Muralitharan dancing in a studio to the viral Bollywood song ‘Tauba Tauba’ is doing the rounds on social media. We fact-check this claim through this article. Claim: Viral video shows Muttiah Muralitharan dancing to ‘Tauba Tauba.’ [...] To sum up, a video of a dance influencer is falsely being shared as Muttiah Muralitharan performing to ‘Tauba Tauba.’",False,False,True,insufficient-supports,srilankafactcrescendo
srilankafactcrescendo_35,srilankafactcrescendo_35,"If Ranil Wins,I will be the PM - Ravi",Social Media Users,The claim that Ravi Karunanayake stated that he would become the Prime Minister in the event of Ranil Wickremesinghe winning the upcoming presidential election is false.,False,True,True,refutes,srilankafactcrescendo
srilankafactcrescendo_35_ret_b10_gn,srilankafactcrescendo_35,"If Ranil Wins,I will be the PM - Ravi",Social Media Users,"An alumnus of the Royal College of Colombo, Sri Lanka’s most prestigious educational institution, Wickremesinghe won his first parliamentary election in 1977. After serving as an important minister in his uncle JR and his successor Ranasinghe Premadasa’s Cabinet for long, in a quirk of fate, he became the Prime Minister of Sri Lanka after the assassination of President Premadasa in 1993. [...] Towards the end of 2014, something unthinkable happened. Wickremesinghe secretly joined hands with his rival Chandrika to oust Rajapaksa. Their joint candidate Maithripala Sirisena shocked the Rajapaksa camp by defeating the all-powerful Mahinda in the Presidential elections. It was a high point in Ranil’s long political journey. He became the Prime Minister, promising to abolish the executive presidency, which he could not do. In an evening coup in the winter of 2018, Sirisena shocked Wickremesinghe by dismissing him and installing Mahinda as the PM. After two months of political uncertainty and backroom negotiations, Mahinda lost the trust vote and Ranil returned as the PM again.",False,False,True,insufficient-neutral,srilankafactcrescendo
srilankafactcrescendo_35_ret_bn_g0,srilankafactcrescendo_35,"If Ranil Wins,I will be the PM - Ravi",Social Media Users,"Ravi Karunanayake Said That He Would Be Prime Minister if Ranil Wins the Upcoming Presidential Election? Find out the facts… [...] A series of posts that went viral among Facebook users claimed that Ravi Karunanayake, former minister and national secretary of the United National Party, had stated he would become the Prime Minister if Ranil Wickremesinghe, the current president, wins the upcoming presidential election. This purported claim had been created as an image resembling a newspaper report. [...] Title:Ravi Karunanayake Said That He Would Be Prime Minister if Ranil Wins the Upcoming Presidential Election? Find out the facts…",False,False,True,insufficient-neutral,srilankafactcrescendo
srilankafactcrescendo_35_ret_bn_g14,srilankafactcrescendo_35,"If Ranil Wins,I will be the PM - Ravi",Social Media Users,"The 2020 Parliamentary Elections of August 6th had around 60 Members of Parliament who were unable to retain their seats in the Parliament of Sri Lanka. Around 16 candidates from the United National Party (UNP) who contested the 2020 general elections lost their existing seats in parliament including its leader and former Prime Minister Ranil Wickremesinghe, former finance minister Ravi Karunanayake, its secretary general Akila Viraj Kariyawasam. Other UNP heavyweights to lose out are Arjuna Ranatunga, Navin Dissanayake, Sandeep Samarasinghe, Ruwan Wijewardena, Palitha Thewarapperuma, Daya Gamage, Lakshman Wijemanne, Vajira Abeywardena, Palitha Range Bandara, Nalaka Kolonne, and V. Maheswaran. A surprise loss in the Colombo District was that of Thilanga Sumathipala (SLPP). Others who failed to win a seat in parliament from the SLPP are Dulith Wijesekara, Lakshman Yapa Abeywardena, Manoj Sirisena, Niroshan Premaratne, S.B. Nawinna, T.B. Ekanayaka, Sumedha Jayasena, Susantha Punchinilame, and Dunesh Gankanda. The Premadasa camp (SJB) too lost a few of their erstwhile candidates.",False,False,True,insufficient-refutes,srilankafactcrescendo
srilankafactcrescendo_37,srilankafactcrescendo_37,Fruits are successfully grown in empty lands in Thailand by simply dropping seeds out of vehicle windows !!,Social Media Users,"The claim that mango, rambutan, and durian can be successfully grown in Thailand by dropping seeds from vehicle windows and that this is a government-promoted sustainable practice is false. Professional agricultural methods are used for growing these fruits, and the Thai government does not support or promote such a simplistic approach to planting.",False,True,True,refutes,srilankafactcrescendo
srilankafactcrescendo_37_ret_b2_gn,srilankafactcrescendo_37,Fruits are successfully grown in empty lands in Thailand by simply dropping seeds out of vehicle windows !!,Social Media Users,"Thailand offers budding fruit lovers a vast choice when it comes to having a go at growing your own . . . But growing tropical fruits for the first time can be a daunting prospect for many. [...] If you have plenty of space and time to grow something a little bit more adventurous, take a look at the list below. All these fruits grow very well in Thailand and will give you a great crop.",False,False,True,insufficient-refutes,srilankafactcrescendo
srilankafactcrescendo_37_ret_b5_gn,srilankafactcrescendo_37,Fruits are successfully grown in empty lands in Thailand by simply dropping seeds out of vehicle windows !!,Social Media Users,"Thailand’s tropical climate and fertile soil is ideal for growing some of the world’s most delicious and exotic fruits. You’ll see fruits stalls in every corner of the country. You’ll also see people walking along busy streets, chomping on colourful, and, at times, weird-looking Thai fruits.",False,False,True,insufficient-neutral,srilankafactcrescendo
srilankafactcrescendo_37_ret_bn_g0,srilankafactcrescendo_37,Fruits are successfully grown in empty lands in Thailand by simply dropping seeds out of vehicle windows !!,Social Media Users,"Social media posts claim that fruits like mango, rambutan, and durian are successfully grown in empty lands in Thailand by simply dropping seeds out of vehicle windows. The posts further suggest this is a sustainable practice promoted by the Thai government and should be adopted in Sri Lanka. [...] The claim that mango, rambutan, and durian can be successfully grown in Thailand by dropping seeds from vehicle windows and that this is a government-promoted sustainable practice is false. Professional agricultural methods are used for growing these fruits, and the Thai government does not support or promote such a simplistic approach to planting. Title:Claims of Growing Fruits in Thailand by Dropping Seeds from Vehicles",False,False,True,refutes,srilankafactcrescendo
srilankafactcrescendo_38,srilankafactcrescendo_38,"Udeshika Prabodini, A Female Cricket Player Is Very Poor Financially !!",Social Media Users,"The claims circulating on social media about Udeshika Prabodini’s financial struggles and her use of public transportation are unfounded. Prabodini’s family is well-equipped with vehicles, and her choice is public transport as she does not favour driving vehicles.",False,True,True,refutes,srilankafactcrescendo
srilankafactcrescendo_38_ret_b0_gn,srilankafactcrescendo_38,"Udeshika Prabodini, A Female Cricket Player Is Very Poor Financially !!",Social Media Users,"Recently, social media has been abuzz with claims regarding Sri Lankan cricketer Udeshika Prabodini. The posts suggest Prabodini, who is 38 and one of the senior-most players in the team, is financially struggling. Prabodini played a key role in Sri Lanka's recent Asia Cup victory as the opening bowler. [...] He emphasised that Udeshika has been playing for the Sri Lanka cricket team since 2008 and is financially stable. As a contract player, she gets a monthly salary in addition to the other special allowances all the team players get on special assignments and tours. [...] The claims circulating on social media about Udeshika Prabodini’s financial struggles and her use of public transportation are unfounded. Prabodini’s family is well-equipped with vehicles, and her choice is public transport as she does not favour driving vehicles.",False,False,True,refutes,srilankafactcrescendo
srilankafactcrescendo_38_ret_b3_gn,srilankafactcrescendo_38,"Udeshika Prabodini, A Female Cricket Player Is Very Poor Financially !!",Social Media Users,"Sri Lanka women’s cricket team’s premier fast bowler Udeshika Prabodhini has been talked about on social media stating that she is financially vulnerable because she was traveling home on the bus after winning the Asia Cup. [...] A surprise party was organized to welcome Her in the native village of Udeshika Prabodhini. We contacted Chandika Dinesh, a close friend of Udeshika’s family, who organized it. He said, ""we call her sister Suddi. This surprise was my idea, and it was organized by me and the youth of Diyapitigallana. There are two vehicles at Udeshika’s house. The information is not true. She doesn’t drive. So, if the car was sent to her home driven by her younger brother, she would not have liked it. So, we asked her to travel by the highway bus. ""Poverty is one thing, simplicity is another,"" said Chandika Dinesh. He said that the surprise party was held very successfully, and the event was posted on social media and that the information about Udeshika Prabodhini was false. Accordingly, factseeker confirms that the information circulating on social media about Sri Lanka women’s fast bowler Udeshika Prabodhani being poor is not true.",False,False,True,refutes,srilankafactcrescendo
srilankafactcrescendo_38_ret_b5_gn,srilankafactcrescendo_38,"Udeshika Prabodini, A Female Cricket Player Is Very Poor Financially !!",Social Media Users,"Probodhani was included in the squad for the first T20 World Cup in 2009 in England and has played in every T20 World Cup since [...] Udeshika Probodhani is a veteran of the team, having played in 69 T20Is from her debut against Pakistan in 2009 until January 30, 2020. [...] Alongside playing for Sri Lanka, Probodhani has also represented Colombo Cricket Club Women and Colts Cricket Club Women alongside Sri Lankan vice-captain Harshitha Madavi.",False,False,True,insufficient-neutral,srilankafactcrescendo
srilankafactcrescendo_39,srilankafactcrescendo_39,Nutella has the potential to cause cancer !!,Social Media Users,"The debate around the safety of palm oil, particularly in products like Nutella, highlights the complexities of food safety and regulatory standards. While the European Food Safety Authority (EFSA) and other organisations have identified potential risks associated with compounds like Glycidol Ester (GE), 3-MCPD, and 2-MCPD formed during high-temperature refining of palm oil, more research is needed to understand the implications for human health fully.",False,True,True,insufficient-neutral,srilankafactcrescendo
srilankafactcrescendo_39_ret_bn_g12,srilankafactcrescendo_39,Nutella has the potential to cause cancer !!,Social Media Users,Nutella Fights Back Against Cancer Scare Concerns [...] Lovers of chocolate spread may have been shocked on Wednesday by news that an ingredient in Nutella could potentially cause cancer. Supermarkets in Italy have even begun removing some products from shelves that contain the offending ingredient - processed palm oil. But are people over-reacting or are the risks real?,False,False,True,insufficient-neutral,srilankafactcrescendo
srilankafactcrescendo_39_ret_bn_g4,srilankafactcrescendo_39,Nutella has the potential to cause cancer !!,Social Media Users,"Recently, people have become worried about the claim that Nutella, the popular chocolate-hazelnut spread, might cause cancer. This concern comes from the fact that Nutella contains refined palm oil. When palm oil is processed at high temperatures, it can create compounds that might cause cancer. Health authorities, like the European Food Safety Authority (EFSA), have reported the risks of these compounds. This has led to public debate and questions about the safety of eating products with refined palm oil. We recently discovered a claim circulating on social media platforms, including Facebook and Instagram, alleging that Nutella, the popular hazelnut spread, has the potential to cause cancer. [...] Title:Does Nutella have the potential to cause cancer?",False,False,True,insufficient-supports,srilankafactcrescendo
srilankafactcrescendo_39_ret_bn_g5,srilankafactcrescendo_39,Nutella has the potential to cause cancer !!,Social Media Users,"Could Nutella really cause cancer? Here's what you need to know [...] Lovers of chocolate spread may have been shocked on Wednesday by news that an ingredient in Nutella could potentially cause cancer. Supermarkets in Italy have even begun removing some products from shelves that contain the offending ingredient - processed palm oil. But are people over-reacting or are the risks real? [...] In May, Coop, Italy’s largest supermarket chain, pulled around 200 of its own-brand products from its shelves, because they contain refined palm oil, which some say may increase the risk of developing cancer. Nutella was not among the products removed.",False,False,True,insufficient-supports,srilankafactcrescendo
srilankafactcrescendo_39_ret_bn_g7,srilankafactcrescendo_39,Nutella has the potential to cause cancer !!,Social Media Users,"A controversy over palm oil threatens to cast a pall over Nutella, the delicious chocolate-hazelnut spread made by the Italian company Ferrero. Headlines like ""Nutella Can Cause Cancer, Study Warns"" have circulated across the internet this week, but is Ferrero really including an ingredient that might give consumers cancer? The study, released by the European Food Safety Authority (EFSA) last May, does not say that Nutella can cause cancer. What the study does say is that palm oil, an ingredient in Nutella, releases potentially carcinogenic chemicals when refined at high temperatures. Palm oil, derived from the fruit of palm trees, is used in plenty of food. When refined at around 200 degrees Celsius, the study says, palm oil releases a contaminant known as glycidyl fatty esters (GE) in higher levels than other vegetable oils. Previous studies have shown that GE can cause tumors in rats and mice, leading EFSA to characterize it as a ""potential health risk"" for children and anyone who consumes it in high amounts. [...] Nutella’s cancer risks may be overblown by the press, but there are still plenty of good reasons not to eat palm oil. Palm oil plantations have been linked to deforestation, air pollution, and illegal labor practices. Although Ferrero says it sources palm oil from sustainable plantations, it has still come under criticism from environmentalists. France’s ecology minister urged the public to ""stop eating Nutella"" in 2015, adding that it should be made with ""other ingredients.""",False,False,True,insufficient-refutes,srilankafactcrescendo
srilankafactcrescendo_4,srilankafactcrescendo_4,Ranil Has Been Selected As ADB President !1,Social Media Users,"Former Sri Lankan president Ranil Wickremesinghe has NOT been appointed as the next President of the ADB. The election process is still ongoing, and the final outcome will be announced at the end of November 2024.",False,True,True,refutes,srilankafactcrescendo
srilankafactcrescendo_4_ret_b0_g1,srilankafactcrescendo_4,Ranil Has Been Selected As ADB President !1,Social Media Users,"- ^ a b ""Ranil Wickremesinghe confirms presidential candidacy"". www.adaderana.lk. Archived from the original on 18 September 2024. Retrieved 21 August 2024. [...] - ^ ""Ranil to be sworn in as new President today"". Ada Derana. 21 July 2022. Archived from the original on 21 July 2022. Retrieved 21 July 2022. [...] - ^ ""CWC to back President Ranil in presidential poll"". www.adaderana.lk. Archived from the original on 18 September 2024. Retrieved 21 August 2024.",False,False,True,supports,srilankafactcrescendo
srilankafactcrescendo_4_ret_bn_g0,srilankafactcrescendo_4,Ranil Has Been Selected As ADB President !1,Social Media Users,"Former President Ranil Wickremesinghe Has NOT Been Selected as President of ADB! [...] A claim is being widely shared on social media stating that former Sri Lankan President Ranil Wickremesinghe has been selected as the next President of the Asian Development Bank (ADB) and will assume his duties in March 2025. We fact-checked this claim by reviewing mainstream media reports, consulting with the ADB Sri Lanka office, and verifying information from the official ADB website. [...] So, the claim that Ranil Wickremesinghe has been selected as ADB President is false. The election process is ongoing, and the winner will only be announced after November 28th.",False,False,True,refutes,srilankafactcrescendo
srilankafactcrescendo_40,srilankafactcrescendo_40,Trump Plagiarize from “Legally Blonde” !!,Social Media Users,"Based on the evidence available and the analysis conducted, the claim that Trump plagiarized his speech from ""Legally Blonde"" is false. While the viral video points out some similarities, it does not provide conclusive evidence to support the plagiarism claim. The context and intent of the speeches are different, and the phrases in question are common enough to appear in various forms in many speeches.",False,True,True,refutes,srilankafactcrescendo
srilankafactcrescendo_40_ret_b14_gn,srilankafactcrescendo_40,Trump Plagiarize from “Legally Blonde” !!,Social Media Users,"Donald Trump appeared to rip off a speech from Legally Blonde while giving a talk to university students in the US. A hilarious mash-up video, made by The Tonight Show Starring Jimmy Fallon, reveals striking similarities between Trump's words and the graduation speech given by Elle Woods at the end of the 2001 comedy film. [...] It's not the first time Trump has borrowed words from a film character.",False,False,True,insufficient-supports,srilankafactcrescendo
srilankafactcrescendo_40_ret_bn_g0,srilankafactcrescendo_40,Trump Plagiarize from “Legally Blonde” !!,Social Media Users,"The clip attained instant notoriety, in part because it was reminiscent of a scandal that erupted during the 2016 presidential campaign when Melania Trump gave a speech that borrowed heavily from one Michelle Obama delivered in 2008. A number of media outlets joined the Occupy Democrats Facebook page (see meme above) in sharing the Fallon clip under headlines declaring, with varying degrees of sarcasm, that Trump similarly ""plagiarized"" from ""Legally Blonde."" ""Trump's commencement address casts striking similarities to 'Legally Blonde,'"" noted Daily Mail Online with no detectable sense of irony (nor any apparent inability to discern what color hair Trump's hair is): [...] There is no basis in reality for suggesting that Trump copied any part of his speech from ""Legally Blonde,"" however. Albeit expertly done for comic effect, Fallon's TV montage used a very few cherry-picked moments from different parts of Trump's address to create the impression that the president echoed the Reese Witherspoon character's words:",False,False,True,refutes,srilankafactcrescendo
srilankafactcrescendo_40_ret_bn_g4,srilankafactcrescendo_40,Trump Plagiarize from “Legally Blonde” !!,Social Media Users,"Recently, a claim has been circulating that former President Donald Trump plagiarized parts of a speech from the movie ""Legally Blonde"" during one of his addresses. This rumor has gained traction across social media and has led to widespread speculation. Social Media Post Trump’s 2017 speech has recirculated with claims that Trump lifted phrases directly […] Recently, a claim has been circulating that former President Donald Trump plagiarized parts of a speech from the movie ""Legally Blonde"" during one of his addresses. This rumor has gained traction across social media and has led to widespread speculation. [...] Based on the evidence available and the analysis conducted, the claim that Trump plagiarized his speech from ""Legally Blonde"" is false. While the viral video points out some similarities, it does not provide conclusive evidence to support the plagiarism claim. The context and intent of the speeches are different, and the phrases in question are common enough to appear in various forms in many speeches.",False,False,True,refutes,srilankafactcrescendo
srilankafactcrescendo_40_ret_bn_g9,srilankafactcrescendo_40,Trump Plagiarize from “Legally Blonde” !!,Social Media Users,"President Trump Is Being Accused of Plagiarizing a Speech From ‘Legally Blonde’ Elle Woods for president. President Trump is accused of copying a Legally Blonde speech, and the similarities are uncanny. In a viral TikTok video by Truth Lies Shenanigans, the account, which goes by the handle @tlsliveshow, edits one of Donald Trump’s speeches with the speech that Reese Witherspoon‘s character, Elle Woods, gives at the end of Legally Blonde when she and the rest of her class graduate from Harvard Law School. (Watch the video here.) The speeches aren’t identical, but there are a lot of similarities between the messages and the words that both Trump and Elle use. This may be why the TikTok has been viewed more than 2 million times and has received more than 500,000 likes. Here’s how Truth Lies Shenanigans cut the TikTok to show the similarities between Trump and Elle’s speeches.",False,False,True,insufficient-neutral,srilankafactcrescendo
srilankafactcrescendo_41,srilankafactcrescendo_41,Oatmeal is Unhealthy !!,Social Media Users,"In conclusion, despite recent social media claims suggesting that oats have no nutritional value and inhibit mineral absorption, these assertions are unfounded. The primary concern about oats revolves around their phytic acid content, which can bind minerals and reduce their bioavailability. However, the impact of phytic acid on mineral absorption should be considered in context, as its effects vary depending on individual dietary patterns and overall nutritional intake. Furthermore, phytic acid also offers several health benefits, including antioxidant properties, potential cholesterol management, blood sugar regulation, and reduced risk of chronic diseases. Ultimately, consuming oats as part of a balanced diet can contribute to overall health and well-being, providing numerous benefits without leading to nutrient deficiencies.",False,True,True,refutes,srilankafactcrescendo
srilankafactcrescendo_41_ret_b5_gn,srilankafactcrescendo_41,Oatmeal is Unhealthy !!,Social Media Users,"Lately, social media has lit up with conflicting advice that is challenging some scrollers’ long-held beliefs about the benefits of oatmeal. So, we’re setting the record straight: Is oatmeal a healthy choice or not? We asked Elizabeth Hyde-Daddio, RD, a nutritionist at Northwell, to weigh in on different types of oatmeal, how to prepare it, and what nutritional value it provides. [...] In her professional view, rumors about any potential unhealthfulness of oatmeal are just that, and these social media theories can be disregarded. As with all food, however, Hyde-Daddio recommends being mindful of appropriate portion size as part of a healthy daily diet. [...] ""Sure, oatmeal could be unhealthy if you're putting all kinds of extra garbage in it—then you might as well be having a sundae,"" she says. But when you choose minimally processed oatmeal and avoid added sugar, ""oatmeal is a great-for-you food.""",False,False,True,refutes,srilankafactcrescendo
srilankafactcrescendo_41_ret_bn_g1,srilankafactcrescendo_41,Oatmeal is Unhealthy !!,Social Media Users,"Oats have long had a reputation for being one of the healthier foods you can choose for breakfast. But some people on social media have been calling this claim into question, suggesting that rather than being a healthy staple, oatmeal (and porridge, which is often made using oats) might in fact have no nutritional value whatsoever. However, while these claims have garnered plenty of media attention, there’s little evidence to back them up. Rather, the science overwhelmingly shows that oats can be beneficial for your health in many ways. One line of reasoning used to argue oats aren’t healthy is that eating them can lead to spikes in blood sugar (glucose). This seems to be linked to the rising use of glucose monitors by people who don’t have diabetes. These monitors may depict normal changes in blood glucose, which happen after we eat, as a ""spike"" in blood sugar.",False,False,True,refutes,srilankafactcrescendo
srilankafactcrescendo_42,srilankafactcrescendo_42,Presidential Election of SL Will Be Held On September 28 or October 5 !!,Social Media Users,"The official date for the presidential election in Sri Lanka is Saturday, September 21, and nominations will be accepted on August 15. Any other dates circulating on social media are incorrect. We urge everyone to rely on official announcements and refrain from sharing unverified information.",False,True,True,refutes,srilankafactcrescendo
srilankafactcrescendo_42_ret_b12_gn,srilankafactcrescendo_42,Presidential Election of SL Will Be Held On September 28 or October 5 !!,Social Media Users,"Colombo, May 9 (Daily Mirror) - The Election Commission formally announced that the 2024 Presidential election will be held on a day between September 17 and October 16. Issuing a notice signed by its chairman R.M.A.L. Ratnayake, the Election Commission said it will call for nominations to hold the Presidential election within the specified timeframe in terms of the provisions of the Constitution of Sri Lanka and the Presidential Elections Act No. l5 of 1981, and that by virtue of the powers vested with the Election Commission to fix the date for the election, it will hold the Presidential election between 17 September 2024 and l6 October 2024.",False,False,True,insufficient-contradictory,srilankafactcrescendo
srilankafactcrescendo_42_ret_b5_gn,srilankafactcrescendo_42,Presidential Election of SL Will Be Held On September 28 or October 5 !!,Social Media Users,"COLOMBO, Sri Lanka (AP) — Sri Lanka will hold its presidential election on Sept. 21 in a crucial vote that will decide the future of the South Asian nation still struggling to recover from its economic collapse in 2022, which provoked mass protests and forced the former President Gotabaya Rajapaksa to flee the country and later resign. [...] Namal Rajapaksa, the heir apparent to the once-powerful Rajapaksa clan, is also contesting. Namal’s candidacy will test whether his powerful clan — which has produced two presidents — can retain its hold on the country after many of its members were pushed into the political wilderness. His father, Mahinda Rajapaksa, is credited with crushing the Tamil armed separatist movement in 2009. [...] Sri Lanka has a powerful executive presidential system with the President being the head of state, government, cabinet and the armed forces. The prime minister has some powers like recommending Cabinet ministers.",False,False,True,refutes,srilankafactcrescendo
srilankafactcrescendo_43_ret_b11_gn,srilankafactcrescendo_43,China Has Chosen A Design Inspired By The Palestinian Flag For The Paris Olympics 2024 !!,Social Media Users,"Made-in-China 'Phryges' toys are surprise mascots for Paris Olympics 2024 The 2024 Paris Olympic Games Committee on Monday unveiled the mascot for the international sporting event. Organisers hope to sell two million of these made-in-China toys in the shape of the 'Phrygian' cap, a symbol of the French republic and revolutionary spirit. [...] The Paris 2024 Olympics Games organisers defended the fact that the toy replicas of the mascot are almost all ""made in China"".",False,False,True,insufficient-neutral,srilankafactcrescendo
srilankafactcrescendo_43_ret_b17_gn,srilankafactcrescendo_43,China Has Chosen A Design Inspired By The Palestinian Flag For The Paris Olympics 2024 !!,Social Media Users,"The Paris 2024 Olympic mascots are ... hats. Here's why [...] ""It's the French spirit that came to us, this French spirit that makes us a slightly out-of-the-ordinary nation,"" explained Paris 2024 Brand Director Julie Matikhine, in a video celebrating the mascots' unveiling. [...] For Paris 2024, it's a way to emphasize that despite differing appearances and events, athletes in the Olympics and Paralympics are just that: athletes.",False,False,True,insufficient-neutral,srilankafactcrescendo
srilankafactcrescendo_43_ret_bn_g1,srilankafactcrescendo_43,China Has Chosen A Design Inspired By The Palestinian Flag For The Paris Olympics 2024 !!,Social Media Users,"The claim: Image shows China's Olympic uniform inspired by Palestinian flag [...] ""China has chosen a design of the Palestinian flag for the Paris 2024 Olympics,"" reads the post's caption. [...] The photo was featured in a 2023 issue of Vogue China and doesn't show the 2024 Olympic design. China's uniform for the Paris Olympics is red and white.",False,False,True,refutes,srilankafactcrescendo
srilankafactcrescendo_43_ret_bn_g13,srilankafactcrescendo_43,China Has Chosen A Design Inspired By The Palestinian Flag For The Paris Olympics 2024 !!,Social Media Users,"A post shared on social media purports the Chinese athletes’ uniforms at the Paris Olympics were inspired by the Palestinian flag. [...] A post shared on Facebook alleged Chinese athletes are wearing uniforms at the Paris Olympics that were inspired by the colors of the Palestinian flag. The image shows a woman holding a bow with red fabric attached while wearing a green top with black pants. The caption reads, ""China has chosen a design of the Palestinian flag for the Paris 2024 Olympics. World’s most loved country. We will NEVER stop sharing. ᖴᖇᗴᗴ ᑭᗩᒪᗴSTIᑎᗴ !!""",False,False,True,insufficient-supports,srilankafactcrescendo
srilankafactcrescendo_44,srilankafactcrescendo_44,"Income Tax Refund Of Rs 15,490 Approved For Taxpayers !!",Social Media Users,"In conclusion, the viral message claiming an income tax refund of Rs 15,490 is a scam. Taxpayers in Sri Lanka and India should remain cautious and ensure they verify any such claims through official channels before sharing any personal information.",False,True,True,refutes,srilankafactcrescendo
srilankafactcrescendo_44_ret_b12_gn,srilankafactcrescendo_44,"Income Tax Refund Of Rs 15,490 Approved For Taxpayers !!",Social Media Users,"A message on social media claims that an revenue tax refund of Rs 15,490 has been approved for particular person taxpayers. In order to get it, the viral message declare that individuals must confirm their checking account numbers if these usually are not appropriate. The message has additionally a hyperlink to confirm the checking account. ""You have been approved an income tax refund of Rs. 15,490/-, the amount will be credited to your account shortly. Please verify your account number 5XXXXX6755. If this is not correct, please update your bank account information by visiting the link below,"" the viral message said. The viral message turned out to be faux. The central authorities’s nodal company’s reality examine division has refuted the viral message. It mentioned that Income Tax has not despatched this message. ""A viral message claims that the recipient has been approved for an income tax refund of Rs 15,490,"" PIB mentioned in a tweet, including that, ""Income Tax has not sent this message.""",False,False,True,refutes,srilankafactcrescendo
srilankafactcrescendo_44_ret_b1_gn,srilankafactcrescendo_44,"Income Tax Refund Of Rs 15,490 Approved For Taxpayers !!",Social Media Users,"A message on social media claims that an income tax refund of Rs 15,490 has been approved for individual taxpayers. In order to get it, the viral message claim that people need to verify their bank account numbers if these are not correct. The message has also a link to verify the bank account. ""You have been approved an income tax refund of Rs. 15,490/-, the amount will be credited to your account shortly. Please verify your account number 5XXXXX6755. If this is not correct, please update your bank account information by visiting the link below,"" the viral message stated. The viral message turned out to be fake. The central government's nodal agency's fact check department has refuted the viral message. It said that Income Tax has not sent this message. ""A viral message claims that the recipient has been approved for an income tax refund of Rs 15,490,"" PIB said in a tweet, adding that, ""Income Tax has not sent this message.""",False,False,True,refutes,srilankafactcrescendo
srilankafactcrescendo_49,srilankafactcrescendo_49,Starbucks Changed Its Name To Vista Coffee!,Social Media Users,"Fact Crescendo found that the above social media claim is false. Starbucks did not change its name to Vista Coffee but closed one of its outlets in Terminal 1 at the Dublin Airport when its lease agreement expired. Following the closure, a brand called Vista Coffee began operating in the exact location as a temporary measure. This is not uncommon in the retail and hospitality industries, where temporary brands or concepts may occupy spaces previously used by well-known brands like Starbucks. At present, Starbucks also has three outlets at Dublin Airport.",False,True,True,refutes,srilankafactcrescendo
srilankafactcrescendo_49_ret_b8_gn,srilankafactcrescendo_49,Starbucks Changed Its Name To Vista Coffee!,Social Media Users,"In a world where brand identity is as crucial as the product itself, a recent flurry of social media posts claiming that global coffee behemoth Starbucks has rebranded to ‘Vista Coffee’ has caused quite the stir. Specifically, a Facebook post dated January 12, featuring images of a bustling coffee shop at an airport with the Vista Coffee signage, has sparked widespread speculation and misinformation. [...] Company’s spokesperson Jaci Anderson explicitly addressed the rumors, stating, ""We have not rebranded in any way – this is a false claim."" This statement was further corroborated by the absence of any credible news reports or official announcements from the company regarding a name change. Instead, the temporary Vista Coffee brand is a stopgap arrangement, continuing to serve Starbucks beverages until a new, permanent brand takes over the space later in the year. [...] The claim that Starbucks has changed its name to Vista Coffee is unfounded and misleading. Such rumors serve as a reminder of the rapid spread of misinformation in the digital age and the need for vigilance in discerning fact from fiction.",False,False,True,refutes,srilankafactcrescendo
srilankafactcrescendo_49_ret_bn_g0,srilankafactcrescendo_49,Starbucks Changed Its Name To Vista Coffee!,Social Media Users,"False claim Starbucks changed its name to 'Vista Coffee' | Fact check The claim: Starbucks changed its name to Vista Coffee [...] Starbucks has not changed its name, and the coffee shop pictured in the post is not a Starbucks operating in disguise. The chain closed a location in Dublin Airport, and a temporary brand called Vista Coffee is operating in the vacated location until a permanent brand takes it over later this year. The temporary brand sells Starbucks beverages in the interim.",False,False,True,refutes,srilankafactcrescendo
srilankafactcrescendo_49_ret_bn_g1,srilankafactcrescendo_49,Starbucks Changed Its Name To Vista Coffee!,Social Media Users,"False Claim Starbucks Changed Its Name to ‘Vista Coffee’ | Fact Check A Facebook post claiming Starbucks changed its name to Vista Coffee in Dublin Airport has been shared over 1,000 times in less than three weeks. The post shows pictures of a busy airport coffee shop named Vista Coffee, which is not a Starbucks operating in disguise. The chain closed a location in Dublin Airport, and a temporary brand called Vista Coffee is operating in the vacated location until a permanent brand takes it over later this year. The temporary brand sells Starbucks beverages in the interim. A Starbucks spokesperson stated that there are no credible news reports about the company changing its name and no such announcements on its website. The Dublin Airport explained that the new coffee shop replaced a Starbucks that closed in December 2023 and will continue to serve Starbucks products until a local brand moves into the space permanently in March. Bluebird Coffee Roasters and Wine Bar will be the local brand that takes over the space as part of a revamping of food and drink options at the airport.",False,False,True,refutes,srilankafactcrescendo
srilankafactcrescendo_49_ret_bn_g15,srilankafactcrescendo_49,Starbucks Changed Its Name To Vista Coffee!,Social Media Users,"Dated January 31, 2024, the piece above from Reuters discusses that Starbucks allegedly uses the name ""Vista Coffee"" in Ireland. To fact-check this claim, Reuters likely utilized a rigorous procedure to determine the credibility of the news. The fact-checking process possibly involved comparing Starbucks’s official information to ""Vista Coffee"" claims and studying company history from various official sources and coffee industry experts from credible organizations to verify this information and having done thorough fact-checking (ex, verifying with a Starbucks spokesperson and a spokesperson for Dublin Airport). Reuters concluded in the article that the claim of Starbucks changing its name in Ireland to ""Vista Coffee"" is untrue. The article outlines the sources and methods that debunked the claim, illustrating the significance of presenting accurate information and fact-checking as a counteroffensive tool for misinformation. Factual News Report: ""False claim Starbucks changed its name to ‘Vista Coffee’ | Fact check"" [...] Opinion Report: ""Starbucks changed its name to Vista Coffee sent at Dublin airport, Ireland""",False,False,True,refutes,srilankafactcrescendo
srilankafactcrescendo_5,srilankafactcrescendo_5,Electricity Bill To Be Reduced By 22.5% !!,Social Media Users,The social media claim that Anura Kumara Dissanayake has decided to reduce electricity bills by 22.5% is false. There has yet to be an official announcement from the government or the CEB regarding such a reduction. The confusion likely stems from misinterpreting a broader campaign promise about potential future cuts in electricity tariffs.,False,True,True,refutes,srilankafactcrescendo
srilankafactcrescendo_5_ret_b4_gn,srilankafactcrescendo_5,Electricity Bill To Be Reduced By 22.5% !!,Social Media Users,"Electricity tariffs in Sri Lanka will be reduced overall by 22.5% from Tuesday (July 16). Chairman of the Public Utilities Commission of Sri Lanka (PUCSL), Prof. Manjula Fernando said domestic tariff has been reduced by 27%. [...] Reduced from Rs.30 to Rs.18 - 91-120 units :",False,False,True,supports,srilankafactcrescendo
srilankafactcrescendo_5_ret_bn_g0,srilankafactcrescendo_5,Electricity Bill To Be Reduced By 22.5% !!,Social Media Users,"Amidst this backdrop, social media users are widely sharing a claim stating that the newly appointed president, Anura Kumara Dissanayake, will reduce electricity tariffs by 22.5%. This claim has garnered significant attention, particularly as the country deals with economic challenges, and any relief in utility bills is seen as welcome news. [...] Mainstream Media Coverage: To verify this claim, we thoroughly searched mainstream media outlets and official announcements. No credible media source or news report has mentioned any decision or plan to reduce the electricity bill by 22.5% now. However, a few months ago, the previous government reduced 22.5% of electricity tariffs. Related news articles can be read here and here [...] The social media claim that Anura Kumara Dissanayake has decided to reduce electricity bills by 22.5% is false. There has yet to be an official announcement from the government or the CEB regarding such a reduction. The confusion likely stems from misinterpreting a broader campaign promise about potential future cuts in electricity tariffs.",False,False,True,refutes,srilankafactcrescendo
srilankafactcrescendo_5_ret_bn_g2,srilankafactcrescendo_5,Electricity Bill To Be Reduced By 22.5% !!,Social Media Users,"Colombo (News 1st): PUCSL has announced a reduction in electricity tariff, effective from August. [...] Therefore, the Electricity tariff will be reduced by 22.5% effective from today. [...] The commission has also approved electricity tariff reductions for places of worship, hotels, and public spaces.",False,False,True,supports,srilankafactcrescendo
srilankafactcrescendo_50,srilankafactcrescendo_50,A Japanese journalist found i phone 13 in 1980 !!,Social Media Users,"Fact Crescendo found the claim as mentioned above is misleading. These visuals are originally from the Japanese series “The Woman Who Knew Too Much,” which was produced in 2023.",False,True,True,refutes,srilankafactcrescendo
srilankafactcrescendo_50_ret_b0_g0,srilankafactcrescendo_50,A Japanese journalist found i phone 13 in 1980 !!,Social Media Users,"Recently, a video clip was shared claiming that a Japanese journalist found an iPhone 13 in 1980. The claims in this video clip have been widely shared and reacted to by many Facebook users. However, Fact Crescendo’s fact-finding found that the claim posted on social media is misleading. [...] Fact Crescendo also found that, as of the release date of this article, no official information has been confirmed that a Japanese journalist did find the iPhone 13 in 1980. The claim of a Japanese journalist finding an iPhone 13 in 1980 is highly improbable and likely false. The iPhone series started with the original iPhone, which was released by Apple Inc. on June 29, 2007. Since then, Apple has released numerous iterations of the iPhone, with each new model introducing updated features, design changes, and technological advancements.",False,False,True,refutes,srilankafactcrescendo
srilankafactcrescendo_50_ret_b1_gn,srilankafactcrescendo_50,A Japanese journalist found i phone 13 in 1980 !!,Social Media Users,This is a little change of pace but related to more and more of what is being revealed. It does look like an iPhone and it would be hard to understand why someone in 1980 would be faking or know how to fake something like that. Curious what everyone thinks.,False,False,True,insufficient-supports,srilankafactcrescendo
srilankafactcrescendo_50_ret_bn_g2,srilankafactcrescendo_50,A Japanese journalist found i phone 13 in 1980 !!,Social Media Users,"A social media post casts doubt on the existence of the iPhone, asserting that a Japanese journalist filmed an iPhone 13 in 1980. The post includes visuals of a person holding a phone and claims the video, allegedly recorded in 1980, depicts people exploring abandoned Hiroshima, where an individual discovers an iPhone and mistakes it for a mirror (here & here). This article fact-checks the claim made in the post. Claim: A video recorded in 1980 shows a person discovering an iPhone 13. [...] To sum up, visuals from a recent 2023 Japanese series are being falsely shared claiming that an iPhone 13 was filmed in 1980.",False,False,True,refutes,srilankafactcrescendo
srilankafactcrescendo_51,srilankafactcrescendo_51,Salaries for state workers should be increased to Rs. 1000. - JVP,Social Media Users,"The claim that the JVP recently advocated for a Rs. 1000 salary for state workers is false. The JVP's last policy statement on this matter was made in 2019, and no recent updates have been issued. The information about President Wickremesinghe increasing the salaries to Rs. 1700 is accurate but has not yet been fully implemented.",False,True,True,refutes,srilankafactcrescendo
srilankafactcrescendo_51_ret_bn_g3,srilankafactcrescendo_51,Salaries for state workers should be increased to Rs. 1000. - JVP,Social Media Users,"On May 1, Sri Lankan President Ranil Wickremesinghe declared that his government was increasing estate workers’ daily wage to 1,700 rupees ($US5.72), up from the current 1,000 rupees. He made the announcement at a May Day rally organised by the Ceylon Workers Congress (CWC) at Kotagala in the Nuwara-Eliya district. [...] In April 2021, President Gotabhaya Rajapakse’s government announced a 1,000-rupee daily wage via a gazette notification in an attempt to undermine estate workers’ strikes for a higher wage. The PA initially rejected the increase only to accept it after judicial intervention. However, it then devised various methods, including increasing daily production targets, to avoid paying the higher daily wage. [...] The All Ceylon Workers Union, which is controlled by the Janatha Vimukthi Peramuna (JVP), has called for a 2,000-rupee daily wage for estate workers. It has no significant following in the estates, however, and always falls into line with the other unions’ pro-company wage policy.",False,False,True,insufficient-contradictory,srilankafactcrescendo
srilankafactcrescendo_51_ret_bn_g5,srilankafactcrescendo_51,Salaries for state workers should be increased to Rs. 1000. - JVP,Social Media Users,"‘Estate workers to be paid Rs.1,000 from March 1’ Responding to a question posed by JVP MP Anura Kumara Dissanayake on whether the estate workers would be paid Rs.1,000 from March 1 as declared by President Gotabaya Rajapaksa, Prime Minister Mahinda Rajapaksa said that the plantation companies had agreed to pay the increased wage. [...] ""Estate sector workers will get Rs.1,000 from March 1. The companies have agreed and they will pay,"" the Prime Minister said.",False,False,True,supports,srilankafactcrescendo
srilankafactcrescendo_51_ret_bn_g8,srilankafactcrescendo_51,Salaries for state workers should be increased to Rs. 1000. - JVP,Social Media Users,"Three trade unions, the Lanka Jathika Estate Workers Union (LJEWU), Ceylon Workers’ Congress (CWC) and the Joint Plantation Trade Union Centre (JPTUC), are signatories to the current collective agreement. In negotiating the new agreement they have demanded that basic salaries of workers be increased by Rs. 500-1000 a day. [...] ""Workers require at least a Rs. 1,000 salary. They have to deal with leeches and leopards and face the hot sun. They deserve better pay,"" he emphasised. [...] Some plantation workers lamented that life would be difficult for their families, even in the unlikely event that wages were increased to Rs. 1,000. Sivanaiyah Ladchumanan, a 51-year-old labourer, said even the ""reasonable demand"" of a basic wage of Rs. 1,000 would be inadequate to support a family of three as prices of goods, including those for basic needs, had increased significantly.",False,False,True,insufficient-supports,srilankafactcrescendo
srilankafactcrescendo_52,srilankafactcrescendo_52,Russia Declares War Against The USA!!,Social Media Users,The claim that Russia has declared war against the USA is unfounded and incorrect. The rhetoric from Russian officials reflects escalating tensions but does not amount to a declaration of war. Social media users should be cautious about misinterpreting or amplifying such statements without verifying the facts through reliable sources.,False,True,True,refutes,srilankafactcrescendo
srilankafactcrescendo_52_ret_bn_g1,srilankafactcrescendo_52,Russia Declares War Against The USA!!,Social Media Users,"The devastating Russian-Ukrainian war has been ongoing for several years, with the United States and NATO providing support to Ukraine. In this context, a significant amount of misleading information regarding the situation is being spread on social media. Social Media Posts Social media posts claim that Russia has declared war against the USA. FB | […] [...] Social media posts claim that Russia has declared war against the USA. [...] The claim that Russia has declared war against the USA is unfounded and incorrect. The rhetoric from Russian officials reflects escalating tensions but does not amount to a declaration of war. Social media users should be cautious about misinterpreting or amplifying such statements without verifying the facts through reliable sources.",False,False,True,refutes,srilankafactcrescendo
srilankafactcrescendo_52_ret_bn_g4,srilankafactcrescendo_52,Russia Declares War Against The USA!!,Social Media Users,"EXPERT INTERVIEWS — It’s a warning Russia has issued repeatedly since the first days of its February 2022 invasion of Ukraine: Don’t forget that we are […] More [...] The Putin doctrine is that whatever is bad for the U.S. has to be supported. Europe can be divided and picked off to isolate the U.S.. Iran is providing critical support for Russia against Ukraine. So is North Korea. Russia is allied to pariah countries that want to overthrow the international order. In effect, Putin has declared war on the west. He is fighting it on several fronts. Rather than just shore up Ukraine, we have to take the fight to Russia. [...] SUBSCRIBER + INTERVIEW – We say this often, but it really is a pivotal moment in Russia’s war against Ukraine. While Russian troops make small […] More",False,False,True,insufficient-neutral,srilankafactcrescendo
srilankafactcrescendo_53_ret_b4_g5,srilankafactcrescendo_53,EMF Radiation From Wi-Fi Routers Effects On Plant Growth And Human Health !!,Social Media Users,"Abstract: With the rapidly increasing number of artificial sources of electromagnetic fields, it needs research of their effects to living organisms. The most common object of these studies is primarily a human who is exposed to electromagnetic radiation in the environment, at home and at workplaces. In this area are also observed the changes in behavior of animals and plants caused by the high frequency electromagnetic radiation. Plants are very sensitive because they can perceive a lot of perceptions from the environment. In this article, we observed the effects of Wi-Fi radiation on the growth plants, namely garden cress. One sample was exposed to long-term electromagnetic radiation in the vicinity of Wi-Fi router. The second sample was exposed minimum to that radiation. It has been shown that long-term exposure of Wi-Fi radiation in the vicinity of the cress causes changes in growth and development as well as visible changes of discoloration and vitality. [...] The experiment has demonstrated the negative effects of Wi-Fi radiation on the plants of garden cress, but for the confirmation of that argument will be necessary to repeat this experiment. The result was the slowing of plants growth, physiological and metabolic changes and genetic mutations that can lead to death of the plants. It is therefore necessary to continue research this issue, to be able to more accurately describe the changes in plants caused by high-frequency electromagnetic fields.",False,False,True,insufficient-supports,srilankafactcrescendo
srilankafactcrescendo_53_ret_b7_gn,srilankafactcrescendo_53,EMF Radiation From Wi-Fi Routers Effects On Plant Growth And Human Health !!,Social Media Users,"To understand the impact of such electromagnetic radiations on plants, Capsicum annuum L. var. Pusa jwala was grown in the close vicinity of electromagnetic radiations emitted by Wi-Fi routers. [...] The seed germination in vicinity of Wi-Fi router was reduced to 75% and other growth related parameters like root and shoot length, leaf length, leaf width, leaf area index and fresh weight were significantly reduced. In Biochemical analysis, Chlorophyll pigments (Chl. a, b and total chlorophyll) were reduced by 4.8, 7.2 and 5.7 fold respectively and protein content reduced by 1.5 fold under influence of electromagnetic radiations. The product of lipid peroxidation (malondialdehyde) (18 fold) and proline content (10 fold) was increased synergistically. The electromagnetic radiations emitted by Wi-Fi router have negative influence on growth and biochemical response in Chilli plants.",False,False,True,insufficient-supports,srilankafactcrescendo
srilankafactcrescendo_53_ret_bn_g0,srilankafactcrescendo_53,EMF Radiation From Wi-Fi Routers Effects On Plant Growth And Human Health !!,Social Media Users,"Fact Checked By G. Rashmitha Diwyanjalee Concerns about the impact of Electromagnetic Field (EMF) radiation from Wi-Fi routers on both plant growth and human health have gained attention recently. Claims that Wi-Fi radiation can inhibit plant growth and pose health risks to humans need to be scrutinized. This article investigates the validity of these claims […] [...] Concerns about the impact of Electromagnetic Field (EMF) radiation from Wi-Fi routers on both plant growth and human health have gained attention recently. Claims that Wi-Fi radiation can inhibit plant growth and pose health risks to humans need to be scrutinized. This article investigates the validity of these claims by examining scientific studies and expert opinions. [...] The evidence suggests that EMF radiation from Wi-Fi routers can have some impact on plant growth, as demonstrated in several studies. However, the extent of this impact varies, and more research is needed to draw definitive conclusions. As for human health, while there are concerns about potential risks, most studies and expert reviews, including those by ICNIRP, indicate that typical exposure levels from Wi-Fi routers are unlikely to cause significant harm.",False,False,True,insufficient-neutral,srilankafactcrescendo
srilankafactcrescendo_53_ret_bn_g11,srilankafactcrescendo_53,EMF Radiation From Wi-Fi Routers Effects On Plant Growth And Human Health !!,Social Media Users,"Martin Pall, PhD (2018) has written thorough review of 23 controlled scientific studies on non-thermal Wi-Ft radiation and health related effects in animals, human cells and in humans. He documents sperm/testicular damage, neuropsychiatric abnormalities with EEG changes, endocrine changes, oxidative stress, cellular DNA, ptosis (cell death) and calcium overload. He notes that pulsed waves, which are typically used in wireless devices are much more damaging to cellular structures and effects are non-linear meaning there is not a typical dose response curve. Dr Pall also highlights research showing these effects can be cumulative and irreversible. [...] Plants Wi-Fi Radiation Effects - Radiofrequency radiations induced genotoxic and carcinogenic effects on chickpea (Cicer arietinum L.) root tip cells.(2017) Qureshi ST et al. Saudi Journal of Biological Sciences. Published online Feb 11, 2017. http://www.sciencedirect.com/science/article/pii/S1319562X16000589 - Review: Weak radiofrequency radiation exposure from mobile phone radiation on plants. (2016) Halgamuge MN. Electromagn Biol Med. 2016 Sep 20:1-23. http://www.ncbi.nlm.nih.gov/pubmed/27650031?dopt=Abstract - Influence of microwave frequency electromagnetic radiation on terpene emission and content in aromatic plants. (2014) Soran ML et al. J Plant Physiol. 2014 Jul 8;171(15):1436-1443. https://www.ncbi.nlm.nih.gov/pubmed/25050479 - Effects of olive leave extract on metabolic disorders and oxidative stress induced by 2.45 GHz WIFI signals. (2013) Salah MB et al. Environ Toxicol Pharmacol. 2013;36(3):826–34. https://www.ncbi.nlm.nih.gov/pubmed/23994945",False,False,True,insufficient-supports,srilankafactcrescendo
srilankafactcrescendo_54,srilankafactcrescendo_54,“Sarwajana Balaya Movement” Has Decided To Support National People’s Power (NPP),Social Media Users,"Based on the information obtained from direct statements by the leaders of the Sarwajana Balaya movement and the NPP, it is clear that the claims circulating on social media are unfounded. Both sides have explicitly denied any agreement or discussion about Sarwajana Balaya supporting the NPP. Therefore, the claim that the Sarwajana Balaya movement has decided to support the National People’s Power (NPP) is false. However, we can't deny the possibility of any private meetings.",False,True,True,refutes,srilankafactcrescendo
srilankafactcrescendo_54_ret_b5_gn,srilankafactcrescendo_54,“Sarwajana Balaya Movement” Has Decided To Support National People’s Power (NPP),Social Media Users,"Several nationalist political parties and civil society groups joined hands to form a new political movement titled ""Sarvajana Balaya"" in Colombo yesterday.",False,False,True,insufficient-neutral,srilankafactcrescendo
srilankafactcrescendo_54_ret_bn_g4,srilankafactcrescendo_54,“Sarwajana Balaya Movement” Has Decided To Support National People’s Power (NPP),Social Media Users,"Hettiarachchi said the March 12 Movement had already invited President Ranil Wickremesinghe, Samagi Jana Balawegaya (SJB) leader Sajith Premadasa, National People’s Power (NPP) leader, Anura Kumara Dissanayake, Sri Lanka Podujana Peramuna (SLPP) candidate Namal Rajapaksa, Sarwa Jana Balaya candidate Dilith Jayaweera and common Tamil candidate P. Ariyanethran.",False,False,True,insufficient-neutral,srilankafactcrescendo
srilankafactcrescendo_55,srilankafactcrescendo_55,Saudi Arabia Is The Only Country Without Rivers !!,Social Media Users,"The claim that Saudi Arabia is the only country in the world without rivers is incorrect. There are numerous other countries and territories without permanent rivers. While Saudi Arabia does not have any permanent rivers, it shares this characteristic with many other regions across the globe.",False,True,True,refutes,srilankafactcrescendo
srilankafactcrescendo_55_ret_b4_gn,srilankafactcrescendo_55,Saudi Arabia Is The Only Country Without Rivers !!,Social Media Users,"There are 19 countries around the world with no rivers in them. Most of the larger ones are in the Middle East, but a few are found in other locations like Europe or Pacific Islands. [...] Asia has 8 countries with no rivers and almost all are located on the Arabian Peninsula. The one exception is Maldives, which is a chain of islands in the Indian Ocean. [...] Saudi Arabia is the largest country in the world with no rivers at 830,000 square miles. Or put another way, it’s slightly more than 3 times the size of the state of Texas!",False,False,True,refutes,srilankafactcrescendo
srilankafactcrescendo_55_ret_b9_gn,srilankafactcrescendo_55,Saudi Arabia Is The Only Country Without Rivers !!,Social Media Users,"Which Countries Don't Have Rivers? There are 19 countries that do not have a river flowing within them. [...] Saudi Arabia is the biggest sovereign nation in the Middle East and the fifth largest Asian state. It is the biggest nation in the world without a river. It is also the only country with both the Persian Gulf and the Red Sea coasts. A considerable part of Saudi Arabia is made up of mountains, lowlands, and arid desert. Even though Saudi Arabia does not have permanent rivers, it has several wadis. Wadis are intermittently or permanently dry river beds. The supply of water in the country is characterized by a crucial investment in water distribution, seawater desalination and wastewater and sewerage treatment.",False,False,True,refutes,srilankafactcrescendo
srilankafactcrescendo_55_ret_bn_g10,srilankafactcrescendo_55,Saudi Arabia Is The Only Country Without Rivers !!,Social Media Users,"A post is being shared on social media claiming that Saudi Arabia is the only country in the world that does not have a river flowing within it. Let’s verify the claim made in the post. Claim: Saudi Arabia is the only country not having a permanent river flowing within it. Fact: A significant number of desert countries including the United Arab Emirates (UAE), Saudi Arabia, Libya, Yemen and a few very small islands and states like the Bahamas, Malta and Monaco do not have permanent rivers flowing within them. Saudi Arabia is not the only country that does not have a permanent river. Hence, the claim made in the post is MISLEADING.",False,False,True,refutes,srilankafactcrescendo
srilankafactcrescendo_55_ret_bn_g5,srilankafactcrescendo_55,Saudi Arabia Is The Only Country Without Rivers !!,Social Media Users,"False. Saudi Arabia is not the only country without permanent rivers. There are several other countries and territories around the world that also lack permanent rivers. Saudi Arabia is indeed a country without permanent rivers. Instead, it has numerous wadis, which are valleys that may contain water temporarily during periods of heavy rain but are generally dry. Examples of such wadis in Saudi Arabia include Wadi Aful, Wadi as Surr, Wadi al-Hamd, Wadi al-Jizl, and many others.More details can be read here [...] The claim that Saudi Arabia is the only country in the world without rivers is incorrect. There are numerous other countries and territories without permanent rivers. While Saudi Arabia does not have any permanent rivers, it shares this characteristic with many other regions across the globe.",False,False,True,refutes,srilankafactcrescendo
srilankafactcrescendo_56,srilankafactcrescendo_56,Elon Musk Is Giving Away Bitcoin Or Ethereum Freely !!,Social Media Users,The claims that Elon Musk is giving away Bitcoin and Ethereum are fraudulent. These scams use deceptive tactics to trick people into believing they can receive free cryptocurrency. It is essential to verify the legitimacy of such claims and avoid engaging with suspicious websites or groups. Always refer to official channels for accurate information regarding Elon Musk and his businesses.,False,True,True,refutes,srilankafactcrescendo
srilankafactcrescendo_56_ret_b14_gn,srilankafactcrescendo_56,Elon Musk Is Giving Away Bitcoin Or Ethereum Freely !!,Social Media Users,"I received a notification via Twitter that I had been added to Elon Musk’s CryptoCurrency Giveaway list. The scam account that was running this giveaway was named Elon Musk [redacted] with some obscure numbers at the end that I cannot remember. The account also had the same profile picture that the real Elon Musk used, as well. The instructions provided a link to [redacted]. On this website, there was a brief description of how the Tesla marketing team and Elon Musk created an exciting opportunity to further promote cryptocurrency by initiating a giveaway of Bitcoin and Ethereum. On this website, there was also a link to www.medium.com. The rules seemed very simple: you could opt for Bitcoin or Ethereum, and send a minimum amount of either one (0.025 Bitcoin or 0.5 Ethereum), and in turn, would receive double the amount that you sent, within a very short amount of time (minutes). The giveaway was advertised as first come, first serve, and would end after 5,000BTC/100,000ETH was given away. I did some quick investigating and it seemed very legit at the time, with hundreds of comments of fellow people having success and receiving their perspective amounts, with photo evidence.",False,False,True,insufficient-refutes,srilankafactcrescendo
srilankafactcrescendo_56_ret_b2_gn,srilankafactcrescendo_56,Elon Musk Is Giving Away Bitcoin Or Ethereum Freely !!,Social Media Users,"The fake ""Elon Musk’s Official Bitcoin & Ethereum Giveaway"" websites promote a supposedly exclusive giveaway event where Elon Musk is distributing free BTC or ETH to participants. The sites encourage users to visit a provided website, follow instructions, and double the ammount of crypto that is sent. [...] The ultimate goal of the ""Elon Musk’s Official Bitcoin & Ethereum Giveaway"" scam is to profit from stealing cryptocurrency and personal information from victims. [...] The ""Elon Musk’s Official Bitcoin & Ethereum Giveaway"" scam websites prey on unsuspecting cryptocurrency users with promises of free coins. They aim to profit off stealing funds and information from victims lured in by the fraudulent offers.",False,False,True,refutes,srilankafactcrescendo
srilankafactcrescendo_56_ret_b5_gn,srilankafactcrescendo_56,Elon Musk Is Giving Away Bitcoin Or Ethereum Freely !!,Social Media Users,"The Facebook page Elon Musk Official Pager is calling on users to take part in its ""biggest"" Bitcoin giveaway. [...] The ""Elon Musk Bitcoin giveaway"" is a scam that has affected thousands of people across the world. [...] According to a Coin Market Cap report, the ""Elon Musk"" crypto giveaway scam made at least $587,000 from unsuspecting people in 2022. Coin Market Cap is a price tracking website for cryptocurrencies.",False,False,True,refutes,srilankafactcrescendo
srilankafactcrescendo_56_ret_b6_gn,srilankafactcrescendo_56,Elon Musk Is Giving Away Bitcoin Or Ethereum Freely !!,Social Media Users,"Imagine waking up one day to find Elon Musk has launched an exciting new cryptocurrency giveaway celebration tied to SpaceX’s latest rocket launch. A YouTube video shows Musk announcing that SpaceX will distribute $100 million in free Bitcoin, Ethereum, Dogecoin and other tokens. All you need to do is visit the SpaceX website, send some crypto to a designated wallet address, and double your money! [...] The SpaceX cryptocurrency giveaway scams are elaborate ruses designed to deceive victims into transferring valuable digital assets into the wallets of opportunistic fraudsters. By impersonating Elon Musk and SpaceX, these cunning scammers have managed to pilfer millions in cryptocurrencies like Bitcoin, Ethereum and Dogecoin from unsuspecting users. [...] No. Any crypto giveaways promoting rewards in Bitcoin, Ethereum, Dogecoin or other assets tied to SpaceX or Elon Musk are completely fake. SpaceX has never actually conducted any crypto giveaways.",False,False,True,refutes,srilankafactcrescendo
srilankafactcrescendo_57,srilankafactcrescendo_57,Posting No-Consent Message Prevents Meta From Using Your Content For AI Training,Social Media Users,"Upon our fact-checking, along with information from Meta, confirms that user posts on Meta platforms cannot stop Meta from utilizing their content for AI training. To prevent their data from being used in this way, users must adhere to the procedures set by Meta. Spreading misleading chain messages can result in the dissemination of misinformation and cause confusion.",False,True,True,refutes,srilankafactcrescendo
srilankafactcrescendo_57_ret_b16_gn,srilankafactcrescendo_57,Posting No-Consent Message Prevents Meta From Using Your Content For AI Training,Social Media Users,"It added that users have ""rights related to how [your] information is used for AI at Meta,"" providing a link to a support page for 'Data Subject Rights.' [...] However, there was no option to completely opt out of, or give consent for data usage for AI model training. [...] Conclusion: Posting about not allowing Meta to use your posts and content to train its AI models does not effectively prohibit the company from doing so.",False,False,True,refutes,srilankafactcrescendo
srilankafactcrescendo_58,srilankafactcrescendo_58,Letter On Sajith’s Participation In ITN`s Debate With Anura !!,Social Media Users,"The letter circulating on social media, claiming that opposition leader Sajith Premadasa is ready to attend a debate with Anura Kumara Dissanayake on June 6, is fake. This has been confirmed SJB media secretary, and corroborated by an official letter from MP Nalin Bandara to ITN's chairman.",False,True,True,refutes,srilankafactcrescendo
srilankafactcrescendo_58_ret_b0_gn,srilankafactcrescendo_58,Letter On Sajith’s Participation In ITN`s Debate With Anura !!,Social Media Users,"Circulating Letter on Sajith's Participation in Debate with Anura Is Fake [...] The letter circulating on social media, claiming that opposition leader Sajith Premadasa is ready to attend a debate with Anura Kumara Dissanayake on June 6, is fake. This has been confirmed SJB media secretary, and corroborated by an official letter from MP Nalin Bandara to ITN's chairman. Title:Circulating Letter on Sajith's Participation in Debate with Anura Is Fake",False,False,True,refutes,srilankafactcrescendo
srilankafactcrescendo_58_ret_b1_gn,srilankafactcrescendo_58,Letter On Sajith’s Participation In ITN`s Debate With Anura !!,Social Media Users,"The letter purportedly written by Sajith to Anura, suggesting June 31st as a debate date, is fake. [...] Meanwhile, a letter is circulating on social media purportedly from the opposition leader responding to Anura Kumara. The letter claims that Sajith Premadasa expresses willingness to engage in a debate. However, he clarifies that he cannot accommodate the proposed dates in May due to prior commitments involving discussions with global economic experts. Premadasa suggests June 31st as a suitable date for the debate with Anura Kumara. [...] Title:The letter purportedly written by Sajith to Anura, suggesting June 31st as a debate date, is fake.",False,False,True,refutes,srilankafactcrescendo
srilankafactcrescendo_59,srilankafactcrescendo_59,Elon Musk Has Publicly Stated He Was Shocked From Hearing Hadunneththi`S Allegations,Social Media Users,"The social media posts claiming that Elon Musk was shocked by a Sri Lankan politician's statement labeling him an ""economic criminal"" are false. There is no evidence from reliable sources, including the alleged publisher Dasatha News, Elon Musk’s social media accounts, or international media, to support this claim. This appears to be a case of misinformation spreading on social media.",False,True,True,refutes,srilankafactcrescendo
srilankafactcrescendo_59_ret_b0_gn,srilankafactcrescendo_59,Elon Musk Has Publicly Stated He Was Shocked From Hearing Hadunneththi`S Allegations,Social Media Users,"Elon Musk has publicly endorsed an antisemitic conspiracy theory popular among White supremacists: that Jewish communities push ""hatred against Whites."" That kind of overt thumbs up to an antisemitic post shocked even some of Musk’s critics, who have long called him out for using racist or otherwise bigoted dog whistles on Twitter, now known as X. It was the multibillionaire’s most explicit public statement yet endorsing anti-Jewish views.",False,False,True,insufficient-neutral,srilankafactcrescendo
srilankafactcrescendo_59_ret_b14_gn,srilankafactcrescendo_59,Elon Musk Has Publicly Stated He Was Shocked From Hearing Hadunneththi`S Allegations,Social Media Users,"Elon Musk denies sexual misconduct allegations The world's richest man, Elon Musk, has denied claims that he groped and exposed himself to an employee at his SpaceX rocket company six years ago. [...] ""Those wild accusations are utterly untrue,"" he wrote on Twitter.",False,False,True,insufficient-supports,srilankafactcrescendo
srilankafactcrescendo_59_ret_b16_gn,srilankafactcrescendo_59,Elon Musk Has Publicly Stated He Was Shocked From Hearing Hadunneththi`S Allegations,Social Media Users,"- ""Elon Musk's Disturbing 'Truth'"". The Atlantic. November 16, 2023. Archived from the original on November 16, 2023. Retrieved November 16, 2023. [...] - ^ Elsesser, Kim (November 19, 2021). ""Weeks After Elon Musk's Tits Joke, Allegations Of Rampant Sexual Harassment Surface At Tesla"". Forbes. Archived from the original on November 19, 2021. [...] - ^ a b Hern, Alex (June 18, 2014). ""Elon Musk says he invested in DeepMind over 'Terminator' fears"". The Guardian. Archived from the original on December 11, 2017. Retrieved June 10, 2015.",False,False,True,insufficient-neutral,srilankafactcrescendo
srilankafactcrescendo_59_ret_b1_g0,srilankafactcrescendo_59,Elon Musk Has Publicly Stated He Was Shocked From Hearing Hadunneththi`S Allegations,Social Media Users,"Recently, a series of social media posts emerged claiming that Elon Musk said he was shocked to hear a Sri Lankan politician label him an ""economic criminal."" These posts prominently feature the logo of ""Dasatha,"" a well-known social media and web news channel. The context revolves around a statement made by Sunil Hadunneththi, a member of the National People's Power (NPP) executive committee in Sri Lanka, who later apologized publicly to Elon Musk. [...] An extensive review of Elon Musk’s social media accounts, including X, revealed no statements or reactions to the alleged comments by Sunil Hadunneththi. [...] Title:Elon Musk Has NOT publicly stated he was shocked from hearing Hadunneththi's Allegations",False,False,True,refutes,srilankafactcrescendo
srilankafactcrescendo_6,srilankafactcrescendo_6,Saliya Peiris said Hrak Kataa or Kanchpani Are not connected to Club Wasantha`s Murder !!,Social Media Users,"The claim that Saliya Peiris stated that ""Kanchipani"" and ""Harak Kataa"" are not connected to the murder of ""Club Wasantha"" is false. No such statement was made by him, and both mainstream media and A5 News have no record of such a claim. Saliya Peiris himself has denied the allegation. His involvement with Harak Kataa was limited to ensuring safety measures during a legal process and unrelated to any criminal defence.",False,True,True,refutes,srilankafactcrescendo
srilankafactcrescendo_6_ret_bn_g0,srilankafactcrescendo_6,Saliya Peiris said Hrak Kataa or Kanchpani Are not connected to Club Wasantha`s Murder !!,Social Media Users,"Saliya Pieris Did NOT Say that Drug Dealers ""Kanchipani"" & ""Harak Kataa"" Are Not Connected to the Murder of ""Club Wasantha"" [...] We reached out to Saliya Peiris for his response regarding this claim. He explicitly denied making any such statement about ""Kanchipani"" and ""Harak Kataa"" and their involvement in the murder of ""Club Wasantha."" [...] The claim that Saliya Peiris stated that ""Kanchipani"" and ""Harak Kataa"" are not connected to the murder of ""Club Wasantha"" is false. No such statement was made by him, and both mainstream media and A5 News have no record of such a claim. Saliya Peiris himself has denied the allegation. His involvement with Harak Kataa was limited to ensuring safety measures during a legal process and unrelated to any criminal defence.",False,False,True,refutes,srilankafactcrescendo
srilankafactcrescendo_60,srilankafactcrescendo_60,Walmart Has Returned To 24-Hour Operations!,Social Media Users,"The claim that Walmart is returning to 24-hour operations is false. Despite changes in pandemic conditions, the company has confirmed that it has no current plans to extend its operating hours back to 24 hours a day at the moment.",False,True,True,refutes,srilankafactcrescendo
srilankafactcrescendo_60_ret_b13_gn,srilankafactcrescendo_60,Walmart Has Returned To 24-Hour Operations!,Social Media Users,"A few days ago, numerous social media users claimed that Walmart would resume 24-hour operations in all its stores from August 14. The retail giant had stopped offering round-the-clock service in 2020 during the COVID-19 pandemic. A widely shared post on X, previously known as Twitter, stated, ""Walmart has announced that starting June 3rd, all locations in the U.S. will go back to 24 hours."" [...] Walmart has quashed the latest rumors suggesting a return to 24-hour operations. ""There are no current plans to return our stores to 24-hour operations,"" stated Walmart spokesperson Joe Pennington in an email to Snopes.",False,False,True,refutes,srilankafactcrescendo
srilankafactcrescendo_60_ret_bn_g10,srilankafactcrescendo_60,Walmart Has Returned To 24-Hour Operations!,Social Media Users,"A claim circulating on social media suggests that Walmart, a renowned global retail chain, is reverting to 24-hour operations. This claim has been widely shared across various platforms. [...] Contrary to the viral social media post, Walmart has not announced a return to 24-hour operations. In 2020, the company ceased 24-hour operations in response to the coronavirus pandemic and adjusted its store hours to operate from 6 a.m. to 11 p.m. local time. [...] The claim that Walmart is returning to 24-hour operations is false. Despite changes in pandemic conditions, the company has confirmed that it has no current plans to extend its operating hours back to 24 hours a day at the moment.",False,False,True,refutes,srilankafactcrescendo
srilankafactcrescendo_60_ret_bn_g17,srilankafactcrescendo_60,Walmart Has Returned To 24-Hour Operations!,Social Media Users,"Walmart said it plans to resume 24-hour operations at its stores in June 2024. [...] We found no evidence that Walmart will be resuming 24-hour operations, and a company spokesman refuted the viral rumor. Therefore we have rated this claim ""False."" [...] Frank, BrieAnna J. 'Fact Check: Walmart Has No Plans for Immediate Return to 24-Hour Operations'. USA TODAY, https://www.usatoday.com/story/news/factcheck/2022/08/14/fact-check-false-claim-walmart-resuming-24-hour-operations/10306685002/. Accessed 31 May 2024.",False,False,True,refutes,srilankafactcrescendo
srilankafactcrescendo_60_ret_bn_g19,srilankafactcrescendo_60,Walmart Has Returned To 24-Hour Operations!,Social Media Users,"This rumor is unfounded. Walmart isn’t resuming 24-hour operations. Walmart ceased 24-hour operations after the coronavirus pandemic started in 2020, adjusting its store hours to 6 a.m. to 11 p.m. local time. [...] ""Walmart has announced starting June 3rd all locations in the U.S. will go back to 24hrs,"" a May 29 Facebook post said.",False,False,True,refutes,srilankafactcrescendo
srilankafactcrescendo_61,srilankafactcrescendo_61,Piyumi Wijesekera’s Was Selected to a NASA’s Mars Mission !!,Social Media Users,Piyumi Wijesekera is not currently selected to go on an actual Mars mission. She is participating in a simulated mission as part of NASA’s research to prepare for future deep space exploration. The social media posts suggesting otherwise are inaccurate and misleading.,False,True,True,insufficient-refutes,srilankafactcrescendo
srilankafactcrescendo_61_ret_b4_g10,srilankafactcrescendo_61,Piyumi Wijesekera’s Was Selected to a NASA’s Mars Mission !!,Social Media Users,"- ^ ""NASA selects Piyumi Wijesekara among four volunteers in simulated mission to Mars"". www.msn.com. Retrieved 2024-04-23. - ^ ""Sri Lanka's Piyumi Wijesekara among NASA's new crew for next simulated Mars journey"". www.adaderana.lk. Retrieved 2024-04-23. - ^ ""Sri Lanka's Piyumi Wijesekara among new NASA crew for next simulated Mars journey | Daily FT"". www.ft.lk. Retrieved 2024-04-23.",False,False,True,supports,srilankafactcrescendo
srilankafactcrescendo_61_ret_bn_g0,srilankafactcrescendo_61,Piyumi Wijesekera’s Was Selected to a NASA’s Mars Mission !!,Social Media Users,"Misleading Posts About Piyumi Wijesekera's Participation in NASA's Simulated Mars Mission [...] The claim that Piyumi Wijesekera is going on a NASA mission to Mars is misleading. Piyumi Wijesekera, along with Jason Lee, Stephanie Navarro, and Shareef Al Romaithi, is part of NASA’s Human Exploration Research Analog (HERA) mission. This mission is a simulated Mars mission, not an actual space mission. The purpose of HERA is to study how crew members adapt to isolation, confinement, and remote conditions similar to what astronauts would experience on long-duration space missions. [...] Piyumi Wijesekera is not currently selected to go on an actual Mars mission. She is participating in a simulated mission as part of NASA’s research to prepare for future deep space exploration. The social media posts suggesting otherwise are inaccurate and misleading.",False,False,True,refutes,srilankafactcrescendo
srilankafactcrescendo_61_ret_bn_g12,srilankafactcrescendo_61,Piyumi Wijesekera’s Was Selected to a NASA’s Mars Mission !!,Social Media Users,"Sri Lanka’s Piyumi Wijesekara among new NASA crew for next simulated Mars journey [...] Sri Lanka’s Piyumi Wijesekera has been selected as one of NASA’s four new volunteer crew members for a simulated mission to Mars, taking place within a habitat at the agency’s Johnson Space Centre in Houston. [...] This crew marks the second group of volunteers to participate in a simulated Mars mission in HERA this year, with two more missions planned before the end of 2024. Piyumi Wijesekera, a postdoctoral research scientist at NASA Ames Research Centre in California’s Silicon Valley, specializes in developing tissue models to study the effects of spaceflight stressors on the human respiratory system.",False,False,True,supports,srilankafactcrescendo
srilankafactcrescendo_61_ret_bn_g6,srilankafactcrescendo_61,Piyumi Wijesekera’s Was Selected to a NASA’s Mars Mission !!,Social Media Users,"Sri Lankan born NASA scientist Piyumi Wijesekera being chosen for NASA’s simulated Mars journey [...] Sri Lankan born NASA scientist Piyumi Wijesekera has been chosen for NASA’s simulated Mars journey, NASA announced recently. [...] In a powerful inspirational leap for Women in science and a proud moment for Sri Lanka, Piyumi Wijesekera has been selected by NASA to participate in the next simulated Mars mission. This groundbreaking endeavor aims to prepare for future human exploration of the Red Planet.",False,False,True,supports,srilankafactcrescendo
srilankafactcrescendo_62,srilankafactcrescendo_62,The humans are carnivorous species !!,Dr. Janaka Wannaku,"Humans are not carnivores. Humans are omnivorous animal species. But with the evolution of the change in diet patterns, humans have faced the problem of gaining weight and more stored fat with modern lifestyle. A carnivorous diet is not the solution to controlling this issue. Having a balanced diet with all the nutrients will be the best option.",False,True,True,refutes,srilankafactcrescendo
srilankafactcrescendo_62_ret_b12_gn,srilankafactcrescendo_62,The humans are carnivorous species !!,Dr. Janaka Wannaku,"Are humans carnivores? You probably think you already know the answer; humans are omnivores. Right? [...] Humans are indeed carnivores. [...] When you think about the word carnivore, what comes to mind? Most people envision a pride of lions hunting zebras in the Serengeti, isolating the weakest member of the herd and savagely ripping its throat with razor-sharp teeth before a bloody feast. In truth, there’s a carnivore a little nearer and dearer to all of us. You only need to look in the mirror to catch a glimpse. Humans are carnivores.",False,False,True,supports,srilankafactcrescendo
srilankafactcrescendo_62_ret_b16_gn,srilankafactcrescendo_62,The humans are carnivorous species !!,Dr. Janaka Wannaku,"Expósito-Granados M, Castro A, Lozano J, Aznar-Sanchez J, Carter N, Requena-Mullor J et al (2019) Human-carnivore relations: conflicts, tolerance and coexistence in the American West. Environ Res Lett 14(12):123005. https://doi.org/10.1088/1748-9326/ab5485 [...] Lozano J, Olszańsk A, Morales-Reyes Z, Castro AA, Malo AF, Moleón M, Sánchez-Zapata JA, Cortés-Avizanda A, von Wehrden H, Dorresteijn I, Kansky R, Fischer J, Martín-Lópeza B (2019) Human-carnivore relations: a systematic review. Biol Conserv 237:480–492. https://doi.org/10.1016/j.biocon.2019.07.002",False,False,True,insufficient-neutral,srilankafactcrescendo
srilankafactcrescendo_62_ret_b7_gn,srilankafactcrescendo_62,The humans are carnivorous species !!,Dr. Janaka Wannaku,"The first humans were mega-carnivores who took down prey with savvy hunting skills, a controversial new study suggests. [...] The ancient human species Homo habilis was eating meat at least 2.6 million years ago, Ben-Dor said. Another early human species, Homo erectus, seems to have been a particularly enthusiastic meat eater by 1.8 million years ago; its teeth and gut shrank compared with earlier ancestors — adaptations for digesting meat instead of plants — and it used stone tools capable of butchering meat. [...] Despite the limited evidence from humanity's early evolution, the researchers said there is more work to be done to show whether these human ancestors truly were specialized carnivores. This might include more work on the abundance of animals of different sizes throughout the Pleistocene, explorations of genetic changes over time that would have altered humans' ability to digest different foods and comparisons of trends in prey size over time.",False,False,True,insufficient-supports,srilankafactcrescendo
srilankafactcrescendo_63_ret_bn_g0,srilankafactcrescendo_63,"A scene of Sri Lankan passengers of an overcrowded train in the morning ,on 15th June,2022 !!",Social Media Users,"Scenes of an over-crowded train on 15th June? (PHOTO) Find out the facts…￼ [...] Is this really the scenery a railway station in Sri Lanka on the morning of June 15, 2022? We decided to find out the facts behind this image. [...] Title:Scenes of an over-crowded train on 15th June? (PHOTO) Find out the facts…",False,False,True,insufficient-neutral,srilankafactcrescendo
srilankafactcrescendo_64,srilankafactcrescendo_64,Dasun Shanaka was selected for CSK !!,Social Media Users,CSK has not picked Dasun Shanaka; he is replacing the injured player Kane Williamson in the Gujarat Titans squad for IPL 2023.,False,True,True,refutes,srilankafactcrescendo
srilankafactcrescendo_64_ret_bn_g0,srilankafactcrescendo_64,Dasun Shanaka was selected for CSK !!,Social Media Users,"Dasun Shanaka Has Joined Gujarat Titans, Was NOT selected for CSK! [...] CSK has not picked Dasun Shanaka; he is replacing the injured player Kane Williamson in the Gujarat Titans squad for IPL 2023. [...] Title:Dasun Shanaka Was Picked Up by Gujarat Titans, not by CSK!",False,False,True,refutes,srilankafactcrescendo
srilankafactcrescendo_65,srilankafactcrescendo_65,Astronaut Buzz Aldrin Said The Moon Landing Was Fake,Social Media Users,"Fact Crescendo Cambodia found that the video clip and the claim on the above Facebook page are misleading. In fact, in the full video, Astronaut Buzz Aldrin described stories of his moon experiences in the entire video, and there was no point in the video depicting what he claimed or admitting that the moon landing was fake at all. There is plenty of evidence that the moon landing indeed did occur.",False,True,True,refutes,srilankafactcrescendo
srilankafactcrescendo_65_ret_b4_gn,srilankafactcrescendo_65,Astronaut Buzz Aldrin Said The Moon Landing Was Fake,Social Media Users,"If Your Time is short - Some social media users are sharing old footage of Buzz Aldrin commenting on how coverage of the moon landing was animated as evidence that the event was faked. Some coverage was animated — there wasn’t a camera on the moon before they landed — but we already knew that. A recent TikTok video being shared on Facebook suggests that the 1969 moon landing was fake, citing something Apollo 11 astronaut Buzz Aldrin said during an interview with then-late-night TV host Conan O’Brien. [...] We rate claims that Aldrin’s comments prove the moon landing was fake False.",False,False,True,refutes,srilankafactcrescendo
srilankafactcrescendo_65_ret_bn_g0,srilankafactcrescendo_65,Astronaut Buzz Aldrin Said The Moon Landing Was Fake,Social Media Users,"A video viewed more than 42,000 times on Instagram claims to show former astronaut Buzz Aldrin as he ""admits [the] Moon landing was fake"". [...] During his response Mr Aldrin says: ""I think I know… Because we didn't go there."" This part of his longer answer has been presented as proof that the 1969 Moon landing was faked—a longstanding conspiracy theory which we have written about before. [...] But this doesn’t mean Mr Aldrin ""admitted"" the Moon landing was faked. Here’s what Mr Aldrin said in full: ""That's not an eight-year-old's question. That's my question. I want to know. But I think I know. Because we didn't go there. And that's the way it happened.",False,False,True,insufficient-refutes,srilankafactcrescendo
srilankafactcrescendo_65_ret_bn_g14,srilankafactcrescendo_65,Astronaut Buzz Aldrin Said The Moon Landing Was Fake,Social Media Users,"A video of Apollo 11 astronaut Buzz Aldrin has racked up millions of views after it was shared with a false claim it shows him repeatedly saying the 1969 Moon landing was a hoax. The video comprises three different clips that have been taken out of context. One clip shows Aldrin taking part in a comedy sketch while the other two show him speaking about his legendary achievement. ""Buzz Aldrin admits Moon Landing was fake,"" says the caption of a video posted on a Philippine-based Facebook page on March 16, 2023. [...] In the video, Aldrin playfully defended O’Brien’s error by joking that he was actually the first man to land on the Moon and not Armstrong. He said just before leaving the space flight, he had switched space suits with Armstrong as a prank.",False,False,True,refutes,srilankafactcrescendo
srilankafactcrescendo_65_ret_bn_g8,srilankafactcrescendo_65,Astronaut Buzz Aldrin Said The Moon Landing Was Fake,Social Media Users,"Buzz Aldrin correctly noted during a 2000 appearance on ""Late Night with Conan O'Brien"" that news broadcasts covering the moon landing in 1969 used animated simulations (that were properly labeled as such) to give audiences a visual representation of the moon landing since there are no TV news cameras on the moon. He did not say the moon landing itself was fake. [...] Aldrin never says in this video that the moon landing was fake. The astronaut, who walked on the surface of the moon in July 1969, correctly informed Conan that contemporaneous news broadcasts of the landing used animations to give their audiences a visual representation of the moon landing. This makes sense: CBS News didn't have its own spacecraft to fly to the moon in advance of Apollo 11's flight in order to set up cameras to capture the historic moment. [...] This is hardly the first time that Aldrin's words have been misrepresented in order to claim that the moon landing was fake. In 2018, a video of Aldrin responding to a question from a child about why NASA stopped sending manned missions to the moon was misconstrued as if Aldrin had admitted that the moon landing was fake.",False,False,True,refutes,srilankafactcrescendo
srilankafactcrescendo_66,srilankafactcrescendo_66,Biden going to declare and activate the Selective Service Act and begins drafting 20 years old to war!!,Social Media Users,"In conclusion, the claim that President Biden announced plans to activate the Selective Service Act in response to threats from Russia and Iran, with specific reference to the year 2023, is not supported by credible sources, official statements, or legal processes. It is essential to rely on accurate and verified information from reputable sources when assessing the validity of such claims. This claim appears to be a piece of fabricated or AI-generated content without any basis.",False,True,True,refutes,srilankafactcrescendo
srilankafactcrescendo_66_ret_b1_gn,srilankafactcrescendo_66,Biden going to declare and activate the Selective Service Act and begins drafting 20 years old to war!!,Social Media Users,"A Twitter video claims to show Biden announcing a national draft. The video opens with President Joe Biden allegedly announcing the activation of the Selective Service Act and then switches to Jack Posobiec, a far-right commentator, commenting on the clip. [...] The video was also posted by The Post Millennial in a tweet. ""AI imagines what would happen if Biden declares and activates the Selective Service Act and begins drafting 20 years old to war,"" its caption reads. AI imagines what would happen if Biden declares and activates the Selective Service Act and begins drafting 20 years old to war pic.twitter.com/896Htrtteu — The Post Millennial (@TPostMillennial) February 27, 2023",False,False,True,insufficient-refutes,srilankafactcrescendo
srilankafactcrescendo_66_ret_b4_gn,srilankafactcrescendo_66,Biden going to declare and activate the Selective Service Act and begins drafting 20 years old to war!!,Social Media Users,"The Facebook video appears to show Biden mid-sentence, saying, ""invoke the Selective Service Act, as is my authority as president."" He continues, ""Remember, you’re not sending your sons and daughters to war. You’re sending them to freedom."" Text overlaid on the video reads, ""NO WAY The draft."" This is not genuine footage of Biden, however. The video was originally posted to X, the platform formerly known as Twitter, by The Post Millennial. Its caption reads, ""AI imagines what would happen if Biden declares and activates the Selective Service Act and begins drafting 20 years old to war."" AI imagines what would happen if Biden declares and activates the Selective Service Act and begins drafting 20 years old to war pic.twitter.com/896Htrtteu — The Post Millennial (@TPostMillennial) February 27, 2023",False,False,True,refutes,srilankafactcrescendo
srilankafactcrescendo_66_ret_bn_g12,srilankafactcrescendo_66,Biden going to declare and activate the Selective Service Act and begins drafting 20 years old to war!!,Social Media Users,"In this clip, Biden seemingly announces that he is reinstating the military draft for both men and women in order to help Ukraine's military. [...] ""AI imagines what would happen if Biden declares and activates the Selective Service Act and begins drafting 20 years old to war,"" the caption said. [...] Furthermore, the contents of the speech are both inaccurate and misleading. First, the fake Biden suggests that he can invoke the Selective Service Act under his presidential authority.",False,False,True,refutes,srilankafactcrescendo
srilankafactcrescendo_66_ret_bn_g6,srilankafactcrescendo_66,Biden going to declare and activate the Selective Service Act and begins drafting 20 years old to war!!,Social Media Users,"Jack Posobiec, a right-wing activist known for promoting the Pizzagate conspiracy theory, recently created a fake video of President Biden announcing a draft to send American soldiers to Ukraine. AI imagines what would happen if Biden declares and activates the Selective Service Act and begins drafting 20 years old to war pic.twitter.com/896Htrtteu — The Post Millennial (@TPostMillennial) February 27, 2023",False,False,True,refutes,srilankafactcrescendo
srilankafactcrescendo_67,srilankafactcrescendo_67,Canada Has Banned RSS !,Social Media Users,Fact crescendo found that the claim made along the video is False. Canada has not banned RSS. The viral video shows the CEO of the National Council for Canadian Muslims making some demands. He has no connection to the Canadian government.,False,True,True,refutes,srilankafactcrescendo
srilankafactcrescendo_67_ret_b1_gn,srilankafactcrescendo_67,Canada Has Banned RSS !,Social Media Users,"Amid the ongoing diplomatic rift, a video is going viral on social media with the claim that the Canadian government has banned Rashtriya Swayamsevak Sangh (RSS), a Hindu nationalist outfit and the parent organization of India's reigning Bharatiya Janata Party (BJP). In the video going viral, a man is seen presenting his case for four points of action, the last of which demands an immediate ban on RSS and removal of its agents from Canada under the provisions listed in the country's criminal code. While sharing this video on X (formerly Twitter) and Facebook, social media users have claimed that the Canadian government has issued an order to ban RSS with immediate effect and the agents of the organization to leave Canada (see archive versions here, here, here, here and here). [...] The claim that the Canadian government has banned RSS is false because Canada has not issued such an order. The person seen in the viral video is not a Canadian official but the CEO of a non-profit organization named NCCM. Therefore, we mark the viral claim false.",False,False,True,refutes,srilankafactcrescendo
srilankafactcrescendo_67_ret_b4_gn,srilankafactcrescendo_67,Canada Has Banned RSS !,Social Media Users,"Canada has not banned RSS – viral claim is false [...] A video of a person sharing the demand to ban RSS with the media is going viral. The words written on the viral video is Canada bans RSS with immediate effect and also remove it agents from Canada and he says, ""Together with the WSO, we today demand the immediate ban of the RSS organization and the expulsion of its activists from Canada subject to criminal prosecution.""The video is being circulated with the caption, ""Canada bans Rss in CANADA and removed all ties with INDIA. #viral video #indvscanada #khalistan #rss"" [...] Fact crescendo found that the claim made along the video is False. Canada has not banned RSS. The viral video shows the CEO of the National Council for Canadian Muslims making some demands. He has no connection to the Canadian government.",False,False,True,refutes,srilankafactcrescendo
srilankafactcrescendo_67_ret_b5_gn,srilankafactcrescendo_67,Canada Has Banned RSS !,Social Media Users,"Amid the diplomatic tension between Canada and India after the row over the killing Hardeep Singh Nijjar, a Pro-Khalistani leader in Canada, a video has gone viral on social media claiming that the Canadian government has banned the Rashtriya Swayam Sevak Sangh (RSS), a right-wing organisation in India. [...] A general search on Google revealed no such statement by the Canadian government to the effect that the RSS was banned in Canada. So, the claim that the Canadian government has banned the RSS is false. Claim: Canadian Government has banned RSS.",False,False,True,refutes,srilankafactcrescendo
srilankafactcrescendo_67_ret_b6_gn,srilankafactcrescendo_67,Canada Has Banned RSS !,Social Media Users,"Canadian government has banned RSS and has issued orders to its workers to leave Canada. pic.twitter.com/A0iOWIaxtW— Ashfaq Hassan (@BrigAshfaqHasan) September 23, 2023 [...] ""This is called Nation State. Canadian government has banned RSS and has issued orders to its workers to leave Canada,"" the X video’s caption purports. The video has been viewed over 5,000 times. The video purports to show a Canadian government official discussing the ban. [...] Likewise, Check Your Fact found no credible news reports suggesting the Canadian government had banned RSS and issued orders to its workers to leave Canada. Canadian Prime Minister Justin Trudeau also has not publicly announced the purported ban via his website or verified social media accounts.",False,False,True,refutes,srilankafactcrescendo
srilankafactcrescendo_68,srilankafactcrescendo_68,Sri Lankan Government Distributing Free Solar Panels To The General Public !!,Social Media Users,The claim that the Sri Lankan government currently distributes free solar panels to the general public is false. Individuals should exercise caution and verify the authenticity of such claims before sharing them on social media platforms.,False,True,True,refutes,srilankafactcrescendo
srilankafactcrescendo_68_ret_b16_gn,srilankafactcrescendo_68,Sri Lankan Government Distributing Free Solar Panels To The General Public !!,Social Media Users,"Soorya Bala Sangramaya is one of the most popular programs the Sri Lankan government launched to promote solar energy in Sri Lanka. This program introduces three types of methods to capture solar energy and convert it into electricity: on-grid, off-grid, and hybrid systems. And also this project includes three payment schemes named net metering, net plus, and net accounting schemes. [...] As a way to lessen its dependence on non-renewable energy sources, Sri Lanka has been gradually introducing solar energy. Due to the nation's rapid industrialization and urbanization, energy demand has increased, and the government has taken measures to satisfy this demand sustainably. The Sri Lankan government has set a goal of achieving 80% renewable energy generation by 2030 by utilizing solar panels and other renewable energy sources [1]. Sri Lanka has put in place a net metering scheme that allows people to install solar panels and sell any extra electricity they produce back to the national grid in order to encourage the use of solar energy. This method promotes the use of green energy, reduces electricity costs, and adds to the nation's energy supply. [...] However, implementing solar panels in Sri Lanka faces several barriers and challenges, such as high initial costs, payback period time, and more government support. To overcome these challenges, we recommended that the government reduce taxes, provide solar panel installation loans, and continue supporting initiatives such as the Soorya Bala Sangramaya.",False,False,True,insufficient-supports,srilankafactcrescendo
srilankafactcrescendo_68_ret_b2_gn,srilankafactcrescendo_68,Sri Lankan Government Distributing Free Solar Panels To The General Public !!,Social Media Users,"COLOMBO (News 1st): The Ministry of Power has planned to provide free solar panels to low-income earners. [...] ""Moreover, around Rs. 1500 will be paid to those who receive the 5W solar panels. They could earn around Rs. 10,000 after about 10-years,"" Minister Lokuge added. [...] ""The programme will be initially launched with solar panels installed at one house per Grama Niladhari Division, meaning 14,000 houses will receive free solar panels under the initial stage of the programme,"" Minister Gamini Lokuge said.",False,False,True,insufficient-supports,srilankafactcrescendo
srilankafactcrescendo_68_ret_b9_gn,srilankafactcrescendo_68,Sri Lankan Government Distributing Free Solar Panels To The General Public !!,Social Media Users,Sri Lanka paying households to produce solar energy [...] Sri Lanka has launched a scheme to encourage people to produce their own electricity. The government will provide solar panels to homes at a subsidised rate. [...] Currently 50% of Sri Lanka’s electricity is produced through renewable energy. The government wants to push this to 60% by 2020 and 70% by 2030.,False,False,True,refutes,srilankafactcrescendo
srilankafactcrescendo_68_ret_bn_g0,srilankafactcrescendo_68,Sri Lankan Government Distributing Free Solar Panels To The General Public !!,Social Media Users,A viral social media post asserts that the Sri Lankan government is launching a project to distribute free solar panels to the general public. [...] The claim that the Sri Lankan government currently distributes free solar panels to the general public is false. Individuals should exercise caution and verify the authenticity of such claims before sharing them on social media platforms. Title:False Claims of Sri Lankan Government Distributing Free Solar Panels to the General Public,False,False,True,refutes,srilankafactcrescendo
srilankafactcrescendo_69_ret_b5_gn,srilankafactcrescendo_69,Is 5G Radiation Harmful And Lethal For Birds And Humans?,Social Media Users,"Impact of 5G technology on human and animal health 28.2.2020 [...] While 5G networks will certainly offer a much faster internet connection, many are wondering whether the technology poses a health risk. The radiation from 5G mobile phones might be harmful for animals and birds too; for example, high-frequency electromagnetic waves are said to alter insects’ body temperatures and impair their ability to orient themselves. [...] - 1.What is the Commission’s assessment of the dangers that the 5G technology due to be deployed in the EU poses for human and animal health?",False,False,True,insufficient-neutral,srilankafactcrescendo
srilankafactcrescendo_69_ret_bn_g0,srilankafactcrescendo_69,Is 5G Radiation Harmful And Lethal For Birds And Humans?,Social Media Users,"It is claimed that 5G radiation is lethal and is the reason behind the death of many birds. [...] Fact Crescendo contacted Digit magazine editor Mithun Mohandas. According to him, ""5G radiation does not harm humans, birds or any other creatures. If that would have been the case, then the installation and testing of 5G tower would not have been approved. It has been many years since 5G has been installed in many countries but there are no reports of loss of any lives. People in relatively close quarters may face some problems due to heat. The research on this case is still going on."" [...] Fact Crescendo found that 5G radiation is not harmful or lethal to birds or humans. The claim in the post is false. Experts have assured that the radiation level in 5G is below the warning level.",False,False,True,refutes,srilankafactcrescendo
srilankafactcrescendo_69_ret_bn_g2,srilankafactcrescendo_69,Is 5G Radiation Harmful And Lethal For Birds And Humans?,Social Media Users,"The origin of this claim is as head-spinning as it is instructive, so let's untangle the knot: Does 5G really kill birds, and if not, why are so many people shouting about it online? The first part of this saga is fairly straightforward: No, 5G—the fifth generation of our mobile cellular network—does not kill birds. ""Radio wave emissions above 10 MHz from radio transmission antennas (including cell telephone towers) are not known to harm birds,"" says Joe Kirschvink, a biophysicist at the California Institute of Technology who specializes in magnetics, in an email. [...] The ""5G kills birds"" phenomenon was started by John Kuhles, who according to the fact-checking site Snopes, ""runs several anti-5G conspiracy websites and social media pages."" In a Facebook post last year, Kuhles claimed that a recent mass die-off of European Starlings in the Netherlands was caused by a 5G antenna test. Despite the fact that the local municipality never named a cause for the die-off, and the fact that the test Kuhles cites happened months before the die-off occurred, other Facebook pages and health blogs nonetheless picked up the post.",False,False,True,insufficient-refutes,srilankafactcrescendo
srilankafactcrescendo_69_ret_bn_g4,srilankafactcrescendo_69,Is 5G Radiation Harmful And Lethal For Birds And Humans?,Social Media Users,"Surprisingly, some people feel passionately that 5G signals are harmful to humans, despite there being zero credible evidence and zero physical plausibility. Some people believe that the secret purpose of installing 5G technology is to harm humans. The problem with this type of conspiracy theory (i.e., the widespread poisoning of public spaces by conspiring organizations) is that political and technology leaders are also human and also use public spaces. If the people responsible for implementing 5G technology were really causing harmful electromagnetic radiation to be broadcast into public spaces, they would also be harming themselves, their children and their loved ones. While there may indeed be a handful of evil or mentally ill people that are happy harming themselves and their loved ones while harming others, it is absurd to think that effectively all political and technology leaders, at all levels, in all countries, are happy harming themselves and their loved ones.",False,False,True,insufficient-refutes,srilankafactcrescendo
srilankafactcrescendo_7,srilankafactcrescendo_7,Milk Powder Prices will be reduced from midnight today !! (September 25),Social Media Users,"Based on the lack of mainstream media reports and direct statements from key milk powder suppliers in Sri Lanka, we can confirm that the claim about a reduction in the price of milk powder from midnight on September 25 is false. While there was a recent price reduction for locally produced Milko milk powder, no other major brands, including Anchor, Maliban, or Nestlé, are reducing their prices at this time.",False,True,True,refutes,srilankafactcrescendo
srilankafactcrescendo_7_ret_b18_gn,srilankafactcrescendo_7,Milk Powder Prices will be reduced from midnight today !! (September 25),Social Media Users,"Prices of imported milk powder will be reduced from this week, Minister of Trade, Commerce and Food Security Nalin Fernando announced today. Minister Nalin Fernando said that the prices of imported milk powder will be reduced between Rs.100 – Rs.150 per kilo.",False,False,True,insufficient-supports,srilankafactcrescendo
srilankafactcrescendo_70,srilankafactcrescendo_70,Three Generations Of Russian Gymnasts Performing Together !,Social Media Users,Fact Crescendo found the claim made along with the video to be False. The video depicts a team of Russian gymnasts who are not related to each other. The video was shot at the 2010 Acrobatic Gymnastics World Championships.,False,True,True,refutes,srilankafactcrescendo
srilankafactcrescendo_70_ret_bn_g3,srilankafactcrescendo_70,Three Generations Of Russian Gymnasts Performing Together !,Social Media Users,"Three generations of Russian Gymnasts performing are Grandmother, mother & daughter. This video highlights the performance of three talented Russian gymnasts as they participated in the 2010 Acrobatic Gymnastics World Championships. These three gymnasts are Aigul Shaikhutdinova, Ekaterina Stroynova, and Ekaterina Loginov. And they are not related with family connections to each other. Viral claim is False. As the Asian Games in China is going on, various claims related to sports have gone viral on social media. Recently a video of three talented gymnasts went viral with false claims. The claim states that – Three generations of Russian Gymnasts performing are Grandmother, mother & daughter. The viral post can be viewed by clicking here.",False,False,True,refutes,srilankafactcrescendo
srilankafactcrescendo_71,srilankafactcrescendo_71,Heated Argument Between Mark Zuckerberg And Elon Musk Over Meta Platforms’ Outage,Social Media Users,"In conclusion, there is no substantiated evidence to support the claim of a heated argument between Mark Zuckerberg and Elon Musk regarding the outage of Meta Platforms' services. The interaction between a parody account impersonating Zuckerberg and Elon Musk on social media does not reflect a real altercation between the two individuals. Without credible sources or verifiable evidence, the claim remains unsubstantiated and should be treated with skepticism. It's essential to rely on reputable sources and factual information when assessing such claims.",False,True,True,refutes,srilankafactcrescendo
srilankafactcrescendo_71_ret_b10_gn,srilankafactcrescendo_71,Heated Argument Between Mark Zuckerberg And Elon Musk Over Meta Platforms’ Outage,Social Media Users,"The Zuckerberg-Musk rivalry continues with the launch of Meta's 'Twitter killer' app Meta CEO Mark Zuckerberg and Twitter owner Elon Musk have long had a rivalry. That's now been put on vivid display with Zuckerberg taking aim at Twitter by launching the new social media app Threads. The war between Facebook parent company Meta and Twitter is heating up. Meta has just launched an app called Threads. It's been called a Twitter killer, putting Twitter on the defensive. It's just the latest instance of a long-running rivalry between the two tech billionaires Mark Zuckerberg and Elon Musk. NPR tech reporter Bobby Allyn joins us now. Welcome.",False,False,True,insufficient-supports,srilankafactcrescendo
srilankafactcrescendo_71_ret_b3_gn,srilankafactcrescendo_71,Heated Argument Between Mark Zuckerberg And Elon Musk Over Meta Platforms’ Outage,Social Media Users,"Elon Musk and Mark Zuckerberg are going to have a cage match, or at least that’s what they’ve been telling the world. The whole thing started in June because of an internal Meta meeting recording The Verge heard, in which Meta chief product officer Chris Cox said Meta’s Twitter competitor Threads would be ""sanely run"" in a clear jab at Musk’s Twitter reign. When a Twitter user warned Musk about Zuckerberg’s jiu-jitsu training, Musk responded that he was ""up for a cage match if he is lol."" Zuckerberg seemingly accepted in an Instagram post the same day. [...] Elon Musk says he’ll fight Mark Zuckerberg ""any place, any time, any rules.""Musk famously challenged the Meta CEO to a cage match last year that Zuckerberg agreed to but never happened. [...] Elon Musk and Meta CEO Mark Zuckerberg’s cage match will be livestreamed on Musk’s Twitter, which is currently rebranding to X, according to a post from Musk early this morning. Musk says the proceeds will go to charity for veterans.",False,False,True,insufficient-contradictory,srilankafactcrescendo
srilankafactcrescendo_71_ret_bn_g0,srilankafactcrescendo_71,Heated Argument Between Mark Zuckerberg And Elon Musk Over Meta Platforms’ Outage,Social Media Users,"Following a recent outage of Meta Platforms' services, including Facebook, Instagram, Threads, and Messenger, speculation emerged on social media platforms about a heated argument between Mark Zuckerberg and Elon Musk. In reality, a parody account impersonating Zuckerberg engaged in a conversation with Musk on a certain platform, claiming responsibility for the outage. However, it's crucial to distinguish between parody and reality and verify the authenticity of such claims. Social media posts circulating in Sri Lanka suggest that a heated argument occurred between Mark Zuckerberg and Elon Musk concerning the recent outage of Meta Platforms' services. According to these posts, Zuckerberg engaged in a conversation with Musk, who responded sarcastically regarding the outage. [...] In conclusion, there is no substantiated evidence to support the claim of a heated argument between Mark Zuckerberg and Elon Musk regarding the outage of Meta Platforms' services. The interaction between a parody account impersonating Zuckerberg and Elon Musk on social media does not reflect a real altercation between the two individuals. Without credible sources or verifiable evidence, the claim remains unsubstantiated and should be treated with skepticism. It's essential to rely on reputable sources and factual information when assessing such claims.",False,False,True,insufficient-refutes,srilankafactcrescendo
srilankafactcrescendo_74,srilankafactcrescendo_74,Drone-Operated Mobile Toilets In China!,Social Media Users,"During our investigation, it was confirmed that the viral photo posts indicating that China had produced a mobile toilet that travels through drone technology were false and fabricated. The image was created using Artificial Intelligence (AI).",False,True,True,refutes,srilankafactcrescendo
srilankafactcrescendo_74_ret_b1_g1,srilankafactcrescendo_74,Drone-Operated Mobile Toilets In China!,Social Media Users,AI-Generated Images Viral as Drone-Operated Mobile Toilets in China! [...] We first checked whether any mainstream media reported that China had recently carried out a drone-operated toilet of this kind. But we did not see such reports. [...] Title:AI-Generated Images Viral as Drone-Operated Mobile Toilets in China!,False,False,True,insufficient-neutral,srilankafactcrescendo
srilankafactcrescendo_74_ret_b3_gn,srilankafactcrescendo_74,Drone-Operated Mobile Toilets In China!,Social Media Users,"China’s Toilet Revolution is a prime example of the paradox of innovation in public service delivery. It has shown how centralized innovation planning can achieve an unparalleled degree of digital transformation, improving every aspect of service from user access to maintenance. However, such innovation has also proven to be a distraction from the key interests of the population it is expected to serve. [...] Although China’s Toilet Revolution has received positive reviews overall, a few problems have exposed underlying issues with its top-down program approach. [...] China’s Toilet Revolution experience is one of a kind. Quite unusually, this is a case where the expansion in physical infrastructure is preceded and aided by the rapid advance of digital infrastructure in the country. It was also undertaken in a highly centralized political environment which enabled a high level of efficiency in policy implementation. However, China’s experience does offer lessons to developing countries at comparable stages of development. Digitalization and centralization of sanitation services management is a vital enabler for innovation and reform. At the same time, implementation needs to be better conceived. To improve the rural component of the program, governments needs to reform their subsidy structure to account not only for the toilet but also the full list of capital and maintenance expenditure items. The exact rollout needs to be planned with respect to local income level, water, and climate conditions and subject to villagers’ consent. Further, there is a need to incorporate affordability and usage data into program evaluation.",False,False,True,insufficient-supports,srilankafactcrescendo
srilankafactcrescendo_74_ret_b5_gn,srilankafactcrescendo_74,Drone-Operated Mobile Toilets In China!,Social Media Users,"Smart mobile toilets at the Beijing 2022's Olympic medals plaza in Beijing, China. /Shenzhen General Institute of Architectural Design Research Technology has played a major role in China's battle against COVID-19, more so as it hosts the 2022 Winter Olympic Games. Smart mobile toilets have been a key feature of the Olympics' closed loop system and Beijing 2022 organizers say they have been an important player in the prevention of COVID-19. [...] Smart mobile toilets at Beijing 2022's alpine skiing and sliding competition venues in Yanqing District, Beijing, China. /Shenzhen General Institute of Architectural Design Research",False,False,True,insufficient-neutral,srilankafactcrescendo
srilankafactcrescendo_74_ret_bn_g2,srilankafactcrescendo_74,Drone-Operated Mobile Toilets In China!,Social Media Users,"Fact Check: Not a royal flush! AI pic viral as Chinese app-based mobile drone toilet [...] ""China has developed a mobile drone toilet that can be requested via an app remotely,"" claimed several tweets featuring a photo of a pristine white portable toilet fitted with propellers, sitting in the middle of what looks like a public park. The archived version of one such tweet can be seen here. [...] Shared on May 15, 2023, this post featured several other designs of similar mobile drone toilets. In these posts, Mulloor made it clear that these designs were made using Midjourney, a generative artificial intelligence program that generates images from ""prompts"", similar to OpenAI's DALL-E and Stable Diffusion.",False,False,True,refutes,srilankafactcrescendo
srilankafactcrescendo_75,srilankafactcrescendo_75,Facebook Decided To Charge For Social Media Usage From All Users!,Social Media Users,"It is important to clarify that the message in question is indeed false. The claim made in the Facebook post alleges that Mark Zuckerberg, the founder of Facebook, has announced plans to initiate charges for users of the social media platform. Additionally, the circulating post on social media encourages 25 Facebook users to share a specific message within a two-week period under the pretense of avoiding these purported charges.",False,True,True,refutes,srilankafactcrescendo
srilankafactcrescendo_75_ret_b0_gn,srilankafactcrescendo_75,Facebook Decided To Charge For Social Media Usage From All Users!,Social Media Users,"In September 2023, Facebook users shared a message that claimed the social media platform would soon be charging users $7.99 per month — that apparently being the only way users could continue to access the company's app and website. The posts also said that the supposedly bombshell tech news was reported by ""Channel 13 News."" . [...] So now they are doing it, we just saw on Channel 13 News, that Facebook will be charging all users starting Monday. You can do an ""opt-out"" by posting the above. Hold your fingers over and copy. Bye Bye ads However, Facebook did not make any announcements about charging users in order to use its services: not $4.99, as we previously reported, not $7.99, nor any other amount of money.",False,False,True,refutes,srilankafactcrescendo
srilankafactcrescendo_75_ret_b1_gn,srilankafactcrescendo_75,Facebook Decided To Charge For Social Media Usage From All Users!,Social Media Users,"In February 2023, a claim began to spread on social media platforms that Facebook would begin charging $4.99 per month to use the platform. [...] So now there doing it, we just seen on Channel 13 News that Facebook is charging all user's starting Monday. You can do a opt-out by this. Hold your fingers over and copy, it can't be a share they will know: I do not give permission to Facebook to charge 4.99$ a month to my account, also; all my picture's are property of myself and not Facebook. So now there doing it, we just seen on Channel 13 News that Facebook is charging all user's starting Monday. You can do a opt-out by this. Hold your fingers over and copy, it can't be a share they will know:",False,False,True,supports,srilankafactcrescendo
srilankafactcrescendo_75_ret_b2_gn,srilankafactcrescendo_75,Facebook Decided To Charge For Social Media Usage From All Users!,Social Media Users,"Did Facebook or its parent company Meta announce a plan to charge all of the platform's users $4.99 a month for access? Will copying and pasting a post about the change allow people to ""opt out"" or ""bypass the system""? No, none of that is true: Neither Facebook nor Meta made such an announcement as of this writing. Different variations of these claims have been debunked multiple times since 2009. [...] Just in case..... here we goI'm Opting Out too!So now they are doing it, recently announced on Facebook is charging all users starting Monday. You can do an opt-out by doing this. Hold your finger over this message and copy it. It can't be shared. I do not give permission for Facebook to charge $4.99 a month to my account, also; all my pictures are my property of mine and NOT Facebook's!!! [...] Facebook's help center explicitly refutes the speculations that the platform is going to charge all users for access:",False,False,True,refutes,srilankafactcrescendo
srilankafactcrescendo_76_ret_b1_gn,srilankafactcrescendo_76,China Is Not Ready To Amortize SL’s Outstanding Debt!(letter),Social Media Users,"The Chinese Embassy in Sri Lanka says a letter using the embassy’s official letterhead addressed to Sri Lanka’s President and Finance Minister on debt restructuring is false. The said letter which has been circulated on social media says China will not be able to amortise the outstanding debt and is instead ready to relax the repayment schedule by offering a 5-year moratorium on bilateral and commercial loan repayments. Refuting the letter, the Chinese Embassy in Sri Lanka stated that the letter circulating on social media, under its official letterhead and written to Sri Lankan President and Financial Minister, is completely forged.",False,False,True,refutes,srilankafactcrescendo
srilankafactcrescendo_76_ret_b5_gn,srilankafactcrescendo_76,China Is Not Ready To Amortize SL’s Outstanding Debt!(letter),Social Media Users,"China holds roughly 6.2 percent of Sri Lanka’s total central government debt – some as central government debt (around $670 million) but mostly as debt through state-owned banks like China EXIM Bank and China Development Bank (CDB), totaling around $7 billion. These loans have financed myriad projects: utilities, roads and highways (parts of the Southern Expressway and Central Expressway), ill-conceived ports and airports, vanity convention centers, and telecom towers. Consequently, questions around the value Sri Lanka received for these Chinese loans have lingered over the last decade. [...] Views taken by Chinese officials have changed over the weeks and months following Sri Lanka’s debt default decision. Immediately after the April 12th announcement, China’s Ambassador to Sri Lanka Qi Zhenhong said that ""China has done its best to help Sri Lanka not to default but sadly they went to the IMF and decided to default […] the debt restructuring definitely will have an impact on future bilateral loans."" Qi added – quite controversially – that ""[c]ountries that colonized Sri Lanka have more obligations to help at this juncture."" This came on the back of China rejecting a request (made by the Sri Lankan government in March 2022) to reschedule its loans. China instead offered refinancing – a new $1 billion loan to help repay part of the existing loans.",False,False,True,insufficient-supports,srilankafactcrescendo
srilankafactcrescendo_76_ret_b6_gn,srilankafactcrescendo_76,China Is Not Ready To Amortize SL’s Outstanding Debt!(letter),Social Media Users,"Crisis-hit Sri Lanka asks China to restructure its debt The president of crisis-hit Sri Lanka has asked China to restructure its debt repayments as part of efforts to help the South Asian country navigate its worsening financial situation. [...] China is Sri Lanka's fourth biggest lender, behind international financial markets, the Asian Development Bank and Japan.",False,False,True,insufficient-neutral,srilankafactcrescendo
srilankafactcrescendo_76_ret_bn_g0,srilankafactcrescendo_76,China Is Not Ready To Amortize SL’s Outstanding Debt!(letter),Social Media Users,"Forged Letter Goes Viral Claiming That China is Not Ready To Amortize SL's Outstanding Debt! [...] With such background, a letter has been circulating for weeks on social media. The letter says China cannot amortize Sri Lanka's loans as China is also suffering from economic problems due to the consequences of Covid 19 pandemic. [...] Title:The letter claiming that China is not ready to amortize the Outstanding Debt of Sri Lanka is Forged – Chinese Embassy in Colombo",False,False,True,refutes,srilankafactcrescendo
srilankafactcrescendo_77,srilankafactcrescendo_77,"Okapathana College- A School Located In Rathnapura District,Sri Lanka",Social Media Users,"There is no verifiable evidence to support the existence of Okapathana Vidyala or a village named Okapathana in Rathnapura, Sri Lanka. Claims circulating on social media about students' achievements from this purported school, including the creation of satellites, robots, etc., appear unfounded and should be treated with skepticism. It is essential to rely on credible sources and conduct thorough fact-checking before accepting or sharing information, especially regarding extraordinary and sensationalised claims.",False,True,True,refutes,srilankafactcrescendo
srilankafactcrescendo_77_ret_bn_g0,srilankafactcrescendo_77,"Okapathana College- A School Located In Rathnapura District,Sri Lanka",Social Media Users,"Okapathana College: Satire in a Digital Age & the Complexity of Audience Response [...] Confirmation from Education Department: The Sabaragamuwa Province Education Department, which oversees schools in the Rathnapura district, confirmed that Okapathana Vidyala is not situated in any location under its jurisdiction. [...] There is no verifiable evidence to support the existence of Okapathana Vidyala or a village named Okapathana in Rathnapura, Sri Lanka. Claims circulating on social media about students' achievements from this purported school, including the creation of satellites, robots, etc., appear unfounded and should be treated with skepticism. It is essential to rely on credible sources and conduct thorough fact-checking before accepting or sharing information, especially regarding extraordinary and sensationalised claims.",False,False,True,refutes,srilankafactcrescendo
srilankafactcrescendo_78,srilankafactcrescendo_78,Tyson Foods Teamed Up With Protix To Create Insect Protein for Humans !!,Social Media Users,"While Tyson Foods' partnership with Protix involves producing insect-based food products, these are intended for animal consumption and not for humans. Contrary to social media claims, there is no indication that Tyson Foods and Protix are collaborating to introduce insects into processed foods meant for human consumption. However, it's worth noting that edible insects can be a sustainable protein source for humans when adequately prepared and regulated.",False,True,True,refutes,srilankafactcrescendo
srilankafactcrescendo_78_ret_b10_gn,srilankafactcrescendo_78,Tyson Foods Teamed Up With Protix To Create Insect Protein for Humans !!,Social Media Users,"Tyson Foods has announced a strategic investment in Protix for more sustainable protein production. The companies stated that the investment will support the growth of the insect ingredient industry and expand the use of insect ingredient solutions. Tyson Foods, Inc., one of the world’s largest food companies, has reached an agreement for a two-fold investment with Protix, the leading global insect ingredients company. The strategic investment will support the growth of the emerging insect ingredient industry and expand the use of insect ingredient solutions to create more efficient sustainable proteins and lipids for use in the global food system. The agreement combines Tyson Foods’ global scale, experience and network with Protix’s technology and market leadership to meet current market demand and scale production of insect ingredients. Kees Aarts, CEO of Protix, said: ""We are very excited to announce the next step in our international growth strategy. Tyson Foods’ and Protix’s strategic partnership advances our joint work towards creating high-quality, more sustainable protein using innovative technology and solutions. Moreover, we can immediately use their existing byproducts as feedstock for our insects. This agreement is a major milestone for Protix and significantly accelerates our ambition to grow through international partnerships.""",False,False,True,insufficient-supports,srilankafactcrescendo
srilankafactcrescendo_78_ret_bn_g1,srilankafactcrescendo_78,Tyson Foods Teamed Up With Protix To Create Insect Protein for Humans !!,Social Media Users,"Tyson Foods teamed up with Protix To create Insect Protein for Animals, not for human consumption! [...] While Tyson Foods' partnership with Protix involves producing insect-based food products, these are intended for animal consumption and not for humans. Contrary to social media claims, there is no indication that Tyson Foods and Protix are collaborating to introduce insects into processed foods meant for human consumption. However, it's worth noting that edible insects can be a sustainable protein source for humans when adequately prepared and regulated. Title:Tyson Foods teamed up with Protix To create Insect Protein for Animals, not for human consumption!",False,False,True,refutes,srilankafactcrescendo
srilankafactcrescendo_79,srilankafactcrescendo_79,Zelensky Tell World Leaders To Spend All Their Money On Weapons To Attack Russia!!,Social Media Users,"The claim that Zelensky told world leaders to ""spend all your money on weapons"" is false. The viral quote is based on a misleading social media post that misrepresents Zelensky's words. The full interview clarifies that Zelensky was speaking about internal criticism within Ukraine, not about US support for the war.",False,True,True,refutes,srilankafactcrescendo
srilankafactcrescendo_79_ret_b1_gn,srilankafactcrescendo_79,Zelensky Tell World Leaders To Spend All Their Money On Weapons To Attack Russia!!,Social Media Users,"Ukraine war: Russian 'evil cannot be trusted', Zelensky tells UN ""Evil cannot be trusted,"" Ukrainian President Volodymyr Zelensky has told the UN General Assembly, as he urged the world to unite to end Russian aggression against his country. In a passionate speech in New York, Mr Zelensky said a nuclear-armed Moscow must be stopped from ""pushing the world to the final war"". [...] ""While Russia is pushing the world to the final war, Ukraine is doing everything to ensure that after the Russian aggression no-one in the world will dare to attack any nation,"" Mr Zelensky said to world leaders attending the annual General Assembly.",False,False,True,insufficient-supports,srilankafactcrescendo
srilankafactcrescendo_79_ret_b3_gn,srilankafactcrescendo_79,Zelensky Tell World Leaders To Spend All Their Money On Weapons To Attack Russia!!,Social Media Users,"Zelensky urges world leaders to stand with Ukraine as he presents ‘victory plan’ to UN [...] Ukrainian president Volodymyr Zelensky urged world leaders to stand with Ukraine in the war against Russia as he presented his ""victory plan"" to the UN General Assembly. [...] At the UN Security Council earlier in the week, Mr Zelensky argued that Russia needs to ""be forced into peace"", saying there’s no point in pursuing peace talks with Mr Putin.",False,False,True,insufficient-refutes,srilankafactcrescendo
srilankafactcrescendo_79_ret_b7_gn,srilankafactcrescendo_79,Zelensky Tell World Leaders To Spend All Their Money On Weapons To Attack Russia!!,Social Media Users,"Zelenskyy: I say [to] such person from government or mayors: Think about the war, think about how to defend our people. Don't travel through the world each day, travel to the front line. Ask people, ask soldiers what they need. Do this, not build roads for today. Don't do it. Spend all your money to the weapon, to the drones, to the society, to the pensions and et cetera. And don't cry. Because you are leaders and that's it. That's why, that's why we are and we stayed because mostly people are not crying. People stay and fight against Putin. And we don't have any enemies in our country. We can't have time for this and we don't have it. We have only one enemy, this is Putin, and that's it. So, in response to Baier's fourth question Zelenskyy did say, ""Do this, not build roads for today. Don't do it. Spend all your money to the weapon, to the drones, to the society, to the pensions and et cetera. [...] We have only one enemy, this is Putin, [...]."" However, his remarks weren't directed at Western countries or Western leaders, but instead at the Ukrainian leaders who had criticized him.",False,False,True,insufficient-refutes,srilankafactcrescendo
srilankafactcrescendo_8_ret_b4_gn,srilankafactcrescendo_8,"Just after NPP`s Victory, Gothabaya Says He Did NOT Steal Anything !!",Social Media Users,"They saw the record of public service of his rival pale in comparison with Gotabaya’s results achieved during the civil war years. Gotabaya’s pithy remark in his maiden speech after his victory: ""We knew right from the start that the main factor of this election victory is the Sinhalese majority of the country"" underlined his strength. It is true Gotabaya cuts corners to get results and in many cases trampled upon humanitarian laws during the Eelam war. There are a number of cases of corruption, cronyism, kidnapping and murder where his name is linked to alleged perpetrators. All these cases have been under investigation for over five years. In not even one major case has he been convicted. Even in the infamous White flag case where Field Marshal Sarath Fonseka accused him of ordering the killing of LTTE leaders who wanted to surrender, he was not found guilty. [...] Gotabaya’s victory with a good mandate has made Sinhalese constituency strong. So Tamils have to rework their strategy afresh to find equitable space, beyond mere whipping up of ethnic passions. Till then there is not much India can do in this traditional area.",False,False,True,insufficient-neutral,srilankafactcrescendo
srilankafactcrescendo_81_ret_b0_g0,srilankafactcrescendo_81,"Pipe Water In Colombo Not Suitable For Consumption, Due To Chlorine Shortage And Purification Issues",Social Media Users,"A number of Facebook posts both in English as well as Sinhala, requested public to be cautious about the tap water in Colombo, claiming that many instance of purge related sicknesses had been reported from the area. These posts pointed out that the causes of water contamination were the lack of power supply to purification centers as well as the shortage of Chlorine in the country. Below is one Facebook post. [...] Our inquiries revealed that the reports on social media claiming that pipe water in Colombo is unsuitable for consumption due to a shortage of chlorine and power supply issues are misleading. While Ceylon Electricity Board acknowledged that there were minor power cuts in some water treatment plant areas, National Water Supply Board assures that the water released after frequent tests are 100% safe and claims related to Chlorine supply are false as there are stocks lasting up to 6 more months. Furthermore, health authorities in Colombo and suburbs also have not come across any specific illness related to water contamination in the past few weeks. Title:Is Water in Colombo not suitable to drink due to Chlorine shortage and Purification issues? Find out the Facts…",False,False,True,refutes,srilankafactcrescendo
srilankafactcrescendo_81_ret_b3_gn,srilankafactcrescendo_81,"Pipe Water In Colombo Not Suitable For Consumption, Due To Chlorine Shortage And Purification Issues",Social Media Users,"In urban areas it is necessary to have high elevated storage facilities, such as storage water tanks on top of buildings, elevated water towers and ground storage reservoirs on top of hills or high elevated ground. At present Colombo city uses around 300,000 m3 of water on the average per day. Accordingly, the minimum high-elevated storage has to be 100,000m3 to 125,000m3, and ground-storage facilities should be 200,000 m3 to 175,000 m3. After the completion of the ongoing GCWRP project, the elevated storage in Colombo city will total up to 82,500 m3. After commissioning of Maligakanda new reservoir, a decision has to be taken ‘with regard to the Maligakanda rectangular concrete reservoir, which is around 125 years old, along with piping and valves. For this purpose a panel of experts may have to be appointed by the NWSDB for ascertaining their condition. This would need this reservoir and the components to be isolated from the distribution network for checking the condition for stability, whether they are suitable for further use or, whether they would have to be replaced with a new reservoir along with the other components.",False,False,True,insufficient-neutral,srilankafactcrescendo
srilankafactcrescendo_81_ret_b7_gn,srilankafactcrescendo_81,"Pipe Water In Colombo Not Suitable For Consumption, Due To Chlorine Shortage And Purification Issues",Social Media Users,"This present situation of pollution of these waters is causing serious problems for large populations in many of these districts. The water supply to Colombo, Gampaha and Kalutara is being supervised by the National Water Supply and Drainage Board, but in other districts people have to use the unclean water directly from these sources, without any protection or monitoring [...] The response by the government of Sri Lanka concerning the unsafe water and related health problem needs to be urgent and comprehensive. It needs to immediately address the problem at its source by effectively regulating, monitoring and reducing the use of toxic chemicals that enter the water system, both through the industrial and agricultural sectors. It also needs to extend its safe drinking water services to cover the entire population. It needs to improve the health services it provides to cater for the growing number of persons requiring long-term health treatment for chronic kidney disease. It also needs to engage in campaign of public information in order to provide grater disease prevention and protection for vulnerable groups and the wider population. The Asian Legal Resource Centre urges the Independent Expert on human rights, water and sanitation and other relevant Special Procedures to monitor this situation closely and provide recommendations to the government of Sri Lanka to assist it in resolving this problem before it worsens further.",False,False,True,insufficient-neutral,srilankafactcrescendo
srilankafactcrescendo_82,srilankafactcrescendo_82,An Organized Criminal Group Posing As Government Officials For TIN Registration in Sri Lanka!,Social Media Users,"There is no credible evidence to support the social media claims about an organised group posing as government officials requesting ID and TIN numbers. The Defense Ministry and the Ministry of Public Administration have not reported any such incidents, and there are no media reports substantiating the claims. Therefore, the social media posts can be considered misleading.",False,True,True,refutes,srilankafactcrescendo
srilankafactcrescendo_82_ret_b16_gn,srilankafactcrescendo_82,An Organized Criminal Group Posing As Government Officials For TIN Registration in Sri Lanka!,Social Media Users,"Sri Lanka’s tax system has been updated with a new requirement for everyone aged 18 years or more. The Inland Revenue Department of Sri Lanka has introduced a mandate under Section 102 of the Inland Revenue Act for resident persons’ registration. In this blog, we’ll dive into the specifics of TIN registration in Sri Lanka, explaining what this change means for you and guiding you through the registration process. Who Needs to Register for TIN Registration in Sri Lanka? [...] Got questions about the new TIN registration in Sri Lanka? Feeling overwhelmed? Don’t worry, we’re here to help! Our team is dedicated to guiding you smoothly through obtaining your TIN number, and we won’t stop there. We’ll also assist you with opening tax files, calculating your PAYE tax, and handling other tax-related matters. Our experts are here to provide advice and support, aiming to reduce your tax burden effectively. You’re not alone in this journey. Let us help you navigate the complexities of tax registration with ease.",False,False,True,insufficient-refutes,srilankafactcrescendo
srilankafactcrescendo_82_ret_b3_gn,srilankafactcrescendo_82,An Organized Criminal Group Posing As Government Officials For TIN Registration in Sri Lanka!,Social Media Users,"Furthermore, when it comes to organized criminal gangs in Sri Lanka, they get the patronage of certain ill-motivated politicians. On certain occasions, those criminal gangs provide security, financial support, commodities and services for these politicians. On the other hand, those certain ill-motivated politicians also offer security and support to keep the underworld operating. Therefore, officials who fight against organized criminal gangs faced various issues. Other organized crime groups in Sri Lanka, in addition to the underworld gangs, engaged in unlawful business ventures to generate significant profits while posing as respectable corporate entities. Human trafficking, the importation of commodities using false invoices, and the importation of prostitutes from other nations are prominent examples of their unlawful economic ventures. Foreign exchange fraud is a significant form of organized crime in Sri Lanka. With the recent records and updates, Sri Lanka has become a victim of the rising crime wave amidst the crisis. Beginning in June, there have been several shootings, which have sparked panic and increased feelings of insecurity throughout the entire community. It has been evident via in-depth investigations that the majority of the shootings were connected to the illicit drug trade taking place between various criminal gangs.",False,False,True,insufficient-supports,srilankafactcrescendo
srilankafactcrescendo_82_ret_bn_g0,srilankafactcrescendo_82,An Organized Criminal Group Posing As Government Officials For TIN Registration in Sri Lanka!,Social Media Users,No Evidence of An Organized Criminal Group Posing as Government Officials for TIN Registration! [...] Our search for media reports on the claimed organised group posing as government officials for TIN registration yielded no relevant results. There were no credible news articles or reports supporting the social media claims. [...] Title:No Evidence of An Organized Criminal Group Posing as Government Officials for TIN Registration !,False,False,True,refutes,srilankafactcrescendo
srilankafactcrescendo_84,srilankafactcrescendo_84,"The research unit of Akuressa Coop, led by NPP, has developed a novel wood apple mixed chocolate product !!",Social Media Users,"In conclusion, the wood apple chocolate innovation results from Suchindra Dilumge's entrepreneurial spirit and expertise, and there is no link to Akuressa Co-op or NPP. We encourage social media users to focus on accurate information, acknowledge the achievements of individuals like Suchindra Dilumge, and verify details before sharing to avoid the spread of misinformation.",False,True,True,refutes,srilankafactcrescendo
srilankafactcrescendo_84_ret_b2_gn,srilankafactcrescendo_84,"The research unit of Akuressa Coop, led by NPP, has developed a novel wood apple mixed chocolate product !!",Social Media Users,"The Akuressa Multi-Purpose Cooperative Society (MPCS) chaired by W. T. K. Rajapaksa won comprehensively at its election yesterday. Of the 58 Co-operative Societies of the Akuressa MPCS, Rajapaksa and his allies backed by the Janatha Vimukthi Peramuna (JVP) led ‘Committee to Safeguard the Cooperative Movement’ gained 38. Of the 100 representatives elected, 70 are from the Rajapaksa camp. A tense situation arose when the results of the tightly contested election was announced as Rajapaksa and his team made a clean sweep winning all nine seats. [...] Today, the Akuressa MPCS holds assets worth over Rs. 3,000 million including investments in retail outlets, a restaurant, a tea estate and a public transport venture. Rajapaksa said that a hospital was on the cards and a land had already been purchased in this regard.",False,False,True,insufficient-neutral,srilankafactcrescendo
srilankafactcrescendo_84_ret_bn_g0,srilankafactcrescendo_84,"The research unit of Akuressa Coop, led by NPP, has developed a novel wood apple mixed chocolate product !!",Social Media Users,"A viral social media post claims that the research unit of Akuressa Coop, led by NPP, has developed a novel wood apple mixed chocolate product. [...] Contrary to the misleading social media posts, there is no evidence linking Akuressa Coop or NPP to Dilumge's woodapple chocolate. The Chairman of Akuressa Coop confirms that they have not produced any such chocolate product. Akuressa Coop has not produced such a product, and the misinformation disassociates Dilumge from the credit he deserves. [...] Title:Innovative Wood apple Chocolate Products by Suchindra Dilumge, Not Linked to Akuressa Co-op or NPP",False,False,True,refutes,srilankafactcrescendo
srilankafactcrescendo_85_ret_b0_g7,srilankafactcrescendo_85,Beware Of Hoax WhatsApp Message Asking To Register For Free Laptops Offered By The Government…,WhatsApp Users,"A viral WhatsApp message asking you to apply for Students Laptop Scheme 2024 is a scam; there is no official announcement or information from any government or educational authority about such a scheme. A viral WhatsApp message claiming to offer students free laptops through the ""Students Laptop Scheme 2024"" is a hoax. [...] 211 Check has found out that the viral WhatsApp message claiming to offer free laptops to students through a government scheme for 2024 is a hoax. There is no legitimate information or official announcement about such a scheme, and the website linked in the message is likely a ploy to collect personal information fraudulently.",False,False,True,supports,srilankafactcrescendo
srilankafactcrescendo_85_ret_bn_g0,srilankafactcrescendo_85,Beware Of Hoax WhatsApp Message Asking To Register For Free Laptops Offered By The Government…,WhatsApp Users,"There are plenty of online hoaxes spread through social media platforms, especially through WhatsApp. At Fact Crescendo, we are always alert for such online frauds. Due to which we came across this WhatsApp message claiming that government was providing free laptop for the youth and requested users to get register to avail this offer. We […] There are plenty of online hoaxes spread through social media platforms, especially through WhatsApp. At Fact Crescendo, we are always alert for such online frauds. Due to which we came across this WhatsApp message claiming that government was providing free laptop for the youth and requested users to get register to avail this offer. [...] From our more investigation, we can confirm that the message being shared on WhatsApp and other messaging platforms claiming that the government is providing free laptops for youth and requesting to register via and external website link is fake. Government of Sri Lanka has also advised users not to fall for such frauds.",False,False,True,supports,srilankafactcrescendo
srilankafactcrescendo_85_ret_bn_g5,srilankafactcrescendo_85,Beware Of Hoax WhatsApp Message Asking To Register For Free Laptops Offered By The Government…,WhatsApp Users,"To avoid falling for the scam, WhatsApp users should follow the Stop, Think, Call method. [...] They are targeting the vulnerable IF YOU HAVE A VULNERABLE RELATIVE, FRIEND OR NEIGHBOUR PLEASE WARN THEM. [...] Don’t fall for their tricks.",False,False,True,supports,srilankafactcrescendo
srilankafactcrescendo_85_ret_bn_g9,srilankafactcrescendo_85,Beware Of Hoax WhatsApp Message Asking To Register For Free Laptops Offered By The Government…,WhatsApp Users,"A registration link is being shared widely on social media asking students to fill up so that they can get free laptops being provided by the government. The post claims that the government is providing free laptops as schools and colleges are closed due to COVID-19. Let’s fact-check the claim made in the post. Claim: Registration link to get free laptops being provided by the government. [...] On clicking the link given in the post, it redirects the user to a blog – ""https://registration-for-your-laptop.blogspot.com/"". If the government is providing laptops, it does the registration through an official portal, not through a blog. Also, on filling up the details in the registration form given on the website, it redirects again to a different page, where the user is asked to share the link with 10 other people to complete the registration. No government initiative or scheme asks people to share a link on WhatsApp to complete the registration. It is a fraudulent website.",False,False,True,supports,srilankafactcrescendo
srilankafactcrescendo_86,srilankafactcrescendo_86,Mount Everest During Winter !!,Social Media Users,"The viral image on social media does not depict the world’s tallest mountain peak, Mt.Everest. It is a slightly modified version of a photo captured by Greg Von Doersten on a glacier area in Haines, Alaska.",False,True,True,refutes,srilankafactcrescendo
srilankafactcrescendo_87,srilankafactcrescendo_87,"Since President RW Assumed Office In July 2022, Sri Lanka Has NOT Repaid Foreign Loans !!",Social Media Users,"The claims circulating on social media about Sri Lanka halting debt payments since July 2022 are inaccurate. The Ministry of Finance’s data confirms that significant debt repayments have been made, totaling nearly US$ 2 billion from mid-2022 to early 2024. The government continues to manage its financial obligations despite economic challenges.",False,True,True,refutes,srilankafactcrescendo
srilankafactcrescendo_87_ret_bn_g8,srilankafactcrescendo_87,"Since President RW Assumed Office In July 2022, Sri Lanka Has NOT Repaid Foreign Loans !!",Social Media Users,"-Human Rights Watch (Lanka-e-News -15.Jan.2023, 11.10 pm) The change of presidents of Sri Lanka in 2022 did not lead to any improvement in the country’s human rights record, Human Rights Watch said today(12) in its World Report 2023. During 2022, thousands of Sri Lankans too Read more >> [...] (Lanka-e-News-25.March.2022, 8.35 pm) President Gotabhaya Rajapaksa has agreed to set up a multi-billion dollar fund from the Tamil Diaspora for development in the North and East. The fund is not for repaying loans in Sri Lanka but only for development ac Read more >> [...] (Lanka-e-News-18.March.2022, 3.25 am) According to China's foreign financial sector information, it is reported that Sri Lanka has not been able to repay the foreign loan due to China. Sri Lanka owes $ 53.596 million to China Development Bank, $ 17 millio Read more >>",False,False,True,insufficient-supports,srilankafactcrescendo
srilankafactcrescendo_89,srilankafactcrescendo_89,A Rat Moved On The Space X Falcon 9 Engine On Its Way To Space,Social Media Users,"Our investigation found that the viral video depicting the mouse moving here and there on the outer surface is digitally manipulated and not natural. In the original video, there is an unclear moving object, and some researchers say it depicts crystalised waste from the rocket's engine. However, there is still no conclusion about it. But, it's improbable that a living animal can survive outside the rocket due to the circumstances.",False,True,True,insufficient-refutes,srilankafactcrescendo
srilankafactcrescendo_89_ret_b4_gn,srilankafactcrescendo_89,A Rat Moved On The Space X Falcon 9 Engine On Its Way To Space,Social Media Users,"A movement, which appears like a mouse scurrying away, on the flaming hot engines of Space X's Falcon 9, has left netizens believing that a mouse accompanied astronauts Bob Behnken and Doug Hurley on their historical journey to the International Space Station (ISS). [...] The ""mouse"" was spotted by a viewer who pointed out the ""rodent"" scurrying around the rocket's fuselage. Sharing the 23-second long clip on Twitter, the user, who goes by the name Beach Milk, wrote: ""Looks like a MOUSE hitchhiked a ride on Elon Musk's SpaceX rocket launch today! The mouse showed a truly amazing ability to withstand heat!""",False,False,True,insufficient-supports,srilankafactcrescendo
srilankafactcrescendo_89_ret_bn_g0,srilankafactcrescendo_89,A Rat Moved On The Space X Falcon 9 Engine On Its Way To Space,Social Media Users,"One can observe what looks something like a rat moving around the side of the second-stage rocket nozzle. [...] Under the acceleration of the rocket, the path along the narrowing crescent, in the direction the ""rat"" moves, is slightly ""downhill"". An object caught there would bounce around slightly with the vibration of the engine, and at some point could start migrating down along the arc of the manifold. Incidentally, in the absence of much, much more evidence, suggestions that this is a live rat on a filming set at low altitude, and that SpaceX's launch videos are faked, are not credible to me. Commercial, profit-driven corporations appear to give SpaceX a great deal of money to put expensive things into orbit. If you want me to believe that's not what's going on, the explanation needs to be simpler than my bouncing debris hypothesis.",False,False,True,insufficient-contradictory,srilankafactcrescendo
srilankafactcrescendo_9,srilankafactcrescendo_9,We don't have experience in Building the Country- Harini Amarasooriya,Social Media Users,The viral claim that Harini Amarasuriya admitted to a lack of experience in building the country is false and misleading. Her statement was taken out of context to create a narrative that does not align with her actual remarks. Amarasuriya clarified that the NPP does not have experience in mismanaging the country but is fully prepared to lead effectively and gain further experience in building the nation.,False,True,True,refutes,srilankafactcrescendo
srilankafactcrescendo_9_ret_b4_g11,srilankafactcrescendo_9,We don't have experience in Building the Country- Harini Amarasooriya,Social Media Users,"A bastion of authoritarian political men and policies took the country into issuing risky international sovereign bonds with a global financial architecture stacked against the global South. Add to that potent mix corruption amongst the political classes, vested business interests and structural failures in the economy, where (green) manufacturing was not promoted and the country’s populace is addicted to unaffordable imports. The debt crisis did not happen in a year or two but was decades in the making, with structural conditions unaddressed. It is, as Amarasuiriya, sassily quipped: ""We don’t have experience in bankrupting the country but we will gain experience in building the country"", when asked about the common criticism levied against the NPP on its lack of experience. [...] Amarasuriya is a member of the Progressive Women’s Collective, part of the NPP, with clear aspirations for working class women in the country even as she is conscious that feminist politics is not about pigeon-holing herself as the spokesperson for a narrow women’s caucus. Her feminist perspectives, too, came under attack when a self-made businessman, having lost his bid at the presidential election (as a Communist Party candidate), condemned Amarasuriya via social media for her ""external"" views and lifestyle: a dangerous woman, without saying as much.",False,False,True,refutes,srilankafactcrescendo
srilankafactcrescendo_90,srilankafactcrescendo_90,Climate Change is a tool used for Depopulation!!,Social Media Users,"In conclusion, the viral Facebook post accompanied by a video captioned ""Depopulation, Climate Change, and Weather Weapons :: 'Climate Change' is the Depopulation Agenda #Agenda2030"" raises concerns about potential misinformation. The video attempts to establish a connection between climate change, depopulation initiatives, and the utilization of weather weapons as part of a secretive agenda. This assertion claims that climate change is orchestrated deliberately to further a depopulation agenda, utilizing advanced technologies to manipulate weather patterns. Given the intricate and contentious nature of these topics, it is essential to critically analyze the presented information and assess its accuracy.",False,True,True,insufficient-refutes,srilankafactcrescendo
srilankafactcrescendo_90_ret_b3_gn,srilankafactcrescendo_90,Climate Change is a tool used for Depopulation!!,Social Media Users,"List of areas depopulated due to climate change This article lists several areas, regions, and municipalities that have either been completely or markedly depopulated, or are involved in plans for depopulation or relocation due to anthropogenic climate change. Several factors created or worsened by climate change can be responsible for necessitating managed retreat or the relocation of people and/or infrastructure. These include rising sea levels, increased flooding risk, changes to the makeup of the land (e.g. a habitable area becoming a wetland), coastal erosion, increased susceptibility to dangerous cyclones, droughts, water shortages, wildfires, and other factors, all of which can overlap with each other to enhance the risk of danger or inhabitability of a formerly populated region. [...] Lists [edit]Completely depopulated [edit]Significantly impacted [edit]Gallery [edit]See also [edit]- Climate migration - Environmental migrant - Managed retreat - List of landmarks destroyed or damaged by climate change",False,False,True,insufficient-neutral,srilankafactcrescendo
srilankafactcrescendo_90_ret_bn_g4,srilankafactcrescendo_90,Climate Change is a tool used for Depopulation!!,Social Media Users,"Penedo Model-Village, instrument to fight against depopulation against climate change",False,False,True,insufficient-supports,srilankafactcrescendo
srilankafactcrescendo_90_ret_bn_g8,srilankafactcrescendo_90,Climate Change is a tool used for Depopulation!!,Social Media Users,"Climate change and rural depopulation are changing the ecological and hydrological cycles in China. Data on the normalized difference vegetation index (NDVI), temperature, precipitation, streamflow, sediment and rural population are available for the Gan River basin from 1981 to 2017. We investigated the spatio-temporal variations in climate, human activity and vegetation mainly using the Mann–Kendall test and examined their relationship using the Granger causality test. The results showed that (1) the temperature markedly increased in all seasons; (2) the precipitation increased in summer and winter but decreased in spring and autumn; (3) overall, the NDVI increased markedly during 2005–2017, but showed seasonal differences, with decreases in summer and winter and increases in spring and autumn; (4) the annual sediment transport showed a significant decreasing trend and (5) a large number of the population shifted from rural to urban areas, resulting in a decrease in the rural population between 1998 and 2018. Rural depopulation has brought about farmland abandonment, conversion of farmland to forests, which was the factor driving the recovery of the vegetation and the decrease in sediment. The results of this study can provide support for climate change adaptation and sustainable development.",False,False,True,insufficient-neutral,srilankafactcrescendo
srilankafactcrescendo_91,srilankafactcrescendo_91,The CID Arrested The President Of The Kelaniya Student Union At the Airport !,Daily Mirror,"The individual arrested in connection with the 2022 freshman harassment incident on the University of Kelaniya campus was Sanjay Hettimulla, a student activist, not Kalum Mudannayake, the convenor of the University of Kelaniya Student Union. This confirmation was provided by Police Media Spokesperson Mr. Nihal Talduwa.",False,True,True,refutes,srilankafactcrescendo
srilankafactcrescendo_91_ret_b0_gn,srilankafactcrescendo_91,The CID Arrested The President Of The Kelaniya Student Union At the Airport !,Daily Mirror,"The CID Did NOT arrest the president of the Kelaniya Student Union; but another activist of the same union! [...] On the 26th, the mainstream media, including social media, had reported that Kalum Mudannayake, President of the University of Kelaniya's Students' Union, had been arrested by the Public Complaints Division of the Criminal Investigation Department. [...] Title:The CID Did NOT arrest the president of the Kelaniya Student Union; but another activist of the same union!",False,False,True,refutes,srilankafactcrescendo
srilankafactcrescendo_91_ret_b14_gn,srilankafactcrescendo_91,The CID Arrested The President Of The Kelaniya Student Union At the Airport !,Daily Mirror,"COLOMBO (News 1st) - The Chairman and an activist of the Student Union of the University of Kelaniya were arrested by Thalangama Police. [...] The Chairman of the Student Union of the University of Kelaniya Kelum Mudannayake, and activist Dilshan Harshana were arrested by Thalangama Police when they visited the Police Station to provide a statement.",False,False,True,refutes,srilankafactcrescendo
srilankafactcrescendo_91_ret_b6_gn,srilankafactcrescendo_91,The CID Arrested The President Of The Kelaniya Student Union At the Airport !,Daily Mirror,"The Kelaniya University Students’ Union President has been arrested by the Thalangama Police along with another student leader, after appearing before the Thalangama Police yesterday (2). [...] Attorney-at-Law Nuwan Bopage stated that the two student union leaders have been charged with allegedly damaging a gate during a protest, which was held near the Ministry of Education. The arrested students include Kelaniya University Students’ Union President Kelum Mudannayake and student union representative Dilshan Harshana, according to Police.",False,False,True,insufficient-contradictory,srilankafactcrescendo
srilankafactcrescendo_91_ret_bn_g0,srilankafactcrescendo_91,The CID Arrested The President Of The Kelaniya Student Union At the Airport !,Daily Mirror,"Kelum Mudannayake, the president of the Kelaniya University Students' Union, has been apprehended by the Public Complaints Division of the Criminal Investigation Department (CID) following his alleged involvement in a recent incident of ragging at the university. According to police sources, Mudannayake had been evading police prior to his arrest.",False,False,True,insufficient-supports,srilankafactcrescendo
srilankafactcrescendo_92,srilankafactcrescendo_92,US Ambassador Julie Chung Has Been Recalled To Washington !!,Social Media Users,"Our investigation found that the rumors stating that the US ambassador had been recalled to Washington, USA were false and baseless. The US embassy in Colombo confirms it.",False,True,True,refutes,srilankafactcrescendo
srilankafactcrescendo_92_ret_b13_gn,srilankafactcrescendo_92,US Ambassador Julie Chung Has Been Recalled To Washington !!,Social Media Users,"Julie Jiyoon Chung (Korean: 줄리 정, birth 1973[2]), birth name as Chung Ji-yoon (Korean: 정지윤; Hanja: 鄭智允),[4][5][3] is a Korean-American diplomat who has served as the United States Ambassador to Sri Lanka since 2022. She previously served as Acting Assistant Secretary and Principal Deputy Assistant Secretary for the United States Department of State's Bureau of Western Hemisphere Affairs (WHA).[1] Her first overseas assignment was in Guangzhou, China. Chung has later served in several posts in Japan, Vietnam, Thailand, Cambodia, Colombia and Iraq.[1] [...] In August 2014, Chung was assigned to be the Deputy Chief of Mission (DCM) for the Embassy Phnom Penh.[8] In August 2017, she was transferred back to the U.S. to serve as the Director for the Office of Japanese Affairs (EAP/J).[10] and served as Acting Deputy Assistant Secretary from February–September 2018. From November 2018 to January 2021 she served as the Principal Deputy Assistant Secretary in the Bureau of Western Hemisphere Affairs.[1] [...] US Ambassador Julie Chung has been accused by Sri Lankan parliamentarian, former minister Mr. Wimal Weerawansa of being involved in a conspiracy to overthrow former President Gotabaya Rajapaksa and his government. These allegations were made in Mr. Weerawansa's book, ""Navaya: Sengawunu Kathawa"" (Nine: The Hidden Story), and were also referenced during his speech at the book's launch on April 25, 2023.[14]",False,False,True,insufficient-supports,srilankafactcrescendo
srilankafactcrescendo_92_ret_b17_gn,srilankafactcrescendo_92,US Ambassador Julie Chung Has Been Recalled To Washington !!,Social Media Users,"Chung, Julie – Democratic Socialist Republic of Sri Lanka – August 2021 [...] Julie Chung, a career member of the Senior Foreign Service, class of Minister-Counselor, was most recently the Acting Assistant Secretary of the Bureau of Western Hemisphere Affairs at the U.S. Department of State. She has repeatedly demonstrated her ability to lead diverse interagency teams effectively and to provide strong leadership even in extreme security environments. As Chief of Staff in Baghdad, she coordinated civilian-military foreign assistance with thirteen agencies and sections, and managed the interagency Emergency Assistance Coordination Team in response to suicide bombings. In Bogota, she managed the U.S. government’s largest extradition program, including paramilitary and narco-trafficking cases. While working in the Office of Korean Affairs in Washington, she frequently traveled to North Korea to implement the U.S.-North Korea Agreed Framework. With extensive diplomatic experience across three geographic regions, Ms. Chung is well-qualified to be the U.S. Ambassador to the Democratic Socialist Republic of Sri Lanka. Ms. Chung was the Director and Acting Deputy Assistant Secretary for Japan in the Bureau of East Asian and Pacific Affairs, and served as Deputy Chief of Mission at the U.S. Embassy in Cambodia and Economic Counselor at the U.S. Embassy in Thailand. As the United States representative to the G24 in Bogota, she led initiatives focused on demining, labor, and human rights. She was a public affairs officer in Vietnam, an economic officer in Japan, and a consular officer in Guangzhou, China.",False,False,True,insufficient-neutral,srilankafactcrescendo
srilankafactcrescendo_92_ret_b2_gn,srilankafactcrescendo_92,US Ambassador Julie Chung Has Been Recalled To Washington !!,Social Media Users,"Nominated by President Joe Biden and confirmed by the U.S. Senate, Ambassador Julie Chung has been the U.S. Ambassador to Sri Lanka since February 2022. A career member of the Senior Foreign Service with the rank of Minister-Counselor, Ambassador Chung has previously held senior positions throughout the Indo-Pacific and Western Hemisphere. Prior to her current role, Ambassador Chung served as the Acting Assistant Secretary in the U.S. Department of State’s Bureau of Western Hemisphere Affairs. She also has extensive experience in the Bureau of East Asian and Pacific Affairs, including as the Acting Deputy Assistant Secretary for Japan, Deputy Chief of Mission in Cambodia, and Economic Counselor in Thailand. In addition, she has served at the U.S. embassies in Iraq, Colombia, Vietnam, and Japan, and the U.S. Consulate in Guangzhou, China. She also served as an advisor on nonproliferation discussions of the Agreed Framework with North Korea while working in the Office of Korean Affairs in Washington. As a child, Ambassador Chung immigrated to the United States from Korea and was raised in Huntington Beach, California. She received a B.A. in Political Science from the University of California San Diego and an M.A. in International Affairs from Columbia University and joined the Foreign Service in 1996 in the first cohort of the Thomas R. Pickering Fellowship program. Ambassador Chung has been the recipient of numerous awards, including the Presidential Rank Award and the Secretary’s Distinguished Honor Award, and speaks Korean, Japanese, Spanish, and Khmer.",False,False,True,insufficient-neutral,srilankafactcrescendo
srilankafactcrescendo_92_ret_bn_g0,srilankafactcrescendo_92,US Ambassador Julie Chung Has Been Recalled To Washington !!,Social Media Users,"US Ambassador Julie Chung Has Not Been Recalled to Washington – US Embassy in Colombo [...] Furthermore, the US Embassy in Colombo confirms that the US Department of State had not taken any decision to recall Ambassador Julie Chung to Washington, and the Tweet is entirely fake. [...] Title:US Ambassador Julie Chung Has Not Been Recalled to Washington – US Embassy in Colombo",False,False,True,refutes,srilankafactcrescendo
srilankafactcrescendo_93,srilankafactcrescendo_93,Is This A Soldier Using A Modern Mobile Phone During World War II? Check Out The Truth…,Social Media Users,"Our fact check reveals that the image of the German soldier in a World War II uniform, carrying a modern mobile phone was actually taken during the filming of a six-part mini-series called Bohéma about the film industry in Czechoslovakia from 1938 to 1953 in the year 2016.",False,True,True,refutes,srilankafactcrescendo
srilankafactcrescendo_93_ret_bn_g1,srilankafactcrescendo_93,Is This A Soldier Using A Modern Mobile Phone During World War II? Check Out The Truth…,Social Media Users,"A using a mobile phone during the second World War, when mobile phones were unheard of, seems too good to be true. But, a black and white image showing a soldier using mobile phone has surfaced on social media claiming that the image is of an ally soldier using a mobile during the second World […] A using a mobile phone during the second World War, when mobile phones were unheard of, seems too good to be true. But, a black and white image showing a soldier using mobile phone has surfaced on social media claiming that the image is of an ally soldier using a mobile during the second World War. [...] As mentioned in the caption we inspected the link provided by Richard Tanton and noticed a very interesting report captioned ""NOT a WW2 soldier with a mobile phone"" by Fake History Hunter. Link | Archived",False,False,True,insufficient-contradictory,srilankafactcrescendo
srilankafactcrescendo_94,srilankafactcrescendo_94,New Phone Scam in Which Criminals Can Access Your Phone Data Once You Call Back a Number From A Missed Call !!,Social Media Users,"The part that these scams can copy your SIM data or access your personal information is false. Instead, the scammers would connect your line to international networks and thereby incur premium fees. Mobile security experts advise mobile users to be cautious about such scams and not to call back for unknown calls that ring only once.",False,True,True,refutes,srilankafactcrescendo
srilankafactcrescendo_94_ret_b17_gn,srilankafactcrescendo_94,New Phone Scam in Which Criminals Can Access Your Phone Data Once You Call Back a Number From A Missed Call !!,Social Media Users,"Can you get ""hacked"" by calling a number? I am curious if calling the number would do something to my phone. How could a hacker possibly access sensitive information just by tricking someone into calling. [...] - If you call them, the spammer can find out if that phone number is owned by an actual person. The spammer can also easily fake the same area code as you, and set up a clever social engineering trick that may involve you thinking with the wrong head.",False,False,True,insufficient-supports,srilankafactcrescendo
srilankafactcrescendo_94_ret_bn_g10,srilankafactcrescendo_94,New Phone Scam in Which Criminals Can Access Your Phone Data Once You Call Back a Number From A Missed Call !!,Social Media Users,"It can be tricky because many real banks have a similar system. And, Balasubramaniyan says, fear does kick in. He recalls a big scam in 2014 in which criminals pretended to be the IRS calling to collect back taxes. (The agency says the scam is still going on.) If you wanted to call back or have time to talk to your spouse before paying over the phone, the fraudster wouldn't let you go. [...] Company researchers estimate 1 in every 2,200 calls is a fraud attempt. And they've observed an interesting detail about the fraudulent 1-877 numbers. If you call back from your phone — which the criminals dialed — you get the prompt to enter personal data. If you call back from somewhere else, you get ""this number has been deactivated."" So a regulator or police officer that's trying to crack down will think, incorrectly, it's out of commission. Once the criminal ring scrapes enough information on you, it has humans call your financial institution. Banks and credit card companies hire Pindrop to help them detect fraud.",False,False,True,insufficient-neutral,srilankafactcrescendo
srilankafactcrescendo_94_ret_bn_g17,srilankafactcrescendo_94,New Phone Scam in Which Criminals Can Access Your Phone Data Once You Call Back a Number From A Missed Call !!,Social Media Users,"The one-ring scam, also known as the missed call or Wangiri scam, involves receiving a single ring or missed call on your phone. If you call back, you may be connected to a premium rate number, often located in another country, resulting in excessive charges. Scammers take your money through excessive charges and fraudulent schemes. Calling back the missed number can result in high charges, including connection fees and per-minute rates, which can accumulate rapidly. Scammers may attempt to keep you on the line, engaging you in conversation or misleading you with false claims to prolong the call and increase charges. [...] - If you receive a missed call from an unknown international number, refrain from calling back, especially if you were not expecting such calls. Instead, you should consider blocking the number. [...] - If you are curious about the missed call, search the number online first. Websites that track scam phone numbers may have information about the number's fraudulent nature.",False,False,True,insufficient-refutes,srilankafactcrescendo
srilankafactcrescendo_95,srilankafactcrescendo_95,"The Oppenheimer Actor, Cillian Murphy, Corrected Prince Harry On His Nationality !!",Social Media Users,A viral video of Cillian Murphy speaking to Prince Harry at the UK premiere of Dunkirk has been altered. The original footage shows only a brief interaction between the two. The audio in the viral clip was taken from a separate interview with Murphy and Tom Hardy for the movie Inception.,False,True,True,refutes,srilankafactcrescendo
srilankafactcrescendo_95_ret_bn_g0,srilankafactcrescendo_95,"The Oppenheimer Actor, Cillian Murphy, Corrected Prince Harry On His Nationality !!",Social Media Users,"Cillian Murphy is an Irish actor who has been making waves in the entertainment industry for years. He recently gained even more attention for his leading role in Christopher Nolan's latest film, Oppenheimer, which put him in the world's spotlight. Recently, a video of him speaking to Prince Harry has emerged and gone viral on […] Cillian Murphy is an Irish actor who has been making waves in the entertainment industry for years. He recently gained even more attention for his leading role in Christopher Nolan's latest film, Oppenheimer, which put him in the world's spotlight. Recently, a video of him speaking to Prince Harry has emerged and gone viral on social media. [...] Title:Did the Oppenheimer actor, Cillian Murphy, Correct Prince Harry on his Nationality?",False,False,True,insufficient-neutral,srilankafactcrescendo
srilankafactcrescendo_96_ret_bn_g1,srilankafactcrescendo_96,The Alien Found In Mexico A Cake !!,Social Media Users,Mexico's alien corpse actually a cake? Baker's post goes viral on social media,False,False,True,insufficient-neutral,srilankafactcrescendo
srilankafactcrescendo_97,srilankafactcrescendo_97,Bluetooth headphones emit the EMF wave that increases cancer risk !!,Social Media Users,"The claim that the EMF wave in Bluetooth devices increases cancer risk is misleading since it lacks established evidence about the connection between Bluetooth headphones usage and cancer risk. Moreover, many guaranteed reports and Scientific studies have confirmed that Bluetooth headphones have no links to cancer risk.",False,True,True,refutes,srilankafactcrescendo
srilankafactcrescendo_97_ret_b3_gn,srilankafactcrescendo_97,Bluetooth headphones emit the EMF wave that increases cancer risk !!,Social Media Users,"Some scientists are arguing that these headphones could potentially lead increase cancer risk due to the fact they emit radio frequency (EMF) radiation when they are used. In 2015, a group of scientists around the world signed a petition directed to the United Nations and World Health Organization that expresses their concern about exposure to non-ionizing electromagnetic fields (EMF). The petition, which started circulating around the internet again in early 2019, also says that EMF has the potential to increase the risk of neurological disorders, DNA damage, cellular distress, and changes to the reproductive system. [...] Ultimately, when it comes to wireless headphones, its dangers aren’t all that clear. Despite extremely low frequency EMF being possibly carcinogenic to humans, researchers have still not observed a direct connection. Bluetooth headphones specifically have their power density exposures that is 10 to 400 times lower than those of cell phones, according to Dana-Farber’s David Kozono, MD, PhD. Power density is the rate of power that an EMF produces per the unit area. ""I would therefore expect it would be more difficult to observe an association between Bluetooth headphone use and cancer,"" Kozono says. ""Data are lacking however to conclude with certainty that there is or is not a risk of increased cancer.""",False,False,True,insufficient-neutral,srilankafactcrescendo
srilankafactcrescendo_97_ret_bn_g11,srilankafactcrescendo_97,Bluetooth headphones emit the EMF wave that increases cancer risk !!,Social Media Users,"Systematic review of wireless phone use and brain cancer and other head tumors - PMID: 22021071 - DOI: 10.1002/bem.20716 [...] We conducted a systematic review of scientific studies to evaluate whether the use of wireless phones is linked to an increased incidence of the brain cancer glioma or other tumors of the head (meningioma, acoustic neuroma, and parotid gland), originating in the areas of the head that most absorb radiofrequency (RF) energy from wireless phones. Epidemiology and in vivo studies were evaluated according to an agreed protocol; quality criteria were used to evaluate the studies for narrative synthesis but not for meta-analyses or pooling of results. The epidemiology study results were heterogeneous, with sparse data on long-term use (≥ 10 years). Meta-analyses of the epidemiology studies showed no statistically significant increase in risk (defined as P < 0.05) for adult brain cancer or other head tumors from wireless phone use. Analyses of the in vivo oncogenicity, tumor promotion, and genotoxicity studies also showed no statistically significant relationship between exposure to RF fields and genotoxic damage to brain cells, or the incidence of brain cancers or other tumors of the head. Assessment of the review results using the Hill criteria did not support a causal relationship between wireless phone use and the incidence of adult cancers in the areas of the head that most absorb RF energy from the use of wireless phones. There are insufficient data to make any determinations about longer-term use (≥ 10 years).",False,False,True,refutes,srilankafactcrescendo
srilankafactcrescendo_97_ret_bn_g8,srilankafactcrescendo_97,Bluetooth headphones emit the EMF wave that increases cancer risk !!,Social Media Users,"This picture, stating the critical harm of wireless Bluetooth, was widely shared on the internet. The picture contains a wireless headphone image beside the image of the human brain, leading the readers to feel that Bluetooth headphones affect our brains. Facebook Post | Archive Another Facebook post about the potential risk of cancer from Bluetooth […] [...] Another Facebook post about the potential risk of cancer from Bluetooth headphones. [...] The claim that the EMF wave in Bluetooth devices increases cancer risk is misleading since it lacks established evidence about the connection between Bluetooth headphones usage and cancer risk. Moreover, many guaranteed reports and Scientific studies have confirmed that Bluetooth headphones have no links to cancer risk.",False,False,True,refutes,srilankafactcrescendo
srilankafactcrescendo_98,srilankafactcrescendo_98,Fox News Tweets that 68% of individuals who used Ivermectin to treat or prevent COVID-19 are suffering from long-term bowel and urinary incontinence.,Social Media Users,The claim regarding long-term bowel and urinary incontinence among individuals using Ivermectin for COVID-19 lacks credible evidence and has been debunked by independent fact-checkers also.,False,True,True,refutes,srilankafactcrescendo
srilankafactcrescendo_98_ret_bn_g11,srilankafactcrescendo_98,Fox News Tweets that 68% of individuals who used Ivermectin to treat or prevent COVID-19 are suffering from long-term bowel and urinary incontinence.,Social Media Users,"Candace Owens @ @RealCandaceO Well, this explains a few things Fox News @ 'NEWS @FoxNews lvermectin's hidden cost: New studies show that 68% of those who used ivermectin to treat or prevent Covid are suffering long-term bowel and urinary incontinence PM - May 12, 2022 397 49 836 AM - Mav 13. 2022 #candace#owens#well#explains#things#fox#news#lvermectins#hidden#new#studies#show#used#ivermectin#treat#prevent#covid#suffering#long#term 0 comment durfblurf 22d 397",False,False,True,supports,srilankafactcrescendo
srilankafactcrescendo_98_ret_bn_g2,srilankafactcrescendo_98,Fox News Tweets that 68% of individuals who used Ivermectin to treat or prevent COVID-19 are suffering from long-term bowel and urinary incontinence.,Social Media Users,"THE FACTS: The fabricated Fox News post circulating on social media falsely claims there are new studies on ivermectin, an antiparasitic drug that has been touted by some as a COVID-19 treatment despite a lack of evidence to support that use. The purported Fox News tweet reads: ""Ivermectin’s hidden cost: New studies show that 68% of those who used ivermectin to treat or prevent Covid are suffering long-term bowel and urinary incontinence."" The screenshot of the tweet doesn’t show a link to a story and claims the tweet was posted on May 12. [...] ""I’m surprised that Fox News is tweeting this because they were one of the sources of the whole Ivermectin misinformation,"" said one user.",False,False,True,refutes,srilankafactcrescendo
srilankafactcrescendo_98_ret_bn_g3,srilankafactcrescendo_98,Fox News Tweets that 68% of individuals who used Ivermectin to treat or prevent COVID-19 are suffering from long-term bowel and urinary incontinence.,Social Media Users,"In mid-May 2022, Twitter users shared a supposed screenshot that appeared to show conservative commentator Candace Owens responding to a tweet from Fox News about the alleged ""hidden cost"" of ivermectin, an anti-parasitic drug that has been studied as a possible cure for COVID-19. However, both tweets — one from Fox News and a retweet from Owens — were fake. According to the image, which we displayed below, Fox News had tweeted, ""Ivermectin's hidden cost: New studies show that 68% of those who used ivermectin to treat or prevent Covid are suffering long-term bowel and urinary incontinence."" In response, Owens purportedly quote-tweeted Fox's post, writing, ""Well, this explains a few things."" [...] We searched both Google (to check Google cache) and Twitter to make sure neither Owens nor Fox News had tweeted anything similar to the screenshot about ""ivermectin's hidden cost."" As expected, we found nothing. We also did not find any ""new studies"" that supposedly showed 68% of ivermectin users, as referenced in the fake Fox News tweet, suffered ""long-term bowel and urinary incontinence.""",False,False,True,refutes,srilankafactcrescendo
srilankafactcrescendo_99,srilankafactcrescendo_99,CCTV Footage Of A Burglary In Sri Lanka,Social Media Users,"We verified that the video viral on social media in Sri Lanka claiming to be CCTV footage of a Robbery at Rathmalana was actually part of an awareness video from Kerala, India.",False,True,True,refutes,srilankafactcrescendo
srilankafactcrescendo_99_ret_b1_gn,srilankafactcrescendo_99,CCTV Footage Of A Burglary In Sri Lanka,Social Media Users,"Chilling CCTV footage shows moment Sri Lankan suicide bomber attempted to blow up luxury hotel Chilling CCTV footage shows the moment a Sri Lankan suicide bomber calmly enters a hotel dining room with a bomb. It didn’t go to plan. Chilling CCTV footage has shown the moment a Sri Lankan suicide bomber failed to blow up his original target, the luxury Taj Samudra hotel.",False,False,True,insufficient-contradictory,srilankafactcrescendo
srilankafactcrescendo_99_ret_bn_g1,srilankafactcrescendo_99,CCTV Footage Of A Burglary In Sri Lanka,Social Media Users,"FACT CHECK: Is this a CCTV footage of a burglary in Sri Lanka? Find out the Truth... [...] We verified that the video viral on social media in Sri Lanka claiming to be CCTV footage of a Robbery at Rathmalana was actually part of an awareness video from Kerala, India. [...] Title:Is this a CCTV footage of a burglary in Sri Lanka? Find out the Truth...",False,False,True,refutes,srilankafactcrescendo
